user_id,install_time,name,age,country,goal,onboarding_level,plan_on_study_time,is_premium
e68a2898-61d6-4f17-9baf-dc6b26fabc9a,2026-05-16 00:59:51,Brian,22,RU,Для учебы,Intermediate,30,0
406a27c3-40fd-4469-b5b0-3daae6cf4d23,2026-04-24 17:38:51,Perry,48,US,Для путешествий,Beginner,10,0
10c2c58d-7cf0-43bf-9acb-4a4031300259,2026-03-18 08:34:51,Terry,42,FR,Хобби,Advanced,10,0
3f2bb558-367b-4188-a480-2fb31114d95d,2026-04-18 13:08:51,Alex,33,US,Для учебы,Intermediate,120,0
7cfda0ec-ce5a-4e5a-b54d-ae34e03c53a8,2026-04-16 19:07:51,Patricia,46,FR,Для путешествий,Beginner,5,0
e0089133-8e26-43dd-91ce-c6887e9550b3,2026-03-20 04:42:51,James,47,BR,Для учебы,Advanced,60,1
cd73cb15-f92b-4371-8406-bd18e49c7da0,2026-04-18 19:55:51,Richard,47,FR,Для работы,Advanced,15,0
82dd47da-f16f-4d41-90ee-cd7493dfb233,2026-03-11 04:18:51,Edward,17,US,Для учебы,Elementary,60,0
e6739137-a424-4ebf-99cf-d9df40428792,2026-03-20 07:08:51,Isaac,42,ES,Для учебы,Advanced,45,0
170732e4-00ad-4620-a1a7-636e08742bed,2026-03-07 21:28:51,James,52,FR,Для работы,Intermediate,30,0
8ccc5ddc-afcd-4083-a1fc-2e525eccfd8a,2026-03-06 03:05:51,Taylor,39,RU,Для путешествий,Advanced,90,0
a3c63836-19da-4f31-bb59-06da0d6f2e72,2026-04-10 00:18:51,John,20,FR,Для путешествий,Elementary,10,0
869cab8f-c999-4974-8dc4-6d20ad63ca8a,2026-03-26 12:56:51,William,49,IT,Для работы,Beginner,45,0
2ed14a99-22ce-4fba-a5fb-0ec53f4b6963,2026-04-26 03:59:51,William,52,FR,Хобби,Intermediate,120,0
2ddfdb47-ef18-46d5-bf92-9e2616edcdc2,2026-05-24 11:10:51,Heather,20,BR,Хобби,Advanced,10,0
6065da43-33ac-4292-8149-a08d61bcf3d8,2026-03-28 00:12:51,Albert,41,IT,Для работы,Intermediate,45,0
2045897a-659d-49eb-a329-cd76ecc56526,2026-03-28 12:52:51,Stacy,25,US,Для работы,Elementary,20,0
7e4a2c49-9031-459d-a589-fdc34014a24c,2026-03-12 10:41:51,Dylan,29,IT,Для работы,Beginner,30,0
27c6d86a-ca16-49cf-b809-250cd993bc52,2026-05-22 03:08:51,Wesley,48,IT,Хобби,Elementary,30,0
58c59dab-f9e3-4d3d-9421-992da604ad4b,2026-03-30 10:37:51,Sabrina,39,IT,Для работы,Elementary,120,0
4f876de6-1329-4e6b-b06b-883fedcc4a96,2026-04-14 09:27:51,Jacqueline,30,IT,Для работы,Elementary,20,1
23edf270-b79e-46e7-b0a4-a20adfe82d4f,2026-06-01 07:06:51,Erin,31,RU,Для учебы,Advanced,15,0
89d0b0ba-e211-454b-a8da-4c869df6dd1f,2026-04-25 03:59:51,Cynthia,32,RU,Для путешествий,Advanced,45,0
b1d794c9-82c5-438a-8e07-1de56ad9fac7,2026-05-19 05:05:51,Matthew,22,ES,Для работы,Intermediate,45,0
9eeec2ae-828a-40e6-a5b9-97cc26a93e50,2026-04-24 22:58:51,Tiffany,33,DE,Для учебы,Advanced,60,0
1f0340d4-f22f-473e-8edd-15c748399eeb,2026-05-30 05:35:51,Joseph,54,FR,Хобби,Intermediate,20,0
9f15e1bf-4066-4df3-90e6-69ee5360ec0d,2026-04-16 00:22:51,Seth,52,DE,Для работы,Intermediate,15,1
44131c62-e647-46d5-b3c5-7e04142f54d7,2026-05-05 23:41:51,Randy,22,US,Для путешествий,Elementary,10,0
6da93b27-50dd-4704-b5b3-941228a591e9,2026-03-13 02:30:51,Lisa,28,ES,Хобби,Advanced,20,0
9d60a64c-2182-46b9-89ed-af1172af45db,2026-05-13 20:07:51,Brenda,35,US,Для путешествий,Intermediate,15,0
5fedb8d7-a8f1-427e-9038-5493148a3523,2026-03-12 03:00:51,Robert,36,ES,Хобби,Elementary,20,0
611771bf-7008-49a1-a451-73c971f68d8c,2026-04-17 18:44:51,William,32,IT,Для учебы,Beginner,120,0
8d54e6af-c3f2-4593-a402-ce389f0b9472,2026-05-07 23:17:51,Ryan,27,US,Для путешествий,Intermediate,45,0
c7169b7b-2e5e-43e3-984e-089fb43dae23,2026-03-25 17:03:51,Chase,39,US,Для учебы,Beginner,15,1
9f394835-bf73-4aeb-81f1-2e2cecf86200,2026-03-14 11:52:51,Kathryn,21,BR,Для учебы,Intermediate,60,0
cd9cd445-1476-438d-881d-97eed65f3cdf,2026-06-02 03:42:51,Ralph,35,RU,Хобби,Intermediate,90,0
fbd8d722-eba6-4acb-9c62-bf70a92d8ae0,2026-05-10 02:40:51,Julie,16,US,Хобби,Advanced,20,0
508e6b34-1234-44bb-9978-de2d3b0b11ac,2026-05-17 14:04:51,Veronica,45,IT,Для путешествий,Intermediate,30,0
b9387a4e-498e-4eb4-8f6d-f6967efc24cb,2026-05-11 10:14:51,Christine,49,FR,Для учебы,Advanced,15,0
41e2e3f8-7aee-4b5a-ab69-b248e01e7612,2026-05-16 12:00:51,Laura,37,US,Хобби,Elementary,45,0
9158881e-7545-47cb-b7be-c3c8e1f2d95f,2026-04-24 12:25:51,Anna,44,FR,Хобби,Advanced,45,0
83f5653a-773c-4c5c-82a1-c3b6a4a37ddd,2026-03-10 02:12:51,Leonard,40,DE,Хобби,Advanced,45,1
15495efb-c3e5-4a39-b502-8df9abaecf4c,2026-05-03 21:03:51,Jason,20,IT,Для работы,Elementary,10,0
6faf5b4b-4727-40b2-9b01-4d96bc472cb6,2026-05-16 22:12:51,Amanda,40,IT,Для учебы,Advanced,10,1
8ff92cd8-7484-4fbb-a1e7-26b5dfb98fd9,2026-04-17 11:53:51,Corey,22,DE,Для работы,Intermediate,20,0
a5fa07f8-659f-47f4-9cc2-63e37eee3268,2026-03-15 05:28:51,Luis,33,IT,Хобби,Elementary,45,0
16e51baa-d44d-4c66-9014-69e499f6ea80,2026-04-25 18:54:51,Scott,24,BR,Для работы,Advanced,15,0
453ab4b9-ec7f-48ef-bbcb-992f72f4be94,2026-05-08 01:05:51,Jill,20,DE,Хобби,Intermediate,15,0
359b7780-7851-409e-b52d-38aa567c48a6,2026-05-06 21:50:51,David,20,IT,Для учебы,Advanced,30,1
430f0fb5-87de-4fb5-a3ec-4367cc54fed3,2026-04-04 08:52:51,Katherine,46,US,Для учебы,Advanced,5,0
2b493d89-5704-41e3-92a7-05bdb43c6932,2026-04-21 06:45:51,Adam,52,BR,Для путешествий,Beginner,10,0
ecd5e1dd-aa93-4f78-8c62-5154e31fb6ff,2026-04-23 19:00:51,Caitlyn,22,BR,Для путешествий,Beginner,30,0
50e06403-874c-43c8-bf5e-ecb65558f2ad,2026-03-21 16:54:51,Melissa,45,FR,Хобби,Advanced,5,0
02c85f9b-8ed0-440c-b542-c08371b7a1dd,2026-04-30 18:49:51,Erin,36,FR,Для учебы,Elementary,60,0
d1169c09-d07d-4bbb-b4cb-9b140e1417fd,2026-04-13 08:08:51,Stephanie,40,DE,Для работы,Advanced,90,0
866ec3ab-f3ee-4956-8562-4b0f22fcf4b7,2026-03-25 15:26:51,Patricia,53,FR,Для учебы,Beginner,30,0
5a675f7d-5d80-4b1c-85f6-7b867047148a,2026-04-29 19:00:51,Maria,36,US,Для путешествий,Beginner,30,0
b0e4a968-a886-45fb-8b7d-aecb335aabd6,2026-04-09 19:31:51,Yolanda,25,FR,Для путешествий,Advanced,30,0
c86bb9d9-4b56-4dfa-80f0-141c71ad63ac,2026-05-02 19:54:51,Christopher,36,FR,Для учебы,Advanced,90,0
402ce61e-4dc8-4165-b4e0-8e0e23677b3a,2026-04-22 19:26:51,Makayla,17,DE,Для работы,Intermediate,90,0
16d345b5-ce7c-47fb-a624-55056ac505f4,2026-03-16 04:40:51,Tyler,49,FR,Для учебы,Elementary,60,0
bedcb4bd-4fa7-4038-81ee-86a1a94ce5ba,2026-06-02 03:59:51,Olivia,26,ES,Для путешествий,Beginner,30,0
0bef2c46-4cbf-4bc9-a862-1eab38a4a0d9,2026-05-06 11:46:51,Lindsey,49,IT,Для работы,Advanced,120,0
bc330736-e515-4771-9989-0548ab5c2cc8,2026-05-23 08:19:51,Jessica,53,ES,Для учебы,Beginner,15,0
8b946d6b-bf1c-4a84-83a9-31ca867e6b66,2026-03-31 05:58:51,Veronica,32,DE,Для учебы,Elementary,90,0
55f5dde2-f433-4cc5-aaf7-109d55652e2a,2026-04-21 04:21:51,Jennifer,53,US,Для работы,Advanced,15,1
68efd610-6418-4803-bfef-d1f0afcb6a18,2026-05-12 16:37:51,Jeffrey,34,DE,Хобби,Intermediate,5,1
37a4acb3-5a30-491c-861c-92854045c444,2026-05-11 08:55:51,Jay,16,DE,Хобби,Beginner,5,0
713f4867-1148-42ad-9b60-a0e1d6560f65,2026-04-17 23:32:51,Gerald,34,FR,Для путешествий,Elementary,20,0
eff6eb30-daab-4250-93a7-a730bc32e551,2026-04-13 06:20:51,Colin,24,IT,Для учебы,Intermediate,15,0
2838b273-d73f-4595-a7ff-0f6f41f44e31,2026-03-18 13:37:51,Linda,24,ES,Для путешествий,Beginner,20,0
e0a99917-dabe-40e4-8c24-cef7ee383429,2026-05-31 17:49:51,Colleen,55,IT,Хобби,Elementary,120,0
23219c2e-c5de-4d20-94ef-ce13ff642285,2026-05-03 08:34:51,Ian,45,IT,Для учебы,Beginner,90,0
8cb90400-c3f7-4d52-b38d-1fb9496fc293,2026-05-28 22:45:51,Melanie,19,FR,Для учебы,Advanced,120,0
bc092170-267d-4a63-a5d9-94fd740c4cf9,2026-05-08 05:10:51,Isabella,49,ES,Для путешествий,Intermediate,30,0
d2531642-67db-4664-a751-e2961ed46a5b,2026-05-08 04:43:51,David,44,IT,Для путешествий,Elementary,90,0
086112e9-b2cf-4b57-9a9b-9a8c91d4d749,2026-03-09 22:09:51,Amber,52,DE,Для путешествий,Beginner,5,0
e9c788d0-d185-4f36-b4cf-094aa014eaef,2026-03-16 19:39:51,Ryan,30,IT,Хобби,Intermediate,30,0
f0587a50-e853-4e6f-ae5d-172ffc8bccdf,2026-04-02 11:39:51,Kimberly,27,FR,Для работы,Intermediate,10,0
15b2a7cf-c2e6-41a3-b7b3-d8ace5dccbe5,2026-05-25 14:36:51,Dawn,27,RU,Для путешествий,Beginner,20,0
c6985b1b-f3fc-444b-ab87-8dd804b2492e,2026-04-10 18:54:51,Leslie,28,US,Для работы,Elementary,15,1
19df8e9b-2cea-4e06-b508-c263a78e978d,2026-04-22 11:34:51,Andrew,30,DE,Для путешествий,Intermediate,45,0
d2742bd5-2034-4a23-bb6c-927d2ae378a3,2026-05-17 18:44:51,Lisa,35,US,Хобби,Elementary,120,0
5c07cdb6-decb-4aa2-99df-2c030da294e8,2026-03-27 19:02:51,Alexander,16,US,Хобби,Advanced,120,0
0ab3efd0-fa12-47cf-a6e6-088bfe7acd09,2026-03-20 02:31:51,Michelle,32,RU,Для работы,Elementary,15,0
f242e2c9-c2d6-4917-bc3a-8428d682b282,2026-05-03 13:05:51,Carly,29,US,Для учебы,Elementary,10,0
6b8943e8-f0ac-408c-8393-b0143615adea,2026-03-10 12:02:51,Molly,51,RU,Для работы,Elementary,15,0
1e422221-5802-47df-8bc5-dfde6f9bf995,2026-05-12 09:11:51,Francis,44,RU,Для учебы,Beginner,5,0
8dd0ae35-5b76-409f-b9b7-af040d8e529f,2026-03-13 03:24:51,Michael,41,DE,Для работы,Intermediate,30,0
3cdd9091-57ac-4efe-bee4-d1918669ddb3,2026-05-08 01:38:51,David,16,US,Для путешествий,Intermediate,10,0
7fed7710-5566-4616-8db6-913dab17f836,2026-03-31 23:54:51,Mary,51,BR,Хобби,Intermediate,20,0
16ee4366-07d7-40ab-b971-cce02ccde92f,2026-05-24 17:20:51,Briana,19,US,Для работы,Beginner,15,0
cfa2b2aa-8002-4e66-9287-6af6ce3aed1d,2026-06-01 14:10:51,Benjamin,42,BR,Хобби,Advanced,5,0
36c86c2a-93c9-48d2-80e5-51175deb8174,2026-04-03 19:08:51,Michael,46,RU,Для путешествий,Beginner,30,1
e062b8e9-e478-417b-9eb0-409756436d17,2026-03-11 18:35:51,Philip,17,DE,Для работы,Advanced,120,0
16ea6471-17e5-4e68-a5f6-a0ca5ae4d9ba,2026-05-12 21:19:51,Christine,33,FR,Для работы,Beginner,45,0
6d2fdd04-349a-41e5-b7b4-9cdecbf77eaf,2026-03-28 19:56:51,Paul,29,BR,Хобби,Beginner,10,0
ad20cc35-a194-48f9-a1c4-86de77f72145,2026-05-20 12:02:51,Sarah,28,RU,Для работы,Intermediate,45,0
7fecce02-6814-49b4-bc10-bdd56919aead,2026-05-23 19:41:51,Edgar,31,BR,Для путешествий,Elementary,30,0
4693e81d-9342-4120-986a-7401366bd1c3,2026-05-27 09:12:51,Joseph,43,FR,Для путешествий,Beginner,10,0
9dd3ad92-74e6-46e0-be3a-bd9c4a2e5558,2026-03-19 20:27:51,Mary,30,US,Для работы,Beginner,90,0
a8aada83-b2fe-43e3-8c2f-d2f86ece1d9b,2026-03-27 01:48:51,Angela,35,DE,Хобби,Elementary,30,0
9b6330e0-603f-4f2d-8f3e-4ab0b6bd6429,2026-05-22 11:47:51,Anthony,20,FR,Хобби,Elementary,45,0
c3c078db-b921-457f-b044-3534d92d4d0c,2026-03-12 23:45:51,Michele,47,BR,Для работы,Elementary,45,0
958d2930-3401-449d-ac35-dfcee6028336,2026-05-05 08:19:51,Riley,38,FR,Для путешествий,Intermediate,15,0
0fc9c588-1c23-4990-91e3-9029cb6c1308,2026-03-29 13:53:51,Victoria,32,FR,Для путешествий,Elementary,5,0
5369c152-b71d-4feb-a9a0-b8819eff8213,2026-03-29 20:54:51,Kara,20,FR,Хобби,Elementary,120,0
56dfef57-c085-48cb-848b-127b3d6b90a7,2026-05-12 23:59:51,Dillon,47,RU,Для работы,Intermediate,10,0
efb9bf98-f874-4e39-9f63-0941d89ed730,2026-03-19 09:46:51,James,48,DE,Хобби,Elementary,45,0
d85e7421-cff3-4398-bdbb-b83f8cd71451,2026-05-24 16:56:51,Michelle,47,US,Для учебы,Elementary,15,0
3c40b570-aae4-450c-b04e-0f5108bc2876,2026-04-19 23:10:51,Melissa,41,IT,Для учебы,Beginner,15,0
35e5b438-c53a-459a-804b-78edc175d969,2026-03-13 22:23:51,Elizabeth,43,ES,Для работы,Elementary,15,0
e9e6bf19-69dc-4302-828d-e6a0a1087850,2026-05-29 21:41:51,Dale,47,DE,Для путешествий,Elementary,90,0
e4413dc1-6ddc-4c1c-b488-70baab6ea2bc,2026-03-08 18:03:51,Kari,22,US,Хобби,Beginner,45,0
b5463e57-6b96-4b45-aa27-6647fddd4715,2026-04-12 05:03:51,Tonya,47,BR,Хобби,Intermediate,30,0
53c4a346-20a3-4bb3-8f14-c19f3fb72926,2026-04-09 12:04:51,Michelle,21,DE,Для учебы,Intermediate,120,0
256f0c27-dd5d-4aca-9483-bbd4b63a15c9,2026-04-15 20:17:51,Mackenzie,19,ES,Для учебы,Beginner,45,0
796888f5-b477-470a-a05c-3d6dd4bb5cd5,2026-05-12 06:07:51,Vanessa,43,FR,Хобби,Beginner,15,0
d4f6b679-ee65-4c82-9ddc-e88f09056355,2026-05-22 02:55:51,Anne,18,DE,Хобби,Intermediate,10,0
1d29b1f9-96e1-4591-b2b0-83041cbbd9d2,2026-05-28 04:01:51,Matthew,29,US,Хобби,Advanced,5,0
82a8d789-4dd8-4314-b26d-9f3d46d2785e,2026-05-04 05:41:51,John,21,IT,Для работы,Beginner,20,0
610a697e-67f1-46ce-982f-0c47fa0120ee,2026-03-19 10:58:51,William,38,DE,Для путешествий,Beginner,5,0
21a993d8-d253-4d9d-99e9-bc915211de64,2026-05-15 12:21:51,Christopher,27,RU,Для путешествий,Elementary,60,0
e233c7f4-8a8d-4867-afdf-b84149716ac9,2026-04-22 03:43:51,Matthew,53,US,Хобби,Beginner,60,0
491331fb-36be-49a9-ae32-278bef763ef7,2026-05-16 23:02:51,Lisa,32,BR,Для путешествий,Advanced,120,0
ca492a94-64a0-4ef6-9118-d0ad5285df56,2026-03-13 18:16:51,Norman,19,ES,Для путешествий,Beginner,20,0
c187e8f9-91a4-4850-8a20-72be3908f6f5,2026-05-10 21:48:51,Tyler,31,RU,Для путешествий,Beginner,120,0
157aa301-d2b0-43c8-bddd-86312af689ae,2026-05-19 03:40:51,Adam,34,BR,Хобби,Elementary,90,1
1eee64f8-6850-41c5-83b6-dc4ddc1ed80d,2026-05-04 12:44:51,Stephanie,29,US,Хобби,Elementary,20,0
017ab77d-05e7-44c2-9394-2b1bceaf50d7,2026-05-19 04:45:51,Mary,30,DE,Хобби,Intermediate,5,0
fdb96ff1-14a4-4de6-a4af-2681c9cfa1b5,2026-04-14 21:26:51,Kenneth,41,BR,Для учебы,Advanced,5,0
45d4af1d-1b7b-40d7-801a-64545d1ae9af,2026-03-18 05:31:51,Cole,25,ES,Хобби,Advanced,120,0
4963c889-c25b-444f-a5d3-6a06e54ec115,2026-05-07 09:01:51,Daniel,48,US,Для путешествий,Intermediate,60,0
46fef0e6-0a23-47dc-86a9-cbfdcfb91ac4,2026-04-13 07:13:51,Kathryn,36,BR,Для путешествий,Intermediate,15,1
9911148a-f0ab-455d-955c-937156dd0021,2026-03-16 18:28:51,Matthew,38,BR,Хобби,Intermediate,45,0
afdf9b50-ccde-4041-94c9-f0d79c2acf84,2026-04-13 14:27:51,Samuel,32,FR,Для учебы,Beginner,120,0
ff6031b0-25c6-445f-aff6-432f39438d97,2026-03-26 04:34:51,Brittany,47,IT,Для учебы,Intermediate,45,0
537fdda5-387e-41ff-8a3b-7e01904c0418,2026-06-02 02:38:51,Andrea,28,US,Для путешествий,Elementary,15,1
7dc5e7a7-c4ca-40bd-b137-200f64ab8014,2026-03-27 04:59:51,Laura,50,ES,Для путешествий,Elementary,60,0
f8e958fd-b0c7-4619-bf42-2fa83b69baec,2026-04-19 09:37:51,Tracy,41,US,Для учебы,Advanced,45,0
2f63ffa9-714e-4fc0-a175-555a31346869,2026-03-31 14:34:51,Christopher,36,BR,Для путешествий,Beginner,60,0
85a61ba1-a833-47c2-a3bf-2460c61a5920,2026-03-07 22:32:51,Gabriella,46,US,Хобби,Beginner,15,1
ba47460a-117b-4e30-a068-384df4b490ae,2026-04-29 16:01:51,Pamela,47,RU,Для работы,Beginner,30,0
c907afef-fed7-42fe-b8f8-026d3591fc77,2026-05-13 19:01:51,Christian,36,RU,Хобби,Elementary,30,0
1f949bf7-aa48-4eb5-b2ec-6136154ab559,2026-03-29 05:45:51,Luis,24,DE,Хобби,Advanced,120,1
689ab5a7-1574-4eb1-9c7b-f8818ed5d9ad,2026-03-13 20:56:51,Kayla,29,IT,Для учебы,Intermediate,60,0
75c3a83c-7c91-47af-b899-003132467ec0,2026-05-15 12:44:51,Gregory,48,IT,Хобби,Intermediate,120,0
e491c94e-c425-41e6-ac83-492151002be9,2026-03-08 23:02:51,Anna,54,BR,Хобби,Elementary,90,0
3cf1c5d8-fa58-44a4-8731-882977a836f2,2026-05-23 06:08:51,Logan,34,ES,Для путешествий,Elementary,20,1
609fabab-7d73-4c51-9026-c4ef6159604c,2026-04-27 20:14:51,Jeffrey,54,IT,Для учебы,Elementary,45,0
469b8236-efbf-4183-bf21-e7150d506b1b,2026-04-01 10:41:51,Michael,16,US,Хобби,Advanced,5,0
8201421e-fa57-46f5-9d3f-d9b2ca2bf6c0,2026-05-22 14:27:51,Kristen,31,RU,Хобби,Advanced,20,0
2f565771-d515-4cfa-8b57-e82a928c008c,2026-03-05 23:07:51,Randy,17,US,Хобби,Elementary,30,0
c4cb133e-1ef9-45fb-9b72-1bdbd9105cc6,2026-05-31 18:47:51,David,28,US,Для путешествий,Elementary,45,0
b247dac8-a391-43c2-96bd-18bbffd7e2c0,2026-03-17 06:42:51,Ronald,19,US,Для путешествий,Beginner,20,0
75fa839e-4788-4896-a3a2-edf0c03fa4f2,2026-03-16 06:29:51,Nicholas,28,US,Для путешествий,Elementary,20,0
becb3ea5-c82b-471d-a9ec-e275f98f31db,2026-03-21 03:05:51,Jacqueline,27,ES,Для учебы,Beginner,30,0
1e9e077d-fce6-4648-b31b-53e4e6658cb6,2026-03-09 15:13:51,Linda,41,IT,Хобби,Advanced,60,0
be74f568-ad98-460c-a68f-d4fb89d6ae40,2026-03-14 17:07:51,James,40,IT,Для учебы,Beginner,5,0
fd733136-9596-4bde-b273-198543eb8fea,2026-03-08 22:21:51,Tony,54,US,Для учебы,Intermediate,90,1
170ba881-daae-4d0c-b8cb-7c5ed33e30d4,2026-03-08 06:12:51,Sarah,28,RU,Для учебы,Beginner,45,0
f36562e7-ee85-444a-9a1d-2a9fc7bb9f54,2026-04-04 15:49:51,Lance,17,BR,Для работы,Advanced,20,0
b64c0fa2-30b0-4e71-ab8f-aa357f658496,2026-04-12 00:25:51,Nathan,19,US,Хобби,Intermediate,30,0
81419cb1-c722-41a7-b393-3e370efbf6d9,2026-04-13 01:22:51,Amy,34,DE,Для учебы,Beginner,20,0
a5ed880f-2896-40c6-9a09-5a1c38ab63cd,2026-06-02 02:46:51,Jay,20,BR,Для путешествий,Intermediate,45,0
4833b931-9228-4658-8b69-69396e563807,2026-04-09 14:47:51,Don,40,ES,Для учебы,Intermediate,20,0
bb1a3cab-9ed5-4d96-931c-7b4ed0f44ed6,2026-04-11 15:40:51,Jason,43,ES,Для путешествий,Advanced,120,0
653a0956-e4e4-4971-838c-4a1811b88a16,2026-05-22 18:08:51,Terri,43,IT,Хобби,Beginner,15,1
66885e0e-84c8-42cc-9918-ae0b8aff834d,2026-04-29 07:15:51,Adam,32,DE,Для путешествий,Elementary,60,0
b2cc255d-0274-48df-bb79-8bb43648bc4d,2026-03-10 21:36:51,Linda,45,US,Для работы,Advanced,5,0
ea2380fc-76b7-47da-b6de-a3c82033596c,2026-05-26 20:33:51,Taylor,26,ES,Для учебы,Beginner,30,0
18cb2169-345f-4f27-afff-a74e1d854eb7,2026-05-25 08:51:51,Jessica,30,RU,Хобби,Beginner,15,0
a20e54b0-c41e-4811-9c2d-35f766212e9e,2026-04-12 01:47:51,Claudia,16,ES,Хобби,Beginner,30,0
7cf2b35b-3177-4014-9288-ea73006c6541,2026-04-10 22:29:51,Michael,23,DE,Для работы,Intermediate,30,0
91b1fb92-f304-4ad1-8c32-4501e6d12532,2026-05-03 14:19:51,Sylvia,50,RU,Для путешествий,Beginner,60,0
87c9fa69-db7f-40bb-bc25-05c483003e28,2026-05-29 18:06:51,Allison,29,BR,Для путешествий,Advanced,60,0
2c6240ad-cb37-4ff7-acb9-db13d06cbd25,2026-05-31 18:13:51,Nicholas,26,DE,Для учебы,Elementary,120,1
3455c4c1-433b-4dde-930b-e91560913f29,2026-04-27 00:52:51,Joseph,39,RU,Для путешествий,Elementary,30,1
3d1d973e-f533-48aa-a218-fc864cf6fe7f,2026-05-09 23:03:51,Heather,43,BR,Хобби,Beginner,60,1
036675c3-a086-453b-b7cd-6f5f3d366122,2026-05-04 04:20:51,Gregory,37,ES,Для учебы,Intermediate,10,0
8d9aa9c6-2ab2-4322-9b0e-cdff8bd82997,2026-03-22 14:59:51,Elizabeth,37,ES,Для путешествий,Beginner,5,0
d77d757a-86e8-4c49-b82f-05dbf48f34d9,2026-05-27 17:27:51,Andrew,21,BR,Хобби,Elementary,90,0
af7f5e6c-ab8b-452c-b6b4-b59dbbeee3fa,2026-03-25 12:23:51,Keith,25,FR,Хобби,Intermediate,90,0
32514dfc-2a4a-44bb-9d62-14c10df6a253,2026-05-05 07:36:51,Thomas,26,IT,Для работы,Intermediate,30,0
a4e56a8b-3743-470c-baf7-6eda4f00e52a,2026-03-14 23:15:51,Joshua,36,ES,Для путешествий,Elementary,45,0
36fcb8a5-f4cd-48de-bcf0-dcad18a5df2d,2026-05-05 02:13:51,Jason,51,US,Для работы,Beginner,5,0
d3e482ef-bcfe-4ff2-98c1-e6b696b19091,2026-03-19 02:45:51,Justin,29,DE,Для работы,Beginner,120,1
21c65b5e-b61b-4754-84e3-f301b62bf196,2026-04-27 08:23:51,Gabriel,46,RU,Для учебы,Beginner,90,0
455ed759-788b-4bf3-8609-e7ba079fc54b,2026-04-20 20:32:51,Kristin,46,BR,Хобби,Elementary,90,0
21e23445-b498-4dc3-a23c-26170110d99a,2026-03-27 17:01:51,Gabrielle,38,FR,Для путешествий,Elementary,20,0
b65a940d-ac59-41c7-9af0-0676e5e91c13,2026-03-30 21:42:51,Lindsay,32,RU,Для учебы,Elementary,10,0
8fb7f358-9cf0-4cb9-b9f7-0a6022992d83,2026-05-07 00:28:51,Jennifer,46,DE,Для путешествий,Beginner,45,0
36a74de1-c7c5-4434-9c23-d275d7ae6918,2026-04-05 22:21:51,Jesse,44,DE,Для путешествий,Beginner,15,0
2b4996ce-9d88-41a4-804f-d891b42c4b0e,2026-04-04 19:51:51,Beth,43,US,Для работы,Intermediate,60,0
5bd50c1f-0814-4f1a-99a9-41a2b548202e,2026-04-19 04:55:51,Michelle,31,DE,Для путешествий,Intermediate,120,0
abb9a589-7542-4458-83e9-3cc2c5917527,2026-04-05 13:10:51,Olivia,25,ES,Для учебы,Beginner,30,0
f90fc172-3ff8-497e-8384-9c9ad6f7062b,2026-04-29 03:10:51,Christian,41,FR,Для путешествий,Intermediate,5,1
d807d0e7-9132-4dbb-910d-e29fbf4ad9b2,2026-04-19 06:34:51,Mary,39,BR,Хобби,Beginner,120,0
b5dff07f-d110-4c4a-bddb-3d533c7a0115,2026-05-10 23:39:51,Brian,36,ES,Хобби,Advanced,5,0
4aaa342e-2206-414a-8c64-0eaab01670ac,2026-03-09 07:51:51,Anthony,49,RU,Для путешествий,Intermediate,15,1
7beed39f-e406-4259-b15e-69399adbc0e3,2026-05-21 03:13:51,Laura,29,US,Для учебы,Elementary,20,0
4feca782-0191-4880-bae3-64152a16c3d1,2026-05-28 16:53:51,Kayla,55,ES,Для путешествий,Advanced,120,1
3b75fee1-7d8d-4d51-9a44-c075007c4918,2026-04-13 11:29:51,Daniel,18,RU,Для учебы,Elementary,5,0
5a0b9621-caa3-49c9-b192-f4e6fd75186b,2026-06-01 05:52:51,Denise,27,IT,Для учебы,Intermediate,30,0
1f4d34fe-7ce8-4557-9f8d-b4fa97c01a78,2026-04-13 00:20:51,Megan,49,US,Хобби,Advanced,10,0
be1dcd00-4a96-4c50-9ae5-31df9660c19f,2026-03-09 19:59:51,Andrew,44,FR,Для учебы,Advanced,10,1
222f3682-3f76-4632-9e75-1bb7bbaa2ff7,2026-03-13 14:01:51,Susan,41,IT,Хобби,Elementary,5,0
c43884e1-cc3b-48b2-8ae9-a6fa121e6823,2026-04-29 02:32:51,Jason,33,DE,Для работы,Beginner,30,1
6ac08f68-ca44-4bf3-a464-22eea367ecb7,2026-03-24 05:44:51,Megan,51,BR,Для учебы,Advanced,10,0
024a3bd9-650d-4e82-acf0-31ddf9547c5d,2026-05-29 11:04:51,Thomas,55,ES,Для путешествий,Intermediate,45,0
1bd3e1c1-de1d-4104-8583-1f84bf575d98,2026-05-19 04:36:51,Harry,40,BR,Для путешествий,Advanced,90,0
3aabca0b-4141-43c0-b22d-cf138b543a7c,2026-05-03 04:23:51,Michaela,19,BR,Хобби,Advanced,15,0
facb1123-32dc-4c1b-aa72-b35709b3c1de,2026-05-03 19:25:51,Tamara,50,ES,Хобби,Advanced,90,1
bb40108b-8d94-449b-925b-adaf8a71c7cf,2026-04-22 17:00:51,Tyler,17,BR,Хобби,Intermediate,10,1
279325d1-db54-48b1-89c9-d5344070565a,2026-05-30 16:06:51,Andrew,46,US,Для учебы,Intermediate,20,1
07feb1a9-f752-4f9f-a5d8-29f4d4cf2220,2026-03-21 15:49:51,Jennifer,39,US,Для путешествий,Elementary,20,0
6399b0c9-890a-4fbf-9699-c586be00965c,2026-04-20 10:50:51,Patricia,24,FR,Для путешествий,Beginner,90,0
3845e476-9905-473e-9044-440c6269f6b9,2026-05-18 07:06:51,Jacqueline,43,BR,Для учебы,Advanced,60,0
b072936b-4be6-4c4a-b9fa-376fc2b10949,2026-04-17 03:27:51,Cindy,48,ES,Для путешествий,Beginner,5,0
52c4b9bf-d367-4f48-9a19-c7a9ae0e894e,2026-03-22 22:18:51,Ian,33,RU,Хобби,Intermediate,120,0
fa2b2177-3773-40ec-a00b-eed7be8a2064,2026-03-08 13:35:51,Andre,42,US,Для работы,Advanced,20,1
7d3f342d-9f1e-4d0a-ad8b-16721479b41f,2026-05-26 17:47:51,Christopher,42,BR,Хобби,Elementary,90,1
258e7b0f-c76d-46b8-89f3-184ed3a42b31,2026-05-28 07:13:51,Grant,32,IT,Для путешествий,Intermediate,30,0
f05bbd5f-da39-4934-9b16-9d3209994489,2026-04-28 15:44:51,Patrick,54,RU,Для путешествий,Intermediate,60,0
f63206c8-9b3f-4780-a4a7-9d481ba47371,2026-04-10 02:02:51,Tammy,27,IT,Для работы,Beginner,60,0
5b97c2db-ad2c-4f2c-8092-d2bb0169324a,2026-06-02 07:32:51,Andrew,39,DE,Для учебы,Elementary,10,0
c885630e-5da0-4385-a5f5-b7d258d84b60,2026-04-09 20:15:51,James,44,RU,Для учебы,Advanced,60,0
c2783205-4074-4c92-ba35-2f7840ebe9fb,2026-03-28 15:02:51,Kristen,25,FR,Для учебы,Advanced,20,0
72bbfc67-63e1-42f6-85a9-4c98ef5c3ba3,2026-05-17 20:00:51,David,49,IT,Для учебы,Advanced,30,1
c2ef5e29-671c-44d7-9574-a917847ffc08,2026-04-07 19:54:51,Tony,30,ES,Хобби,Beginner,20,0
32376023-0e0d-4284-ac77-d5a73b8c4603,2026-05-17 21:25:51,Brian,53,FR,Для работы,Beginner,120,0
23651760-af32-477c-b19f-4f4864713c71,2026-04-28 01:46:51,John,49,RU,Для учебы,Beginner,120,0
39d5d598-1ed1-441f-b37d-3c0f113abe21,2026-03-27 10:50:51,Nancy,27,IT,Для работы,Beginner,15,0
24e8d729-2d25-43e6-bfd1-2ad700700824,2026-03-06 12:58:51,Lori,33,FR,Хобби,Intermediate,45,1
342683a7-ee79-462e-8dbe-56c5acd1d3fd,2026-04-06 11:12:51,Robert,42,RU,Для работы,Advanced,45,0
3cc86976-5921-4f8a-829f-c45b7c76689e,2026-05-12 19:39:51,Sara,51,BR,Для учебы,Advanced,15,0
4c795de3-1a3f-48f0-a340-88ad761b3adb,2026-05-29 18:12:51,Kevin,25,DE,Для работы,Advanced,45,0
f9da26c8-a692-4cd2-a227-22b46db83d73,2026-05-23 17:40:51,Rose,16,US,Хобби,Elementary,120,0
b21da58f-b5ae-477d-95ba-5e1a3786ae3c,2026-03-09 08:14:51,Richard,41,FR,Для путешествий,Elementary,5,0
24f691fe-699a-479b-93ae-9b68ae2e8ee5,2026-03-31 10:52:51,William,43,FR,Для путешествий,Beginner,30,0
19e6f47b-9637-4112-be7b-76c32c813ccf,2026-04-14 00:25:51,Zachary,44,ES,Хобби,Advanced,20,0
9f633f41-14d3-4db1-b75b-2e337d7400e1,2026-05-13 16:32:51,Charles,43,RU,Для путешествий,Beginner,90,1
777f5200-5920-4673-86f2-2e7ee45a3667,2026-05-28 14:50:51,Michael,43,ES,Для учебы,Advanced,90,0
c9c66ba9-2d36-4b3e-b043-05df40724836,2026-04-09 11:36:51,Lucas,33,DE,Для работы,Elementary,45,0
509f32ca-4883-42ef-a21d-59195664e7b8,2026-03-17 21:33:51,Christopher,16,DE,Хобби,Beginner,10,0
a50ec807-732a-40e6-b4d9-41487d43fa01,2026-04-28 14:10:51,Ronald,50,IT,Для учебы,Elementary,30,0
7d0e3636-f873-4e2a-aee2-3be950b760b9,2026-05-19 20:45:51,Mary,27,DE,Для работы,Advanced,45,0
eda94a40-0904-417a-8ece-df19a88aceb9,2026-03-22 23:50:51,Rachel,19,US,Хобби,Beginner,60,0
e09bec8a-98e4-4920-9033-1cd0200d33b3,2026-05-02 14:31:51,Charles,30,BR,Для учебы,Intermediate,60,0
631e473b-0309-442c-bbb8-292ad6af9735,2026-04-27 08:51:51,Colleen,19,IT,Для путешествий,Advanced,10,0
9a5e1734-7e82-491d-b3e1-eecfef6e4f96,2026-03-25 03:06:51,Ronald,33,BR,Для работы,Elementary,45,0
bf42dba0-e894-44a0-a4eb-95c4462cc8e4,2026-03-30 07:44:51,Elizabeth,46,ES,Хобби,Intermediate,60,0
4c6c394f-8c17-4bc1-b0c8-a5350c0acf4b,2026-03-27 07:33:51,Cheyenne,30,US,Для путешествий,Beginner,30,0
fa6b78e6-3471-4bd3-8295-824dc8670cbd,2026-05-28 15:26:51,Tanya,49,FR,Для учебы,Advanced,45,0
e181456c-7c76-4f9e-a258-00b94d9c3c8c,2026-04-12 01:46:51,Scott,25,IT,Для работы,Elementary,90,0
40989dfe-dc7f-44a8-aeff-b17238c3ae6e,2026-04-15 10:05:51,Mark,41,RU,Хобби,Advanced,60,0
be5ce1a7-9f27-489e-9544-75c471cdc1be,2026-04-17 04:03:51,Megan,53,FR,Хобби,Beginner,120,1
1d3c95f4-b080-412e-953b-a33dcc8a01dc,2026-05-18 23:28:51,Ivan,34,BR,Для работы,Advanced,120,0
d6f1a4bc-ab79-4016-beb2-ae524bf69008,2026-03-14 11:32:51,Carrie,29,ES,Хобби,Beginner,45,0
cb18942a-efa3-47dd-a9e2-0c10c2e26019,2026-05-14 20:52:51,Melissa,30,RU,Хобби,Beginner,15,1
70558052-62c9-4e57-aca3-ebe76e8588b7,2026-03-16 14:54:51,Carlos,28,IT,Для учебы,Elementary,60,0
6982755d-9653-4bc3-836b-b31472089b00,2026-04-13 13:32:51,Eric,39,DE,Для учебы,Intermediate,5,0
e4929867-ed25-41dd-a604-d40a5334ed0e,2026-03-21 21:38:51,Steven,19,IT,Хобби,Advanced,120,0
720023df-79ed-4339-a9b0-427ac7a1e70a,2026-04-06 00:30:51,Jason,48,RU,Для учебы,Advanced,60,0
dd73485d-99d9-4da7-8e2a-31317c22d634,2026-05-28 14:18:51,Mitchell,42,IT,Хобби,Advanced,10,0
104ace23-9ece-4da7-a94e-a8c276eabbb2,2026-05-03 07:40:51,Tyler,46,US,Для работы,Elementary,90,0
b5ce7e58-d209-49cd-8022-38ef01f04012,2026-05-13 06:30:51,Alexis,35,FR,Для учебы,Advanced,120,1
354b5e8c-8ec8-4075-9862-229fcd7c7fd5,2026-03-24 22:06:51,Samantha,17,BR,Для путешествий,Elementary,10,0
5f7a3548-ade7-4be4-a3a1-45848b57d398,2026-03-29 14:47:51,Dustin,51,IT,Для работы,Intermediate,20,0
9d8d5772-a731-4492-8a15-2d7a8b0806a4,2026-04-03 08:21:51,Tammy,25,DE,Для учебы,Advanced,45,0
a0b6769c-dd30-447c-8cfb-8af307f6d7b8,2026-03-15 02:25:51,Christopher,50,RU,Для работы,Intermediate,30,0
0d3076f4-99db-4d44-89bf-41dd6e70bdee,2026-05-01 07:17:51,Ashley,37,ES,Хобби,Advanced,60,1
f026bcca-e4d3-433c-ab42-0812a46be727,2026-04-17 14:45:51,Alexander,45,IT,Для учебы,Beginner,90,0
320656a6-e365-4af9-8c3b-1fabb74de88d,2026-04-14 20:24:51,Cynthia,24,RU,Для учебы,Elementary,5,0
39b72bd3-f193-40ba-82b5-42d8fa601f49,2026-04-07 20:41:51,Ricardo,30,FR,Для путешествий,Intermediate,45,1
72f5dc08-0a81-4bd1-aea9-f73a21a3642d,2026-04-24 23:52:51,Randy,18,FR,Для работы,Beginner,90,0
e81aad8c-87ff-471f-9689-6d8fcc903bea,2026-04-25 02:28:51,Gina,24,DE,Хобби,Beginner,45,0
550ac5f1-b80f-41c1-b97c-b6573882d1a8,2026-05-25 06:49:51,Joseph,42,BR,Для работы,Beginner,60,0
65747b3b-c4b0-42f1-8b70-c68cdedd99e7,2026-05-05 15:45:51,Angela,23,FR,Для учебы,Beginner,20,0
63ebc16f-a4e1-459f-a43b-27eb1afd3a2f,2026-05-19 08:34:51,Stacey,23,DE,Для путешествий,Beginner,5,0
2a436cbb-5735-4bd4-a33f-90c72a58a1cc,2026-04-18 23:55:51,Nancy,50,BR,Для учебы,Advanced,60,0
1e40ca0e-47d1-4549-a2da-5e6307a2e2a8,2026-04-11 23:00:51,Rebekah,43,RU,Для учебы,Elementary,5,0
e95a3d4f-9c36-4c9e-bd1c-2cd162d72b23,2026-04-19 00:14:51,Matthew,29,FR,Хобби,Elementary,45,1
bed68e48-31c0-40d1-a14a-0d8506aebaeb,2026-03-08 02:21:51,Daniel,48,IT,Хобби,Advanced,15,0
1ff7982c-e3f8-4e2d-ac77-48cf26b5ce5b,2026-03-20 14:29:51,Barbara,32,BR,Для учебы,Beginner,15,0
fdadcd7c-215b-48a1-8dcb-e8429339f4b8,2026-04-04 08:04:51,Christina,35,RU,Для путешествий,Beginner,120,1
37c26e73-6fe0-427f-beeb-19237321728c,2026-05-10 17:28:51,Chase,19,FR,Хобби,Elementary,5,0
dd718e5e-b4f4-4e82-9c19-983dd29b012a,2026-03-30 19:27:51,Wesley,23,DE,Для учебы,Elementary,20,0
a04322bd-198d-4aa9-8383-bda5d0998fc1,2026-05-02 19:36:51,Christopher,32,BR,Для путешествий,Intermediate,5,1
11d660bc-6bfe-4166-bbe6-ba820a8ed738,2026-04-26 23:30:51,Natalie,28,FR,Для работы,Advanced,15,0
97f58ef5-a371-4144-9254-67d6ceb7956d,2026-05-04 04:07:51,Heather,50,IT,Для путешествий,Elementary,120,0
f6729436-d274-4910-a85e-0ee50513d6ab,2026-05-17 06:55:51,David,28,IT,Для путешествий,Advanced,60,0
2e193542-0853-43d1-946c-c26552a02cc6,2026-04-04 12:15:51,Megan,39,DE,Хобби,Beginner,15,0
ba5ee261-6e61-4de9-9fe0-b9d6562fb709,2026-03-18 10:59:51,Shannon,20,BR,Для путешествий,Elementary,30,0
31338b2b-4ac9-4b3c-8a88-f980b266ecb8,2026-04-24 18:25:51,Jesse,51,FR,Для учебы,Beginner,5,0
a0d3cdc1-b3db-4263-b1b9-d626d1c44ca4,2026-05-12 14:56:51,Devin,39,RU,Для работы,Beginner,30,0
9b9417ba-d8c4-4e6c-a153-215e4abb8a70,2026-05-25 19:12:51,Nathaniel,22,IT,Для путешествий,Beginner,60,0
4b3df063-558b-4e11-9caa-089a08fb6b61,2026-06-01 22:24:51,Donna,30,DE,Хобби,Advanced,30,0
e749e415-5b77-4998-8016-c7de4f773282,2026-04-13 09:32:51,Tara,29,RU,Для учебы,Advanced,15,0
0907d589-d1bd-49ae-a997-61133ab2f950,2026-05-16 07:13:51,Tonya,22,DE,Хобби,Beginner,90,0
9ddbfe04-5594-4191-8cbf-03e54ebf447f,2026-05-08 20:39:51,Richard,29,ES,Для работы,Beginner,20,0
c850e29d-30d4-4bfe-8541-c99f6375459f,2026-04-27 10:17:51,Danielle,31,DE,Для учебы,Advanced,5,0
ee5fa93a-0365-4d50-a8a7-b7c01af50e3c,2026-04-23 18:06:51,Daniel,51,DE,Для путешествий,Elementary,30,0
b9ce46f9-ebc7-4b3a-aaf2-efaee4576221,2026-03-20 23:49:51,Daniel,45,US,Для путешествий,Intermediate,30,0
08dab7c4-cd5b-4ab0-850b-05b8f5f7614f,2026-04-15 02:31:51,Robert,35,BR,Для работы,Beginner,120,0
3efa699a-bb72-4ae1-9958-1d610bac9c5f,2026-04-17 07:23:51,Christopher,29,DE,Хобби,Elementary,5,0
b4b209d6-ebef-4f6c-b21c-774eef8fa6db,2026-04-27 07:16:51,Daryl,18,FR,Для учебы,Beginner,120,0
d57542f4-955f-44fc-a463-0b0bfe591b10,2026-05-28 09:08:51,Miguel,54,IT,Для учебы,Intermediate,45,0
36ee4293-5ac4-4c4a-8aac-b6e7917ba108,2026-04-30 21:42:51,Lee,31,DE,Для работы,Advanced,5,0
3999a911-3e15-41c8-996c-e98b3731c8de,2026-04-13 02:05:51,Christine,29,RU,Для работы,Advanced,15,0
c4b048b1-14a3-41a5-89b1-e10abcc45f29,2026-04-13 18:43:51,Jacob,34,DE,Для работы,Elementary,20,0
703297c2-8ec5-4b45-897a-f0271e6dd076,2026-04-06 10:13:51,Elizabeth,39,RU,Для работы,Advanced,120,0
a35a1eb9-8a22-4c06-84aa-c3249dfad0d3,2026-05-19 13:02:51,Jennifer,35,US,Для путешествий,Intermediate,15,0
e7ad3f0a-8c71-4d59-aad6-223a99a04f8f,2026-05-31 22:00:51,Todd,20,RU,Для работы,Advanced,20,0
a3789ac5-1738-420a-83a4-54407c23bd01,2026-03-19 14:37:51,Wendy,26,BR,Для путешествий,Elementary,90,0
526f2f5e-edc0-4d76-980a-4657fe073332,2026-04-11 13:34:51,Brittany,27,US,Для учебы,Advanced,120,0
c038712e-38ee-408f-8898-eb459942da19,2026-03-09 19:41:51,David,18,DE,Для работы,Advanced,10,0
541e3f16-7f32-47d3-b5a7-7c4f4ef5559b,2026-06-01 06:35:51,Kimberly,25,US,Для учебы,Elementary,10,0
0496542e-6430-4cf0-b711-518e80421a42,2026-05-29 16:48:51,Kyle,52,US,Хобби,Intermediate,45,0
1d696643-9db5-4524-add3-9d6359cb0feb,2026-05-12 19:10:51,Sheena,50,BR,Хобби,Intermediate,5,0
98cec314-fc70-45ed-b4ad-a70cceda67a3,2026-04-21 00:17:51,Miranda,16,ES,Хобби,Elementary,15,0
9a64bbed-37c0-46df-a015-08ce9a59235a,2026-03-09 16:41:51,Emily,31,US,Для учебы,Elementary,15,0
e682d183-8c47-47ae-bb31-4eb876b315ea,2026-05-08 21:22:51,Becky,20,DE,Хобби,Elementary,15,0
057aca33-021a-43a6-b880-afc3121512ce,2026-05-13 04:22:51,Willie,34,US,Для учебы,Elementary,90,0
a86b1447-999b-4204-9458-0e41ce9be8fc,2026-03-26 19:07:51,Arthur,23,US,Хобби,Advanced,10,0
9d5f351f-9637-4859-8ef8-c7c1f01a2811,2026-03-12 19:44:51,Karen,24,IT,Для путешествий,Beginner,30,0
86a1fc79-fb56-4d42-8f57-732e0f405170,2026-04-13 08:27:51,Tracy,32,FR,Хобби,Advanced,15,0
750aaf64-1415-4c8d-a6ed-f8836eef8c0a,2026-03-04 23:41:51,Kim,53,ES,Хобби,Beginner,20,0
3cd5bc49-a2cc-49d6-bc55-3e8711da517c,2026-03-08 17:21:51,Misty,46,BR,Для учебы,Beginner,20,0
ba0df5c4-2510-4756-be57-86a7e9b0a2e2,2026-05-13 16:51:51,Leslie,40,BR,Для путешествий,Advanced,10,0
766c66ea-8dcd-45c9-be51-e554d49cf87f,2026-04-18 14:37:51,Amanda,22,DE,Для учебы,Beginner,10,0
8c2a042a-d7c4-498e-bc87-0ad88a9451ac,2026-03-12 17:07:51,Alan,38,US,Хобби,Intermediate,5,0
25e0464c-d3ca-4059-a495-1cd89861bcee,2026-05-21 01:16:51,Johnathan,43,RU,Для учебы,Beginner,5,0
2cd80a22-6ac9-4b87-8214-e1a7c429eaa3,2026-03-08 06:46:51,Alexandria,40,BR,Для путешествий,Intermediate,60,0
14ca15f8-bf22-4639-9fea-789633e52086,2026-03-14 04:13:51,Cheryl,53,US,Для учебы,Elementary,30,0
d9b16baa-c837-4a53-bbb8-7439e5523dde,2026-04-24 10:55:51,Patricia,49,BR,Хобби,Advanced,20,0
b7a55567-4543-437e-8970-d16cba14e0e5,2026-04-06 13:00:51,Kara,44,RU,Для работы,Advanced,15,0
c5a31483-e5c5-4842-8596-cfb41e8dd435,2026-05-30 05:24:51,Julie,47,FR,Для путешествий,Advanced,30,0
b2cb8316-11d7-466a-8aa3-4259027f116c,2026-04-11 07:44:51,John,18,DE,Для учебы,Intermediate,5,0
5ab59080-c73c-4c33-8d1f-5c2de17dc66e,2026-05-06 14:18:51,Thomas,35,BR,Для работы,Elementary,30,0
cc3ed723-15c1-487a-9a11-d6f9a923f040,2026-05-26 01:09:51,Andrea,41,IT,Для учебы,Intermediate,10,0
f7178dfe-463a-4fd6-9f8b-a34e332df5a7,2026-05-16 07:12:51,Justin,27,BR,Для работы,Beginner,5,1
afa78ed9-671c-4975-a829-c3b6c7aaa439,2026-05-16 09:01:51,George,38,RU,Хобби,Beginner,15,0
a3d7de9f-2f46-419e-8eda-41b5ada582ff,2026-05-29 05:46:51,Cindy,17,IT,Для путешествий,Intermediate,45,1
dfe854a3-fe65-4c55-b041-718d65bc65d0,2026-05-11 09:00:51,Brandy,39,IT,Для учебы,Beginner,10,0
b4f45585-9a6f-4ff2-8302-886163e424a7,2026-05-09 18:42:51,Savannah,45,RU,Для учебы,Beginner,5,0
e9ce4222-868a-40d1-80ca-b5d027d7d35a,2026-05-26 21:16:51,Crystal,41,ES,Для работы,Advanced,20,0
1f7ee2b9-90d2-4dd9-aa63-f7ea872c017b,2026-04-09 17:00:51,Anthony,33,RU,Для путешествий,Advanced,45,0
6e56eb75-78c5-45b0-80f4-4981889e0de3,2026-04-22 05:23:51,Lisa,39,FR,Для работы,Elementary,60,0
17ef98bf-5d6d-4dc3-b81b-36298ca0ddb7,2026-05-25 01:42:51,Jennifer,39,DE,Для работы,Advanced,45,0
ef3b51e0-4672-490c-b19d-5539430630fd,2026-05-03 01:33:51,Amy,46,DE,Для путешествий,Elementary,5,0
dfdd0aa8-6f01-4eb9-986c-8daed3f7b02f,2026-03-23 12:55:51,Nicole,17,US,Для работы,Beginner,120,0
6d5c50d3-48aa-470b-97d1-a8b2946f8a1a,2026-05-14 07:59:51,Edward,45,IT,Хобби,Advanced,60,0
fdc3be80-78d0-4187-bb96-269ca2031cd9,2026-03-17 13:03:51,Alexandra,42,FR,Для работы,Elementary,15,0
74626ac7-5191-41fe-a276-41ba0db20c9d,2026-03-23 09:41:51,Regina,43,DE,Для путешествий,Elementary,10,1
865c964d-527a-498e-9280-d39534900042,2026-05-28 02:34:51,Sierra,44,ES,Для путешествий,Intermediate,90,0
e1228abb-c158-4e02-9b12-8520e08030fd,2026-05-23 18:21:51,Christopher,38,IT,Для учебы,Advanced,30,0
6bf13d00-bd9b-4ddb-907e-aaa255d5e96a,2026-06-01 20:20:51,Gary,19,RU,Для учебы,Advanced,10,1
c995e193-5275-4f8c-a3cf-7abea6044f56,2026-04-30 20:32:51,Nicholas,30,FR,Для учебы,Intermediate,15,0
40b48a06-db83-4c47-a9e0-9174b79adb64,2026-03-11 17:12:51,Jennifer,55,BR,Хобби,Intermediate,30,1
8d74e8d0-977e-4494-893d-fea09b2694d7,2026-04-12 20:44:51,Raymond,32,DE,Для работы,Advanced,5,1
4f014468-aa57-4be3-b459-76b6d0744942,2026-03-14 20:40:51,Andrew,43,BR,Для работы,Intermediate,20,0
441eaf4f-9f9a-4123-91da-dcb771ecd575,2026-03-25 15:34:51,Nancy,22,ES,Для путешествий,Advanced,5,0
56df181e-65e9-47ae-811a-f4eacb89d5a1,2026-03-29 20:40:51,Oscar,35,DE,Для учебы,Intermediate,60,0
67babcd3-35ba-460f-aaaf-d5b327ab8613,2026-03-26 19:56:51,Kelly,29,FR,Для учебы,Advanced,5,0
ecbf6f2b-a815-414b-8d77-aebeb81fae05,2026-04-13 16:07:51,Hunter,16,BR,Для путешествий,Elementary,60,0
6f85263a-4152-426d-bc14-6f96958e46f8,2026-04-04 07:59:51,Laura,44,FR,Хобби,Elementary,5,0
7924eeaa-96cb-4c52-b9bd-67eea7cc009a,2026-04-18 23:26:51,Steve,55,FR,Для работы,Beginner,120,0
788e9814-2c9d-4a01-9e56-788c6b0e93d4,2026-04-17 09:15:51,Victoria,27,BR,Для путешествий,Beginner,30,0
9b88371e-647c-4c66-b1e4-6104bd0f38b1,2026-03-31 19:43:51,Julie,49,US,Для путешествий,Advanced,60,0
637f8eaf-b4df-4a02-8f06-caddd655a332,2026-04-09 05:43:51,Michelle,30,ES,Хобби,Elementary,10,0
2637a65b-573e-41d6-8698-e021b111920a,2026-05-01 10:51:51,Denise,34,BR,Для путешествий,Intermediate,60,0
6d635d2f-980a-407a-8df0-7d6b141cc8ec,2026-05-03 22:03:51,Laura,34,ES,Хобби,Intermediate,60,0
927fc167-e1f7-4101-9b9b-530fe221d921,2026-04-20 15:55:51,Darrell,43,US,Для работы,Beginner,15,0
06799d2c-8b1b-4c8e-9bde-83a2d8ac6d78,2026-03-26 09:17:51,Megan,42,US,Для учебы,Intermediate,120,0
294a92d0-ca32-4414-bf8c-1176db8b0153,2026-03-22 12:45:51,Zachary,54,IT,Хобби,Beginner,30,0
511e2fb2-d5b5-4f07-8662-a661d63b0176,2026-04-10 11:36:51,Manuel,19,RU,Хобби,Elementary,60,0
cdec2fd7-78a2-4748-9d36-6740cc264430,2026-03-20 00:46:51,Kevin,50,ES,Для работы,Beginner,90,0
aa90b08f-92b4-424c-855c-89fa82595642,2026-05-19 01:07:51,Holly,35,BR,Для работы,Advanced,5,0
7d1fc0c4-044d-41e1-8478-11ad3a1b54a7,2026-03-06 01:02:51,Andrea,44,RU,Для учебы,Beginner,5,0
4a46e654-14be-4d8c-9c84-78df19a54e38,2026-05-26 21:30:51,Mark,29,BR,Для работы,Elementary,20,0
377bf9cf-5a6a-4033-bcf8-f20d80589a31,2026-03-13 02:00:51,Brianna,42,IT,Хобби,Intermediate,45,1
ee44b856-1527-4f9b-9bfd-2399ff35d468,2026-04-07 18:19:51,James,22,DE,Для работы,Advanced,5,1
e72e5f6c-9c93-4cbb-bd75-a247ee921fe5,2026-05-29 21:10:51,Brandon,48,US,Для учебы,Beginner,5,0
29380a75-9845-49ec-b7bc-2f940987cf8f,2026-03-22 18:53:51,Dylan,47,FR,Хобби,Advanced,30,0
c4c70414-0928-4353-a1ac-86248f1e68c4,2026-05-29 11:54:51,Rodney,19,DE,Для учебы,Elementary,15,0
bb3b7deb-cecb-4cfb-953e-446b11bbb33d,2026-05-18 12:08:51,Crystal,49,ES,Хобби,Intermediate,15,0
a50a87fc-8653-49e5-9f42-5901079a2a4c,2026-03-10 03:09:51,Patricia,51,IT,Хобби,Elementary,10,0
fa1486ab-0556-482e-abe3-258af15c5425,2026-05-18 23:32:51,Brandi,40,RU,Для учебы,Intermediate,5,0
336ec50f-23d3-4ca9-9c46-dca875c5e9d3,2026-05-05 15:50:51,Timothy,30,DE,Для путешествий,Intermediate,90,0
7449060c-cc43-4062-84fa-25672f8f73b9,2026-04-12 09:20:51,Jody,29,IT,Для путешествий,Elementary,30,0
05a954fc-b504-4fc7-b27d-843118ab27b6,2026-05-04 08:47:51,Thomas,26,ES,Хобби,Beginner,20,0
f7f558fa-8c21-40e6-a37d-9ab60f127bb8,2026-04-04 19:43:51,Theresa,44,US,Для учебы,Beginner,30,0
2db5266d-004b-4f66-8b4d-f6e6967498d3,2026-04-10 22:13:51,Stacey,25,BR,Для работы,Elementary,15,0
92dfcc73-1874-4a73-9995-07f09f7ea18b,2026-03-16 22:00:51,Christian,36,DE,Хобби,Advanced,60,0
7acfa80a-1058-4dfe-8def-895f41a14e25,2026-03-30 20:30:51,Elijah,33,DE,Для работы,Advanced,5,0
b2e798ad-e1e9-4dad-bfa6-4b61cd838c8f,2026-05-13 23:45:51,Patty,54,FR,Для работы,Advanced,120,0
19d95547-f1b3-46bf-a7b8-f33e91e99c05,2026-04-07 18:48:51,Veronica,31,IT,Для путешествий,Beginner,45,0
ac5eb003-6060-4fc2-b287-f848b3d9162e,2026-04-30 04:07:51,Elizabeth,17,DE,Для учебы,Beginner,5,1
b39d9958-8c73-4b30-9614-d63dee1f2f6d,2026-05-18 16:25:51,Jeffrey,32,ES,Для работы,Intermediate,45,1
804d89ed-095b-4c10-9169-1f5ef51074b4,2026-05-04 15:31:51,Alex,22,DE,Для путешествий,Elementary,30,0
1db07c2c-c8f9-4d05-9309-46d98920f1f7,2026-04-23 23:24:51,Donna,46,US,Для учебы,Intermediate,120,0
cdbbd14f-136f-4c65-b4db-91bb33fa0a19,2026-04-25 16:01:51,Alexis,38,BR,Для работы,Intermediate,30,0
e6fabece-3956-40fb-a626-b7f8e19603dc,2026-03-20 00:58:51,Brittany,32,RU,Для учебы,Advanced,30,1
9f65ad7d-a3c9-4f07-8931-58d3887993e9,2026-04-21 14:32:51,Gail,54,FR,Хобби,Elementary,15,0
6a367d0e-c4c1-4701-a45d-c807513fe769,2026-04-19 13:18:51,Brendan,33,ES,Для путешествий,Beginner,10,0
54754307-e32d-4e9b-b26f-562cd5077560,2026-05-13 16:00:51,Michael,18,FR,Для путешествий,Beginner,120,1
66ab62de-aa15-480a-a902-4e70d7115edc,2026-05-11 02:17:51,Jamie,51,US,Для учебы,Beginner,5,0
b498ea85-6798-4554-92c7-af09e8b825bf,2026-05-29 13:38:51,Robert,36,BR,Для путешествий,Elementary,60,0
6cb9a4ea-f840-481d-a4d7-712ffc7f6b06,2026-03-23 01:01:51,Ryan,23,FR,Хобби,Beginner,10,0
e7d1cbed-dc1e-46f2-9629-1807bf89e19e,2026-05-25 08:25:51,Jade,42,BR,Для учебы,Beginner,120,1
5425db59-6d81-4374-ad51-d4023addc43b,2026-05-30 17:24:51,Brittany,33,RU,Для путешествий,Elementary,90,0
bd40f83b-f66c-4d8b-9783-ec40f851d361,2026-04-06 19:34:51,Jeffery,31,RU,Для учебы,Advanced,10,0
c820a944-ca0e-470f-8e7e-dde105913c8c,2026-03-19 05:51:51,Brenda,25,FR,Для учебы,Advanced,90,0
810b54dd-19c1-4745-be57-19df9cd1d01f,2026-03-31 08:30:51,Benjamin,50,ES,Для работы,Intermediate,5,0
c4116240-ea06-45f2-a58e-f088d8f024c2,2026-05-17 01:13:51,Chase,45,IT,Для работы,Intermediate,120,0
af237f8d-970d-4a38-aacf-62cb8113d510,2026-03-10 09:51:51,Brittany,26,IT,Хобби,Intermediate,60,0
81d5926f-891b-4e94-83e1-a79b15903528,2026-05-18 08:17:51,Curtis,34,US,Для учебы,Elementary,120,0
5406a3bf-f9ac-4c0f-b990-38fdd3b872b5,2026-03-04 21:58:51,Stephanie,50,BR,Для путешествий,Advanced,60,0
c3ea3ecb-bd64-4a4f-8792-d065b927b611,2026-05-26 18:31:51,Terri,55,IT,Для учебы,Elementary,15,0
195edcf4-face-4f60-9637-ab7c6749d75a,2026-05-02 10:16:51,Charles,26,BR,Хобби,Intermediate,10,0
59404233-4f97-454d-a89c-7506df04b1fd,2026-04-15 18:40:51,Theresa,53,IT,Для учебы,Elementary,120,0
3455208b-0814-4baa-b5c5-d5b970011d4f,2026-04-05 20:30:51,Elizabeth,26,BR,Для путешествий,Elementary,45,0
5f335d45-5c68-43bf-8c15-eb5666ebed37,2026-05-14 05:12:51,Theresa,34,FR,Для путешествий,Beginner,15,0
63020c74-0746-4f16-9e7c-28524c31573a,2026-03-26 16:10:51,Natalie,53,US,Для учебы,Intermediate,120,0
66b2b351-74d6-49e7-b515-e3501b681671,2026-03-13 09:14:51,Virginia,21,IT,Для учебы,Beginner,10,0
92115b41-f9d9-45d6-bd2d-1ed1e04cae5a,2026-04-02 23:16:51,Dominic,28,DE,Хобби,Advanced,120,1
ce392717-c1da-4328-bb4a-04796f789c69,2026-04-15 03:36:51,Brandy,39,ES,Для учебы,Intermediate,60,1
6a412d62-a153-4c73-a8a8-c3f603e8a797,2026-04-17 10:13:51,Andrew,16,FR,Для учебы,Beginner,15,0
465d2515-b836-41a9-84a9-bd1417ff1664,2026-03-22 11:26:51,Brian,36,IT,Хобби,Intermediate,90,0
8ad87942-ff0b-4bf0-a94b-dabab80eb616,2026-05-23 12:28:51,Brandy,42,FR,Для учебы,Elementary,20,0
23ace985-2f11-498b-b7b0-670822ca734d,2026-04-01 15:37:51,Brenda,17,FR,Хобби,Intermediate,20,0
499089bc-8b28-4533-95d8-dff2e8941965,2026-03-18 03:44:51,Lisa,54,US,Для путешествий,Beginner,60,0
d45cad6c-8280-4cee-a7f2-3c8de9fbf444,2026-04-08 06:00:51,Allison,28,DE,Для учебы,Intermediate,15,0
6d97f38e-b9b4-4b59-85cc-d58c34753597,2026-05-19 05:01:51,Sarah,30,US,Хобби,Intermediate,10,0
e9d4b139-7d2f-4052-98d9-7cd3afbeefd0,2026-05-23 20:10:51,Gregory,23,DE,Хобби,Intermediate,5,0
16b0ac3c-ef56-4a1d-9a57-2d457120cb8f,2026-03-15 19:30:51,Maria,41,RU,Для учебы,Advanced,45,0
53d9b8ac-f1ee-4182-b151-cee4d19cb352,2026-05-14 05:40:51,Michael,25,DE,Для работы,Beginner,15,0
9409264c-4310-42e7-9e10-7d89c95d9cf4,2026-03-05 01:49:51,Charlotte,40,RU,Для путешествий,Beginner,15,0
06025bce-d08f-4eb4-8b85-53793cd46de3,2026-04-18 06:09:51,Frank,54,ES,Хобби,Elementary,120,0
eae37e0f-03be-44c7-8ce9-89c225b5535b,2026-03-13 08:20:51,Kathleen,46,BR,Для учебы,Advanced,15,0
2b58140b-e365-4d0c-82e3-a3288b1eccbe,2026-04-17 17:37:51,Todd,21,BR,Хобби,Beginner,15,0
a1cd57de-f449-44ee-885a-f5b5a3be1103,2026-04-21 23:37:51,Eric,27,IT,Для путешествий,Intermediate,20,0
435b6482-e160-4f72-bd35-4f765bd76e9f,2026-03-29 04:02:51,Alex,33,DE,Для работы,Intermediate,30,0
a33ec82a-d695-410c-ab39-4c06d8ef479d,2026-03-08 21:28:51,Joshua,53,FR,Хобби,Advanced,10,0
f7741a9a-832b-49f5-b59e-f0f407012659,2026-03-27 19:22:51,Shelby,50,DE,Для учебы,Beginner,15,1
4bd42536-aa1c-4e75-afb0-e6efa9b6b0f3,2026-05-21 12:44:51,Rachel,22,BR,Для работы,Elementary,5,0
6f58c1f8-87ee-4c0f-a1b8-d47cd67436b4,2026-05-04 03:04:51,Angela,29,ES,Для путешествий,Beginner,5,1
1be55f48-c016-4b1c-b0cb-a603788966be,2026-04-04 17:15:51,Kevin,23,BR,Хобби,Advanced,120,0
0cbf87d6-b0cf-44b2-9803-74d6405db838,2026-04-26 19:22:51,Linda,28,RU,Хобби,Advanced,120,0
91944b06-0e09-40e2-9048-ea0df0b35b13,2026-05-02 10:04:51,Deanna,16,ES,Для работы,Beginner,90,0
b6ea3c1c-dfd9-4366-adc0-4e4174867bd3,2026-03-24 22:34:51,Kathryn,53,FR,Для путешествий,Intermediate,120,0
fcfc3e2b-6547-4b3b-9939-17e60f31a67e,2026-05-15 20:15:51,Emily,38,BR,Хобби,Elementary,90,1
7de8081b-3cd7-4a2e-9fa2-d3f70174cf3e,2026-03-27 14:15:51,William,45,RU,Для учебы,Advanced,60,0
f838fe66-3c34-4a5c-b1dc-db0af0500721,2026-03-10 15:08:51,Jennifer,51,ES,Хобби,Elementary,30,0
132606b3-fb6a-4ef5-89ca-a8745c2257a3,2026-04-02 16:52:51,Michael,48,US,Хобби,Beginner,90,0
100dc40a-80e7-4e43-b772-e5160c6701e5,2026-04-11 20:53:51,William,27,RU,Для учебы,Beginner,60,0
89dc30ea-eb6c-4815-b803-716b471c5657,2026-05-01 21:27:51,Christina,50,BR,Для путешествий,Intermediate,60,0
50c2a96c-8553-47d6-8730-ebba6d46cd33,2026-05-24 01:07:51,Andrea,22,IT,Для учебы,Beginner,10,0
754384f5-71ae-46c0-933e-961daf121cbb,2026-06-02 06:04:51,Stacy,54,BR,Для учебы,Beginner,15,0
d7ac7522-f778-46a7-8460-b5f42531069a,2026-05-18 05:44:51,Jonathan,22,DE,Хобби,Intermediate,60,0
75a00732-9410-427d-b85c-14ce2f97b9e1,2026-04-19 06:38:51,Samuel,37,ES,Для путешествий,Elementary,15,0
a4290d07-387d-4c11-af9d-d97e60c357e9,2026-03-13 15:11:51,Shane,17,FR,Для путешествий,Advanced,60,0
9370afbf-904f-4959-bb11-9f54f30d4a84,2026-04-23 03:03:51,Evan,20,ES,Для учебы,Elementary,60,0
6a5217fe-9e36-409a-9d90-5a686f2d946d,2026-04-18 08:13:51,Kevin,25,RU,Для учебы,Advanced,20,0
09946c58-ba02-49e3-9a1c-b491b0f8f615,2026-06-01 10:06:51,Samuel,43,ES,Для путешествий,Advanced,30,0
6a8fc5e4-132b-4d55-99fa-c3057fdcb3e9,2026-05-03 16:44:51,Latoya,52,FR,Хобби,Advanced,20,0
a1da814d-a2c2-49dc-aa3e-01b4a1fb1d61,2026-05-31 23:13:51,Willie,35,IT,Хобби,Advanced,5,0
5da6738c-572d-427b-9c5a-f44afb569ad3,2026-05-06 19:37:51,Catherine,18,RU,Для путешествий,Intermediate,120,0
a33d57a0-c430-4f9e-80e4-a4284f04901d,2026-05-09 04:12:51,Veronica,53,FR,Для работы,Advanced,90,0
1b4a5ad8-d533-474b-9254-0fe29c39e8b5,2026-03-27 22:34:51,Michael,31,US,Для путешествий,Intermediate,5,0
71de5291-523b-4a1e-992a-ac15baa119fd,2026-05-10 14:22:51,Kathryn,37,BR,Для учебы,Elementary,60,0
65106644-11d0-4fce-a117-58a19723de8d,2026-03-19 10:19:51,Jeffrey,52,RU,Для путешествий,Elementary,30,0
b5b2dd2b-471a-4b04-b795-0b916aa5079c,2026-05-09 09:27:51,Jennifer,26,US,Для путешествий,Intermediate,20,0
4bae3db5-27eb-43b0-8237-e702e48f92e0,2026-05-11 08:37:51,Timothy,22,ES,Для путешествий,Beginner,15,0
7483316c-4234-4140-b141-6d90b5723cf8,2026-03-24 14:37:51,Kimberly,42,US,Хобби,Intermediate,45,0
ab07ec59-fa26-4211-a34b-092561a979ac,2026-04-14 22:56:51,Bryan,55,IT,Для учебы,Elementary,15,0
f11cedfc-b997-4a10-bf39-485b515abf40,2026-03-08 13:05:51,Joshua,27,ES,Для учебы,Beginner,15,0
365942f3-98a7-4fcb-8acc-6e204cfd9aec,2026-05-13 20:47:51,Joseph,28,RU,Для путешествий,Elementary,5,0
fb9ee838-8364-4b90-8837-245c3dbfbe3d,2026-05-13 03:03:51,Noah,37,FR,Хобби,Intermediate,30,1
714083b7-955c-4b31-abcc-e5b10597cf4b,2026-05-24 12:53:51,Seth,32,IT,Для учебы,Beginner,120,0
7b119bed-d713-4eab-881f-eceb373b5e88,2026-04-22 06:52:51,Tammy,27,RU,Хобби,Beginner,60,0
a4f183f7-873f-471a-b316-68501ee2ccff,2026-04-22 20:23:51,Scott,54,US,Для учебы,Advanced,60,0
47f29288-448c-4805-8e15-42ffe6c17b2c,2026-04-18 19:46:51,Kimberly,42,BR,Для путешествий,Intermediate,15,0
373a9860-f7bf-48f5-941d-00f12416e8c6,2026-03-21 19:28:51,Caleb,22,IT,Для учебы,Beginner,90,0
a069916f-4713-4487-a68c-8bb90a9aa99c,2026-05-05 13:57:51,Kenneth,49,US,Для учебы,Advanced,45,0
c4ff1b4f-019b-4044-a885-92c9c48decb3,2026-03-05 21:43:51,Jessica,32,ES,Хобби,Advanced,5,1
ab4538c6-fa23-4ae4-a8b3-7a23e9598c17,2026-03-24 22:01:51,Dominique,39,FR,Для путешествий,Beginner,45,0
fd6c24e7-aa92-4a53-aa25-37a5b7d9d11b,2026-03-16 14:08:51,Claudia,36,IT,Для путешествий,Advanced,30,0
ad547274-f25e-416f-aa0d-8e4b53c43bcd,2026-04-26 23:44:51,Joshua,47,US,Для путешествий,Intermediate,45,0
ccbba931-56cf-447f-b5f9-52f065c99c92,2026-04-22 11:55:51,Katelyn,26,DE,Хобби,Elementary,120,0
9317ab84-d59a-4221-9826-81c0814cd67f,2026-04-29 08:45:51,William,30,US,Для учебы,Beginner,30,0
5aa33a9e-189c-4dda-a0c1-2581fc8d6bf2,2026-05-27 17:58:51,Heather,40,US,Хобби,Intermediate,30,0
5ffb203c-53a7-4df5-b16a-8a4169e83983,2026-03-28 03:29:51,Sara,51,IT,Для работы,Advanced,90,0
2533e309-2a2d-4f6d-bd8a-07ebb2d3dd2d,2026-04-30 11:45:51,Brent,19,FR,Для работы,Beginner,15,1
22a5fc7d-c871-4ba8-9472-da5b9ea7c87e,2026-04-06 23:50:51,Diana,19,ES,Для учебы,Intermediate,30,0
f55cf93b-ef3c-493b-9f3e-0b659da2ca30,2026-04-04 23:56:51,Angela,17,BR,Для путешествий,Beginner,45,0
9ff66581-4a79-4e77-ba0d-4d5d3d6c4df1,2026-04-16 17:17:51,Kristi,46,RU,Для путешествий,Advanced,60,0
98670c4a-6340-42dc-a935-76fe755ca5e3,2026-05-16 05:35:51,Jason,46,ES,Для работы,Advanced,120,0
bd5ffdfb-bf31-4e6d-8c27-95bd758d8729,2026-03-20 14:01:51,Linda,35,ES,Для путешествий,Beginner,60,0
9fdd7b7f-926c-4953-98a8-bd9637c864d1,2026-05-01 23:48:51,Kimberly,22,BR,Для работы,Intermediate,90,0
5f08238d-1f68-42e4-a208-4e125306dac8,2026-04-03 21:16:51,John,24,RU,Для работы,Intermediate,45,0
285e2e33-682c-48c4-8d1f-4b997de6d192,2026-05-21 08:11:51,Rebecca,30,FR,Для работы,Intermediate,60,0
ab82fed2-aa2d-4f98-97c3-57821c1cf31d,2026-05-06 08:16:51,Cole,41,IT,Для работы,Advanced,45,0
0bebe976-d4e9-4b5a-9422-d118071e5244,2026-03-24 09:04:51,Kristy,31,DE,Для учебы,Elementary,5,0
6e8f036b-be3c-4964-b263-45715ce42ab5,2026-03-29 01:54:51,Eric,24,FR,Для учебы,Elementary,15,0
df9c4af1-54b3-4323-b9ee-5e45f794a88e,2026-03-06 16:32:51,Michelle,48,FR,Для работы,Beginner,10,0
359ace48-9ae1-4165-a4c9-b9ad7af4555f,2026-04-02 00:36:51,Dylan,53,US,Для работы,Beginner,45,0
8e480395-ae56-438d-ac19-cdecc74dd394,2026-05-26 13:20:51,Ernest,40,FR,Для путешествий,Elementary,45,0
7bc94299-f689-4f64-b2c1-894a54888629,2026-04-30 06:28:51,Paige,17,IT,Для работы,Advanced,10,0
2a7d1475-9806-457c-95d3-bfb46cd54c23,2026-04-13 17:23:51,Laura,33,US,Хобби,Beginner,15,0
6b15f66f-5887-4f23-ba48-84bd8d9035b5,2026-03-29 21:44:51,Kenneth,31,US,Для учебы,Elementary,5,1
c4e39812-4c51-4b51-bfdd-a876e1dc14c2,2026-04-10 05:24:51,Sue,50,BR,Хобби,Elementary,90,0
f603fed6-a84a-4330-87a5-795b8a16c189,2026-05-27 01:23:51,Jennifer,24,ES,Для учебы,Intermediate,30,0
fb57aeda-1861-49cb-916b-ee1aa57f5864,2026-04-16 22:29:51,Tracey,45,DE,Для работы,Intermediate,60,0
e0ccec5c-e3a1-4a9d-a206-40e5ad04eebe,2026-03-28 23:27:51,Christopher,20,RU,Для учебы,Intermediate,5,1
e3498925-2394-426f-a0ec-cb2ab5bad983,2026-05-27 23:15:51,Stephanie,17,US,Для путешествий,Beginner,10,0
ac73cff4-73cb-4f46-8254-871a1c0c1bcd,2026-04-20 06:09:51,Richard,39,IT,Для работы,Intermediate,60,0
3dd103a7-e5c6-4db0-9c73-bb93241c86f6,2026-05-04 02:06:51,Daniel,37,IT,Для путешествий,Beginner,120,0
5d311a29-bbcc-4f05-833f-09746aff99e3,2026-04-19 17:22:51,Edward,32,US,Для учебы,Advanced,45,0
771d2a5d-d015-4e6a-9126-6631e7a17b79,2026-03-29 17:47:51,Anita,45,US,Для путешествий,Advanced,45,1
9ad16abd-5ac5-44dc-a066-be17131fac1f,2026-05-21 16:19:51,Kristen,20,FR,Хобби,Beginner,20,0
18841988-06a1-478b-9db6-d569b3452958,2026-03-30 05:25:51,Robert,29,ES,Для путешествий,Elementary,10,0
62cde070-7c03-42ae-aece-85467ad84fe6,2026-04-17 20:57:51,Stephanie,24,BR,Для учебы,Beginner,45,0
4fc9f435-72db-4b1a-ae0e-42e9e864052a,2026-05-09 00:49:51,Amy,54,BR,Для работы,Beginner,45,0
f09c7317-4339-4a21-aa5d-03f1dc5dde63,2026-04-22 23:45:51,Martha,50,ES,Хобби,Elementary,20,0
6126fe19-a7f9-4d96-9938-ae9ff22d3b31,2026-05-18 20:04:51,Edward,50,DE,Для работы,Elementary,30,0
1141ee49-ede0-49dd-b6e7-4d37ea0a760a,2026-03-28 13:01:51,Brandon,44,DE,Хобби,Intermediate,15,1
34fe0cf4-2e3d-41d8-b38c-ad2be6948d10,2026-05-20 13:04:51,Logan,26,ES,Для работы,Elementary,20,0
77673fed-32b4-4c6f-90c4-fd08738ac28f,2026-04-13 21:02:51,Allison,23,US,Хобби,Elementary,45,0
25cfbff8-3af4-4543-a3a9-6a0e4f4c42db,2026-06-01 23:01:51,Christine,35,RU,Для учебы,Intermediate,90,0
6ae872cf-a0fa-406c-a582-380a593653e4,2026-03-06 19:55:51,Karen,35,US,Для учебы,Elementary,30,0
dde75ca8-9a50-4b8f-8326-dfadf553f064,2026-06-01 20:09:51,Amy,47,RU,Для работы,Elementary,120,0
9434c3d9-e8fd-4e4d-ae6d-0e967c2e8d19,2026-03-04 16:33:51,Dean,42,BR,Хобби,Intermediate,120,0
5e3c8807-4a13-402b-b702-a51a1590e136,2026-05-06 01:07:51,Jared,22,US,Хобби,Beginner,90,0
4dcdc780-422b-4312-9e95-49e8e3a51d66,2026-03-06 11:38:51,Jessica,50,ES,Для работы,Advanced,120,0
54586293-7f93-46a5-b040-4aa951aaaafb,2026-03-17 03:55:51,Heather,41,ES,Для работы,Beginner,10,0
2984d55e-a5b9-403f-a236-ce00248efc70,2026-05-04 18:38:51,Michael,43,ES,Для путешествий,Beginner,20,0
4fb87a63-b110-43ef-a6fc-a4f16af56148,2026-04-01 06:54:51,Jay,40,ES,Для путешествий,Beginner,15,0
f1c4e6ce-6699-4052-9880-3bbe25ae92d2,2026-03-12 20:21:51,Priscilla,31,FR,Для путешествий,Intermediate,120,0
21e0357a-c174-4b5a-a311-c09de864e720,2026-05-19 19:50:51,Kelsey,32,IT,Хобби,Elementary,20,0
1171647f-7680-42b4-bfe8-d1bc5ce90dfc,2026-05-04 20:17:51,Jacob,36,FR,Для учебы,Elementary,30,0
06f8db3a-9a7b-4675-9157-ff8a64b79767,2026-04-15 03:45:51,William,52,IT,Для путешествий,Beginner,10,0
59b67109-e8d3-4288-bf65-21bc331fd16e,2026-04-08 20:53:51,Dean,45,DE,Для работы,Beginner,30,0
b5cee1c8-4fce-43d3-b7e2-6717eda4bb05,2026-03-30 09:38:51,Alyssa,18,FR,Для работы,Elementary,10,0
8c86cb3f-eb01-4afe-8aaf-18aaf18ac5e8,2026-03-11 17:55:51,John,17,US,Для путешествий,Beginner,90,0
29be7bc8-4b6d-41ec-b94b-2499e04a4bb8,2026-05-07 19:11:51,Tara,42,US,Для работы,Intermediate,15,0
d4c2a01c-61b3-4f6d-8af9-387c5a30e6a2,2026-04-26 04:11:51,Michael,23,RU,Хобби,Elementary,20,0
25fe51b8-6983-454c-bbcf-09c7851b2143,2026-05-26 01:48:51,Jennifer,51,US,Для путешествий,Elementary,60,0
32476840-86ff-4c94-ba71-80930306cea7,2026-05-29 09:58:51,Brent,35,ES,Для путешествий,Intermediate,10,0
6d15b955-7039-485e-acc0-b57220266a13,2026-03-08 23:14:51,Lisa,23,DE,Для работы,Elementary,20,0
6d1e7704-5825-4a5f-b8eb-984912feac86,2026-05-24 08:55:51,Ryan,49,ES,Для работы,Beginner,45,0
ba118f8c-dc01-4d35-bc4c-b82e18206b4e,2026-05-21 00:06:51,John,31,RU,Для учебы,Intermediate,60,0
b7b930e0-e135-4ecd-a2d3-8eaa651bc2f8,2026-03-18 06:50:51,Crystal,28,US,Хобби,Beginner,45,0
7dff415c-e03f-4989-8e73-f3778a31bd1f,2026-05-05 17:17:51,David,45,RU,Хобби,Beginner,120,0
2883de28-8f57-4adb-a19f-3d2dbd3e0ca7,2026-03-27 10:27:51,Becky,21,DE,Хобби,Advanced,15,1
6806c4f2-ade3-4815-b626-a029cb6bf326,2026-03-29 00:10:51,Edward,29,ES,Для путешествий,Intermediate,120,0
5fbe5c55-155d-4422-8127-f78390b7f332,2026-03-15 15:47:51,Kristy,26,FR,Для учебы,Elementary,30,0
3139870a-a069-46b2-9039-7c87c22c2d74,2026-03-19 06:12:51,Robert,20,US,Для учебы,Advanced,60,0
0fbdae8a-5696-41ee-9015-67b571aba8ab,2026-05-09 05:31:51,Brenda,55,RU,Для учебы,Advanced,30,0
94154ec1-525e-4668-aa45-59a5cc26c59a,2026-04-30 12:17:51,Joshua,42,DE,Хобби,Beginner,120,0
0af4e9dc-5d20-413b-82fb-7b43e2f99384,2026-04-18 08:26:51,Cristian,54,DE,Хобби,Elementary,20,0
da56dcf7-59d8-454d-80c0-a7efe24d1359,2026-04-23 10:05:51,Megan,23,DE,Для учебы,Elementary,5,0
0ac16817-d1bf-4816-aa05-3685cb244d1d,2026-04-16 19:26:51,Kevin,40,US,Хобби,Beginner,45,1
e5151ea4-d8a8-4323-8eb7-5179a92e295a,2026-04-29 08:45:51,Jeff,55,ES,Для путешествий,Advanced,30,0
a0bc1cfb-f0bb-4dd4-b7c7-a46367b399bd,2026-04-29 07:56:51,Amanda,35,BR,Для работы,Beginner,30,0
fe22a413-be80-4f6a-b4bd-ded162b9753a,2026-04-14 11:56:51,Diana,38,US,Для работы,Intermediate,90,1
61f72351-169f-4cb9-8332-7ec58ad57b59,2026-05-14 19:52:51,Joseph,38,RU,Для работы,Advanced,5,0
9b5035ba-4a74-4458-947b-1edabb0547e6,2026-03-10 05:35:51,Nathan,42,US,Хобби,Advanced,90,0
0ee21450-7c26-4b28-a5cf-20aca42b3165,2026-04-16 21:43:51,Ryan,47,DE,Хобби,Elementary,30,0
b90181be-8f5d-4df2-85a8-d815cfb3d16e,2026-03-25 16:09:51,Kimberly,42,FR,Хобби,Beginner,20,0
acbc01b9-f507-41c0-a05b-3e62b1c04817,2026-05-02 08:24:51,Robert,25,DE,Хобби,Intermediate,30,0
f5b55cb9-a76e-45ad-8908-f5a0ef8aea9a,2026-03-14 20:39:51,Brandi,47,FR,Для путешествий,Advanced,15,0
981b7e7e-485f-43b5-970b-1ee1cf25a573,2026-03-05 03:28:51,Susan,48,RU,Для учебы,Advanced,20,0
42ab62e8-c1b1-4c12-8562-6fb69bdd2f87,2026-03-21 14:09:51,Charles,40,IT,Для учебы,Beginner,30,0
42b6379f-17bd-484b-80c4-dd024eb1f210,2026-03-13 21:02:51,Christopher,55,RU,Для учебы,Intermediate,10,0
d6a05cde-ab0c-4f8a-a24c-5abf3fdbb04d,2026-05-11 14:45:51,Margaret,35,ES,Хобби,Intermediate,5,0
ff0ac857-5e27-4b5f-b3e6-5a2b5a5aad9f,2026-03-07 23:46:51,Amy,40,DE,Хобби,Advanced,15,0
a1aa02df-3ae3-4ff7-b36a-7bacd8ba3af9,2026-05-28 07:20:51,Travis,34,IT,Для путешествий,Beginner,30,0
c7c530be-0a81-42a3-82e5-d292f66b402e,2026-04-24 04:01:51,Cindy,44,RU,Для учебы,Beginner,20,0
b6796027-d9ed-44c6-9cb0-c7f3323307af,2026-05-23 02:47:51,David,35,IT,Хобби,Beginner,60,0
228d7a99-416b-4f42-9a8c-9490b1201760,2026-05-09 05:08:51,Stacy,51,DE,Для работы,Intermediate,10,0
93e6aa99-1537-4316-8f29-51115ad233fd,2026-05-28 11:24:51,Zachary,48,US,Для путешествий,Beginner,15,0
1361e45d-3ec7-473e-b611-07082c73937f,2026-05-13 04:29:51,Maureen,35,IT,Хобби,Elementary,20,0
0beaa72f-060a-4e08-b2de-6fceeb945b03,2026-03-18 08:30:51,Adrienne,24,IT,Для работы,Advanced,120,0
5f8f40d8-6a58-4fcf-9eb7-95ca7469b9be,2026-03-05 04:22:51,Rebecca,41,ES,Для учебы,Elementary,20,0
d58c2740-0c64-416d-a03c-7a5ac560bea0,2026-03-12 13:35:51,Christian,19,US,Для работы,Advanced,10,1
fd032d3a-d84d-4e88-9428-c05025c9a37f,2026-04-19 17:23:51,Kelli,27,ES,Для работы,Beginner,90,1
f3ebdc03-a55a-4de5-8446-7f9dddf4979d,2026-04-22 11:48:51,Billy,16,DE,Для путешествий,Beginner,60,0
1d3ffb5e-394b-4ca3-85bf-f3192ad5ba2a,2026-03-21 23:47:51,Derek,50,RU,Хобби,Beginner,90,1
326f13fe-962a-4e26-b0c5-1a59b7ad1084,2026-05-11 02:40:51,Heather,16,US,Для путешествий,Beginner,15,0
9cb620f9-4a60-49b6-b7d9-7f4bf89c527c,2026-03-11 02:52:51,Mitchell,29,DE,Хобби,Intermediate,45,0
1b8ec2bd-eed6-49c0-b09e-e41fc5175843,2026-04-15 16:55:51,Deborah,31,IT,Для работы,Elementary,20,0
363ff6e6-dd45-4fea-8732-a928e76e1b85,2026-03-22 14:40:51,Manuel,29,RU,Для работы,Elementary,20,0
8e24a723-ff83-422f-b5c8-0a489a50effb,2026-05-25 22:50:51,Mark,21,RU,Для путешествий,Advanced,10,0
bb26f305-7938-48bc-93cb-101714e2045a,2026-04-19 18:54:51,Megan,36,ES,Для путешествий,Intermediate,30,0
376fb434-d3cd-4961-86a0-eebd7ccfa827,2026-03-18 04:39:51,Ryan,55,FR,Хобби,Advanced,20,0
f5945d01-3aa4-4ce0-8c44-f92a317a9a94,2026-04-27 08:08:51,Cheyenne,45,DE,Для путешествий,Elementary,120,0
6eb8fbe1-e6b7-4a87-bc4d-636c817d6a8e,2026-04-04 01:04:51,Brian,26,US,Для работы,Beginner,90,0
3edc5a40-02fe-46c9-ab06-f655796a8b5d,2026-05-28 05:00:51,Nicole,31,RU,Хобби,Advanced,5,0
c0546192-2032-4850-981e-d9dee5a592ce,2026-04-19 23:11:51,Angelica,25,FR,Для учебы,Elementary,15,0
7dc56237-ae87-422b-af9f-1fb18049a625,2026-03-16 15:58:51,David,22,US,Для работы,Elementary,5,0
adf3aefb-17c9-4cbe-9e84-2ec4c2d10235,2026-04-17 08:18:51,Angelica,20,DE,Для учебы,Advanced,60,0
79274043-c0ad-4560-932f-bc43ba588a12,2026-03-07 09:36:51,Douglas,39,RU,Для работы,Intermediate,60,1
c715a8af-ea2e-4bb9-a6db-c8e1b9417cb6,2026-05-10 19:57:51,Dwayne,53,IT,Для учебы,Elementary,45,0
cc6be097-8104-4bdf-b438-e086254b5d17,2026-03-17 12:12:51,Justin,48,DE,Для работы,Intermediate,5,0
488de56c-1b59-4da3-b555-2ca58b74eb95,2026-03-15 21:53:51,Marcus,18,DE,Для учебы,Elementary,90,0
12e85f69-9992-410e-8e85-af9c2498e1c3,2026-04-13 01:48:51,Nicole,44,ES,Для путешествий,Intermediate,30,0
cfed9bbd-e45d-412c-8333-d4bdf6ea1d78,2026-05-04 17:45:51,Ian,26,IT,Хобби,Elementary,10,0
b9d60d33-aa27-47a3-bd94-f5dc28504f95,2026-05-16 00:53:51,Kenneth,23,ES,Хобби,Advanced,60,0
bee541bc-07d1-4ea5-9a5b-2093c2ed55e4,2026-03-30 00:23:51,Yvonne,23,FR,Для учебы,Beginner,5,0
44d7de31-46a6-4314-b874-cfae0a572a7d,2026-04-29 04:45:51,Alicia,26,BR,Хобби,Intermediate,45,0
193a5695-9a30-455d-a202-7278b0a45619,2026-04-30 23:25:51,Marie,54,ES,Для учебы,Beginner,5,0
25a09483-55d7-43e5-a272-0a8f0fc703a9,2026-03-09 00:06:51,Kim,43,IT,Для учебы,Elementary,120,0
b26b7e6b-af9d-4ab0-9546-6f20d5042740,2026-03-28 20:14:51,Timothy,33,RU,Для путешествий,Advanced,60,0
f85c827c-b015-42b4-95be-d830440f667c,2026-04-23 13:55:51,Sara,53,IT,Для путешествий,Intermediate,60,1
f36fbea0-edda-4682-995b-8345bf134506,2026-03-28 07:33:51,Brent,37,DE,Для путешествий,Elementary,5,0
5b768e5b-2d38-4e2d-a58d-04291ee6858a,2026-03-23 20:36:51,Deborah,30,ES,Для учебы,Beginner,120,0
1ecfc96b-f653-446a-bcac-29785a62e552,2026-03-16 06:03:51,Jeremy,48,ES,Для путешествий,Intermediate,45,0
9c9acb3d-918b-4ed9-9e24-bd6fbd6973ff,2026-04-27 19:13:51,Courtney,55,FR,Для учебы,Beginner,45,0
070b70f8-216f-406a-8626-53c2da878f8f,2026-03-29 08:48:51,Kristine,27,US,Для работы,Elementary,45,0
9981c558-8964-43b6-b865-033de12fdca1,2026-04-19 01:23:51,Dakota,31,US,Для путешествий,Elementary,45,0
cf4588ee-8ab0-4d94-8e10-f1bc6cf8ebb4,2026-05-20 02:07:51,John,46,US,Для учебы,Advanced,20,0
41241062-700e-473f-8d7d-61b6346279f9,2026-05-03 22:44:51,Mario,46,US,Для учебы,Intermediate,60,0
6534fe8b-10bd-495f-84a2-3a01ff3686d2,2026-05-11 14:58:51,Jennifer,48,IT,Для учебы,Elementary,60,0
e92c5b8e-bb11-4d50-95a0-e5dea10c85b4,2026-03-22 12:48:51,Nancy,28,IT,Хобби,Elementary,20,0
9baab7c2-652d-421f-88f3-98ae6f154d34,2026-03-23 07:56:51,Daniel,48,DE,Хобби,Intermediate,5,0
9bf9b20c-1eee-4a8c-aaf2-69a394466d22,2026-05-06 18:22:51,Denise,17,RU,Для работы,Beginner,20,0
15b7ab06-c3be-40be-b2fb-e832d86136f2,2026-04-05 04:22:51,Taylor,46,ES,Хобби,Beginner,10,0
e348ad8b-9497-42f5-99a2-44c4b6335ee9,2026-05-15 01:47:51,Jennifer,43,BR,Хобби,Intermediate,5,0
b2c6b580-acb7-4b27-a2df-33f684bb4018,2026-03-16 09:27:51,Sean,27,FR,Хобби,Beginner,30,0
59c7e4bf-9888-4541-8470-1f2af7a58376,2026-04-06 05:55:51,Nina,27,BR,Для работы,Advanced,5,1
148ea224-fc94-4505-a188-a507ed58e08a,2026-05-01 02:21:51,Robert,21,RU,Хобби,Advanced,120,0
41f9707a-0c78-4fdf-a2ed-0ce3f4b30cf7,2026-04-15 13:41:51,Sheila,55,US,Для работы,Beginner,60,0
faf1e887-32cb-4dce-b4f9-d997638d4e1b,2026-05-31 04:10:51,Christopher,22,FR,Хобби,Elementary,45,0
5cb49090-55c4-4144-a77d-5c57aa921e1e,2026-05-02 20:10:51,Lisa,21,DE,Для учебы,Elementary,60,0
e50c7595-7a95-4040-bc6a-9174dc9066b6,2026-04-05 11:48:51,Kathy,54,ES,Хобби,Beginner,30,0
89ff4c65-92d5-4135-92b3-fe6621d0c7a3,2026-05-11 00:54:51,Kimberly,32,RU,Хобби,Elementary,120,0
679c4dff-2381-4d76-a2d8-cf5b4ff12bd0,2026-05-14 00:05:51,Mary,21,DE,Для учебы,Advanced,120,0
e738780a-333e-4edf-9d6a-1f2f772e40d4,2026-03-09 23:34:51,Amy,19,ES,Хобби,Elementary,60,0
4ac31af6-a76a-4490-8f90-290a29a69600,2026-05-15 20:32:51,Anthony,26,IT,Для путешествий,Advanced,20,1
d569edc4-b34f-4e28-b27e-23e93a9c9eae,2026-05-22 17:01:51,Todd,20,ES,Хобби,Beginner,45,0
421597d6-7ebb-416f-8272-1c73942e4c65,2026-05-25 00:36:51,Ashley,55,ES,Хобби,Intermediate,60,0
666cc1f5-60f0-4ed6-b04b-1340d34650fd,2026-05-17 07:26:51,Jason,31,DE,Хобби,Elementary,5,0
1d7cdc78-fd29-4e32-9b32-d19ea63f9acf,2026-03-25 08:12:51,Brent,27,BR,Хобби,Beginner,10,0
d1a2b063-90cc-4047-b439-00a1505b24cc,2026-04-21 16:12:51,Daniel,34,US,Для путешествий,Intermediate,5,0
b897fe6b-e272-40b6-a493-fe3efa3d11df,2026-04-03 22:29:51,Gregory,38,ES,Для работы,Advanced,90,0
6474653c-0a7b-4bcd-bcda-05c73d944c63,2026-05-08 21:44:51,Omar,55,DE,Для путешествий,Elementary,45,0
f4a3bd61-de11-4d98-acab-6b15567ca808,2026-04-29 17:05:51,Joshua,54,US,Для работы,Elementary,5,0
0de311bd-9e5e-4898-9513-614adb10ccbb,2026-03-16 19:53:51,Matthew,29,IT,Для путешествий,Advanced,10,0
3ce9127f-e4ac-45c9-9d55-7b1424dd6a45,2026-04-20 23:38:51,Heather,45,BR,Хобби,Advanced,20,1
ddbe15de-5342-47b3-abe0-3a16cdcd6a55,2026-05-13 00:38:51,Judy,34,US,Хобби,Advanced,15,0
a008de55-d1b9-4599-a0c1-73d58934b471,2026-05-25 14:48:51,Jason,53,ES,Для путешествий,Advanced,20,0
2faf6ed3-6130-43e7-9dee-f76f111187fe,2026-05-08 02:16:51,Tammy,48,ES,Для работы,Elementary,30,0
d872ba0a-347a-4c66-a4b3-23a495afbdc1,2026-05-13 10:17:51,Jenna,23,ES,Для путешествий,Advanced,20,0
2682133b-e138-4d39-ad94-82e867b15f30,2026-05-25 04:54:51,Thomas,28,FR,Для учебы,Intermediate,60,0
312d3295-5611-422f-89a7-d2948bc560a9,2026-04-02 08:38:51,Emily,17,ES,Для учебы,Elementary,120,0
2a0a9a58-f076-44a4-a0e0-950bd8987250,2026-03-16 18:24:51,Kelly,46,US,Хобби,Elementary,45,1
497d3778-3469-4010-9ee9-0eb5c6cb2648,2026-04-05 19:04:51,Jacob,45,US,Для учебы,Intermediate,90,1
6fd83f11-57fb-4288-bb30-cab31a37b99c,2026-04-03 13:12:51,Michael,27,FR,Хобби,Intermediate,5,0
96d431ec-12d0-4544-b626-f9003981d0a8,2026-05-30 17:29:51,Peter,53,US,Для путешествий,Advanced,5,1
b32ec0c8-7aee-4005-83df-34b57f4f8bba,2026-04-15 09:18:51,Donald,38,FR,Для работы,Intermediate,90,0
778bc02e-6666-4b69-aab4-fa8a30685e46,2026-04-12 11:19:51,Tonya,55,BR,Для работы,Advanced,120,0
1b4f8fc5-30f4-4ad0-801b-c278b78acd67,2026-05-08 00:24:51,Michael,50,IT,Хобби,Intermediate,20,0
a9bcc0ab-7ac4-4e08-aac5-20a3e8e14657,2026-03-25 11:22:51,Cynthia,54,IT,Для учебы,Elementary,5,0
d38702c0-e11c-4063-ae16-d5d6d0d697df,2026-06-01 09:32:51,William,36,RU,Для путешествий,Advanced,45,0
8c00485a-db84-44b1-9136-55f4acc1fe09,2026-04-09 04:14:51,Tamara,39,BR,Для работы,Elementary,60,0
0ead680e-edc7-4bc2-869a-4f470ec1f2fb,2026-05-22 07:18:51,Wendy,51,ES,Для учебы,Advanced,15,0
a362eea8-3418-4ef7-9d8e-ce05cfcbf087,2026-03-20 02:05:51,Michael,47,DE,Для путешествий,Beginner,45,1
f732864c-e306-45a2-8a23-91feb45e8a19,2026-05-01 23:16:51,Brenda,46,BR,Для путешествий,Beginner,5,0
531d06f9-2ebd-4bcb-b27a-5e8f8b093b5b,2026-05-20 22:05:51,David,28,BR,Для учебы,Beginner,15,1
c2e74842-13fe-4b27-a117-5bedba35faa9,2026-04-11 13:33:51,Scott,26,RU,Хобби,Beginner,15,0
89585aa4-6ba4-49bc-a91c-7c1da4c3f543,2026-03-14 01:39:51,George,50,ES,Для работы,Beginner,120,0
c6c7ac0c-7dd6-4ad0-8227-8a5f3068abc0,2026-04-15 08:51:51,Janet,35,FR,Хобби,Advanced,10,0
a159cb84-1cce-460c-8ee5-82650bfae8f6,2026-03-09 03:49:51,Alfred,26,DE,Для работы,Beginner,60,1
aaece9c2-eff6-4bc4-ac8c-f286cf5b5060,2026-05-30 11:11:51,Lisa,17,RU,Для путешествий,Beginner,60,1
4574c608-3daf-4afd-8f15-a20921c24590,2026-04-30 06:02:51,Matthew,27,BR,Для работы,Elementary,20,0
13b278b3-ee26-412b-9d6f-85dcf17ce52e,2026-05-20 05:21:51,Kathleen,24,DE,Для учебы,Elementary,10,0
2626c697-5d4b-4380-8210-b0a9f946b793,2026-05-20 02:05:51,Nancy,39,FR,Для учебы,Elementary,45,0
29f516ae-3ce0-4be8-bdf1-680af1f0e698,2026-03-06 23:58:51,Erik,39,RU,Хобби,Advanced,120,0
fe3e09ca-02a4-4610-97aa-9aab1d713868,2026-03-24 00:58:51,Tina,38,FR,Хобби,Beginner,10,0
53dac5b0-6522-4a20-813e-f969a692daa5,2026-03-16 14:56:51,Michele,16,RU,Для путешествий,Advanced,5,0
98ab9b2b-fac2-4c23-bbee-ec6fda0295cc,2026-04-18 10:09:51,Alexis,32,FR,Хобби,Elementary,30,1
b45435cc-bb31-4030-bc9d-80e716a92479,2026-05-02 16:52:51,April,18,ES,Для учебы,Beginner,10,0
3269bdc6-1162-4bb9-bac8-124ce0bdb92d,2026-05-04 23:08:51,Colleen,40,FR,Для работы,Advanced,60,0
a025eec1-2876-42be-8ea1-69a1e60d4534,2026-04-09 18:55:51,John,51,FR,Для учебы,Intermediate,15,0
90db51aa-aaad-41c0-853f-281e987e18d0,2026-04-11 08:28:51,Valerie,16,US,Для учебы,Beginner,60,0
103a5feb-ff99-424a-91f0-9ec971f3dbff,2026-05-20 19:19:51,Gregory,55,RU,Для работы,Advanced,15,1
44cf5059-d021-41e0-b917-29b3adc60857,2026-03-10 05:02:51,Lisa,25,US,Для путешествий,Intermediate,60,0
d7b76571-b1de-4062-85f3-d6ca43065a6a,2026-03-19 02:39:51,Sean,41,RU,Для работы,Intermediate,90,0
9100f403-42aa-489d-8989-8ec8ec982c99,2026-05-26 14:17:51,Kathy,44,RU,Для учебы,Beginner,15,0
6a0f97fa-ce7e-4791-82e5-06fac257a934,2026-05-07 15:28:51,Charlene,54,IT,Для путешествий,Advanced,30,0
952469dd-a83b-42aa-8c01-2f21b53b6ad5,2026-05-22 18:55:51,Scott,19,IT,Для учебы,Beginner,20,0
fe32681d-40fe-4b25-990a-697a1d44ef09,2026-05-05 02:39:51,Angela,46,RU,Для путешествий,Intermediate,90,0
6ec62ca4-9d3f-456a-b41d-4694312e2ef1,2026-04-30 07:29:51,Carolyn,49,BR,Для путешествий,Elementary,5,0
444c5187-4467-4d93-a965-4afeff6bbbe5,2026-05-25 19:26:51,Timothy,53,IT,Для работы,Advanced,20,0
d280cce2-bf4f-4733-8f09-3a3aba743689,2026-04-02 21:22:51,Eric,28,RU,Хобби,Advanced,20,0
d971eabd-76e7-4b76-b31c-859484b46572,2026-04-09 04:31:51,Jennifer,41,DE,Для путешествий,Intermediate,5,0
7bb54636-4788-4009-bf42-24f59692d1ad,2026-05-20 04:44:51,Adam,46,RU,Хобби,Elementary,10,0
4445fc2c-cd6a-475a-b51b-9f3c7a488d3b,2026-04-21 23:49:51,Kathleen,53,DE,Хобби,Intermediate,60,0
fc594a96-2ddc-4517-8c7f-f2813a5e6993,2026-03-28 17:10:51,Matthew,31,ES,Хобби,Beginner,45,0
fc081e5c-1f63-4b36-988a-06030624f214,2026-04-10 14:24:51,Susan,18,ES,Для путешествий,Beginner,120,0
37f039e5-7ef6-40e6-be07-da0285a100ea,2026-03-22 06:09:51,Lisa,44,BR,Для путешествий,Advanced,5,0
60c08669-1128-47bb-86a3-f4c907755bd5,2026-04-13 15:38:51,Tyler,34,ES,Хобби,Beginner,20,0
5420f32c-57ce-4c23-90b0-9d084e199c78,2026-03-10 06:20:51,Daniel,30,ES,Для учебы,Elementary,20,1
cce1c74c-86c7-4758-9715-c3b540020b1f,2026-05-09 18:05:51,Heather,55,IT,Для путешествий,Beginner,30,1
096fb942-a0fe-449a-a6fb-8a5bd9326c6d,2026-05-22 19:27:51,Renee,49,ES,Для учебы,Beginner,10,0
3f6d0b12-32b3-4c60-b182-3dc5d95a7388,2026-03-22 03:21:51,Shannon,27,DE,Для учебы,Beginner,10,0
c3a057e3-8053-4a8e-ad5c-dc65073cf948,2026-05-27 13:02:51,Jill,55,DE,Для путешествий,Beginner,15,0
c40c8907-2638-468a-bcb5-781c0017e0ff,2026-04-26 06:35:51,Mark,29,BR,Для учебы,Beginner,60,0
ceba71cb-6bbf-4ed2-8d4f-c780e170d499,2026-04-30 06:25:51,Justin,33,BR,Хобби,Beginner,90,0
1e196b12-4c1c-40bb-af08-fa005d85a8fa,2026-04-10 03:57:51,Tara,33,RU,Для работы,Beginner,120,0
8eb53068-1c57-4d3a-8f2d-93529a485b9a,2026-03-15 10:42:51,Tina,41,DE,Для путешествий,Advanced,15,0
92f810c8-5f80-44d9-9375-2de623ddce37,2026-03-17 10:37:51,Jeffery,25,DE,Для путешествий,Beginner,20,0
1678d50b-a272-4556-ba99-eee350bdca16,2026-05-07 09:45:51,Caitlin,41,ES,Хобби,Intermediate,60,1
4c31ab55-4358-46b3-9b1f-bd14f05965f9,2026-03-21 00:03:51,Alan,43,RU,Для учебы,Beginner,20,0
c4c805ee-85e2-4e95-b93a-d6c51a019a2b,2026-03-08 02:57:51,Nicole,22,IT,Хобби,Beginner,15,0
b44ff4df-19d1-4c2a-8136-44239c556353,2026-05-19 03:10:51,Gregory,20,US,Для учебы,Intermediate,45,0
19bfa025-558e-48f3-9a5c-bfb4831e5538,2026-03-21 22:48:51,Jason,34,US,Для учебы,Beginner,5,0
baf4bf73-ce5c-42de-a376-3ddccea9d0f5,2026-04-28 23:24:51,John,20,US,Для учебы,Beginner,20,0
d41061f3-28da-4a3f-b10e-3d0430006094,2026-05-08 04:31:51,Amy,17,DE,Для учебы,Elementary,30,0
2bde0838-0139-4b93-be98-71462a443e88,2026-05-21 00:26:51,Timothy,17,FR,Для работы,Beginner,45,0
4df0b83e-96fc-41ef-abdf-a5fdc4433e56,2026-05-11 18:35:51,Tiffany,22,BR,Для учебы,Beginner,30,0
4a4e5431-8333-454c-877a-54cb2cebe8ef,2026-04-09 08:21:51,Dwayne,21,US,Для работы,Beginner,15,0
c00f9899-e32a-48f5-8276-9b808fe22ea4,2026-03-09 22:06:51,Mia,45,RU,Для работы,Elementary,10,0
ea88cb2b-0202-4619-825d-5a6540551a4c,2026-04-19 23:07:51,Hannah,50,DE,Для работы,Intermediate,90,0
7aaea9dd-3192-48ba-88f0-dfa4fe45a05c,2026-03-29 12:31:51,Samantha,50,IT,Для учебы,Beginner,5,0
de34798c-010a-4dd8-a155-35f05466dee0,2026-04-14 07:30:51,Joseph,52,ES,Для учебы,Intermediate,60,1
f2f955ab-4577-4917-b15b-36844c5d0741,2026-05-08 05:37:51,Samuel,55,DE,Для учебы,Advanced,120,0
7d736b55-de09-4876-84aa-9656b808140d,2026-05-10 08:18:51,Eric,35,RU,Для учебы,Elementary,10,0
561d6101-8293-4508-9c59-302d3e325f62,2026-04-03 14:03:51,Janice,53,RU,Для путешествий,Advanced,90,0
53f633a7-f9b9-4831-b00e-5454aaf04410,2026-04-16 22:01:51,Emily,50,IT,Для путешествий,Beginner,120,0
f0de297a-7d3e-46f5-9cbf-407cbf4b5d93,2026-05-29 15:13:51,Eugene,46,DE,Хобби,Beginner,90,0
0aaef0d8-764f-424f-9ef9-0213fb8d8983,2026-03-29 07:04:51,Katherine,19,ES,Для учебы,Intermediate,15,0
7ea03aa8-5453-4e58-8f31-72928d751ea0,2026-05-10 00:37:51,Tiffany,46,IT,Хобби,Advanced,60,0
0abef9d3-9010-4bf5-9a26-43f9ee03f3b3,2026-05-27 11:22:51,Rachel,17,IT,Для учебы,Beginner,30,0
4e1cafaf-2dc0-491b-97e7-569ad5e862f8,2026-04-28 09:46:51,Philip,30,BR,Для путешествий,Elementary,45,0
9b495843-570b-4cdb-984e-eb990221972e,2026-03-29 20:58:51,Frank,34,US,Хобби,Advanced,120,0
b3bf6c24-ef5a-4276-a470-fd01a2270e2e,2026-03-11 04:31:51,Emily,46,ES,Для путешествий,Elementary,90,0
304b9305-ddce-4ea2-8cc5-bac2c3ead7df,2026-05-12 13:14:51,Gregory,42,FR,Для учебы,Elementary,10,0
ce8e4699-930f-465c-a5f5-918bdb75b0aa,2026-04-13 10:12:51,John,21,DE,Для путешествий,Advanced,90,0
a8ac2731-ff69-47ce-ab31-380daf9348cf,2026-03-05 05:43:51,Paula,47,RU,Для путешествий,Beginner,60,0
c7bd5898-914e-49e9-b469-5d1af14a1942,2026-03-13 02:14:51,Juan,49,RU,Хобби,Intermediate,30,0
e05cfcc9-5961-4c90-9a89-267a9b160249,2026-05-06 18:25:51,William,51,ES,Для путешествий,Beginner,20,0
bcfb7456-79ff-40cc-8b0d-0a5112391d4f,2026-03-24 05:35:51,Alexandria,35,FR,Для учебы,Beginner,60,0
13f8d039-14f3-4dff-9816-209520f24a53,2026-03-09 18:49:51,Victoria,17,BR,Для работы,Intermediate,10,0
78801dc0-41c8-4412-96b8-1cf129d4147e,2026-04-13 02:07:51,Regina,18,FR,Для работы,Intermediate,15,1
ee80454b-7cb3-4c78-9df6-6239fb683686,2026-05-06 13:27:51,Carlos,46,RU,Для работы,Intermediate,120,0
0b6c7148-b2b7-4b11-b8d7-751755f54d7d,2026-05-05 08:28:51,Luis,53,DE,Для работы,Elementary,15,0
5295c6d0-e3a5-4528-80f8-971fb3a782aa,2026-04-16 01:34:51,Tyler,50,DE,Для учебы,Beginner,45,0
d9f537c8-b8c1-4e3a-80d5-1ae795724ef2,2026-05-17 03:29:51,James,37,DE,Для работы,Advanced,5,0
3432acf0-a744-4c0d-9223-7d754f595323,2026-03-28 12:46:51,Michael,20,IT,Для путешествий,Elementary,90,0
93fd233b-c071-4a3c-b603-8d9681328f3b,2026-03-17 04:24:51,Christopher,50,RU,Для работы,Elementary,10,0
f2990dec-186b-4c3e-9ec6-2a559b396f69,2026-05-31 07:20:51,Carla,35,US,Для учебы,Advanced,10,0
2a906b63-57fb-4be9-8051-2aa6c94fbb4b,2026-06-02 04:43:51,John,20,RU,Для путешествий,Intermediate,20,0
3a858dce-3d97-459f-b402-dabf2e2d77ac,2026-05-06 01:44:51,Kelsey,37,ES,Хобби,Beginner,45,0
331441f4-8380-4767-aec6-a4f907524a34,2026-04-08 10:51:51,Robin,28,FR,Для путешествий,Intermediate,90,1
d1ef90f7-3ced-441c-a039-51c918ecb9cc,2026-05-17 15:32:51,Joseph,31,DE,Для путешествий,Elementary,90,0
28929719-522e-4f29-9c06-4a4beb449efe,2026-04-26 19:14:51,Jonathan,43,FR,Для работы,Beginner,60,0
7c29deec-18ee-4e37-ac8e-7c40dbf756fe,2026-03-06 13:30:51,Alyssa,33,FR,Для работы,Intermediate,5,0
af1fe2dc-4cf3-49e0-8699-43617c11d05d,2026-04-01 16:16:51,Jared,20,DE,Для путешествий,Beginner,45,0
c83da3a9-1279-457e-bc9a-904f41f3c645,2026-04-28 06:41:51,Sherri,50,DE,Для учебы,Elementary,120,1
dd89fd8c-b890-4515-9f66-bbfba9f865d3,2026-05-05 20:16:51,Natalie,17,FR,Для работы,Beginner,10,1
bfbdb7ac-f1ad-4717-8faa-bc18cb276375,2026-04-06 14:15:51,Paul,45,IT,Для учебы,Beginner,90,1
c77de6c1-0d05-4247-8e06-fe08a3b2a86b,2026-05-05 17:24:51,Latoya,38,ES,Для учебы,Elementary,120,0
015d4c4b-8116-4728-8ece-05e6f049c33e,2026-03-11 15:03:51,Danielle,38,RU,Для работы,Beginner,120,0
5e7c3e45-b2e7-4643-8336-bb79ff4ac05d,2026-04-29 23:41:51,Lynn,36,BR,Для работы,Intermediate,90,0
9e09d850-2ae8-4640-91df-6a02d715fe53,2026-04-20 07:50:51,Ariel,20,IT,Хобби,Elementary,10,0
1df1253d-146b-4de1-953d-ca7215e35b6c,2026-03-28 10:25:51,Corey,28,ES,Для учебы,Advanced,120,0
cb23759e-cc93-48ee-bec2-84e26eeede98,2026-05-08 11:31:51,Kenneth,37,DE,Для путешествий,Advanced,5,0
94444e61-00a7-4b76-8b61-52a729720366,2026-05-27 17:49:51,Jose,42,DE,Для учебы,Elementary,45,1
8e6b398f-0e91-4d1b-b3ee-286e20c11dfe,2026-05-27 08:57:51,James,39,DE,Для путешествий,Advanced,5,0
6ff992b7-3fd9-4e44-9631-5fb717cd97d6,2026-04-30 20:45:51,Thomas,31,RU,Для работы,Intermediate,60,1
551b2736-7155-44fb-b3ea-af9440439e16,2026-03-21 21:19:51,Jeremy,25,RU,Для учебы,Elementary,45,0
76427e12-1e1e-4fd9-b6ab-d4217f91f2ac,2026-04-14 23:18:51,Denise,32,IT,Для учебы,Advanced,20,0
7919189f-b28f-45d0-8b6a-7da03afbe706,2026-04-21 05:43:51,Renee,37,DE,Для работы,Beginner,45,0
510b0cfa-1cf8-4ee5-bfcb-7892328e9407,2026-05-25 08:20:51,Joseph,52,IT,Для работы,Elementary,10,0
c12b6ae7-581e-45c9-97e3-715127a654d2,2026-04-24 21:13:51,Sarah,32,ES,Для учебы,Elementary,5,0
1073a979-5554-44e9-a039-cc82e27caaa9,2026-04-03 11:34:51,Cory,25,ES,Для работы,Advanced,90,0
8e323e42-7b77-4ca5-8e97-aa48f0ae7aab,2026-03-07 14:22:51,Valerie,30,RU,Для путешествий,Beginner,5,0
7e8fe66a-f419-4c63-95a8-080195834fb6,2026-03-26 07:28:51,Jeremy,19,ES,Для работы,Elementary,45,0
b776dcf2-193f-4fc6-aff9-4800292fc6b2,2026-05-25 02:25:51,Justin,52,BR,Для путешествий,Beginner,120,0
f5d8207f-6beb-42f7-91d3-724528c788c3,2026-03-28 17:46:51,Anne,31,RU,Для путешествий,Beginner,30,0
83b5cf3f-9812-4527-ae1e-5b91bc069a5f,2026-03-10 03:25:51,Lauren,20,FR,Хобби,Elementary,60,1
eac78385-ec62-4501-ab24-d1b76ecc4159,2026-05-07 04:02:51,Monica,19,BR,Хобби,Advanced,30,0
9477eac4-74b0-45b7-9226-0013d7f3fd1d,2026-04-13 14:58:51,Stephanie,38,US,Для путешествий,Elementary,90,0
40085c29-0cb8-46e3-8ffd-79298718f7bd,2026-04-01 01:07:51,Nicole,38,US,Для работы,Advanced,60,0
770f0097-9dfe-4250-8c22-f22979dc02ed,2026-06-01 06:26:51,Sean,49,DE,Для работы,Intermediate,120,0
a44cbde7-97e4-492f-a2c5-5a76407afda7,2026-03-11 12:55:51,Paul,46,DE,Для учебы,Beginner,60,0
55f2033d-8531-42a0-a8a8-ffd7bf224a45,2026-04-23 00:09:51,Amy,42,DE,Для учебы,Intermediate,30,0
ecae34a1-65d9-4b0d-bdc4-e91fa53dc94f,2026-04-18 14:37:51,Katie,26,BR,Для работы,Intermediate,15,0
9d357e6e-0a22-4c60-964b-09a4f69240e6,2026-05-07 11:57:51,Breanna,23,US,Для путешествий,Intermediate,90,0
a2517873-b9b2-4230-918b-fee93fa13ae0,2026-03-27 21:45:51,Erin,52,RU,Для работы,Beginner,10,0
927faddb-e09f-424c-aee5-b27dbdb971f1,2026-05-13 21:50:51,Kevin,48,DE,Хобби,Elementary,10,0
94df2345-7028-4c47-99e5-8f77d5e8fdaf,2026-03-29 10:23:51,Barry,17,ES,Хобби,Advanced,5,0
1691479e-aefb-4549-937d-5b604ab3b130,2026-03-07 20:33:51,Patricia,33,RU,Для работы,Beginner,120,1
9f078587-2037-43a0-8bcb-da8c4fb2ce76,2026-05-27 15:59:51,Christian,42,FR,Для учебы,Advanced,30,0
829f87f5-9d4c-4268-8e3a-99c9a6f679de,2026-04-14 21:41:51,Corey,36,US,Для работы,Elementary,60,0
25a7a8b1-5290-4f7c-b241-561a3ea0eb26,2026-05-28 14:55:51,Lauren,23,RU,Хобби,Elementary,20,1
64347953-6b29-4462-ba50-297d1a7d97f1,2026-05-16 02:43:51,John,50,FR,Для путешествий,Advanced,60,0
feebade4-428d-41be-b83c-9c166e0735e9,2026-03-09 05:21:51,John,26,BR,Для путешествий,Beginner,90,0
3171b604-ff67-450c-890e-148c5b067664,2026-03-14 09:45:51,Amber,24,US,Для работы,Advanced,120,0
38746c06-ebf1-43d7-8a57-b3ee6e3b9c37,2026-03-21 16:15:51,Andrew,20,IT,Для путешествий,Intermediate,30,0
c2f30ce3-9de1-44f5-bd26-b8a23bcd8759,2026-04-18 23:44:51,Austin,49,FR,Для учебы,Intermediate,15,1
56d67972-df23-41bb-90af-8c7992da7bb2,2026-03-07 12:24:51,Chris,29,IT,Для путешествий,Advanced,20,1
0b6a014b-9311-4f9c-95ce-2c6e2d3181f4,2026-05-06 12:59:51,Lisa,37,ES,Для работы,Intermediate,120,0
1a2200a2-1db4-4b27-b7a4-a232bfb38628,2026-05-23 18:10:51,Tiffany,41,ES,Для учебы,Advanced,30,0
1e8795eb-bb2c-43d0-bbe8-a4810e1d2609,2026-04-10 18:33:51,Christine,55,DE,Для учебы,Intermediate,90,0
96892466-c11c-4b0e-bb45-9cb338d73414,2026-03-11 23:21:51,Barry,25,US,Для работы,Intermediate,15,1
b26da79e-2c89-44d5-b0fc-06a855398024,2026-05-27 18:44:51,Emily,42,US,Для работы,Elementary,90,0
6a300144-b4f2-4769-a293-8136f944c6e1,2026-04-28 01:58:51,Samantha,30,RU,Хобби,Elementary,30,0
61a292fc-d916-4150-b2ba-214b79c54fc2,2026-03-17 14:40:51,Michael,45,DE,Для работы,Beginner,30,0
6d775f74-5a9a-4384-b8d6-9dc6b53076f3,2026-04-06 15:11:51,Jennifer,26,FR,Для учебы,Intermediate,45,1
326e28c5-fd37-40bb-b697-ad3b696f9835,2026-06-01 18:07:51,Desiree,54,FR,Хобби,Elementary,15,0
21b0bde3-3d4d-4f0a-bcd6-d273c75e33a6,2026-05-26 22:00:51,Catherine,16,RU,Для путешествий,Elementary,30,0
5cc468f6-6714-4a63-b848-cbe10b896221,2026-03-06 07:01:51,Alicia,39,DE,Для работы,Beginner,10,1
30515de0-f28a-43de-9d0b-017f61d55360,2026-05-07 06:09:51,Bruce,36,RU,Хобби,Beginner,15,0
b653ff0c-0e0e-44cc-95a5-1438a236cb71,2026-05-30 12:56:51,Kenneth,23,DE,Для путешествий,Elementary,45,0
051d10eb-2e99-434b-91b3-e67e68b1002f,2026-04-30 03:30:51,Linda,29,FR,Для учебы,Intermediate,5,0
f245f693-ef8a-4a01-8ca2-4de509539722,2026-04-05 10:41:51,Stephanie,54,IT,Для работы,Intermediate,5,0
3d364048-2041-4fca-84fd-4684b717d5d2,2026-05-12 15:55:51,Joshua,32,US,Для учебы,Intermediate,90,0
507585d2-38f8-46a4-833d-5ee4be496275,2026-05-26 16:31:51,Michele,21,BR,Для путешествий,Intermediate,15,0
3d7b9c48-6af5-491b-a53f-f02795fc7cd4,2026-03-23 23:24:51,Phillip,53,RU,Для путешествий,Elementary,90,0
d16855dd-3985-44cb-b71d-4f301083f9f1,2026-04-02 02:34:51,Gary,42,US,Для работы,Elementary,30,0
8a4f9f2a-0164-4e5e-ae51-4b63100ca632,2026-05-29 07:56:51,Marcus,33,US,Для работы,Beginner,20,0
61bada33-7b6a-47db-8cc5-c65663f8a9f0,2026-04-12 14:29:51,Joshua,35,DE,Для путешествий,Beginner,60,0
45078643-1e4b-4173-a05f-473908df870c,2026-04-06 02:35:51,Trevor,51,RU,Для путешествий,Advanced,120,0
207b3022-4313-45f6-80e7-234c89e861f2,2026-03-29 03:28:51,Daniel,24,FR,Для учебы,Elementary,10,0
dd077443-fbfe-44ce-be59-77e7502d4cb0,2026-06-02 07:02:51,Cynthia,45,IT,Для путешествий,Advanced,5,0
a3057ec5-1194-448e-a499-69d9290d2f08,2026-03-12 13:27:51,Daniel,38,US,Для работы,Intermediate,60,0
eaea9028-b94b-4ba3-b07c-da679eedde26,2026-03-12 22:54:51,Carolyn,35,RU,Для работы,Elementary,120,0
13a6f18f-9815-4dda-b2cc-b260d7bd1fb4,2026-04-01 16:48:51,Lauren,18,US,Для работы,Elementary,120,0
929b0167-192e-43ac-96f8-25266336b464,2026-04-11 02:49:51,Megan,54,ES,Для путешествий,Intermediate,15,1
99dad0f6-5c94-433a-8b9d-10a86b272294,2026-04-18 05:03:51,Alicia,31,ES,Для путешествий,Advanced,5,0
bb429d24-6819-4570-886f-1a434ba20c5c,2026-03-11 20:08:51,April,54,IT,Для путешествий,Advanced,5,0
ca12bdd7-5489-45f5-ac1a-e8e9f570ee8c,2026-04-27 09:57:51,Mark,16,RU,Хобби,Intermediate,120,0
50389836-a0ab-4bad-8348-77c4e13bde78,2026-03-15 07:17:51,Katherine,44,RU,Для учебы,Intermediate,60,0
251ed298-b9fc-4792-8ed8-ac7b0725c230,2026-04-27 21:02:51,Jeffrey,52,DE,Для учебы,Elementary,60,0
65c9a55a-6091-4069-b820-9224a9e31ffb,2026-03-30 11:12:51,Tammy,20,FR,Для учебы,Advanced,45,0
6d653036-498f-4069-a067-bc49cc058ee9,2026-05-08 11:31:51,Katrina,29,FR,Для путешествий,Intermediate,20,1
af23b6c2-3fac-4dce-ada6-4788ba500613,2026-03-18 06:42:51,Erin,21,RU,Для учебы,Advanced,90,0
67005f4f-707a-48b5-b599-a086fee82675,2026-05-10 18:12:51,Michael,17,DE,Для работы,Advanced,45,0
7654444b-3b10-4219-8f15-8cad256b41b8,2026-05-10 05:10:51,Victoria,32,DE,Для путешествий,Beginner,90,0
377b29d2-b88b-4467-bde8-4237da63691d,2026-05-20 00:44:51,Ryan,35,DE,Хобби,Advanced,120,1
185474c3-bd3a-4718-b0fb-998f803891d4,2026-03-16 14:24:51,Christina,47,US,Для учебы,Advanced,120,0
52b30519-e969-429e-803b-ed7190f692ff,2026-04-19 02:36:51,Michele,26,DE,Для путешествий,Advanced,30,0
8caeafa9-e3b5-4c32-8674-d0a22f72330f,2026-05-18 15:28:51,Russell,49,IT,Для путешествий,Elementary,15,0
802e4d89-aa0a-4f9c-ba9f-cd891179c496,2026-04-03 18:47:51,Aimee,38,BR,Для учебы,Intermediate,45,0
6315f583-e46b-45ed-8751-d5c542c9a754,2026-05-08 09:26:51,Rebecca,55,US,Для путешествий,Beginner,5,0
b89e1ee0-53cd-43c7-b16d-52d3b9f4dcd0,2026-03-06 04:33:51,Matthew,44,FR,Для работы,Intermediate,60,0
ad20dea3-1256-41c3-8967-4796b455b09e,2026-04-21 11:27:51,Jessica,25,DE,Для работы,Advanced,30,0
96137b4e-5c23-4714-9390-c51d2307dcce,2026-03-26 10:27:51,Benjamin,40,IT,Для работы,Elementary,10,0
b88bcde2-b283-4f9c-ab2d-39ca83a217de,2026-04-30 17:23:51,John,42,RU,Для работы,Beginner,45,0
d2ffb8ef-ecb5-4b03-929a-05f223dd1002,2026-05-10 17:23:51,Melissa,44,RU,Для работы,Beginner,30,0
32f5324c-6c88-4731-97b8-28133e1c35d3,2026-05-25 14:07:51,Melissa,55,ES,Для работы,Elementary,10,0
9351023b-d8c4-42a5-93ef-1f79ba6aa4b9,2026-05-28 15:54:51,Audrey,28,FR,Для путешествий,Advanced,120,0
6a272bc9-edcb-40e5-98dc-5a5592db7e5a,2026-03-13 23:29:51,Shannon,30,FR,Для путешествий,Intermediate,5,0
71af3f7e-b42c-4345-a2e4-e82b51bdd259,2026-03-27 23:28:51,Danielle,39,US,Для учебы,Elementary,5,0
5c2a638e-5e0d-4009-833f-1ed9bc538746,2026-03-30 17:03:51,Stephanie,34,FR,Для учебы,Intermediate,15,0
2b39e336-c8d5-4759-91ee-cc523839cc66,2026-05-15 21:35:51,Nicole,35,FR,Для работы,Elementary,45,0
d284dfa2-1814-4fbe-bb68-0f6eb790f6ea,2026-03-17 17:33:51,Lisa,26,ES,Для учебы,Intermediate,90,0
81a2a7fd-862a-4f04-beed-ce6060606e0a,2026-03-21 03:18:51,Samantha,21,DE,Для учебы,Advanced,45,0
be57cd80-0638-4eb1-be32-2e7b08048c47,2026-03-16 13:24:51,Natasha,52,IT,Для работы,Intermediate,90,0
18b80e68-8a0c-4737-8afc-4015d2d1f4f1,2026-05-05 13:28:51,Walter,40,IT,Хобби,Beginner,15,0
54bc9ab5-821f-4f4a-84a1-cbdddaa9ab1f,2026-05-28 07:50:51,Gerald,47,FR,Для учебы,Beginner,30,0
b4a70371-1dc2-4eaa-8271-838ab657ab54,2026-03-17 03:47:51,Albert,54,BR,Для учебы,Beginner,120,0
f696201e-afc8-4004-9cd5-c6369dfed6c3,2026-05-28 02:58:51,Heidi,27,FR,Для работы,Advanced,90,0
bb7794cd-23b8-4250-b4c2-8335bb4c4add,2026-05-24 19:14:51,Mary,19,BR,Для путешествий,Beginner,20,0
292be377-0df8-4174-a4cb-d74bad80b458,2026-05-16 12:12:51,Jennifer,36,US,Для путешествий,Intermediate,60,0
e71ef8f7-5462-416f-9ed2-1a47e3ca8329,2026-04-23 08:09:51,Rodney,41,BR,Для учебы,Beginner,5,0
befb3eb3-4217-41e4-afb0-9f6baaf589de,2026-05-03 08:11:51,Shannon,19,ES,Для путешествий,Elementary,120,1
94f5403a-a5de-4d32-8fe5-845b6147c3d9,2026-05-23 09:03:51,Willie,42,FR,Для путешествий,Intermediate,10,0
76590eab-1ae6-4fbe-8dab-6d013aa4468b,2026-03-17 02:19:51,Mary,29,ES,Для путешествий,Intermediate,20,1
6ccc054c-96a9-4326-985b-dfe11a5970e0,2026-04-28 04:30:51,Michael,45,RU,Хобби,Beginner,90,0
93105d71-cb3a-47ec-9a94-cb39d0e07af2,2026-04-20 08:33:51,James,33,BR,Хобби,Beginner,30,1
827d20a7-a54c-4de4-955d-f09602e4865e,2026-04-27 11:05:51,Michael,51,RU,Для работы,Intermediate,120,0
9d44c950-7b34-47c8-a6cd-1110bff1b9c9,2026-03-21 08:47:51,Brian,18,BR,Для учебы,Beginner,45,1
ecad6b44-bedd-4b53-a3c4-74ca061d94a8,2026-03-10 01:29:51,Justin,20,IT,Для путешествий,Beginner,30,1
0ee8d27a-e2fc-414a-b5f0-94b1b1c5cc86,2026-03-17 21:50:51,Sarah,48,DE,Для работы,Intermediate,120,0
ce6c278b-9f37-43de-920d-8d52ab7eb6ae,2026-04-27 06:42:51,Melissa,17,ES,Для работы,Beginner,120,0
0904f831-6916-44e1-a1dd-ed1ca4ff061f,2026-05-11 09:07:51,Gary,19,ES,Для работы,Intermediate,120,0
ebea9e3b-1211-4d0f-ad0e-07acfab5f334,2026-04-27 06:34:51,Brian,28,IT,Для путешествий,Advanced,15,0
35f59cfe-cbee-4751-9a99-9b5c71429dbb,2026-05-07 05:16:51,Pamela,40,ES,Хобби,Elementary,5,0
6d225488-da76-45a1-825b-e6849615400a,2026-03-07 21:33:51,Kristen,45,DE,Для учебы,Beginner,60,0
40749b18-6263-4530-b53e-deaa0dad1c28,2026-04-08 15:57:51,Adam,47,BR,Хобби,Intermediate,45,0
dd11946e-01b0-4f00-b4f0-f24961104563,2026-05-12 19:01:51,Sean,24,IT,Для работы,Beginner,60,0
fcca4f9e-0435-47c9-8fd0-22db2eb42b3b,2026-05-22 21:40:51,Anna,29,DE,Для учебы,Elementary,10,0
877123de-49a6-4751-9219-3012bf9cb6ee,2026-03-18 23:07:51,Ricardo,35,DE,Хобби,Intermediate,60,0
51027c40-e964-4563-8c07-ec9f4e3c024f,2026-03-10 13:14:51,Deborah,19,US,Для учебы,Elementary,10,1
c6c369ca-fd2b-42d1-84e9-88326a14dec1,2026-05-10 23:42:51,Wendy,47,FR,Для работы,Beginner,5,0
3292a3e9-c516-466d-997f-d66c2ab3d004,2026-03-13 05:17:51,Daniel,38,FR,Для путешествий,Intermediate,5,0
03443f40-9c18-4a47-a680-b63d87de85bd,2026-04-12 11:48:51,Sara,24,IT,Для путешествий,Intermediate,45,0
d6a6d044-fd97-4236-b5ad-005e836a4c78,2026-03-23 12:01:51,Scott,36,ES,Для путешествий,Intermediate,15,1
6bf6ba01-af26-482d-b84c-a563bd55f682,2026-05-29 06:37:51,Marcus,44,ES,Для путешествий,Beginner,60,0
8bfccc2b-096f-41f7-a2b7-35b0b2e52e22,2026-03-09 06:23:51,Anna,33,US,Для учебы,Elementary,15,1
5e1c5c43-ac4e-4898-9c7d-be1c8eaa6b89,2026-04-29 23:13:51,Susan,43,DE,Для путешествий,Elementary,120,0
b7532583-b88f-4be0-a205-032e4d236895,2026-05-16 10:32:51,Kelly,26,IT,Для работы,Elementary,10,0
7570f71c-60b2-48dd-a386-c71014cc30a0,2026-05-02 06:00:51,Peter,27,DE,Для учебы,Advanced,30,1
061f21a7-0859-4e4e-8e29-2e305f8f09cb,2026-04-01 02:52:51,Norman,49,US,Для учебы,Elementary,120,0
d23813bb-49fd-415f-aba1-814fbaa28bcf,2026-04-07 16:05:51,Kelli,23,DE,Для путешествий,Beginner,90,0
90427db6-4119-420f-9fec-22905f3ee9d8,2026-04-23 21:25:51,Monica,52,RU,Для учебы,Beginner,5,0
7747e93f-8679-4a8e-bc88-f3efb7cb0466,2026-05-12 04:32:51,Chad,40,DE,Хобби,Advanced,10,0
afa5f5a5-d5d5-42b5-aede-6eadb69ca0a5,2026-04-09 11:13:51,Ryan,55,DE,Для путешествий,Elementary,90,0
92a7abab-3362-40f0-bb71-181131d62f65,2026-03-15 08:40:51,Jennifer,38,BR,Для работы,Elementary,90,0
2d46c0bf-b4ab-47e7-aae7-d6f428ef7cf2,2026-05-28 10:16:51,Sheryl,33,US,Для учебы,Intermediate,5,0
e2b0bcd3-2a3f-42df-a393-751f6197c053,2026-04-19 12:27:51,Danielle,28,US,Хобби,Intermediate,20,0
36365bc6-fdb1-4533-9e89-54b43e8d3e86,2026-04-09 06:58:51,Rhonda,25,US,Для работы,Beginner,120,1
791e58d1-131d-4fec-8b8e-3517d3eac5b7,2026-05-24 14:14:51,Brittany,52,ES,Хобби,Advanced,90,0
2cd184c3-fdb1-44a1-932c-a08eb4ec8c00,2026-03-16 07:49:51,Mckenzie,35,RU,Хобби,Elementary,90,0
39114c8d-84b3-4cc4-b1d9-8f762f243712,2026-04-04 01:40:51,Michael,45,BR,Для работы,Beginner,5,0
6118d3a3-7aaa-42a1-9809-7da43a110b5b,2026-04-30 12:28:51,Juan,38,ES,Для путешествий,Intermediate,90,0
330ed418-07d8-4b9e-bd22-9a4ddaf5e5a5,2026-05-12 00:57:51,Sheila,45,FR,Для учебы,Intermediate,10,0
fd7b0f2b-c8f7-4897-b2b5-a8813630d1b7,2026-04-20 05:40:51,Harold,53,BR,Хобби,Elementary,60,0
1d25fac2-09ce-4cc5-9857-3e45378f5406,2026-04-04 17:41:51,Daniel,31,BR,Для работы,Advanced,45,0
0c926a29-877e-4bc5-90b4-efe6d75900a1,2026-03-07 05:12:51,Bradley,37,BR,Для учебы,Elementary,45,0
47630441-0755-4709-8e31-e1fa0c3de663,2026-04-18 04:05:51,Shawn,30,FR,Для путешествий,Intermediate,90,0
dd2e5954-b17e-4d10-afe3-96af97ba42a3,2026-03-24 13:02:51,Edward,43,ES,Хобби,Beginner,90,0
00d82981-609b-448b-aa26-1195a972bba6,2026-03-28 08:57:51,Kayla,38,RU,Для учебы,Beginner,45,0
2a7ed7db-922f-416e-b08c-7e5561535dcc,2026-05-18 05:29:51,Darren,24,FR,Для путешествий,Intermediate,90,0
fff65854-dafa-4b00-909b-6f592538c4f8,2026-05-07 07:31:51,Richard,34,BR,Для учебы,Advanced,45,0
435020a0-8231-4215-a685-5be5a548119e,2026-05-21 15:21:51,Angela,41,DE,Для работы,Elementary,10,0
05dca240-25d9-45a5-96f0-1b105ac9d5bf,2026-05-09 09:05:51,Amber,40,ES,Для работы,Intermediate,120,0
35d90139-7d27-49a3-90fe-21072ba19c44,2026-05-03 00:29:51,Anthony,37,FR,Для путешествий,Elementary,20,0
68069fdc-5710-46cb-ab2c-37eef8fadcde,2026-04-26 16:12:51,Richard,49,IT,Хобби,Advanced,15,0
844ad32a-1c55-4d27-954f-a1a07f0f4664,2026-03-21 06:10:51,Travis,26,IT,Для путешествий,Intermediate,90,0
6d31f13a-8581-4374-9c98-59eecbc3dab8,2026-05-10 22:40:51,David,30,BR,Для работы,Intermediate,20,0
dd173fd9-94b3-4bf0-9fb2-26f827c3024a,2026-03-18 23:12:51,Andrew,22,FR,Для работы,Advanced,30,0
00fadeae-5fb3-49e5-b62d-6cff5751b153,2026-03-20 11:01:51,Peter,28,BR,Для путешествий,Advanced,20,1
2aa710c1-2033-453d-b703-d81833e8b106,2026-05-26 03:31:51,David,33,US,Для работы,Intermediate,15,0
77a0f74b-8114-4cf6-b60d-2b73742b1617,2026-03-14 07:32:51,Mary,55,IT,Хобби,Beginner,90,0
9903e5b2-839e-403e-a8fd-1a3acffcb37f,2026-04-07 12:35:51,Carolyn,55,DE,Хобби,Advanced,60,0
7f1ad3ce-f325-478c-ac28-d2943c1b50ae,2026-05-26 00:06:51,Frank,52,IT,Хобби,Elementary,90,0
81e384ec-363f-4af5-bf1f-67dbc86875ee,2026-03-09 10:41:51,Kathleen,24,US,Для путешествий,Advanced,10,0
0f872d49-befd-4542-9e56-e4fafa3b9a0b,2026-03-31 00:47:51,Stephanie,41,BR,Для путешествий,Intermediate,15,1
7cdbcaba-ba5a-4c88-8639-02b063674bd4,2026-05-05 05:02:51,Raymond,28,DE,Для путешествий,Advanced,10,0
f4f78ee5-6570-4946-9633-058c4637a769,2026-05-20 08:24:51,Frank,48,IT,Для учебы,Elementary,45,0
6f3ab438-a9d7-4972-802e-5eda61913dfe,2026-04-19 22:21:51,Elizabeth,37,IT,Для учебы,Elementary,120,0
cecc0850-cc86-4ddd-a2b9-3453c2831311,2026-04-12 16:24:51,Denise,38,RU,Для учебы,Intermediate,30,0
c8a45dc5-16b9-4b00-ac23-abe342ce12cd,2026-04-08 12:25:51,Colton,22,BR,Для работы,Beginner,45,0
f37b9d4d-7f6d-471a-856e-a21886752863,2026-05-29 19:45:51,Chase,53,US,Хобби,Beginner,15,0
d0be6506-e17f-4ab5-81e2-063a4bd08375,2026-05-09 06:09:51,Patricia,24,IT,Для путешествий,Beginner,45,0
7c46380e-22ac-4da8-88f3-ec48c7d89fce,2026-05-15 22:20:51,Andrew,34,FR,Для путешествий,Beginner,60,0
0e071d8f-29e4-44f4-89c3-089840b070d9,2026-03-16 09:54:51,Aaron,44,IT,Для учебы,Advanced,120,0
1d1cc38c-c3bd-4cfe-9f08-2304b86c7c4d,2026-05-04 09:43:51,Cheryl,55,RU,Для учебы,Advanced,10,0
df11044e-5766-4a38-aca3-ece2b0fbcb77,2026-05-20 05:08:51,Zachary,49,DE,Для учебы,Advanced,30,0
a31ebb99-8301-48e9-803b-f9aab3b20dcb,2026-04-28 00:03:51,Cheryl,47,RU,Для путешествий,Elementary,10,0
f19107e0-624a-4283-bbd3-af1c17f8c948,2026-04-12 13:41:51,Joseph,48,IT,Для работы,Advanced,15,0
e4746016-cb90-4dd2-b6b9-460cf0873dfa,2026-03-31 03:07:51,Ronald,48,FR,Для учебы,Intermediate,20,0
2d3940cf-1bc9-4301-9b65-c7ae3be80acf,2026-03-06 08:58:51,Joanne,19,US,Для путешествий,Intermediate,60,0
9b18d98c-9cd6-4084-959d-f9482e16e0f2,2026-05-17 05:32:51,Stephen,30,RU,Для путешествий,Advanced,60,0
b10694b3-5457-45a3-843f-fa5dad86f8ba,2026-04-29 00:10:51,Marilyn,17,ES,Хобби,Intermediate,15,0
09443452-0e9d-47ad-bd1e-efd149753b34,2026-04-01 01:30:51,Alicia,38,FR,Хобби,Advanced,30,0
24c02ff0-c71d-413d-bb40-559d9c28bfbe,2026-03-31 06:50:51,Connor,33,FR,Хобби,Intermediate,45,0
e27b3709-e497-4b13-b1b4-75f4f6d628fb,2026-03-26 15:09:51,Brendan,23,DE,Для работы,Intermediate,5,0
40d2f117-2f97-4f22-8aa2-9fc577f0e156,2026-04-10 13:18:51,Maria,44,ES,Для учебы,Intermediate,120,0
9519b1db-ce89-4c41-bc13-f0675a157fc2,2026-05-02 09:34:51,Joseph,21,ES,Для учебы,Intermediate,45,0
1cda78b6-ca40-4bf7-8912-7740ba4e7d8d,2026-04-26 06:10:51,Susan,41,RU,Для работы,Intermediate,30,0
86f672e2-3ead-4f18-adcd-902448e0ac10,2026-04-20 03:11:51,Matthew,20,ES,Для путешествий,Advanced,20,0
f3c04f89-7bd3-438b-920a-a6720ffe7416,2026-05-13 19:09:51,Ricky,25,IT,Для путешествий,Intermediate,10,0
da4b67db-8f63-4e62-ba27-0c55026f0138,2026-05-22 21:55:51,Jenna,45,BR,Для путешествий,Intermediate,10,0
f1826421-b32e-4f49-8731-30f1f7cd97ee,2026-05-29 10:57:51,Edward,45,DE,Для работы,Advanced,45,1
343d6c4f-c3db-4d0f-a062-65ffca0a0929,2026-04-22 04:56:51,Jorge,38,FR,Для учебы,Beginner,30,0
38175fb9-60f0-4808-91e3-892fd64be9fa,2026-03-30 02:05:51,Rebecca,46,DE,Для работы,Elementary,30,0
436b6836-4cfa-4ac2-a513-e5ca07ced7e9,2026-04-15 04:05:51,Tony,32,DE,Для путешествий,Beginner,30,0
5fbcc56e-7e0b-4431-b8a2-26d9ddbbd92d,2026-03-17 22:07:51,Anthony,39,DE,Для работы,Advanced,45,0
bf80d26c-f3fc-4138-a2dd-3bb453c1757f,2026-05-13 07:15:51,Christina,45,FR,Для путешествий,Beginner,45,0
46af4e64-cab3-465f-acbf-891e744c1e9a,2026-05-24 14:56:51,Jared,18,ES,Для работы,Advanced,120,0
5a47717a-49b6-44ec-9634-04213c2b8005,2026-03-21 23:28:51,Charles,45,ES,Для учебы,Elementary,10,0
535b5b6b-05fd-4acd-b6d3-be9a1747790b,2026-05-05 21:17:51,Earl,37,US,Для учебы,Elementary,20,0
41ab1efa-7eb3-4b56-84a6-e5fb284f4974,2026-05-24 12:58:51,Anita,49,FR,Для путешествий,Advanced,45,0
fae93304-4507-4852-9f84-bea89f049426,2026-04-14 06:02:51,Aimee,39,FR,Для учебы,Intermediate,15,0
df159e6b-16a6-45b3-ab93-7d0af817c965,2026-04-08 10:40:51,Sean,47,RU,Для путешествий,Intermediate,30,0
8feec7b9-4ee7-4037-9089-db882f32d242,2026-05-11 08:16:51,Melanie,54,FR,Для учебы,Advanced,30,0
3f84c9f9-1859-4e5c-a028-38bda896e450,2026-04-21 00:16:51,Tiffany,28,BR,Для путешествий,Intermediate,90,0
6eea8ab7-5f47-40a3-8ad2-f67d0ba2821a,2026-03-21 12:21:51,Jason,23,FR,Для учебы,Advanced,5,0
c90807a7-71c6-4f33-ba09-c5bb1344c090,2026-03-16 15:31:51,Wesley,28,IT,Для учебы,Advanced,90,0
d73ead34-f01d-485c-a467-3a0a3f7aa8e5,2026-06-01 13:11:51,Robert,50,IT,Для работы,Advanced,90,1
54be7fb9-9025-46c4-88fa-23f59b19cfaa,2026-03-31 03:03:51,John,44,US,Для путешествий,Advanced,90,0
ecaf72f5-db9c-4e3a-998e-e8212783e02e,2026-05-17 11:36:51,Ashley,35,ES,Для путешествий,Elementary,5,0
36caa1c0-df6c-403e-92d8-2828afca5c71,2026-04-10 11:31:51,Jessica,46,BR,Для учебы,Beginner,90,0
882589fc-667c-4589-97f1-97315180c996,2026-04-14 15:47:51,Jeffrey,29,ES,Для учебы,Intermediate,5,0
7c9bd1af-ce4c-4bba-b74e-79976e43af2a,2026-04-30 11:11:51,Zachary,51,RU,Для путешествий,Elementary,15,0
291ac956-080c-4bb0-aaca-c5c7e3797932,2026-05-23 12:53:51,Miguel,37,BR,Для учебы,Intermediate,10,0
c0aa8e5f-8f83-4d4e-9b85-af9850466f8f,2026-04-01 01:15:51,Lisa,16,RU,Для работы,Elementary,90,0
cf9f8f36-4fd6-433e-81e0-226ac3344bf1,2026-05-08 07:09:51,Heather,24,DE,Для путешествий,Beginner,15,0
69fb3552-cda9-4783-86df-a9005dd4da8d,2026-04-10 13:54:51,Daniel,20,BR,Для работы,Advanced,15,0
1272322a-3ecf-4525-b793-c35d72d325a5,2026-03-20 07:11:51,Sheri,40,FR,Для учебы,Elementary,5,0
a243151b-9124-4f24-afc3-b9af3ebb91be,2026-05-17 01:39:51,Joseph,16,IT,Для путешествий,Elementary,60,0
75228ffc-1a8a-4d0c-a728-f6c605c483f9,2026-05-28 18:13:51,Jacqueline,34,ES,Для учебы,Intermediate,90,0
d42d16db-b200-4c5a-8f0a-b5f531a32cfc,2026-03-12 01:50:51,Melinda,48,US,Для путешествий,Advanced,90,1
d338f211-63e9-4e8d-8974-cca22d9e10b7,2026-05-06 06:13:51,Cory,16,IT,Для учебы,Intermediate,5,0
a5feb2cf-74ee-45f6-b454-123247fa9d17,2026-05-06 09:38:51,Thomas,46,DE,Для работы,Elementary,10,1
be9e4be3-d2ab-409b-a794-1f08098df633,2026-04-23 10:46:51,Donald,46,BR,Для путешествий,Elementary,5,1
82732d27-4c28-42fd-ba5a-ebd76f1cc14c,2026-05-06 02:17:51,James,31,ES,Для путешествий,Elementary,45,0
ee9857a4-7dea-43a2-98ff-547d800d7ebd,2026-05-27 07:33:51,Jo,39,IT,Хобби,Beginner,120,0
b5d72923-017a-444a-8d23-a101b912802b,2026-03-28 18:31:51,Anna,26,FR,Хобби,Intermediate,90,0
536f9d71-6215-4b2d-a1f1-c6675b9714d0,2026-04-12 04:02:51,Linda,23,FR,Хобби,Advanced,30,0
2061b31a-56cb-4d7c-8efb-d72ef4d52783,2026-05-03 12:31:51,Charles,49,IT,Для путешествий,Intermediate,5,0
fca40ad0-76a3-460f-a795-403e3057cb4e,2026-03-17 03:59:51,Anthony,25,ES,Для учебы,Beginner,10,0
7d96f774-0d4e-43f7-8d9d-cae87bfff8bf,2026-04-27 15:08:51,Jesse,55,RU,Хобби,Elementary,15,0
26f03d33-3e0b-404f-abee-5c7796190e37,2026-05-22 02:21:51,Denise,28,RU,Хобби,Elementary,90,0
ce57bd32-23f9-447d-a99b-d9233c750aed,2026-04-14 18:21:51,Donna,32,ES,Для учебы,Beginner,10,0
e33ea48e-773e-4795-895a-7b2e9f5db9dc,2026-04-07 23:41:51,James,32,US,Хобби,Elementary,60,0
40220eb0-a3b4-4996-9dee-466d94c4a630,2026-03-18 03:59:51,David,23,US,Для путешествий,Elementary,20,0
f7c86626-dfc0-4734-b932-dcca295614a3,2026-04-12 07:31:51,Ryan,38,DE,Для учебы,Elementary,90,0
d1af64fb-6237-4cad-8003-136686121118,2026-04-22 13:29:51,Dawn,40,FR,Хобби,Elementary,5,0
35af0c17-315e-44ae-a521-c6dd34bd7dfe,2026-04-26 22:27:51,Alicia,23,FR,Для работы,Intermediate,10,0
c01d5e6e-7eb7-478e-a47f-81dfba381a55,2026-05-17 17:16:51,Jodi,42,IT,Для путешествий,Elementary,30,0
6e61e4ef-f0e3-4b22-ae2c-609516fb7675,2026-05-14 22:35:51,Joseph,34,IT,Для работы,Advanced,15,0
786a8101-6945-40fa-9a9a-433fbb2ab521,2026-05-28 23:39:51,Mary,28,DE,Для учебы,Advanced,5,0
97d9a736-fb36-41e2-8e37-1ea30f491457,2026-03-16 02:49:51,Carl,43,US,Хобби,Beginner,15,0
e75d8af4-a76f-4248-ae8e-ffa0eb43b81d,2026-03-08 12:27:51,Jennifer,22,RU,Для учебы,Intermediate,45,1
b32c7004-c841-49e0-ac9e-e9b9a7367310,2026-05-26 13:35:51,Patricia,49,ES,Хобби,Intermediate,60,0
a4f796be-b962-49bc-9b76-0a754ae0fff3,2026-03-30 00:11:51,Douglas,29,IT,Для работы,Intermediate,45,0
800bcf30-c912-4566-8842-288d8cf8a1be,2026-04-11 07:17:51,Krista,17,US,Для учебы,Beginner,5,0
b0d8921e-66d9-4655-a9df-c5de3ef59fb9,2026-05-03 07:19:51,Daniel,45,US,Хобби,Beginner,60,0
774899fe-8f16-4c48-ab6b-c96221753c0c,2026-03-15 04:59:51,Jean,23,DE,Для учебы,Beginner,10,0
40c3614c-1617-4c8a-b372-fe9ec5b60e32,2026-04-24 07:11:51,William,52,ES,Для учебы,Elementary,60,0
61eab495-5721-46a6-866f-51407afeac27,2026-05-07 21:42:51,Austin,54,IT,Хобби,Beginner,30,0
df6f23be-8cf8-49c1-90de-1db714598fb2,2026-04-04 17:58:51,Hannah,41,ES,Хобби,Advanced,15,0
a4ffe6b1-1bae-4307-ada5-acd7dae160da,2026-05-11 05:33:51,Douglas,26,FR,Хобби,Beginner,60,0
e3afcb12-41a2-47f7-9a46-2abcfb91af49,2026-03-09 21:37:51,Steven,42,BR,Для путешествий,Intermediate,5,0
a3a013ee-cac4-40a1-ad1a-f45a140a514f,2026-03-28 01:04:51,Molly,25,US,Для путешествий,Intermediate,10,0
1b745b83-dea6-4248-8583-7044b9d05dfb,2026-05-16 08:22:51,Lisa,50,US,Хобби,Beginner,15,1
a76f255d-566a-40fc-8e6a-1ed389fecefd,2026-03-23 17:12:51,Andrew,23,ES,Для работы,Beginner,15,0
a516b077-390a-4650-bd32-bcdd27a2dabe,2026-03-17 22:38:51,April,27,US,Для работы,Beginner,90,0
affb888b-bf21-4846-947c-1847dd020026,2026-04-21 14:46:51,David,42,FR,Для путешествий,Elementary,30,0
1f9a6658-c024-450f-a57e-2d987729fd9c,2026-05-16 22:59:51,Anthony,23,FR,Для учебы,Elementary,120,0
93c9427c-3305-436e-8bf6-833cfd69912a,2026-03-17 14:12:51,Marcus,48,DE,Для учебы,Beginner,60,0
c31070a8-c0c9-4090-8390-b28839af78b3,2026-03-21 09:19:51,Craig,24,RU,Хобби,Advanced,45,0
a0fc2575-17c8-419f-a1b7-39f82b300a32,2026-03-05 12:49:51,Brandon,51,IT,Для работы,Intermediate,60,0
d3140151-b4bf-43c0-9937-dcd76192ec4d,2026-03-18 19:05:51,Keith,24,US,Для учебы,Intermediate,30,0
aac9160e-8789-41f9-ad4c-d79da2db29e4,2026-03-23 09:56:51,Stacey,23,IT,Для путешествий,Elementary,15,0
61f04ece-49da-4bd0-9486-b87ad36f8224,2026-05-02 05:50:51,Jessica,39,RU,Хобби,Intermediate,20,0
e5d71917-88b3-4384-bf2f-db46e626d6ea,2026-03-08 08:21:51,Trevor,48,RU,Хобби,Elementary,15,0
c4669375-1c9a-4594-86b2-a58571e6195a,2026-05-15 17:35:51,Jennifer,33,ES,Для работы,Intermediate,20,0
ae4f04eb-0f44-4db9-b23c-089577deeaf0,2026-03-21 02:51:51,Andrew,36,IT,Хобби,Beginner,30,0
527b1a8b-a2ef-4809-8354-c2f58c8e9170,2026-05-12 04:33:51,Shawn,35,BR,Для учебы,Advanced,120,1
e57c1f46-e0b5-4c2a-981a-f514617fff1a,2026-04-19 18:27:51,Bethany,20,ES,Для учебы,Elementary,120,0
bbd01e32-0fd8-46e8-84f3-f36821b025a5,2026-05-15 07:30:51,David,55,IT,Для путешествий,Intermediate,20,0
eef67d1c-fb8a-471a-bdb0-e3b5ff58036f,2026-03-07 04:33:51,Casey,30,RU,Для учебы,Advanced,30,0
34136a05-ce33-42e2-8eb2-222ab3749ed9,2026-05-19 14:46:51,Kathryn,40,ES,Для работы,Beginner,5,0
134120b6-6509-4c6b-bf8f-ff47e642ffcd,2026-03-15 03:01:51,Stephanie,16,IT,Для работы,Beginner,45,1
db947955-d1da-4274-82c5-ab6c57b0860b,2026-04-20 10:26:51,Alicia,31,ES,Для путешествий,Elementary,10,0
75efe4a1-c5d4-462b-8f60-554169fcdfe4,2026-05-06 08:16:51,William,24,DE,Для учебы,Elementary,15,0
5663bd39-ec9c-4a18-91ee-a5f63f702619,2026-03-19 06:33:51,Shelly,23,IT,Для работы,Intermediate,90,0
150c837f-9b97-4b45-8d3a-91cfa8a7538c,2026-05-30 18:21:51,Karen,49,DE,Для учебы,Beginner,120,0
92b004cb-f935-45d0-8584-bf25401b43bd,2026-03-25 22:00:51,Heather,44,IT,Хобби,Intermediate,10,0
d756e825-8776-4994-af91-2a7c824d694c,2026-03-22 22:19:51,Debbie,28,RU,Хобби,Advanced,10,0
275c7763-542e-4ae4-9485-f547adde7535,2026-05-11 18:50:51,Brenda,19,IT,Для работы,Elementary,10,0
76189caf-0cab-4693-bdb0-4317272ae590,2026-05-18 14:05:51,Michele,40,ES,Для учебы,Beginner,60,0
2c9171ef-c792-49f5-a5de-3fc69dd14a6e,2026-06-01 21:03:51,Caleb,19,ES,Для работы,Intermediate,20,0
d4a499a7-62d9-444b-a88d-18ac20b43d8b,2026-05-11 14:07:51,Ricardo,42,RU,Хобби,Beginner,15,1
b7e5ac84-4741-49fa-b164-4ac553507761,2026-05-27 03:27:51,Christopher,42,US,Для работы,Intermediate,10,0
28d1f7b5-4c05-4a15-94e6-5b93c93aed81,2026-03-05 12:29:51,Jimmy,16,RU,Хобби,Beginner,5,0
8dcc4aee-ed97-4a0a-a730-2de787303696,2026-04-04 00:28:51,Shari,34,DE,Для работы,Beginner,45,0
7f2bac67-0ec1-4f3e-9906-20acf8526ca6,2026-05-21 01:57:51,Monica,48,IT,Для учебы,Beginner,15,0
7827ceca-2053-4a04-be92-520a14285a0f,2026-03-07 02:24:51,Brian,29,US,Для учебы,Elementary,5,0
3e7061fa-3c64-442c-96ef-fac446a20e15,2026-04-13 10:39:51,Jennifer,25,US,Хобби,Beginner,45,0
db2f23fc-6ef6-4a3e-8571-8936d82bbc43,2026-04-23 23:08:51,Andrew,44,DE,Хобби,Advanced,20,0
44af95c1-9ebd-431b-af0d-c32d2a1ea856,2026-04-21 20:27:51,William,30,ES,Для работы,Elementary,45,1
f6f7a398-3817-4734-82e7-eef0d3051e11,2026-03-20 16:34:51,Melissa,55,IT,Хобби,Advanced,120,0
67596436-b214-4b8f-acd3-16360b37dcd2,2026-05-08 11:16:51,Jasmine,44,FR,Для путешествий,Beginner,15,0
b902e604-6d9f-4e2a-9d31-6a0e2eba15bd,2026-04-03 14:50:51,Carolyn,23,RU,Хобби,Advanced,5,0
86ee6335-32cc-42df-8c6f-46e5ecd34c3b,2026-03-26 05:29:51,Cynthia,35,RU,Хобби,Advanced,10,1
1efe13c4-9983-4f1f-9a89-5697bf98657a,2026-04-01 16:24:51,Deborah,42,BR,Для учебы,Intermediate,90,0
fd7c6785-6d4d-46ae-893c-9991d96a05dd,2026-05-24 22:40:51,Bernard,50,BR,Для путешествий,Elementary,30,0
50a36c7b-04d0-49fc-981c-684a429c9422,2026-03-05 11:24:51,Joseph,36,RU,Для учебы,Elementary,5,1
594e0323-0efb-48f3-9f10-7394578478f5,2026-04-03 11:48:51,Micheal,35,BR,Для работы,Elementary,20,0
43a513a4-a422-4d2c-8605-6a6ae2b5388d,2026-05-04 00:12:51,Nathan,52,US,Для учебы,Intermediate,20,0
9bba8465-c270-44b1-bbc2-762441ac2a3c,2026-03-05 18:47:51,Joshua,44,DE,Для путешествий,Intermediate,30,0
9921ebe2-8d68-47ec-85b8-f4cfc012688a,2026-04-01 08:28:51,Megan,39,RU,Для путешествий,Beginner,10,0
a429dd11-3580-489f-ab94-d4cfb018c391,2026-05-17 04:21:51,April,54,DE,Для работы,Elementary,90,0
883a9de8-f4da-46ce-9eb8-47eaf99e07bf,2026-04-23 18:15:51,Wanda,47,FR,Для работы,Advanced,45,0
34c896f2-2f47-4f0b-8272-1e8d2fdcd2b1,2026-03-12 13:43:51,Robert,23,US,Для работы,Advanced,20,0
b21c723e-9073-4e24-aeb8-954b2a3c0fe3,2026-04-10 12:42:51,Sarah,21,DE,Для путешествий,Intermediate,20,0
92442675-bcc4-4cb8-9c1d-4c4506712dc7,2026-05-04 07:38:51,Traci,24,FR,Для работы,Elementary,45,0
4f45ba22-ae91-4783-8fd8-ae1a3fc2b66e,2026-04-19 08:17:51,Nicole,22,IT,Для работы,Advanced,30,0
b4aea3b6-c528-453c-8ba9-b31ed46003be,2026-04-07 19:30:51,Patricia,31,RU,Для путешествий,Advanced,60,0
f18500dd-5c40-40bf-96a8-5a2f0b659afa,2026-04-14 23:16:51,Ariel,46,RU,Хобби,Beginner,90,1
807a2210-2df5-42b4-a363-295577da9be1,2026-04-22 21:34:51,Jeremy,27,IT,Для работы,Intermediate,60,0
efc33a72-1947-44da-9f4b-138b852c67b6,2026-05-09 17:44:51,Dillon,51,IT,Для учебы,Advanced,20,0
fc47189a-f957-46ef-809d-3d9f84957259,2026-04-04 02:43:51,Heather,55,DE,Для путешествий,Beginner,20,1
2adcb160-a0ac-4105-980c-3b339a0166d2,2026-04-01 15:41:51,Michelle,22,BR,Для путешествий,Elementary,5,0
30cc303f-e377-4060-9a45-63c2fc7e5d64,2026-03-27 06:56:51,Randall,26,BR,Для путешествий,Beginner,20,1
a46ed6c0-3509-4476-a350-772ea2cede29,2026-05-20 15:13:51,Wesley,29,DE,Для учебы,Elementary,30,0
aef32fff-a32a-4075-a3a8-c8e44d020352,2026-03-09 15:33:51,Shannon,47,ES,Для учебы,Intermediate,90,0
4395521e-f1ae-4e36-ab0a-b1bc9f84e2bf,2026-04-05 23:13:51,Lorraine,26,US,Хобби,Beginner,30,0
8cc10141-1dc4-486f-9015-447da665115f,2026-05-20 20:58:51,Matthew,41,BR,Для путешествий,Advanced,20,1
083efa74-e84b-431d-97f1-ca936edeccd4,2026-03-24 12:27:51,Jared,27,BR,Для работы,Advanced,20,0
0e53832a-b7c0-425c-9964-b90a158ff8d3,2026-04-04 11:05:51,Emily,23,DE,Для путешествий,Intermediate,20,1
987fe54e-a83d-495e-ba4d-ff7e9fea73d9,2026-05-31 01:25:51,Brandon,17,US,Хобби,Advanced,20,1
255e2f93-e012-4643-8c5d-55fc0003532b,2026-04-14 17:29:51,Zachary,53,US,Хобби,Beginner,120,0
f43b0c2e-3115-45f8-b9a9-ebb8c680cf5e,2026-05-30 18:09:51,Shane,46,DE,Для учебы,Elementary,120,0
9f4bcc30-0604-4d0b-83a5-63293c5ddbe6,2026-04-09 12:29:51,Thomas,53,BR,Для работы,Beginner,90,0
d6453298-08f2-4a6e-b13c-7e0388a774da,2026-04-13 11:46:51,Patricia,38,US,Для работы,Elementary,60,0
6b68b1f2-d7ff-4cf6-8e14-8e39b3c82e45,2026-03-22 20:54:51,Zachary,54,RU,Для учебы,Beginner,5,0
a841a19f-5cdd-4a69-8c5a-034d0ad142e2,2026-03-24 18:21:51,Christine,20,FR,Для работы,Elementary,60,0
859b9796-9f97-4fe6-b9d5-d0c787ca7ed6,2026-05-19 21:51:51,Jennifer,29,DE,Хобби,Intermediate,5,1
acb084aa-3477-4aa7-87fd-db04b1520acb,2026-03-19 14:47:51,Randy,33,US,Для путешествий,Intermediate,20,0
687bf492-cb75-4fdc-a201-ab186a7fbba7,2026-04-01 20:37:51,Frank,37,BR,Хобби,Elementary,30,0
c967e65c-c3e6-4e19-919f-c8b00720f82a,2026-05-21 05:10:51,Mark,27,US,Для работы,Intermediate,60,0
ace4acdf-2842-42f5-a61f-b85527e0a4ea,2026-03-28 18:00:51,Julia,47,BR,Для учебы,Beginner,60,0
76a76cd2-8ad5-4c51-bdd2-98f695c64027,2026-04-02 07:44:51,Mary,34,BR,Для работы,Advanced,45,0
8f370f14-56e3-4bc2-907e-569efbace2d8,2026-05-30 23:41:51,Peter,39,US,Для учебы,Beginner,60,0
654127f8-3dbd-46c3-9248-e249b2882136,2026-03-17 18:24:51,Ashley,38,BR,Для работы,Elementary,90,0
48e70ed9-20c5-447b-a9a2-c470c76e9886,2026-04-10 03:27:51,Connie,46,US,Для путешествий,Beginner,45,0
ac88da50-6f8b-402f-b5fb-3294fd03cb1b,2026-03-30 21:18:51,Natalie,45,RU,Для учебы,Intermediate,120,1
526144d2-8ad8-431e-beba-ff688f926ad5,2026-05-09 09:08:51,Evan,22,BR,Для работы,Elementary,90,0
8bbb18b1-e40f-403c-9c3a-8d086f6b935c,2026-04-19 17:36:51,Jessica,26,DE,Хобби,Intermediate,120,0
ddbdd879-dc72-4625-a2be-df6f1d691821,2026-03-16 05:01:51,Nathan,25,RU,Для работы,Advanced,5,0
f0cac9f7-ba5c-42fa-9eee-ad7137692af9,2026-04-20 18:33:51,Kristen,33,DE,Хобби,Beginner,30,0
6967742b-c9d0-4638-b1aa-28044ac1fbb4,2026-04-09 21:23:51,Curtis,38,RU,Хобби,Advanced,120,0
bb981c3a-5a18-49ea-b3e9-8f13b6003c05,2026-04-02 13:10:51,Russell,46,RU,Для учебы,Advanced,60,0
f0036ec8-5a86-4b24-9838-8f436849832b,2026-04-11 14:43:51,Sean,38,IT,Для учебы,Advanced,15,0
adb99bf5-8845-4d20-a2c9-4476bcdb86be,2026-03-25 17:21:51,Michael,45,DE,Для путешествий,Beginner,5,0
ca0dc163-ddf0-48c5-80a0-b77cca58122e,2026-05-23 05:49:51,Stephen,45,DE,Для путешествий,Beginner,20,0
42c9aef2-70a4-409a-91e1-1fc42687bbc1,2026-04-09 17:23:51,Tyler,38,BR,Для путешествий,Beginner,5,0
c75d96b2-40bd-4798-8dea-d31bf9c7d5be,2026-04-28 15:38:51,Kevin,27,IT,Хобби,Advanced,15,0
0972652f-47b5-4574-aa87-8434194dd6e2,2026-03-06 22:07:51,Kimberly,27,RU,Для работы,Elementary,90,0
2c084d3f-0694-47e0-887b-1117a32890db,2026-03-25 06:43:51,Shawn,33,BR,Для учебы,Intermediate,20,0
8c254e37-0304-4b7d-9f53-bab395a2bd77,2026-03-19 03:39:51,Stephen,16,ES,Для учебы,Advanced,30,0
6081fba7-6a74-4d81-91ed-e338e82f7ed3,2026-03-05 08:03:51,Francisco,37,ES,Для учебы,Beginner,10,1
1192d365-a235-4866-ac7a-c580ea83c05f,2026-05-04 22:42:51,Rebecca,19,ES,Для работы,Beginner,90,1
b574238c-f812-45a3-9bed-b0a3f672d5b5,2026-05-09 21:37:51,Kathy,29,FR,Хобби,Beginner,30,0
600e1a64-beb4-4254-ba8d-888c2c2d442c,2026-03-12 01:16:51,Kelsey,54,ES,Для путешествий,Beginner,10,0
91e135c2-89ed-40f8-8095-47d44f6f7193,2026-03-05 06:36:51,Kelsey,47,BR,Для путешествий,Beginner,30,1
cdd3a5c7-7a57-4ee8-92e8-1b783e08e389,2026-05-01 17:38:51,Rebecca,22,IT,Хобби,Beginner,5,0
04194c3c-ce7a-47b4-84e3-2861d6328578,2026-05-23 10:11:51,George,34,RU,Для работы,Advanced,5,0
e77d9a5b-2005-43cd-bd1d-0b08e024cff6,2026-04-11 22:55:51,Kayla,38,RU,Для путешествий,Elementary,45,0
5f0f27f0-b61d-4148-87c5-2db79e3e39c3,2026-05-03 17:43:51,Douglas,46,US,Для работы,Beginner,45,0
091ca1a0-c634-4fce-84d9-3e05c37104ab,2026-03-12 09:30:51,Douglas,20,IT,Для работы,Beginner,45,1
523345ae-7365-4eb9-b065-f28bf9639e64,2026-03-23 22:01:51,Hayley,30,FR,Для учебы,Intermediate,30,0
c58b79fe-521d-4de4-a72e-c1313c383629,2026-05-25 00:04:51,Martin,37,FR,Для учебы,Intermediate,90,0
ed564d14-df82-434f-ad8d-1ef85211de57,2026-03-27 01:42:51,Kirsten,41,ES,Хобби,Elementary,90,0
edcd1817-f474-44fd-91ba-5e80557e1838,2026-03-16 11:22:51,Scott,50,RU,Хобби,Elementary,20,0
ce4886a1-0e44-49f7-b30a-492d1ce2a9b7,2026-05-31 19:10:51,James,29,DE,Для учебы,Beginner,15,1
b8d44937-73d4-4052-bb3f-345197cde4e8,2026-04-04 21:47:51,Christian,45,DE,Для учебы,Advanced,120,0
e7ec68db-300a-4535-b528-94041cffab77,2026-05-28 06:57:51,Mary,33,ES,Для учебы,Beginner,90,0
f95f530b-dc1b-4078-9e64-80221ca3913c,2026-04-25 11:59:51,Matthew,38,FR,Хобби,Elementary,10,0
ef35904e-3c12-41b7-9861-7dc13df24d75,2026-04-05 17:20:51,Kevin,43,IT,Для учебы,Intermediate,30,0
cd77c475-d1a1-466f-8351-62c8c81fa2cf,2026-04-29 03:43:51,Joanna,29,IT,Для работы,Advanced,15,1
1da3be21-22c2-4b8a-85c1-18225d42f9c9,2026-05-22 05:10:51,Shane,49,IT,Для путешествий,Intermediate,15,1
611dd497-f2fc-4909-80b5-ddbb05100684,2026-05-31 20:50:51,Lauren,16,FR,Для путешествий,Beginner,15,0
d9942cf0-b35d-4f8d-ac1c-0d91f866aab8,2026-05-21 16:36:51,Lee,27,BR,Хобби,Advanced,10,0
0ff26f58-367b-4beb-86bf-26437c3d08ad,2026-03-14 13:00:51,Christopher,20,BR,Для работы,Advanced,45,1
28c7c610-def3-4acf-94a6-8b1ea08f112d,2026-03-24 18:58:51,Denise,40,ES,Для путешествий,Intermediate,60,0
3cadb64f-f0a0-4108-89ea-3e868a463a12,2026-04-20 02:03:51,Janet,42,FR,Для работы,Intermediate,45,0
164e7b37-207d-4688-ad57-4892900e616e,2026-04-23 07:12:51,Phillip,33,IT,Хобби,Beginner,60,1
1e3b3d3e-2f19-410c-bd7e-02c1c48dd28a,2026-04-21 19:36:51,Zachary,55,IT,Для работы,Beginner,60,1
8cd74e2b-198e-45b5-8997-df0812f7fb2f,2026-03-22 21:15:51,Stephanie,17,RU,Для учебы,Intermediate,45,0
3499433e-719a-4ddd-92d9-e7bf17c1f4ef,2026-03-28 17:25:51,Savannah,49,ES,Для работы,Beginner,90,0
9b80db1e-8cd8-4b70-9e6f-d5475d6ed851,2026-03-20 09:51:51,Taylor,19,IT,Хобби,Intermediate,5,0
f1245357-a682-4a68-9d53-02da5ca05afa,2026-05-22 05:41:51,Scott,16,FR,Для работы,Intermediate,10,0
e07ad87f-66ef-48ef-a770-9ec0482f5cdd,2026-03-23 16:20:51,John,20,ES,Для путешествий,Beginner,90,1
c992f726-64ae-431b-b3fe-2c7862b5fd72,2026-04-24 10:17:51,Jessica,21,ES,Хобби,Beginner,120,0
d5863cb6-c1d4-4563-a790-67bd7fc13988,2026-05-11 01:35:51,Frank,20,US,Для учебы,Intermediate,20,0
d82affae-bc5f-4b70-a47f-bd0322ec927f,2026-04-08 04:57:51,Robert,48,US,Для путешествий,Advanced,90,0
126b85d6-6a2c-4175-b8f6-41133872a7db,2026-06-01 03:11:51,Andrew,30,DE,Хобби,Elementary,10,0
d618944f-fa45-4a77-8893-06ec52e7fb8f,2026-04-09 12:32:51,Kevin,54,DE,Для путешествий,Beginner,20,0
0b9c4c50-7b09-464f-aaf7-b6cd1df1b456,2026-04-23 13:32:51,Michele,33,FR,Для учебы,Advanced,15,1
e462f4d0-2d9a-466e-81e3-5c7e258a43c3,2026-03-05 20:32:51,Ryan,35,DE,Для учебы,Elementary,15,0
6c19924e-9272-4371-9636-9b15126bbc04,2026-05-12 08:45:51,James,21,DE,Для учебы,Beginner,120,0
ad1d9032-9e04-4702-9404-6a946a2a826e,2026-05-02 01:17:51,Christina,31,RU,Для работы,Advanced,60,0
7177ead9-fac2-41f9-ad3c-a2970afc2f88,2026-06-02 00:59:51,Mark,51,ES,Для учебы,Advanced,30,1
6e4eb18d-9e62-41c2-a536-14fa3071efc1,2026-04-30 01:51:51,Jeremy,25,US,Для учебы,Elementary,5,0
792de681-499c-4f7b-b422-584d9acbd76f,2026-04-22 11:11:51,Christopher,43,FR,Для работы,Intermediate,10,0
30c3232f-7a2e-46e9-a78f-22a7b7b1fc95,2026-04-04 02:09:51,Ryan,38,FR,Для работы,Advanced,20,0
e96698af-457c-4684-a3c3-93ae3b68d5d1,2026-03-24 18:12:51,Gregory,51,DE,Для учебы,Beginner,30,0
103bf0e7-10cb-4219-976f-7896147d19be,2026-04-26 14:39:51,Brian,21,BR,Для путешествий,Intermediate,20,0
edbec7bd-c45b-444a-8c92-5999cbdb2cd2,2026-03-16 14:43:51,Kenneth,38,US,Для работы,Intermediate,15,0
7e276e90-1ca6-44f2-bb96-f73e063a05e1,2026-03-27 10:01:51,Lori,22,DE,Для работы,Advanced,15,0
b0f15d24-f0f5-4feb-847a-dc1566fb9724,2026-04-02 11:06:51,Derrick,32,IT,Хобби,Intermediate,45,0
80c7d27a-fd0d-4a86-bcf6-15f1e26dd0a1,2026-03-08 14:13:51,Brian,41,IT,Хобби,Advanced,5,0
89d7593a-2f5f-4dd7-8454-8b7e0f5cbfca,2026-04-01 22:23:51,David,40,BR,Для путешествий,Advanced,120,0
ed84680d-9dc3-4fb2-ad77-7c42c02d2c1e,2026-05-03 01:39:51,Marc,18,FR,Для путешествий,Intermediate,15,0
62c9a414-5231-4d4f-9115-a645c8179b64,2026-05-19 07:42:51,Tina,18,ES,Для работы,Intermediate,5,0
b0e6daff-f9a8-4010-ad60-90b6e93e3b0c,2026-05-20 04:14:51,Nicole,41,FR,Для путешествий,Beginner,45,0
7b7b3cf8-f6ce-4ade-84e5-ce2e30d0c455,2026-04-27 08:32:51,Alexandra,33,DE,Для путешествий,Advanced,45,0
7402b6b8-30c9-4244-b283-8e7bfd797ddf,2026-05-04 23:57:51,David,49,IT,Для путешествий,Advanced,30,0
d96fd59e-1dd3-416e-a9a9-1369a6976bd8,2026-05-17 02:14:51,Donald,40,DE,Для путешествий,Elementary,60,1
b93feb81-6100-412d-9bcb-15212c595bc2,2026-04-10 03:31:51,Victoria,33,BR,Хобби,Advanced,20,0
8b0f115e-4bbb-42d9-a400-f08ebb156325,2026-04-04 00:50:51,David,48,BR,Для работы,Intermediate,20,0
8519b615-9f25-4c57-a0b8-ba8bfbfbba54,2026-03-14 12:08:51,Nicole,24,FR,Для путешествий,Advanced,15,0
61c20734-dd95-4322-b1b5-955771e6fcbf,2026-04-02 13:14:51,Timothy,16,IT,Хобби,Advanced,60,1
31cee48f-b82e-4de6-a0c4-e4c890058411,2026-05-31 04:49:51,Jamie,43,IT,Для путешествий,Advanced,120,1
a5b9cc5f-9e45-499f-a74e-92efc15b3c24,2026-05-02 03:54:51,Rachael,22,DE,Для путешествий,Advanced,30,0
fb69b846-860b-415f-bf27-a099636ea0f0,2026-03-20 09:32:51,Kelly,55,BR,Для путешествий,Elementary,60,0
4fe53d57-be4b-4765-9582-dc07f2beb4de,2026-05-18 17:52:51,Eric,33,RU,Для учебы,Intermediate,60,0
b9639ae8-f5f9-4ea2-a2d9-ddeeef5a1747,2026-05-13 15:27:51,Sara,26,BR,Для учебы,Elementary,90,0
7217abde-9815-40fd-9ee3-00b540b79627,2026-04-19 21:08:51,Troy,32,RU,Хобби,Advanced,90,0
3fde3d38-3dd8-49d4-906e-867ea5a7e9a0,2026-04-16 01:19:51,Jessica,35,IT,Для учебы,Intermediate,60,0
4e5c1d4c-108c-421a-a060-da876778b9aa,2026-04-04 13:22:51,Tracie,25,RU,Для работы,Beginner,30,0
68883c98-3275-463b-81b4-4393dc7e7354,2026-03-18 08:17:51,Julie,47,US,Для работы,Elementary,45,0
f7f89e6f-8dce-4930-8ff0-79ea790c604e,2026-05-09 06:55:51,Melissa,50,RU,Хобби,Advanced,90,0
05a439b0-b750-48a1-aaad-8e71ef9257da,2026-05-10 11:19:51,Kyle,47,FR,Для путешествий,Elementary,5,0
56475f23-71e5-402a-a65c-b386a04ac2f6,2026-04-11 16:30:51,Kristen,51,DE,Для учебы,Advanced,5,0
09795f0e-e993-47ad-8c23-8d3f31fbf2e5,2026-05-11 23:34:51,Jennifer,39,ES,Для путешествий,Intermediate,90,0
ffae89b0-606b-495e-98b0-bfe7d5f71344,2026-05-01 15:29:51,Timothy,39,RU,Для работы,Advanced,60,1
5f19bf9a-4e79-4de5-b2dc-d5bcd1582fe6,2026-05-04 02:06:51,James,28,RU,Для учебы,Beginner,45,0
049cd91b-7feb-446e-9656-c9e74db28ad1,2026-03-10 01:51:51,Veronica,34,DE,Для работы,Beginner,15,1
8f840a5a-2ec9-4fa0-a1a7-b8fb0f708ecc,2026-04-16 23:11:51,Norma,54,US,Для работы,Beginner,90,0
af73b74c-c722-4721-8373-bf4db52e92b9,2026-04-15 22:39:51,Anthony,27,BR,Для путешествий,Beginner,45,0
df9653a1-8479-4fab-b9bb-eb51a6844e2c,2026-04-01 14:06:51,Nicholas,40,ES,Для учебы,Intermediate,15,0
4b526e88-8f6c-4928-8e4c-2b8d92fa775b,2026-03-18 03:24:51,Michaela,39,ES,Для путешествий,Beginner,60,0
2a4d50dc-190a-45e6-95e5-99fea1597957,2026-03-16 14:22:51,Mark,30,RU,Хобби,Intermediate,90,0
2cb2943c-6cc9-4718-b195-b594aaed7995,2026-03-26 23:16:51,Victor,37,RU,Для учебы,Elementary,90,0
92b9d399-8fe7-401e-adf7-a6f1aa47c50c,2026-03-05 06:39:51,Tracy,34,BR,Хобби,Elementary,30,0
549ba1f7-1f92-4fd1-876c-561fc7cd7297,2026-04-30 01:45:51,Kelsey,24,FR,Для работы,Advanced,30,0
b106882e-0cf2-4313-90e4-bee4c515858b,2026-05-31 05:41:51,Henry,32,ES,Для учебы,Elementary,20,0
ed7e8c15-4be3-4248-bed1-c7f8040ceab3,2026-03-28 15:44:51,Christopher,32,DE,Для учебы,Advanced,60,1
a311d084-1fdf-494c-9c06-e4411f2dbfc7,2026-03-09 18:43:51,Mark,20,US,Хобби,Intermediate,5,0
e3013a25-2754-4856-bdc7-1533122ecc8a,2026-05-10 09:10:51,Tiffany,37,US,Для путешествий,Intermediate,45,0
6edebdd0-fc8c-4008-b371-27d2bff2b296,2026-04-12 10:23:51,Courtney,54,ES,Для учебы,Elementary,30,0
280e0dd3-f199-4c58-8aa1-fcefed3f49da,2026-05-05 09:19:51,Gwendolyn,30,IT,Для путешествий,Advanced,30,0
680da095-01a2-4ab6-afbc-35628462ee8a,2026-03-06 02:09:51,Jessica,41,RU,Хобби,Advanced,15,0
5cbc84c2-95f8-4dd7-96da-601e540aa2ad,2026-05-12 07:30:51,Lynn,33,BR,Для учебы,Beginner,45,0
d9999be6-a2c3-4dc3-9309-b54598c3ee2b,2026-04-24 18:06:51,Danielle,17,BR,Хобби,Intermediate,120,0
8030e865-b559-4bf1-bf5c-7d748086bcf0,2026-05-20 01:49:51,Martin,33,US,Для работы,Beginner,60,0
084b3e9a-a0d2-4f20-8cea-be45153192fb,2026-03-14 16:51:51,William,45,BR,Для учебы,Intermediate,60,0
094c485e-e0a4-4362-9be1-27920efd4e6b,2026-04-29 05:03:51,James,31,ES,Для путешествий,Intermediate,10,1
0ba0ed50-40d7-42c4-82a2-e4879f0526fa,2026-03-15 21:46:51,Sharon,34,DE,Для путешествий,Beginner,20,0
cf6bf2b5-5515-4586-81dd-b574bf331bd9,2026-05-09 01:28:51,James,37,ES,Для работы,Elementary,45,1
78bd190f-03ca-42bc-bce7-807308533793,2026-04-14 22:50:51,Jonathan,39,US,Для работы,Advanced,10,0
06c00d89-d3bd-438a-8d34-aa632ddb4179,2026-03-05 14:35:51,Daniel,38,BR,Для путешествий,Elementary,45,0
8901d931-652e-434b-a5a0-b1f7de1115a6,2026-04-03 23:37:51,Frederick,41,ES,Для учебы,Advanced,120,0
a67fc68e-a3b2-4bde-ad32-8c32457ef86c,2026-05-06 19:06:51,Andrea,49,BR,Для учебы,Beginner,45,0
0ddee86d-40e7-4f1d-9066-86d56763f400,2026-05-01 21:51:51,Andrew,43,IT,Хобби,Advanced,30,0
c26cc170-2604-47df-ba0f-634811d93b85,2026-03-13 20:09:51,Melanie,28,BR,Для путешествий,Beginner,90,0
7e7d49ff-859c-4997-8d44-618934c132ee,2026-03-10 21:52:51,Eric,48,RU,Хобби,Intermediate,5,0
c3218766-dff7-42dc-a070-8394cfba7430,2026-05-23 02:18:51,Christian,34,IT,Для работы,Intermediate,90,0
d53477f3-678a-43e5-aeb5-0aeee6413b76,2026-03-10 06:03:51,Ryan,26,DE,Для работы,Advanced,5,1
58af5df8-f2e4-44a2-84de-cdfbe5b12886,2026-05-26 11:20:51,Kendra,34,FR,Для путешествий,Intermediate,5,0
57e8cc22-2bc7-49ed-85f2-b058cd901837,2026-04-18 19:48:51,William,51,DE,Для работы,Advanced,45,0
fd8b3a14-6097-4fd0-bb25-ac33a2694c5d,2026-03-19 01:29:51,Max,45,BR,Хобби,Advanced,45,0
741211ff-78ec-431f-b8ba-5063df535fad,2026-03-21 07:33:51,Susan,20,US,Для работы,Intermediate,60,0
e7edaf05-2498-4484-9973-c4de178ac1ee,2026-03-17 10:14:51,Joshua,32,BR,Для учебы,Beginner,90,0
76807c26-9dc1-415c-b17f-6d5a1453cf9a,2026-04-22 23:44:51,Heidi,30,IT,Для работы,Intermediate,120,0
8e12591b-e738-4d28-a3a8-8b418b77b322,2026-04-27 23:00:51,Jerry,17,US,Для учебы,Intermediate,20,0
1ece9430-d4a6-45d8-a980-dac7fe20e380,2026-05-28 17:05:51,Gary,36,IT,Хобби,Elementary,10,0
f036d499-1523-41ae-8eea-1b260334b716,2026-04-02 05:17:51,Nicole,50,FR,Хобби,Beginner,60,0
350168f1-6ad1-474d-ad4d-79d89857e1f7,2026-05-23 21:38:51,Mandy,38,FR,Для работы,Beginner,10,0
c8ab0dcf-df0f-4c45-99d2-1f7b21a2be7f,2026-03-15 12:37:51,Timothy,18,RU,Для учебы,Elementary,5,0
812ff3c2-2d4b-4d82-83a8-e3f290ecd9bf,2026-03-08 01:29:51,Manuel,42,FR,Для путешествий,Beginner,45,0
3ad52c00-7315-4cf0-94c4-cfa5db623e39,2026-05-16 22:21:51,Erin,44,ES,Для путешествий,Elementary,10,0
e3794456-50b6-4a3f-8a89-3050db8e7840,2026-04-29 11:26:51,Chelsea,34,BR,Для работы,Advanced,90,0
06fcf24d-1b5c-4a16-8702-53db4caa01f1,2026-04-11 08:21:51,Kathleen,50,US,Хобби,Advanced,30,0
e5656567-cf0b-40c9-b374-df51f971699d,2026-04-01 12:37:51,Ian,39,RU,Для работы,Elementary,90,0
213cb394-dd08-437a-99f9-eeb904a6926c,2026-04-08 01:29:51,Joshua,55,ES,Для путешествий,Advanced,10,0
fef12811-6a90-4e74-998a-da9f00b85d7b,2026-05-24 03:43:51,Laura,32,US,Хобби,Advanced,5,0
424fca62-c4ce-4e9d-abd8-3fe093646123,2026-03-17 15:06:51,Hannah,41,DE,Для путешествий,Intermediate,45,1
caf10374-eee4-4c01-9180-314c629706ea,2026-03-08 03:52:51,Matthew,22,ES,Хобби,Intermediate,90,0
9912b70b-4a60-4fae-959a-af4352782f65,2026-04-06 23:28:51,Christopher,35,IT,Для учебы,Advanced,90,0
1f25fe03-fba2-4b1e-ad40-e2c86a809176,2026-04-08 09:19:51,Casey,40,ES,Хобби,Beginner,45,0
2a9b1cd5-9775-49f8-8d89-6780ea2a96d3,2026-03-13 15:35:51,Kevin,52,IT,Для работы,Elementary,15,0
4651e09f-1e1f-4d4a-ab02-259ead1a79b5,2026-05-26 07:55:51,Christopher,52,BR,Для работы,Intermediate,15,0
3b484367-2aa7-40f7-ba30-41013a2d3340,2026-05-16 10:19:51,Richard,36,FR,Хобби,Advanced,120,0
47e6ac07-c882-4fd8-9f6e-16aabe5d7dcd,2026-05-08 13:53:51,Amber,32,IT,Для путешествий,Advanced,30,0
ac319fe0-2e5e-4c42-93dc-eb6db25be63f,2026-03-27 19:12:51,Matthew,51,FR,Для учебы,Elementary,10,0
0a71e64c-6792-4905-a426-1f8f44be7177,2026-04-06 16:16:51,Larry,28,BR,Хобби,Intermediate,20,0
c7722512-80ff-4cf0-ad23-57f2024bba76,2026-04-30 10:56:51,Jessica,36,US,Хобби,Beginner,60,0
70d1fcc1-1d66-40b7-9e6b-3c9a284f19f0,2026-05-09 18:38:51,Daniel,49,BR,Для работы,Intermediate,5,0
2ff67eb5-e897-47ce-a5e8-d0f72f2e98a3,2026-03-19 00:28:51,Matthew,49,DE,Хобби,Intermediate,20,0
4f1e5b2c-c0f6-4891-8dca-18aeda3d351b,2026-05-06 14:34:51,Lisa,38,RU,Для работы,Elementary,60,0
82f82e92-eba8-4afc-b604-6b021c1743ff,2026-05-11 01:40:51,Casey,16,DE,Для учебы,Intermediate,30,0
1f72778b-216e-413d-80c5-fa3b2950339a,2026-04-08 21:52:51,David,53,ES,Для путешествий,Beginner,30,0
d5822309-7250-4be0-b355-61ed81cfc3a5,2026-03-18 04:09:51,Anita,32,ES,Для работы,Elementary,10,0
11d9ce98-ecf9-4583-af74-66cf042aecfb,2026-05-01 11:58:51,Bob,25,IT,Для путешествий,Beginner,60,0
ce6d56e6-dade-4deb-b37b-3b2d6e783517,2026-04-13 01:56:51,William,33,IT,Для учебы,Intermediate,45,0
4bbee564-1a32-4dfc-ab87-cb34b1f02236,2026-04-09 14:14:51,Emma,50,RU,Для учебы,Elementary,60,0
e6b6adf5-14a9-45a0-ac12-ae344d0e259e,2026-04-29 04:55:51,Gregory,55,DE,Хобби,Elementary,90,0
96502e3d-b5b5-4dd0-92fa-d1635bb0ef02,2026-03-04 11:46:51,Michael,31,BR,Для путешествий,Intermediate,20,0
129b041e-1a27-4a14-af27-ca7d9861c55b,2026-04-04 21:03:51,Stacey,29,US,Для работы,Advanced,45,0
ad3a365c-5edc-4d61-a800-adf64076c668,2026-04-10 05:41:51,Nicholas,19,BR,Для работы,Elementary,60,0
c4b394ad-d4bf-4b75-9c57-b3353e599cfc,2026-03-09 12:10:51,Michael,22,FR,Для путешествий,Elementary,120,1
dd659f43-8998-410e-8ed9-26c148b9546b,2026-03-28 05:18:51,Billy,34,BR,Хобби,Advanced,90,0
4b3048c7-2bf7-48dd-9c2b-e7f2d7a2e551,2026-06-01 11:11:51,Patricia,17,DE,Для учебы,Beginner,120,0
1cd0120d-fccd-472a-9d50-5e547fa2f21a,2026-05-07 15:51:51,Sean,27,US,Для путешествий,Intermediate,45,0
fdca95bd-843f-4b54-bd58-7282d2426f1f,2026-05-22 07:06:51,Amy,41,RU,Для учебы,Intermediate,60,0
e5a21f6e-cdf5-4488-b38e-aecc390750e0,2026-04-12 19:59:51,Douglas,16,FR,Хобби,Beginner,15,0
0c330dc2-933c-4e78-acfa-66eb185e5437,2026-05-24 18:39:51,Katie,25,BR,Для учебы,Intermediate,120,1
d9f631d0-0c5f-4ff6-8fe0-8fc91bcb5224,2026-04-19 08:31:51,Tammy,55,RU,Для работы,Intermediate,10,0
4abe94e0-2662-4bca-9355-6b151cf77de7,2026-03-09 17:10:51,Brandi,38,DE,Для работы,Elementary,20,0
fd200785-1966-4394-8d55-ace6ed29633f,2026-04-08 06:01:51,Kimberly,29,ES,Для работы,Beginner,45,0
20d1bcbb-810e-4cf3-b8a1-27ea905a8350,2026-03-19 15:42:51,Todd,54,BR,Для учебы,Beginner,120,0
0af94c1a-0e67-41d8-abfe-3f8e23d9de1c,2026-03-23 09:52:51,Christopher,53,FR,Для путешествий,Elementary,120,0
8e742f6c-faa9-4909-8968-f400d0b35ef9,2026-05-03 08:28:51,Nicole,29,IT,Хобби,Beginner,90,0
a8b379af-90f6-4352-a731-6a8960b22404,2026-05-07 13:25:51,Marcus,43,DE,Для учебы,Advanced,30,0
f1d8acde-fd7f-465f-baca-ba9569c79387,2026-03-09 08:15:51,Alexis,48,RU,Для путешествий,Beginner,60,0
b439e3de-5586-41b4-9677-05637e862cb2,2026-03-28 19:41:51,Carlos,45,US,Для учебы,Elementary,20,0
6bcc4cec-9f9b-473b-b3cd-2b455ad2e258,2026-03-10 01:15:51,Brian,40,US,Для учебы,Elementary,90,0
1b5f6f0c-82da-431f-87f5-de1a7947d1f8,2026-03-17 14:12:51,Marcus,39,IT,Для работы,Intermediate,5,0
ea16b00a-f481-4374-b9ec-0179ce2c5c3b,2026-04-18 14:57:51,Robert,55,DE,Для учебы,Beginner,120,0
94020b7e-73e3-4a17-899f-b6e36a59b393,2026-04-30 21:19:51,Mark,48,ES,Для учебы,Advanced,45,0
100486da-dd4c-4c09-ae1b-1807ae3b6607,2026-05-15 06:51:51,Katrina,22,ES,Хобби,Beginner,60,1
2778c9e6-c8d6-4aec-a72d-99e14c529377,2026-05-31 08:58:51,Alec,42,ES,Для путешествий,Advanced,30,0
66187f86-45a2-429c-b444-0364f4dd9172,2026-05-24 21:51:51,Jasmine,50,FR,Хобби,Advanced,120,0
b5133a71-7f90-4c4e-90b0-065cbb6d072c,2026-03-29 01:52:51,Madison,35,DE,Для учебы,Advanced,5,1
2c7d3ab6-c056-44cb-bf0d-1ab1eff76545,2026-05-20 00:34:51,Joanne,30,RU,Для работы,Intermediate,5,0
66fdc552-e6bd-4dd6-8640-93c1703e7002,2026-04-04 12:07:51,Eileen,33,DE,Для работы,Beginner,30,0
d9f65638-2544-4ba8-bbef-62adb1bd8463,2026-04-26 03:20:51,Mark,51,FR,Для путешествий,Beginner,90,0
89879075-4e8d-45ea-a926-ed13987b47bd,2026-03-12 16:18:51,Christina,48,ES,Для работы,Advanced,15,0
415a3079-23d2-4ed0-a305-a006d0b654e7,2026-03-08 11:55:51,Cynthia,48,BR,Для работы,Beginner,5,1
f6d314a1-3c45-4f0d-ab99-fad1e72aef41,2026-05-09 07:01:51,Tina,43,IT,Для работы,Elementary,20,1
70d96721-cb49-42ac-8fd6-eb1a97dfbb86,2026-05-02 09:04:51,Tammy,26,US,Для учебы,Advanced,90,1
5d9e465f-4ae2-425a-a20c-9de678342a59,2026-04-18 20:45:51,Lori,37,US,Для работы,Intermediate,120,0
038902f5-7190-47f8-bf06-beaa5e9b17f3,2026-04-09 12:07:51,Lisa,54,ES,Хобби,Beginner,120,0
29d9338e-051b-42e8-bc76-9871b831f9ed,2026-04-13 12:22:51,Michelle,49,DE,Для работы,Intermediate,10,0
ddbee687-f8a4-43da-b709-31d2cf3b3c66,2026-05-09 06:11:51,Kelly,46,BR,Для учебы,Advanced,90,0
400e90a2-5ee9-4db1-a531-78817f88ed73,2026-05-06 08:51:51,Joseph,51,US,Для учебы,Advanced,20,0
f1493059-cb61-4100-bbef-e2340858ea28,2026-04-21 18:47:51,Jonathan,47,DE,Для работы,Advanced,5,0
83237e12-f69f-4393-be8d-949ca545ad20,2026-05-21 11:30:51,Christopher,27,BR,Для путешествий,Beginner,10,0
8dac21a9-a28d-462f-81a6-af4d65ae7c08,2026-05-21 07:21:51,Albert,34,US,Для работы,Beginner,30,0
3d258fec-b934-4e9f-bd73-0aad8ed41a91,2026-05-30 18:23:51,Gene,55,RU,Для работы,Intermediate,120,0
8f660295-cbbf-45bc-974a-79f69df42322,2026-04-24 16:36:51,Kimberly,43,FR,Для путешествий,Intermediate,5,0
500c5159-0fbf-44ac-98c0-3b1e3bd181be,2026-05-08 11:50:51,Carolyn,39,IT,Для учебы,Advanced,15,1
aff66951-efad-457d-a619-fd3f5500d3fd,2026-04-01 14:37:51,Melissa,19,FR,Для работы,Advanced,15,0
778d0c3a-7a7e-4ffc-8a6e-ebfec7647b3a,2026-06-01 09:36:51,Angela,38,BR,Для работы,Intermediate,30,0
b3f21a84-1815-44f9-90fa-72fcda860136,2026-05-17 06:38:51,Mark,31,ES,Для путешествий,Beginner,120,0
1783d0d4-e4f3-48ba-a88c-ddd9a2ef2a2a,2026-05-15 09:48:51,Craig,29,DE,Для путешествий,Elementary,10,1
3b4a68f9-434f-4f11-a8d8-aa256397c8b6,2026-04-01 07:59:51,Brandon,52,US,Хобби,Beginner,30,0
f5bce51f-1edd-43e7-a41e-943d22517d62,2026-03-06 13:17:51,William,42,RU,Для работы,Beginner,10,0
b7dbd36d-2491-4ef7-bd5e-a1d0814902d8,2026-03-23 00:52:51,Leslie,26,DE,Для путешествий,Beginner,15,0
b49b9702-fd12-430f-971c-fa1f64a2ca23,2026-05-07 21:22:51,Matthew,33,RU,Для работы,Elementary,30,0
17a33492-1bf2-4f77-b7a0-dafddf9b18e5,2026-04-18 02:16:51,Jessica,48,DE,Для учебы,Advanced,10,0
26113e7b-1037-4b4b-aa24-332480404566,2026-05-07 09:55:51,Matthew,46,DE,Для учебы,Elementary,20,0
fbdbaf5e-6353-4d88-b295-b4275d13b3fa,2026-03-09 04:27:51,Brandon,39,BR,Для путешествий,Advanced,45,0
5630a1f3-186b-4e0a-bb65-78fbf7208284,2026-04-29 06:40:51,Ronald,30,IT,Для учебы,Elementary,90,1
653040c3-6159-4693-a0d2-b5e7be03a25a,2026-04-20 09:26:51,Monica,52,BR,Для путешествий,Intermediate,120,0
f03e3eb5-be8b-473e-8751-dfb29fb3fb0b,2026-03-23 04:39:51,Bonnie,28,RU,Хобби,Beginner,5,0
8c976081-c08f-456c-9e9d-0994d59e4e8e,2026-06-01 18:16:51,Joel,17,RU,Для учебы,Advanced,30,0
2b0163cf-8ef2-4308-88bb-c089b5fed28c,2026-03-17 10:55:51,Greg,28,IT,Для учебы,Beginner,60,0
294530ff-f9df-4c62-84e8-b80210215343,2026-04-18 00:12:51,Brittany,44,IT,Для работы,Advanced,5,0
2220f87b-24fc-40d7-8db5-54cc6a79c80f,2026-04-14 17:40:51,Sheila,26,ES,Хобби,Beginner,5,0
221263f5-ae11-4015-a34a-4025832c3b80,2026-05-17 23:18:51,Holly,55,US,Для работы,Intermediate,45,0
4cecc8f3-b140-481d-847c-57960af26cdf,2026-03-11 23:27:51,Cassandra,25,FR,Для учебы,Beginner,30,0
b7695dc2-5b5f-47a5-9a7a-f909ff9d7896,2026-06-02 10:28:51,Amber,16,IT,Для работы,Advanced,5,0
c0440e9c-5dcc-45f3-9ba5-c02e80705100,2026-03-28 03:37:51,Stacey,26,FR,Для учебы,Advanced,10,0
2df7feee-2477-43b2-af5c-39d3c591b879,2026-03-10 19:17:51,April,50,IT,Для работы,Intermediate,5,0
6ff15d4e-7ecd-446e-9cf7-13e658b1e018,2026-05-14 06:26:51,Kristina,29,US,Для путешествий,Advanced,90,0
5b1c2e6d-a24d-4599-a04a-55030eae73f1,2026-04-11 13:22:51,Kathleen,27,US,Хобби,Elementary,90,0
d68efbcd-47e0-43e7-a817-7448b747ac93,2026-03-23 22:30:51,Frank,52,FR,Для учебы,Intermediate,90,0
803707fc-4096-4169-8557-6338b621aaed,2026-04-26 09:22:51,Douglas,36,IT,Хобби,Advanced,30,0
8d480cf5-12cf-4526-b48c-189d562076c3,2026-03-31 17:07:51,Robin,26,FR,Хобби,Advanced,120,0
b8be1ce1-3601-47a4-a6c7-947f4422a6aa,2026-03-09 21:41:51,Teresa,54,RU,Для работы,Beginner,120,0
869b58cc-e6f4-430c-8cc9-b400d0a067ec,2026-03-29 08:47:51,Justin,39,DE,Для учебы,Intermediate,10,0
c969a344-3494-4c09-830b-8c7d75ede65e,2026-05-21 15:25:51,Melanie,40,RU,Для учебы,Advanced,90,0
b7db692b-d636-4aab-8b6e-bd945ab09cc1,2026-05-11 12:25:51,Henry,47,DE,Для работы,Beginner,20,0
cd3a77d6-f7bf-459b-acc1-9be442efef49,2026-04-27 10:40:51,Glenn,31,RU,Для путешествий,Intermediate,15,0
00a49d80-2832-48ee-81ec-505f0dc496d1,2026-04-07 02:21:51,Aimee,36,BR,Для учебы,Advanced,45,1
121cd12a-b515-4ea3-8f81-757883c58f66,2026-03-12 12:30:51,Anthony,48,RU,Для учебы,Advanced,30,0
15486f30-9096-4980-ab05-db2c56c9173d,2026-05-15 16:05:51,Karen,26,RU,Для работы,Elementary,20,0
479e9d79-b1b4-4d94-8125-b767599b360e,2026-04-01 14:01:51,Katherine,36,IT,Хобби,Intermediate,10,0
cf21b8ca-90d3-497f-bae2-77e03439c055,2026-05-19 18:38:51,Lauren,35,BR,Для учебы,Intermediate,30,0
acc35d47-f149-4337-a9fa-e7e783f2c539,2026-05-16 10:27:51,Kelly,29,ES,Для путешествий,Beginner,120,1
af8e74d4-bd0f-4ee7-a48f-3cb2bdb13a16,2026-06-01 19:00:51,Angela,49,US,Хобби,Elementary,15,0
1b9ff8d1-310a-4af8-8755-3367a7b452da,2026-04-11 05:39:51,Kelly,18,ES,Для путешествий,Advanced,120,0
dbfcbcbf-3cf9-4fc7-9fbd-5721ad7b69a8,2026-03-28 12:20:51,Adam,18,RU,Для путешествий,Beginner,30,0
d65e0c6f-bf88-43ce-9f94-82a2306be732,2026-03-19 06:07:51,John,41,FR,Для учебы,Elementary,10,0
91dfbf6c-f884-49b7-a0d7-efb5670b5ae7,2026-03-13 15:08:51,Jessica,33,ES,Для работы,Elementary,5,1
848a36d2-aada-4067-ac87-ab6d2142e911,2026-05-23 15:37:51,Kevin,44,BR,Для путешествий,Intermediate,30,0
3ce86650-2ef5-4d7c-bd69-40010e5e58db,2026-03-19 13:38:51,Tammy,51,RU,Для работы,Beginner,20,0
f9b3d6e9-f99f-4b0c-83af-764f886fd9dc,2026-03-23 04:22:51,Joseph,21,IT,Хобби,Advanced,120,0
3eac2ab3-be83-43ea-b01f-8ee811a84381,2026-04-22 10:11:51,Carrie,51,FR,Для путешествий,Beginner,45,1
bbb715ef-25a6-4dec-916c-6398c6645ef5,2026-05-01 10:05:51,Brian,54,RU,Для путешествий,Elementary,10,1
59f1b74a-dfb5-4c99-affe-c94eb87bc251,2026-04-27 10:56:51,Christopher,21,RU,Для работы,Intermediate,120,0
ded95cf1-6287-4ad4-ba3c-dca8e62b8173,2026-03-12 06:46:51,Vanessa,34,US,Для учебы,Advanced,5,0
8138c4be-c7bf-4899-a4ec-2f656ad5c18e,2026-04-05 08:22:51,Christopher,32,DE,Для учебы,Beginner,120,0
6b099aee-0f3d-462e-9647-494fa74e9e3e,2026-05-16 04:06:51,Tony,52,ES,Хобби,Beginner,30,1
a3a6afee-de4c-40e6-a971-2ea858fd498f,2026-05-04 16:12:51,Meghan,54,BR,Для работы,Beginner,90,1
b661bd36-dca0-4b9e-a026-53161f9a6acc,2026-03-28 13:57:51,Christine,35,BR,Для путешествий,Intermediate,10,1
8d7f5a19-f359-4729-b237-b8ce5b10d811,2026-05-30 10:08:51,Austin,27,DE,Хобби,Intermediate,45,0
7d7737e8-546a-45fb-a4e5-71aec52ba4bb,2026-04-07 14:32:51,Madison,18,BR,Для работы,Elementary,60,0
d828ff24-344c-417a-81cd-6d2484f0b2c0,2026-05-29 01:06:51,Mark,20,IT,Для работы,Elementary,15,0
986cd880-1b08-41f4-8833-e2c561c98b2d,2026-05-12 21:48:51,Nathan,30,FR,Для работы,Intermediate,60,0
e4dcb512-d25f-4883-9e98-d9c784b4b2c9,2026-05-25 21:06:51,Jacob,42,RU,Для путешествий,Beginner,120,0
6490a40a-2768-4154-b6d0-3d059355c2e7,2026-04-30 07:56:51,Tonya,49,RU,Хобби,Elementary,5,0
fb71a2f2-053e-476a-bf31-c1bfef2a2780,2026-04-27 14:43:51,Michael,39,FR,Для учебы,Beginner,10,0
743d59f0-99ce-4fd4-a6d3-36fce52a307b,2026-03-15 11:57:51,Angela,17,ES,Для путешествий,Advanced,10,0
6a705d23-8c2f-41f5-9138-54c8b0db06e2,2026-03-04 21:39:51,Jason,39,DE,Для учебы,Beginner,30,0
1274683d-f59e-49f1-8973-5fa1cdb9ac9c,2026-03-20 13:53:51,Peter,17,FR,Хобби,Beginner,90,0
9e8b5fc4-9bdf-43ba-8b7f-846936c20b3a,2026-03-09 04:24:51,Richard,52,RU,Для учебы,Elementary,60,0
cc276d1f-4f30-47ed-b85a-840d7081d762,2026-04-11 14:13:51,Taylor,53,IT,Для работы,Elementary,20,0
b5e01840-7d00-4142-a6fa-c59dbdee225a,2026-04-03 11:06:51,Brooke,24,RU,Для работы,Intermediate,5,0
69af6796-c4a1-4303-a4af-77894110bf41,2026-05-07 05:23:51,Daniel,28,BR,Для работы,Advanced,45,1
079ec86f-0417-4425-b574-e2077f69490c,2026-04-17 03:52:51,Gregory,49,IT,Для работы,Intermediate,60,0
4c91a720-7ee6-429e-bc08-94fe13bb3ac7,2026-04-25 05:44:51,Crystal,44,DE,Для работы,Elementary,45,0
0e64d08e-87c3-4fc6-b0f0-4e39f369485a,2026-04-14 02:27:51,Andrea,46,IT,Хобби,Advanced,5,0
fa3404be-61ab-411c-b818-47fb84e4a1ac,2026-05-20 17:17:51,Ryan,21,FR,Для путешествий,Beginner,30,1
233befc5-f279-4547-b1f5-a35834957ef2,2026-03-30 20:44:51,John,40,BR,Для путешествий,Advanced,120,0
4b8d5d9e-7755-41ca-b087-087d929c264c,2026-04-15 14:33:51,Amanda,34,FR,Для учебы,Beginner,30,1
4c95b044-80ba-495b-a547-f6025a49e01c,2026-04-11 22:41:51,Dustin,24,US,Для учебы,Advanced,45,0
8c0a186f-d347-486f-ba44-800e166eacb2,2026-03-28 10:07:51,Brandon,44,DE,Для путешествий,Elementary,120,0
e76a8734-bb5b-4dac-9fce-b41b0173d67c,2026-04-15 17:49:51,Michael,52,IT,Для работы,Beginner,15,0
a2c073f3-2341-4226-9bde-4a69aedef997,2026-04-08 03:25:51,Bianca,34,RU,Хобби,Intermediate,120,1
c5247ce3-f380-4a99-b325-be2a6f32bb34,2026-04-09 12:03:51,Kimberly,51,US,Для работы,Elementary,60,0
818c46de-40f7-42f4-bd9e-0eb4eb33172e,2026-04-15 23:48:51,Manuel,41,FR,Для работы,Advanced,15,0
d843e15a-dc20-448b-9d18-648655bd9cf6,2026-03-05 04:13:51,Rodney,38,IT,Хобби,Elementary,5,0
3b1b3b15-c344-4a08-888f-c8d27139a0aa,2026-05-30 10:47:51,Melissa,47,IT,Для работы,Elementary,10,0
342fc0a1-acab-405f-bc65-e1279abb5ef5,2026-04-14 09:39:51,Kristi,38,US,Для путешествий,Advanced,30,0
957bca2a-183a-4944-a7ab-b83af70c602b,2026-03-26 10:15:51,Leah,22,US,Для учебы,Intermediate,10,0
d871b211-057a-4ea1-91b6-223bd1099d57,2026-04-26 08:36:51,Kevin,51,FR,Хобби,Advanced,120,0
be0548c8-c285-4a74-b9a5-d6c622d680ed,2026-04-18 18:13:51,Karen,28,DE,Для учебы,Beginner,45,0
45ddfafd-14c9-4720-ae51-9cf0316e2aa5,2026-03-12 19:09:51,Jessica,42,DE,Для учебы,Intermediate,20,0
c0fcd596-11e7-4499-9898-0f82a664c61d,2026-05-06 05:01:51,Laurie,44,ES,Для учебы,Elementary,20,1
52c16ffb-83af-48af-be73-286f2e162742,2026-04-22 12:13:51,David,18,BR,Для работы,Beginner,5,0
65376fd1-bae7-40c4-85a3-afaf5f74e7a4,2026-06-01 04:43:51,Ryan,28,ES,Для путешествий,Intermediate,20,1
4bf6567b-a679-44f0-890e-efd321137fcd,2026-05-05 02:18:51,Crystal,30,US,Для учебы,Advanced,90,0
00a212b4-6b5c-413e-98c0-6ce476b4a50d,2026-03-10 12:41:51,Michelle,23,RU,Для учебы,Advanced,45,0
f418ae11-5e50-4cba-89a9-c3dc3533a2ff,2026-06-01 11:55:51,Melissa,55,BR,Для учебы,Intermediate,15,0
af93663c-1f36-4f6e-b084-26773de64b14,2026-05-21 13:39:51,Karen,38,RU,Для учебы,Beginner,30,0
57bec08f-5123-44d3-8b85-ac5858932262,2026-03-22 16:48:51,Kaylee,36,DE,Для работы,Intermediate,10,0
bf846496-3005-4326-9363-67ccceb272f5,2026-03-10 23:08:51,Carla,16,ES,Для путешествий,Advanced,5,0
7f24b71b-d9f4-402a-8446-0e451e8a87f6,2026-05-30 08:27:51,Randy,52,DE,Для учебы,Intermediate,15,0
918a502d-99f5-43d3-bf6b-9f12d7529a65,2026-03-15 15:54:51,Haley,38,US,Для путешествий,Advanced,90,1
a3ea8761-b52b-45d8-bb08-cf8e68c1cc50,2026-04-11 17:20:51,Brent,54,IT,Для учебы,Intermediate,30,0
28ca1724-98f8-4bed-9f09-909aac007362,2026-05-29 21:51:51,Jeffrey,17,BR,Для работы,Intermediate,30,0
8b6cb919-f169-4548-a86a-28a25c949e61,2026-04-30 16:53:51,James,30,IT,Хобби,Elementary,20,0
a3a4bdb1-fe35-4252-bc24-3cb321603d00,2026-03-08 20:40:51,Laura,38,BR,Хобби,Elementary,90,0
e480752e-5b67-40bb-811c-80345d1f4717,2026-05-06 05:35:51,Hannah,55,ES,Для работы,Intermediate,15,0
c30d0ceb-ea1c-427c-9834-62e50008b561,2026-04-05 13:41:51,Jessica,32,DE,Для учебы,Elementary,90,0
50844d23-961a-44e3-b1e5-4d91e7364172,2026-05-06 21:50:51,Joshua,18,DE,Для учебы,Elementary,15,0
a350554c-9bb3-454f-ab75-2d59782dae48,2026-03-20 00:12:51,Kenneth,51,BR,Для путешествий,Advanced,15,0
c5ef9f00-abb2-40ff-93b3-a8d99b26f93c,2026-03-16 09:20:51,Tiffany,19,DE,Хобби,Intermediate,5,0
d927af3e-ef2e-4013-8a1a-ddfbb3796707,2026-04-16 10:15:51,Melinda,22,DE,Для работы,Advanced,120,0
efa807aa-ff30-43ea-a637-6a3402a542c8,2026-03-26 13:33:51,Kristen,34,FR,Для путешествий,Elementary,15,0
bfd67cb9-19a2-4a35-9bde-2b8aaa49f57b,2026-05-22 16:55:51,Monica,43,IT,Хобби,Elementary,30,0
354c241b-d430-4e1b-9dc2-225bf4cb4651,2026-03-19 16:19:51,Karen,50,IT,Хобби,Intermediate,15,0
fa48a4b0-6e5d-4ac8-94cd-8cfdc02fa519,2026-03-14 23:29:51,Richard,37,DE,Для учебы,Beginner,120,0
7340f712-2f30-4f22-96e5-43000b1eca91,2026-06-02 06:25:51,Nicole,39,BR,Для учебы,Elementary,90,0
03a7bd35-00d2-4784-bb00-b9453f3a002c,2026-04-26 22:50:51,Scott,23,FR,Хобби,Elementary,20,0
e6e82732-3753-4af2-b82c-a132b39211c3,2026-03-27 17:32:51,Vincent,16,DE,Хобби,Beginner,120,0
1dd9b3ae-bee0-4692-9296-32c8a50610f8,2026-05-13 18:00:51,Alexander,35,RU,Для путешествий,Intermediate,30,0
8d225fae-5297-41c0-909e-818752163315,2026-03-11 04:34:51,Steven,22,BR,Для путешествий,Intermediate,15,0
ccde4309-3224-49a0-b1a7-201928bd97d1,2026-04-05 03:29:51,Elizabeth,35,RU,Хобби,Elementary,10,0
17648489-a436-4fd6-9fc8-103b9f1920d4,2026-04-03 03:49:51,Maria,17,ES,Хобби,Elementary,60,0
78e65b74-1de2-4ed1-94e4-23dc20c942ca,2026-04-01 08:05:51,Andrew,33,BR,Для путешествий,Elementary,10,0
924c3222-1d71-4d81-8952-65668baaf4df,2026-04-22 04:23:51,Thomas,32,IT,Для учебы,Elementary,10,0
42d2def0-4fdf-4935-9e4f-0f938932c8ef,2026-05-29 01:06:51,Thomas,33,RU,Для учебы,Intermediate,5,0
540af114-0de1-4ef4-ae8c-6785e78e296c,2026-05-09 22:16:51,Carla,44,US,Хобби,Beginner,30,0
cfe9a5a7-7f09-400f-8fdf-3cc573298563,2026-04-28 06:02:51,Caitlin,34,ES,Для путешествий,Advanced,5,0
8632504a-e0f9-43b5-8c6e-eb89533c47ca,2026-05-09 14:33:51,Katelyn,55,IT,Хобби,Intermediate,10,0
42829be3-8c6b-42b4-8bb9-7f9fc4f0bdc6,2026-04-25 10:06:51,Fernando,37,US,Для учебы,Elementary,5,1
90d83bb9-b285-4b50-9325-aaa13e015ef4,2026-04-23 16:15:51,Erin,38,BR,Для работы,Elementary,30,1
b31ee02a-5080-49b9-92af-cf102b1d0048,2026-04-24 14:34:51,Ryan,36,US,Для учебы,Intermediate,30,1
b33d7048-b4f7-4df7-be26-9738a9bb1edf,2026-03-21 18:55:51,Alyssa,55,FR,Для работы,Intermediate,10,1
771ab6be-2de6-47e3-bbb0-0ddc50089a30,2026-05-18 03:03:51,Daniel,43,FR,Для учебы,Intermediate,20,0
35634eef-c6a6-4ac0-a628-62a3459164cf,2026-03-17 23:47:51,Jasmine,25,BR,Для работы,Intermediate,10,0
c106c8ab-51f8-4e2c-99ed-7258834a9e79,2026-04-15 11:11:51,Susan,34,IT,Для работы,Intermediate,10,0
808ceeda-fd4a-4285-a175-ca363503299a,2026-04-11 14:09:51,Edward,16,US,Хобби,Intermediate,20,0
9c5068f6-4003-4b5f-a05c-46ae32f4d3a5,2026-05-14 05:54:51,Cynthia,20,DE,Для учебы,Beginner,5,0
0e69ecb1-d786-4227-a442-39a811b19a69,2026-04-20 02:54:51,Calvin,17,US,Для работы,Advanced,10,0
80de945f-f1cb-482f-9fb2-f88c8f107076,2026-03-08 02:36:51,David,19,FR,Хобби,Beginner,90,0
37c149e0-cbd4-483f-bb3e-14f45ab9a084,2026-03-26 18:50:51,Nicole,17,RU,Для работы,Elementary,20,0
9c28185b-e19e-430b-a825-dda5770dbb62,2026-03-22 09:08:51,Adam,39,RU,Для учебы,Beginner,10,1
23f24371-3300-4fad-bd4a-472135fe8f09,2026-03-08 18:36:51,Erica,36,RU,Хобби,Elementary,20,0
7d88530f-6ead-4d86-9b21-e78410b0ce0e,2026-04-18 09:12:51,Joshua,16,DE,Для учебы,Elementary,60,1
5ec85b10-dac7-4a65-8a8b-7f0e70d5df31,2026-03-09 05:56:51,Steven,28,FR,Для учебы,Intermediate,45,0
a7eb2865-acfd-4e4b-856c-b022141b1862,2026-05-04 02:59:51,Brittany,54,IT,Для работы,Advanced,5,0
b77a45a2-ccc7-41d2-8795-231b38fbf632,2026-03-09 23:27:51,Michael,16,US,Для учебы,Intermediate,15,0
fbbd0d8c-b458-4ca2-9ae0-5c50b921b75a,2026-04-18 10:18:51,Erin,39,IT,Хобби,Beginner,120,0
b5157868-ada1-45b4-948d-808b48ad4e97,2026-04-02 03:37:51,Madison,17,FR,Хобби,Elementary,60,1
fc6cd18a-11b2-4091-982f-22b30078d614,2026-04-07 23:03:51,Robert,49,BR,Для путешествий,Beginner,5,0
8adc5ee6-a04c-4a46-9185-417625a57f60,2026-06-01 16:44:51,Chelsea,45,DE,Для учебы,Advanced,30,0
893b9d7f-f133-42b1-8fee-ea97b133d6a1,2026-03-27 07:00:51,Eric,50,IT,Для учебы,Advanced,90,0
9fd57ebf-03e8-4c12-9f83-a94d97d949d7,2026-04-28 14:10:51,Hannah,34,FR,Для работы,Advanced,15,0
a8c122f4-ba2a-4048-bff1-034f60a042d5,2026-03-13 08:13:51,Lauren,27,ES,Хобби,Intermediate,90,0
909d4574-7ba9-4878-a11a-7b001e0d6f19,2026-04-21 04:50:51,David,42,ES,Хобби,Beginner,60,0
8f600230-6756-49c5-9795-d5a895677c98,2026-05-30 23:35:51,Nicole,46,IT,Для путешествий,Elementary,120,0
248c2f81-d6be-442e-b610-b62b789f02d5,2026-04-13 18:13:51,Julia,37,DE,Для учебы,Beginner,30,0
56e9be62-ac34-4389-a0ea-be98fc0a9941,2026-04-04 06:19:51,Linda,50,BR,Для работы,Intermediate,120,0
b5f61f45-344d-4f2d-b825-83de23c06ccd,2026-05-22 19:28:51,Melissa,52,BR,Для учебы,Advanced,10,0
f73a6e7d-67ed-482f-be5f-3e9fb35c5d09,2026-05-22 13:00:51,Kelly,42,RU,Для учебы,Elementary,10,0
e9175246-7086-4a83-97df-6434be365e30,2026-03-25 07:43:51,Jeremy,17,BR,Для учебы,Beginner,90,0
079da692-36c6-4bc5-a44c-05e60862b6f2,2026-03-19 18:01:51,Rachel,33,RU,Для работы,Beginner,10,1
5adc6223-5f06-4192-848e-f6c71f1472c7,2026-04-09 08:55:51,Mark,47,ES,Для работы,Intermediate,30,1
eab460cf-7698-4529-90e1-b86b6ee5eab8,2026-05-25 08:15:51,Brittany,24,US,Хобби,Elementary,5,0
f44d7bf3-c427-49ab-8b99-20ec04f5f253,2026-05-10 22:12:51,Matthew,52,DE,Для работы,Elementary,20,0
2235e0d0-bde7-4a06-b672-5017e7373e5c,2026-05-06 09:53:51,Barbara,41,US,Для работы,Intermediate,90,0
0bbe921a-afd1-4638-b403-ce60af039c03,2026-03-24 12:03:51,Amanda,40,FR,Для работы,Advanced,120,1
d5dd9df3-53f9-4257-b673-7e0b3e443608,2026-04-16 17:49:51,Carolyn,17,IT,Для работы,Intermediate,10,0
d4a21d56-ca63-4a15-80ea-d2eaffa1816b,2026-03-29 12:03:51,Alyssa,17,ES,Для учебы,Beginner,15,0
04a324f7-d1f3-4600-91be-f3143f09a16a,2026-05-06 12:45:51,Nicholas,28,US,Для учебы,Elementary,15,0
96ce0808-c5e5-4373-8e89-ef0bc10f16f4,2026-05-23 06:39:51,Cynthia,36,FR,Хобби,Beginner,20,0
3277d409-4690-4fed-9f60-1ca811eddceb,2026-03-29 22:03:51,Brian,35,ES,Хобби,Elementary,30,1
af326f24-5b70-4c52-9243-d91c2de0eb1f,2026-06-02 06:30:51,Savannah,48,BR,Для работы,Elementary,60,0
6ececd2b-32b3-4782-90bd-d2109b8ee49a,2026-03-29 13:56:51,Kevin,34,US,Для путешествий,Beginner,120,0
969ca33d-711d-4249-a6c3-d77199f29eeb,2026-05-23 05:21:51,Tina,16,US,Для работы,Elementary,90,0
f0417314-5c54-4440-b1ea-5c29e6d354f6,2026-05-11 13:57:51,Daniel,22,RU,Для путешествий,Beginner,5,0
92a3aefe-a3fb-40eb-bc62-e2795d7160da,2026-03-23 12:36:51,Brandon,19,IT,Для путешествий,Elementary,90,0
ae81d5bc-dc05-4454-8c4e-a6a040e25520,2026-04-15 06:51:51,Veronica,21,FR,Хобби,Advanced,120,0
6b06b228-1786-4505-8d40-7e44f62bde27,2026-03-31 20:05:51,Raymond,42,DE,Для работы,Intermediate,45,0
8bc12446-cbb1-4df1-a4ce-2a17f57fbce6,2026-03-25 20:07:51,Ian,39,FR,Хобби,Elementary,60,0
796bde8a-a956-4429-9dc1-f31abe0fea3d,2026-05-13 07:46:51,Matthew,47,RU,Для работы,Elementary,45,0
f83067cb-54ad-4acf-a7c1-9d4b5746b07b,2026-03-07 06:03:51,Alejandra,31,FR,Хобби,Beginner,15,0
bf579df6-ab4d-47fe-a2d6-5ead1eb820eb,2026-04-06 17:04:51,David,30,US,Хобби,Advanced,45,0
e6f4cfd8-93ea-460f-9e23-ab517bcb928c,2026-04-08 21:58:51,Joel,46,IT,Для работы,Elementary,5,0
7edcf668-e246-497a-b140-1d5634ef54f3,2026-04-06 18:21:51,Jessica,24,BR,Для работы,Elementary,10,0
ad0b5415-4fad-4a6d-98ba-0ad91fdcd7b7,2026-05-12 05:03:51,Sarah,47,IT,Для работы,Intermediate,45,1
66365977-b491-4791-b024-d545f47dcb19,2026-05-19 01:22:51,Julia,40,US,Для путешествий,Advanced,45,0
08e0ff10-5168-483b-93e7-f839068ce155,2026-03-17 13:58:51,Kimberly,44,US,Для путешествий,Advanced,10,0
529b2382-6c09-43ab-b4c1-df0cba4f5733,2026-05-11 23:56:51,Laurie,54,US,Для путешествий,Elementary,15,0
d9cf71e4-c706-47ff-b10f-8140d67159cf,2026-03-31 06:08:51,Rodney,20,DE,Для учебы,Intermediate,60,0
a4058eb0-8124-4a14-a659-1832581dd746,2026-05-04 05:43:51,Jessica,27,RU,Для учебы,Intermediate,90,0
e43158bc-41f4-4751-ad4c-e49b78518b2e,2026-04-16 07:48:51,Summer,38,FR,Для путешествий,Advanced,90,0
f07450cb-21bd-4d7b-8f9e-098188e1cd17,2026-05-31 20:12:51,Stephen,18,RU,Для путешествий,Intermediate,20,1
50e0beb1-e92b-42d9-a0ac-4872eac23542,2026-03-09 16:57:51,Mackenzie,23,IT,Для работы,Intermediate,20,0
d195862c-694d-490b-b742-5445cd4fdb7b,2026-03-14 15:56:51,Brittany,42,FR,Для работы,Intermediate,10,0
05df5e3f-38db-40d7-8be0-fb03271d4634,2026-04-24 17:58:51,Timothy,22,FR,Для путешествий,Beginner,120,0
23521614-534d-4e72-b6ca-2f93966e7e2a,2026-03-12 07:29:51,Diana,38,IT,Хобби,Intermediate,15,0
147d02f7-bdf2-418e-8284-9bcda6d9bf6d,2026-05-05 13:32:51,Rebecca,38,FR,Для учебы,Intermediate,120,0
ab2d4533-bbda-4688-a980-2be6493c3968,2026-04-20 19:49:51,Brandon,30,DE,Для работы,Intermediate,10,1
57e5db78-6cd4-4d07-b50e-db6c68d5af87,2026-05-18 22:14:51,Troy,40,ES,Для путешествий,Advanced,60,0
b48e06d4-460d-4826-9a15-48d1a7f5dacd,2026-04-18 05:16:51,Kelsey,39,IT,Для работы,Elementary,5,0
ebdce37e-0429-43e0-bda7-dbf5e361ee4e,2026-04-25 15:36:51,Amanda,47,IT,Для путешествий,Beginner,20,0
21e10c97-0d75-4ac9-9099-c32a338f5605,2026-04-01 11:25:51,Bonnie,29,RU,Для работы,Beginner,90,0
1e1b3b88-fa98-4d4d-9763-8c330508ffff,2026-04-11 23:21:51,Danielle,17,FR,Для путешествий,Elementary,45,0
9c183723-5a32-4c4e-bb16-6fd1f5388bf6,2026-04-29 08:03:51,Joel,24,FR,Для работы,Beginner,30,1
028f9fc0-739c-49b8-9889-fd508fe5853c,2026-03-24 16:44:51,Cynthia,16,FR,Для работы,Beginner,5,0
3c0b34de-0cac-4bad-8985-d72b2dbf81e6,2026-04-23 12:34:51,Stephanie,24,BR,Для путешествий,Advanced,120,0
5240e6a0-fd7a-47be-b07c-463ac4d0a246,2026-03-26 09:18:51,Michael,51,BR,Для учебы,Intermediate,15,1
2fae7e2a-ddc4-45da-96b4-86da7bf5f2bb,2026-05-18 14:16:51,Bruce,30,US,Для путешествий,Advanced,15,0
ac804a58-5d3f-4bdd-ae97-5c9636f0bd83,2026-04-19 09:40:51,Sean,41,RU,Для работы,Intermediate,30,0
d2f38db9-a0db-427d-be89-5d4df93a58ca,2026-04-01 07:21:51,Jonathan,40,FR,Для работы,Elementary,10,0
b47cd8bc-821e-49f8-8f36-9bfed6f25d8f,2026-04-07 02:57:51,Riley,26,FR,Для работы,Beginner,90,0
744e6327-e99e-4a4b-8160-d21549346c16,2026-03-23 14:50:51,Daniel,23,ES,Для путешествий,Elementary,120,0
fb43dc7f-1ad6-42e5-9b0c-69d370990455,2026-05-18 19:28:51,Derek,31,RU,Для путешествий,Intermediate,15,0
6150ecc5-065d-4ebf-b137-2f3fbe930c82,2026-05-12 08:23:51,Charles,50,ES,Хобби,Intermediate,20,0
692ff993-7710-473d-bce0-ee34c9e2877b,2026-03-10 14:20:51,Emily,29,US,Хобби,Intermediate,30,0
3e2d54bd-9b9d-4fc0-91a2-ef941265cc34,2026-04-08 13:18:51,Gabriel,17,FR,Для путешествий,Advanced,90,0
86f7d7f0-4103-4a18-a84b-bbad29bcc02e,2026-03-11 03:19:51,Danielle,30,ES,Хобби,Advanced,120,0
5acd9e04-705b-4693-ae15-dd5780b66ff1,2026-05-22 02:31:51,Austin,50,IT,Для работы,Beginner,20,0
0954574c-1382-457b-8a6f-5cfa0f79caf0,2026-04-28 13:09:51,Justin,39,DE,Для учебы,Beginner,30,1
edf8a6e0-19e7-4996-a75b-365d57310b65,2026-05-31 05:17:51,Ryan,35,ES,Для учебы,Intermediate,10,0
c1bb081d-b8b1-48de-8089-caf2a43cf47d,2026-03-30 00:47:51,April,50,FR,Хобби,Beginner,60,0
0b7fffcd-3401-49d0-9300-8b7d9cf8f37d,2026-05-31 09:53:51,Steven,30,IT,Хобби,Beginner,45,0
94096a6a-175f-463d-8186-21e1eaf9793d,2026-05-16 16:48:51,Thomas,23,US,Хобби,Advanced,30,0
c512a3ad-2ca6-4764-904d-c1561197b24c,2026-03-24 13:40:51,Ian,46,DE,Для учебы,Advanced,5,0
c59c0e78-2a99-4519-9b06-79f818786784,2026-04-08 10:12:51,Andrea,23,US,Для работы,Advanced,60,0
1322817c-c842-4ce6-820e-86773fa0571a,2026-04-15 05:35:51,Nathan,26,US,Хобби,Elementary,120,0
aea3574c-c534-4eef-b794-4dd7c7267c6f,2026-04-04 18:44:51,Amber,36,IT,Для работы,Intermediate,30,0
f90a6421-d705-4f1e-b3e0-240b5276da91,2026-04-02 09:40:51,Dennis,20,FR,Для работы,Advanced,30,0
f73d2a50-d811-4b68-b17a-b85ff2816071,2026-05-22 11:37:51,Jeffrey,18,RU,Хобби,Beginner,45,0
543a1d57-d2f4-468c-ac08-830eec15b291,2026-04-16 23:08:51,Darrell,18,RU,Для работы,Beginner,120,0
29b1d73f-6918-40e0-ad64-32a096061107,2026-04-10 20:59:51,Kristi,28,FR,Хобби,Intermediate,90,0
753ddbe3-2a8d-45c4-a6e7-6928ab2f6624,2026-04-22 20:14:51,Darlene,38,US,Для учебы,Intermediate,45,1
98e8b74d-4023-4943-bc7d-2037faf749ea,2026-05-22 15:48:51,Franklin,17,FR,Для учебы,Intermediate,10,0
10832dfd-4163-4678-8ab4-1dcd86b5ee95,2026-04-28 22:44:51,Alicia,40,FR,Для учебы,Intermediate,20,0
e1e5a612-ebe3-4cd1-9d39-5b2285f034d4,2026-05-27 20:43:51,Douglas,18,US,Хобби,Elementary,60,0
a82f6dd0-dcae-47a2-9960-4a275e6b52bb,2026-03-18 20:59:51,Sharon,36,BR,Для путешествий,Elementary,15,0
b1c8d798-33ef-4ee9-865d-b0f14ce3082b,2026-05-17 12:01:51,Michael,27,RU,Для путешествий,Intermediate,120,1
d472eb69-c9d2-4bd9-b728-928dc5f2ec2c,2026-04-18 17:06:51,Olivia,27,RU,Для путешествий,Elementary,120,0
e799b7a6-9322-4cf7-94e0-b79f9c254979,2026-03-22 19:20:51,Mark,47,FR,Хобби,Elementary,10,0
c5adfca3-b16e-4a24-b2ce-7c755060de69,2026-03-21 22:02:51,Bruce,33,ES,Для путешествий,Beginner,45,0
678e49fa-a855-48a8-956d-829f5f81bac1,2026-05-23 17:56:51,John,41,ES,Хобби,Elementary,10,0
1c3a0862-ec70-4daa-ba00-63d4c0f9b3c6,2026-03-20 18:27:51,Jenny,30,FR,Для работы,Advanced,20,0
4c5d5407-5e76-409d-a2c1-647aa90a3bcf,2026-05-22 11:13:51,Chris,42,US,Для путешествий,Intermediate,45,0
c9435387-4caf-4e7a-8d44-540bffe5ffb3,2026-04-14 06:31:51,Heidi,25,IT,Для путешествий,Advanced,90,0
a8eb8500-43a9-4478-aa27-b3694b5ad0ac,2026-05-27 06:42:51,Shane,28,RU,Для путешествий,Intermediate,15,0
65ab49bf-147a-4607-9fa3-a601b3eb6c6f,2026-05-29 12:51:51,Brian,38,ES,Хобби,Beginner,45,0
826be6e1-542e-41f7-a9b6-748d01202ba6,2026-04-18 06:39:51,Dalton,53,DE,Для учебы,Beginner,5,0
018172f4-1a81-4bf8-ac7b-e3371dcbf145,2026-03-09 00:37:51,Sandra,47,BR,Для путешествий,Beginner,15,0
e0942a18-59db-4a37-acf6-0bcd136c4c52,2026-03-16 02:19:51,Lisa,55,DE,Хобби,Beginner,20,0
a48b2ea6-9060-4726-a8d9-fd47ba609978,2026-05-02 19:45:51,Brian,32,DE,Для путешествий,Advanced,60,0
3ed4d3b8-f363-4f9d-8dee-09d3b7094010,2026-03-23 21:18:51,Katelyn,51,ES,Для работы,Advanced,45,0
9c793530-0aed-49da-a519-b56fff2ac0a6,2026-05-02 16:43:51,Kathleen,28,BR,Для путешествий,Elementary,90,0
e6662b21-3275-45e2-808a-1ab5d04af104,2026-04-21 20:47:51,William,55,ES,Хобби,Intermediate,30,0
f2802bf8-5cbf-4940-8d24-ab68d67ee0e3,2026-05-23 07:11:51,Joshua,55,BR,Хобби,Elementary,15,0
0109a3e8-1492-4fb3-962e-8b217c3ff6cd,2026-04-24 08:32:51,Desiree,54,RU,Для путешествий,Beginner,5,0
5fd1d5fd-5569-4dea-b7d1-a10517590c20,2026-04-10 19:27:51,Nicholas,31,DE,Для путешествий,Elementary,90,0
37334d34-8820-4279-ab07-b8e1fd0574c1,2026-05-10 04:33:51,Denise,45,RU,Для путешествий,Beginner,5,0
9e5cbbeb-fddb-4f73-a85b-6efdc58dc9c0,2026-03-05 23:51:51,Michael,42,DE,Для учебы,Intermediate,10,0
846a6216-b877-423f-b3d9-cb413b04d31f,2026-05-07 03:43:51,Anthony,18,ES,Для учебы,Elementary,30,0
c318a704-8b44-45f5-9675-8c62a356ff0b,2026-06-01 08:40:51,Jerry,53,RU,Для путешествий,Intermediate,45,0
fbed4c9c-3a06-4d3f-94bc-34ba111d8e92,2026-04-12 06:26:51,Roy,53,BR,Для путешествий,Advanced,10,0
5c7498ad-f7e2-4cbf-b8c0-a07a96185ba8,2026-05-12 02:36:51,Alyssa,38,IT,Для работы,Elementary,10,0
a098eb67-80aa-47b9-94dd-3263d8f78bb3,2026-04-12 06:44:51,Brian,51,FR,Для учебы,Intermediate,20,1
c31e99a8-23dc-41e3-a891-97bd1ebf8ec0,2026-03-09 00:23:51,Allen,21,US,Хобби,Beginner,45,0
3cdac06b-f037-402b-95d1-7897005fad81,2026-03-23 18:39:51,Brian,46,DE,Для работы,Elementary,30,0
d640b947-8383-4f59-9f63-8be67073f6b2,2026-03-25 22:06:51,Bernard,36,BR,Для учебы,Beginner,90,0
f90bb27c-5295-461e-acce-a4a8bd1c33fa,2026-04-21 15:12:51,Olivia,30,FR,Для работы,Beginner,30,1
0672d14c-9667-4781-b855-134a48ca4ad2,2026-05-29 13:40:51,David,24,DE,Для учебы,Beginner,60,0
556ac3e7-c068-4fc3-b375-7fae3e9e0531,2026-05-17 04:53:51,April,21,FR,Для учебы,Beginner,90,0
2ffbc72d-c4a0-4b41-b2f7-00e28ff87955,2026-04-19 07:54:51,Samantha,25,FR,Хобби,Advanced,120,0
d174aa49-a2d9-4b51-a86f-317500042ae2,2026-03-18 08:29:51,Timothy,40,IT,Хобби,Beginner,20,0
6baa847c-dc6f-477f-93bf-a1637268c27e,2026-04-02 19:11:51,Judy,39,FR,Для учебы,Intermediate,10,0
82a96eab-8a6a-4eb1-80b7-23753aef84dc,2026-04-22 07:42:51,Andrea,34,RU,Хобби,Advanced,60,0
f91b8710-7380-4878-adfc-0b343965b934,2026-03-08 09:11:51,Kristin,23,US,Хобби,Intermediate,120,1
4d30006e-69b1-456d-8134-748906bb40e9,2026-03-12 07:16:51,Natalie,32,ES,Для учебы,Intermediate,10,1
0f64ba0e-f932-4d95-ad53-1b2d5614bc9f,2026-05-12 15:33:51,Ashley,53,US,Для путешествий,Elementary,90,1
e4913254-2a1d-438b-bac9-16cca357875c,2026-03-19 01:18:51,Allison,48,IT,Для учебы,Intermediate,45,0
fc52e79e-221a-479c-b55d-9c127daa501f,2026-03-19 04:46:51,Jeff,45,IT,Для учебы,Elementary,45,0
cfc6c7ce-38a6-4d43-86f4-bb18ba96b845,2026-04-20 19:25:51,Laura,31,IT,Для путешествий,Beginner,20,0
84e6312e-f5b6-48a0-9718-d1d9d0101f69,2026-03-14 22:08:51,Elizabeth,18,US,Для учебы,Intermediate,10,0
0412075b-e133-4f9f-be40-f35de7d0b000,2026-03-20 23:39:51,Michael,40,IT,Для работы,Intermediate,15,0
256b5bcd-8b52-4645-99fb-063be2936f22,2026-03-29 09:36:51,Jonathan,31,IT,Для учебы,Elementary,15,0
8a832204-1a8e-437c-a45e-6758b6f014ba,2026-05-04 14:00:51,Barbara,17,IT,Для учебы,Advanced,90,1
4b302fdd-10d2-4b44-8519-12848cb7a578,2026-03-18 13:22:51,Alexander,46,US,Для путешествий,Intermediate,90,1
0db51967-d7d4-405f-a3f6-81f94d34b103,2026-03-24 09:33:51,Catherine,30,FR,Для учебы,Beginner,5,0
fad686c6-880a-4d82-aa00-ff27275bd895,2026-05-25 09:34:51,Michael,46,DE,Для работы,Beginner,15,0
1fa6be9f-dc93-44a9-9bb9-34ffd3e2b1e3,2026-04-23 10:22:51,Tracy,19,IT,Для учебы,Intermediate,10,0
3755838c-5585-4460-8343-c1a865d977e3,2026-05-20 16:09:51,Luis,55,BR,Хобби,Intermediate,20,0
b43b9d37-59bb-4320-9f5e-5734075e061d,2026-04-22 22:19:51,Cindy,28,BR,Хобби,Intermediate,60,0
e330fa99-90c8-48b9-b449-8bedfa0551f3,2026-03-25 14:28:51,Alejandro,24,BR,Для путешествий,Beginner,15,0
b8606b94-24cc-4880-9854-ef87078ab6e7,2026-05-22 08:12:51,Kenneth,26,BR,Хобби,Beginner,90,0
05c70de0-9e33-4c92-ae16-6ba1100109fc,2026-05-30 21:21:51,Abigail,53,RU,Для работы,Advanced,90,1
05af575d-a4f9-45e3-872e-7d2240168046,2026-03-15 20:07:51,Marcia,54,BR,Хобби,Intermediate,90,0
f0262732-63a3-42e0-96fa-c8465627ff8f,2026-05-18 00:26:51,Maxwell,50,ES,Для работы,Beginner,45,0
fcb1c6a0-a2da-4d6a-870f-fa61ef39391b,2026-05-30 18:23:51,Anthony,43,FR,Для работы,Elementary,10,0
4e711829-1a98-4add-ac20-a06171c8bdfa,2026-04-22 14:57:51,Crystal,28,ES,Хобби,Beginner,5,0
61e45fa9-1ac0-434f-b880-62b8fa076564,2026-03-20 20:06:51,Tiffany,38,IT,Для учебы,Advanced,20,0
7567866c-fc1e-4b5d-b49b-3b03f8370b07,2026-05-09 12:48:51,Brian,48,ES,Хобби,Elementary,30,0
69d68519-43bc-4249-9aba-d20a770e73ff,2026-04-02 23:00:51,Alan,32,ES,Для работы,Advanced,45,0
2d357444-bbb0-44c5-9e5e-24803343c5c6,2026-05-25 01:01:51,Rachel,21,DE,Хобби,Intermediate,10,0
aeea35b9-7a4e-4db1-9919-9a1bba3b4507,2026-05-26 20:58:51,David,52,US,Для работы,Advanced,30,0
d859ca2d-27bd-43f1-951f-fade603c2605,2026-03-21 20:50:51,Erin,38,RU,Для учебы,Beginner,90,0
7fb3ba98-33c2-4e06-b47d-a78a152bd61f,2026-04-19 13:35:51,Gary,19,ES,Хобби,Advanced,30,1
9230455a-23d7-41f1-8e1f-9d1994f7dd1e,2026-03-12 20:28:51,Cameron,47,FR,Для путешествий,Intermediate,30,0
c87f4477-a8dc-4a8b-967b-643dd07ee625,2026-06-02 05:34:51,Anna,43,DE,Хобби,Intermediate,45,1
cd58ee70-2b91-4152-bd89-17378dafe6bb,2026-04-04 13:28:51,Patrick,54,ES,Для работы,Beginner,90,1
03803f5d-1bb7-4816-9f9d-e11d32f3426a,2026-03-23 07:38:51,Tyler,44,FR,Для путешествий,Advanced,45,1
bb2822f8-68fb-46d4-b9ad-38087d5d32cf,2026-04-05 00:25:51,Ruben,37,ES,Для путешествий,Elementary,10,0
777dd9c8-2ae7-43c9-8f55-a19c7816ab4d,2026-05-24 17:40:51,Corey,31,RU,Для путешествий,Intermediate,45,0
c6e6a4b0-708c-4301-9cce-a324bfcd0eaa,2026-05-21 16:40:51,Jacob,44,US,Для учебы,Advanced,5,1
9388ca72-bdc0-482d-b603-8b6aa5398b22,2026-03-05 19:37:51,Michelle,50,BR,Для путешествий,Advanced,120,0
8e36d358-1936-4f13-ad2b-c42e4a0b7ee0,2026-05-20 06:35:51,Shelia,21,DE,Для работы,Advanced,60,0
994d55fa-06c2-46ad-92ec-d240ec05c0ba,2026-04-12 07:51:51,Brian,19,DE,Для работы,Elementary,15,0
d3b4ce59-9928-47ea-b03f-7e13a2536e5d,2026-05-09 11:57:51,Jean,46,BR,Для учебы,Advanced,120,0
652279a2-6a4d-4ea6-a133-0c0989883ad5,2026-05-24 09:34:51,Andrew,39,RU,Для работы,Elementary,15,0
8885e889-69db-44a7-8415-42e1d128f7bb,2026-05-21 04:42:51,Brittany,45,RU,Для работы,Advanced,5,0
4a20ac07-57d3-4971-b627-d242821ef43b,2026-03-06 16:58:51,Jacob,16,BR,Для путешествий,Elementary,10,0
16c17926-93fc-4231-bde8-b62149a0e822,2026-03-30 02:17:51,Kathryn,24,BR,Для работы,Beginner,10,0
03aaacb8-910a-4665-9bef-b59d6a1be3cf,2026-04-09 17:49:51,Gina,30,IT,Для путешествий,Intermediate,30,0
1122f7b6-62b5-4af2-8cfc-7d03a9b572ef,2026-03-19 15:25:51,Jason,40,FR,Хобби,Beginner,10,0
24bdf1db-67f1-4f08-91b0-81ff61f16ece,2026-03-25 12:57:51,Megan,40,FR,Хобби,Intermediate,45,0
ccf5e6f8-940f-4362-b0b8-34bb8fff3f11,2026-03-07 20:43:51,Sarah,17,IT,Для путешествий,Advanced,120,0
96bf3224-8ec1-4fb6-a1b9-ca07f0351d0a,2026-04-18 02:22:51,Marc,46,ES,Для работы,Advanced,120,0
8a85d9a5-66ca-4972-918f-00bf0d6f7976,2026-04-21 04:07:51,Linda,30,FR,Для учебы,Elementary,60,0
f7d197ab-2149-442b-8e22-7650223bf7ef,2026-05-17 02:43:51,Robert,18,IT,Для работы,Intermediate,30,0
bb149033-da76-4f8b-b75c-c29591cab06e,2026-05-02 01:40:51,Charles,47,DE,Для путешествий,Intermediate,90,1
85f01b92-4fb3-4207-bfc0-c4520a25db31,2026-04-08 23:21:51,John,28,US,Для работы,Beginner,5,0
5feb3da3-48ee-41e3-bd74-a15fe098f02d,2026-04-22 15:08:51,Susan,37,ES,Хобби,Beginner,90,1
c269e8a4-47ab-449c-ad23-b82e417ba538,2026-03-30 19:04:51,Andrew,52,US,Хобби,Beginner,15,0
8e1a6c18-d545-4026-aaec-b272fb20d8b8,2026-03-16 20:26:51,Donald,31,DE,Хобби,Advanced,120,0
4823d873-dd77-44e0-b948-bab87865d2f8,2026-05-19 01:22:51,Rebecca,41,US,Для работы,Beginner,90,0
d91eb328-d5b5-465c-a3a0-61efb2fc0e7d,2026-03-14 10:45:51,Jason,24,RU,Для учебы,Intermediate,60,0
24176fd0-1159-49d8-b870-509464e1fdd8,2026-05-30 03:55:51,Alexander,39,BR,Для учебы,Advanced,60,0
fccece28-18d3-4c95-841e-0b76fcbcaab3,2026-03-04 13:45:51,Dana,39,RU,Для учебы,Advanced,20,0
171ca2ea-56b9-4d0d-b726-56c9f13e78a1,2026-04-22 03:39:51,Patrick,32,BR,Для учебы,Beginner,60,0
78cbcd2c-2c2a-4305-aaf9-216fe54884e7,2026-03-09 18:50:51,Angela,19,ES,Для учебы,Intermediate,15,1
82b481f1-fcca-48ed-ae7d-f889e697fd77,2026-04-30 02:18:51,Caitlin,37,FR,Для путешествий,Intermediate,90,0
58916ce4-1fb8-4f32-8e6a-08a6cfe7b95f,2026-05-28 02:55:51,Doris,17,BR,Для работы,Elementary,10,0
b307d936-5e65-4b14-82cd-7e37c603a021,2026-04-14 23:30:51,Melissa,34,ES,Для работы,Elementary,15,0
9bfc56b2-b8ea-4d7d-9b5b-4e50c8ab64ed,2026-04-24 10:07:51,Nicole,24,RU,Хобби,Elementary,120,0
239f7bd5-2fa8-460b-855a-68b225d1ee65,2026-03-10 13:13:51,Rebecca,33,BR,Для путешествий,Advanced,60,0
9922c004-29e8-45b4-b89d-3fe964a3d667,2026-05-13 20:28:51,Erika,43,ES,Хобби,Advanced,10,0
e7febced-3253-4319-ad95-03cc7507f209,2026-03-06 06:43:51,William,48,IT,Для учебы,Advanced,15,0
9416663d-b618-4ea6-b011-8bec20bc7907,2026-03-22 09:58:51,Stanley,43,BR,Для учебы,Intermediate,45,0
c2d94d90-de3c-4cb3-927e-ece84d779b79,2026-04-18 10:35:51,Blake,25,BR,Для путешествий,Elementary,120,0
f31ed2e6-2c50-44eb-8fa1-057d0a901ecf,2026-05-25 02:14:51,Barry,38,ES,Для путешествий,Intermediate,30,0
dbad6d32-47f5-4f7f-ba84-32fc044d564e,2026-04-28 02:09:51,Evan,20,US,Хобби,Elementary,90,0
bf086b29-6cd5-4f29-ad2a-c4f1ab9d52a9,2026-03-28 16:14:51,Ryan,35,US,Хобби,Beginner,5,0
26baef81-7054-4c75-abf4-61ae4b9a6f36,2026-04-05 16:05:51,Samuel,41,US,Хобби,Intermediate,10,1
1edeb693-88d5-4d01-9d89-492cbbc5d389,2026-04-01 20:41:51,Mary,48,DE,Хобби,Intermediate,90,0
98044f01-991e-4266-a968-917cceb6e945,2026-06-01 03:40:51,Jennifer,35,FR,Для работы,Beginner,15,0
9bceecaa-7ea2-4b39-9726-bdf23d21c7aa,2026-04-19 19:03:51,Laura,45,ES,Для путешествий,Elementary,5,0
17ef4399-1af0-47e0-8fd9-056a839139cf,2026-05-24 20:55:51,Randall,31,ES,Для учебы,Advanced,10,0
3c4ca666-906f-45f0-b4a3-1a82ebdf29e5,2026-03-27 04:19:51,Jeffrey,44,FR,Хобби,Beginner,60,0
01be436a-b823-4993-b5a6-beff5b67cc7c,2026-03-19 21:38:51,Jimmy,39,US,Хобби,Elementary,120,1
f10e28dc-4948-4fe8-850f-b12b93a794f0,2026-06-01 06:49:51,Tammy,38,IT,Для учебы,Elementary,20,0
00ee18f9-4586-4e7a-8f41-93ce8af1b4e9,2026-04-12 11:57:51,Kara,37,DE,Для учебы,Beginner,10,0
9906cd8f-c087-4909-b9db-a5052aa2e07d,2026-05-27 11:11:51,Brittney,27,FR,Для работы,Advanced,45,0
3409eaee-74e7-4719-b83d-5537845564cb,2026-06-01 20:28:51,Jessica,44,BR,Для путешествий,Advanced,5,0
03d1fe77-7d9b-451c-859b-2a3eca229de5,2026-05-31 23:25:51,Jeremy,29,IT,Для учебы,Intermediate,20,0
b22a7cb4-4ba8-42ba-8e7c-1ce98aa24ffc,2026-05-25 08:19:51,Angela,45,RU,Для путешествий,Beginner,30,0
21e7dd83-8942-4acc-8aaa-4c3975a794fc,2026-05-17 16:21:51,Gregory,41,IT,Для путешествий,Beginner,5,0
0bfe544a-8a17-4480-b091-cda2215b5d5e,2026-05-11 17:45:51,Danielle,20,US,Для учебы,Advanced,120,0
6ad846d4-84f4-4c43-adf3-d2b3a0bbc2a4,2026-04-22 20:37:51,Janet,31,DE,Для работы,Advanced,5,0
f85dd26f-13cf-4371-b395-b13ade94d4d3,2026-05-04 19:17:51,Angela,29,RU,Для работы,Intermediate,120,1
0d569a27-8cc5-42fa-8d7f-86306f425aa1,2026-04-27 17:19:51,Scott,47,FR,Для работы,Elementary,15,1
62958991-1b26-4265-94d7-268c6e61650c,2026-05-08 05:11:51,Joseph,17,DE,Хобби,Elementary,120,1
b7682ba2-609b-4dba-9c48-fa8186866f01,2026-05-06 04:34:51,Carly,21,FR,Для учебы,Advanced,90,0
7716d22f-9ad7-4e9d-908c-d49e751e3750,2026-04-14 11:13:51,Bruce,46,FR,Для путешествий,Advanced,5,0
14cdd736-2aa2-4052-828f-1a575ba0ecbe,2026-05-25 00:12:51,Jennifer,20,IT,Для работы,Advanced,45,0
8af3b39b-f430-457c-99b5-6094e937e762,2026-04-19 18:10:51,Paul,29,DE,Хобби,Intermediate,10,0
74f554f8-6d67-4551-aa86-446610286cc8,2026-04-07 22:59:51,Eric,29,RU,Для путешествий,Intermediate,15,1
2f9c6924-ee1d-4d66-8e29-959569c4444e,2026-03-22 22:31:51,Kenneth,40,US,Хобби,Advanced,30,0
5bea64cd-31b2-4d9a-a74c-daf17bddc596,2026-05-02 08:12:51,Andrew,48,BR,Для учебы,Beginner,120,0
20afe1ef-cf44-4cda-94b7-b6d438ecb45d,2026-03-07 05:41:51,Gail,28,ES,Для путешествий,Elementary,45,0
61850f9d-9042-47c9-aa23-d5c8ee208bd4,2026-04-07 01:13:51,Andrew,47,DE,Для работы,Elementary,120,0
a26868b6-3dc2-4da8-a14d-56b2d77670b9,2026-05-28 05:44:51,Richard,52,ES,Хобби,Intermediate,20,0
1db5fb70-8182-41bc-964c-3d2d95047360,2026-03-27 08:56:51,Tamara,18,ES,Для учебы,Beginner,60,0
47878895-974c-456d-8396-12d0121fa08a,2026-04-04 04:59:51,Gabriela,18,ES,Для работы,Advanced,60,1
d75e3c71-a04c-4ea7-b7b1-cb529aae25ab,2026-03-19 17:15:51,Regina,43,BR,Для учебы,Advanced,5,0
cf571400-729b-4d64-8262-1bbd3c3ada66,2026-03-27 16:26:51,Jesse,26,IT,Хобби,Elementary,60,0
745aaf8d-3568-479c-ba0e-14da1730c65e,2026-04-24 19:56:51,Julie,44,FR,Для путешествий,Beginner,10,0
bd38c13e-75b7-4004-a1fc-0174b26065ff,2026-04-22 21:12:51,Chelsea,18,FR,Для учебы,Elementary,10,0
297a813d-ea52-4d34-921a-6f0e3de3f9f7,2026-03-10 20:38:51,Zachary,42,ES,Хобби,Beginner,5,0
460782be-a037-4446-b407-39b24ec0ca9f,2026-03-07 06:49:51,Larry,36,ES,Хобби,Advanced,5,0
2dc9f73b-bc02-4439-a7a6-b2926e93cc09,2026-03-20 19:26:51,Alexandra,34,RU,Для работы,Beginner,90,0
dc170bc1-f6ff-4b76-bc01-ef3c7d14f2be,2026-03-29 21:45:51,James,21,IT,Для учебы,Advanced,90,0
44fa65cc-2158-4c4f-adf0-5f5309470fda,2026-04-30 00:40:51,Jessica,34,ES,Хобби,Intermediate,5,0
5a729032-d09a-429a-8185-efe36a0c1f58,2026-04-09 10:40:51,Sarah,33,IT,Для работы,Intermediate,20,0
86e1f7fd-c50b-496e-b00b-75b4d3227d16,2026-04-12 11:05:51,Jeffrey,54,BR,Для путешествий,Intermediate,20,0
42383eaf-c799-46da-9a6a-c726d9ae434b,2026-04-17 10:16:51,Michael,27,ES,Хобби,Advanced,5,0
68cac869-8e7c-4874-9eab-28320c0ab0a7,2026-05-20 13:26:51,Jamie,52,ES,Для работы,Intermediate,45,0
ef989579-57b5-49c5-b6c0-3c6f447d4ddd,2026-03-14 13:11:51,Jennifer,51,ES,Для учебы,Intermediate,120,0
dbf285c5-af3b-451f-a07c-a1265f95c4cf,2026-04-28 02:24:51,Michelle,16,IT,Хобби,Beginner,45,0
ef15de69-2863-4441-8fd6-918a916d175c,2026-05-22 02:20:51,Stephanie,37,ES,Хобби,Advanced,15,1
f001acfe-d70c-4f36-b45b-a648335ee1d5,2026-03-10 12:33:51,Erin,47,BR,Для работы,Elementary,20,0
78e72b23-db07-4a52-81ae-b50cc2c1230b,2026-05-02 15:03:51,Bryan,45,DE,Хобби,Beginner,15,0
f22986c8-acf2-48ae-a427-85e5f2d5ab88,2026-05-30 12:40:51,James,17,FR,Для путешествий,Advanced,10,0
49a5bd33-4a68-4a2b-b187-941525797f4c,2026-04-08 20:50:51,Glen,36,ES,Для работы,Beginner,45,1
28a8aa6b-9935-40a4-82e0-f182598bd9a0,2026-05-27 15:23:51,Angela,46,IT,Для путешествий,Beginner,30,0
3173c90e-8be0-4498-b4b9-f8dcaa9b172d,2026-04-10 07:37:51,Christopher,26,RU,Для работы,Intermediate,20,0
3cc6876b-427f-46a6-921b-03210c2ecf10,2026-03-31 21:01:51,David,32,ES,Для учебы,Beginner,90,0
6c9bfe8c-5d8c-4d0b-a405-5348163af03f,2026-04-06 16:43:51,Cynthia,36,FR,Для работы,Advanced,90,0
c2f4c8b8-1a24-4655-9231-9d6e6d89472c,2026-03-19 09:20:51,Amanda,39,BR,Для путешествий,Advanced,5,0
715279de-65a5-4c44-991d-e19e0859fca9,2026-05-23 11:26:51,Phillip,23,RU,Для работы,Beginner,60,0
1ab849e7-7f42-4b8a-99b1-3a7e13571800,2026-03-27 15:05:51,Raymond,44,RU,Хобби,Advanced,20,0
f5419bca-5560-42b0-b79d-79fb1cab0399,2026-04-21 12:21:51,Ana,51,BR,Для путешествий,Intermediate,45,0
9b2a6be2-7395-4bf0-865f-1ce018f74d36,2026-04-21 23:24:51,Samantha,31,BR,Для путешествий,Intermediate,60,0
24050525-0988-4b50-a0b4-75cc86a98809,2026-05-23 20:01:51,Christopher,21,US,Для работы,Intermediate,15,0
2ddee3f0-1c21-491a-ab75-24cdc797bb1f,2026-03-24 07:00:51,Margaret,41,ES,Для путешествий,Advanced,60,0
d95f370e-a222-4c10-92e5-34c621142109,2026-04-04 09:45:51,Stacey,20,US,Для работы,Intermediate,10,0
e90df127-2418-406b-b51a-7e48245e5a31,2026-04-29 21:28:51,Samuel,54,US,Для путешествий,Advanced,45,0
2baf749b-c72b-40ae-a384-af3fabaaaef0,2026-04-09 19:26:51,Brittany,49,IT,Для учебы,Advanced,45,0
dcee6410-aa72-41ea-9363-9328c587925f,2026-04-08 11:38:51,Sarah,19,ES,Хобби,Beginner,10,0
64affcff-e829-424e-bcb6-4f15d9128660,2026-05-10 13:56:51,Stacie,40,US,Для работы,Intermediate,45,0
5290976c-b062-4de7-a6ba-22ca4453256f,2026-05-01 22:32:51,David,34,IT,Хобби,Elementary,15,0
fc9408a0-7126-49e3-9cf7-69280841d4e1,2026-03-22 06:08:51,Daniel,33,FR,Хобби,Intermediate,30,0
3ef0954d-2824-4e78-acfa-b111ad82f346,2026-05-20 02:32:51,Jerome,36,DE,Для работы,Elementary,45,0
eb59287f-82b4-48c7-86f9-0b9fc7b9119c,2026-04-18 09:50:51,Kathleen,30,IT,Для учебы,Beginner,120,0
1acf51e4-cf0d-4832-9096-ee01768ec567,2026-05-02 09:45:51,Virginia,39,ES,Для путешествий,Intermediate,45,0
8b9ca7b3-3dbe-43df-b0f1-8cdfd31bb860,2026-04-29 18:20:51,David,55,RU,Хобби,Advanced,10,0
9a269ef7-4e21-492e-9587-aa5008e10b9e,2026-03-06 22:19:51,Pamela,28,IT,Для учебы,Beginner,5,0
217bb82a-509f-468d-8491-20a8ac93c275,2026-03-30 09:44:51,Melissa,49,IT,Для работы,Beginner,5,0
cc298c7f-013b-4efd-a519-1dd96a8e9f2b,2026-05-28 18:31:51,Melissa,33,ES,Для учебы,Intermediate,5,0
3b309bd3-578e-4a8c-9b33-09834bf0b198,2026-04-02 06:54:51,Matthew,49,FR,Для учебы,Elementary,20,0
1734d8d8-10e0-48b7-8834-70d0e1e51287,2026-03-24 17:27:51,Emily,39,ES,Для учебы,Elementary,10,0
5247ed45-67f2-46ea-93ef-1e5ac30d74a8,2026-03-29 01:10:51,Courtney,50,IT,Для учебы,Advanced,90,0
f0326f08-0653-4631-9687-90445708a9cf,2026-05-11 00:12:51,Anthony,16,US,Для путешествий,Beginner,5,0
11f8b8b8-bb1c-448b-bcf3-1ece974129ac,2026-05-05 00:18:51,Erin,45,FR,Для путешествий,Advanced,10,0
34511dcb-5939-446e-beda-2a73a36e7e1a,2026-04-16 07:57:51,Donna,33,FR,Для работы,Advanced,5,0
ab732b4b-b526-4a81-af96-e61523866e33,2026-05-27 02:25:51,Aaron,20,RU,Для работы,Advanced,45,1
8fb05d87-0b79-405f-be17-a860be0e2061,2026-04-17 23:12:51,Alicia,47,BR,Для учебы,Beginner,5,0
a57d9f81-6fb5-4574-a01d-bf30b290587e,2026-05-28 20:26:51,Audrey,53,DE,Для работы,Beginner,30,1
6f7c437c-c1d4-4996-8f30-7bcc01cafabf,2026-05-27 10:50:51,Victor,18,RU,Для путешествий,Beginner,15,0
db267a7b-39a0-41e6-8c6c-b384dae9ac74,2026-05-06 21:45:51,Allison,18,IT,Для учебы,Intermediate,10,1
e6defd73-8841-498a-ac58-e4c1f45a9c72,2026-05-02 20:49:51,Adam,39,ES,Для работы,Intermediate,30,0
e216d44a-dfac-4b1d-9207-9930bf5d4578,2026-04-19 06:06:51,Laura,19,US,Для учебы,Advanced,30,0
cf53f141-c406-4ef0-9a0e-191cbb6fe22c,2026-04-02 11:31:51,Calvin,48,FR,Для работы,Beginner,45,0
9947f933-a7fb-44e0-b810-6e61d490b5a7,2026-05-10 03:57:51,Tina,42,DE,Для работы,Beginner,90,0
2b3eec34-087f-438d-994d-79af9957abef,2026-04-12 17:08:51,Angel,40,ES,Для путешествий,Advanced,5,0
d74955b6-4536-4892-8e39-32e18583761d,2026-04-10 20:25:51,Richard,17,RU,Хобби,Elementary,20,0
aba92a22-2f9b-4812-b7fe-c0394d37c3c8,2026-04-17 15:18:51,Heather,36,IT,Для учебы,Beginner,120,0
fb76d1f4-9f33-4302-bac8-97ce960bf9b7,2026-04-28 14:54:51,Zoe,17,IT,Для работы,Elementary,5,0
4f563ac9-44b1-47b6-97b9-adef231d4843,2026-03-19 15:05:51,Jennifer,25,DE,Хобби,Beginner,90,1
c436f769-319f-4203-b204-3dd31f5b6b8d,2026-04-30 07:29:51,Matthew,53,BR,Для учебы,Elementary,90,0
36379275-453c-440c-9bfc-d66f58046e79,2026-05-20 18:20:51,Jennifer,36,US,Для работы,Beginner,15,0
12204989-0a02-41ca-a0b6-0c67bc70e853,2026-03-18 07:29:51,Jordan,40,RU,Для путешествий,Elementary,5,0
3ab16fa4-d378-4e0d-aec3-8f3612147392,2026-05-25 16:59:51,Curtis,19,FR,Для учебы,Beginner,90,0
01499eab-7841-4511-b9d6-4e6e4f8893c8,2026-05-11 15:58:51,Debra,41,FR,Для путешествий,Elementary,15,0
ac4c9829-b72e-4afb-9f6f-45ee580ffcfc,2026-03-07 22:23:51,Dawn,48,RU,Для работы,Beginner,45,0
e06e91b7-42eb-4055-9217-394c9b832543,2026-05-30 07:06:51,Carol,25,US,Для учебы,Advanced,90,0
77439d15-6970-4287-8e54-0a30b4692bd6,2026-04-09 20:13:51,Heather,30,IT,Хобби,Advanced,30,1
40b27ea8-9690-44ad-a9bd-a18bb6ae36ee,2026-04-18 14:43:51,Mary,17,ES,Для учебы,Advanced,90,0
3da1d077-d266-462b-a4eb-0c5bec883d55,2026-04-23 04:56:51,Wendy,32,ES,Для работы,Intermediate,15,0
4e500dd8-8e5b-4f9f-b19b-b8ec7f7d29b4,2026-03-15 00:51:51,Jonathan,23,RU,Хобби,Elementary,90,0
092b2cd4-ca9c-4293-8379-e33e5aea5206,2026-04-16 00:15:51,Tracy,51,US,Для учебы,Elementary,120,0
121b84e3-19c3-4597-8aa3-eda3900ed717,2026-03-26 16:18:51,William,23,FR,Для путешествий,Beginner,120,0
815741eb-435b-4735-95e7-3711dfbe0c39,2026-03-06 14:03:51,Brenda,41,DE,Для путешествий,Beginner,15,0
0407d250-57a9-426b-b6f4-aa13d865022b,2026-03-18 11:15:51,Cesar,27,BR,Для работы,Beginner,60,0
d7e0f454-e241-4459-8cd9-b655373548fb,2026-05-26 17:47:51,Dana,35,ES,Хобби,Intermediate,15,0
a27d4eaa-485b-434b-b72a-2741e33f42e5,2026-03-30 10:20:51,Robert,29,FR,Для путешествий,Elementary,90,0
123b2e71-6ffd-472a-814a-83942027a2de,2026-03-27 09:28:51,James,33,US,Для учебы,Intermediate,90,0
2e979613-7f0b-45dd-b198-0318901cded2,2026-05-04 14:05:51,Brandon,17,US,Для работы,Intermediate,10,0
8cf4c03a-c230-4239-b302-2e9df0b1cd8a,2026-03-17 13:56:51,Sara,18,FR,Для работы,Beginner,10,0
83142cb7-40b4-49ad-adf1-a8b868406656,2026-05-15 03:36:51,Lawrence,44,IT,Для работы,Intermediate,20,0
6eca0d24-dacf-4580-bb88-d1762bf2870b,2026-03-25 09:27:51,Patricia,19,DE,Для работы,Elementary,30,0
d4ed1dee-93da-4c7d-b614-16f5f6d545c1,2026-05-28 12:41:51,Christine,28,BR,Для работы,Advanced,20,0
0ba321a8-f1db-4282-984f-97d07c4f921d,2026-04-24 09:16:51,Amanda,23,BR,Для путешествий,Advanced,90,1
6fb3ba01-0ad3-4ea4-9084-99bb4606cbe2,2026-03-08 10:22:51,Susan,34,DE,Для работы,Advanced,60,0
8f031107-5b5f-482b-a3dd-89364340338e,2026-05-25 14:02:51,Rachel,26,RU,Для работы,Advanced,20,0
341ddfac-20ac-415b-9a04-714d431d3470,2026-03-15 05:11:51,Holly,42,RU,Хобби,Advanced,45,0
7a968a46-883d-48fe-aeb4-fd66c70f85f4,2026-04-03 10:38:51,Lori,28,BR,Хобби,Advanced,90,0
cd11fbeb-f63e-4c13-b24f-8037584b9fc6,2026-03-09 23:00:51,Victoria,30,US,Для учебы,Advanced,5,0
f73a65a8-0dc5-44e2-a90b-472f0118030b,2026-05-28 22:30:51,Ryan,24,FR,Для работы,Elementary,10,0
153347ba-abb4-471b-bfa5-97ff855342d4,2026-05-07 02:17:51,Sean,18,FR,Для учебы,Intermediate,5,0
a303c22b-303b-40e8-b0b4-72d1b126793b,2026-03-23 19:08:51,Teresa,43,US,Для путешествий,Advanced,60,0
fb29aa0b-b283-4fcd-b4db-95ee80b6403f,2026-03-27 12:06:51,Jennifer,27,US,Для путешествий,Intermediate,90,0
1f6458a3-06a8-4350-8544-3f2bc0c4eedf,2026-04-22 15:41:51,Edwin,38,DE,Хобби,Elementary,30,0
1754f3eb-225d-47a7-a26d-fd3a4697decb,2026-04-08 17:32:51,Martha,42,ES,Для работы,Advanced,90,1
1958cbc6-9bbc-41ef-ada6-0cd9e8c0a058,2026-04-18 17:20:51,Jennifer,20,FR,Хобби,Elementary,60,0
8b55b9da-5e63-433a-adc2-7b22a00dd01e,2026-04-17 23:18:51,Calvin,28,US,Для учебы,Intermediate,30,0
9f91ae7c-00a3-4042-9802-ddd9cf317458,2026-05-31 09:05:51,Stephen,32,US,Для учебы,Beginner,15,0
2ed70851-9c72-4059-aea0-8fc51b0b728d,2026-03-07 06:47:51,Lauren,24,IT,Хобби,Beginner,10,0
f3107e51-e3de-43db-beb2-7ea204c60718,2026-03-28 13:38:51,Diane,38,RU,Хобби,Advanced,5,0
21f1b9a9-71df-407f-a045-55bd01828445,2026-05-27 22:35:51,Suzanne,24,IT,Хобби,Advanced,5,1
6ea47e57-6193-4007-9d5f-2fda1eceb418,2026-05-09 02:09:51,Ann,50,RU,Для учебы,Intermediate,60,0
c14c1d7a-76bb-481a-8d52-4b0d553109f7,2026-03-22 12:34:51,Zachary,42,BR,Хобби,Intermediate,5,0
5d669653-7eb6-448a-9bf1-815bfa8c387f,2026-03-29 15:17:51,Linda,35,IT,Хобби,Advanced,30,0
a86cda3f-7ad4-49a0-8a54-4136a6c20e29,2026-04-18 22:26:51,Aaron,36,DE,Для учебы,Elementary,15,0
bf3b1f46-e7af-443c-ae2f-652318577a11,2026-05-03 05:48:51,Carrie,17,BR,Для учебы,Advanced,60,1
b457009f-5bdf-41fa-96d7-61e4e4ac0a30,2026-05-01 18:16:51,Cindy,18,RU,Хобби,Advanced,120,0
d4e6e600-bb14-4bdb-9035-1da661229ac4,2026-04-30 07:21:51,Jonathan,18,US,Хобби,Beginner,120,0
544c9ebf-ac46-4a6f-a6dc-9e8109bac314,2026-05-16 12:10:51,Jason,28,IT,Хобби,Elementary,30,0
71c7adfb-54e6-4958-89ae-1c408b2562fa,2026-05-09 11:13:51,Jeffrey,54,IT,Для учебы,Elementary,90,1
04f31cc6-a2b5-4c71-b204-50c57821c9a2,2026-03-10 18:48:51,Eddie,24,DE,Для путешествий,Advanced,60,0
8826208c-918a-43d5-8362-a7b6e5aa7bd9,2026-04-17 00:58:51,Nathan,19,ES,Для учебы,Advanced,5,0
e7ee9e50-a529-46ef-90ff-ce2a4413b72e,2026-03-24 11:34:51,Edward,36,RU,Для путешествий,Beginner,30,0
225a6d00-6c8b-447c-b91c-4ffa49c43c78,2026-04-05 04:23:51,Madison,37,RU,Для работы,Elementary,60,1
791502af-1057-43e4-a779-0d54fea6392b,2026-05-21 01:06:51,Daniel,48,RU,Для путешествий,Intermediate,120,0
de5a86a4-e0ae-4577-acc6-d8b344b56a6f,2026-05-04 13:18:51,Kathy,45,US,Для путешествий,Elementary,30,0
9590f819-b57c-45ad-9496-a8d631b44ffe,2026-05-10 23:30:51,Steven,19,DE,Для учебы,Beginner,20,0
adc9b520-78e1-4aa7-a8a9-f30f6169dd8f,2026-03-18 20:10:51,Christine,54,DE,Для учебы,Beginner,90,0
078fafde-a2ab-4108-a10e-e8b3b612344e,2026-05-08 00:51:51,Debbie,52,FR,Для учебы,Beginner,10,0
f298e3cf-e839-451c-a7f2-2e381d5d965c,2026-04-26 21:15:51,Jennifer,24,ES,Для работы,Intermediate,45,0
ca6c906e-cbf0-4828-9022-79974bbda168,2026-05-16 19:58:51,Jeremy,39,FR,Для учебы,Advanced,90,0
2033ce84-c796-454a-aa9c-dfc24272833f,2026-05-07 21:19:51,Larry,26,FR,Для путешествий,Elementary,20,0
14630f3f-6b65-4c26-8403-8e06ac0d83b5,2026-03-21 07:12:51,Scott,28,IT,Хобби,Advanced,60,0
47bf5772-7fb3-4f37-8ef6-91d904c2e30e,2026-05-19 06:58:51,Kelly,33,IT,Для работы,Intermediate,90,1
b323c42a-5245-4bd0-a725-8e3a6f5dac7b,2026-03-19 10:58:51,Kristin,16,RU,Хобби,Elementary,30,0
c20f44b8-829b-4e34-9af4-45d74f741287,2026-04-16 12:32:51,Sandy,36,IT,Для учебы,Intermediate,15,0
53647517-4523-4e9b-acf7-ce11687c1aed,2026-05-13 14:01:51,Patricia,26,IT,Для путешествий,Advanced,10,0
9301e18a-bb02-4933-af08-86e3d1e50543,2026-03-27 07:45:51,Karen,43,FR,Для учебы,Elementary,90,0
43b9f122-ba5e-4d0a-a641-2b44710406b1,2026-04-21 11:29:51,Samantha,29,ES,Для путешествий,Intermediate,60,1
b78562e8-b456-4941-98c7-9ce5a12bce9d,2026-03-12 06:20:51,Nina,20,BR,Хобби,Beginner,45,1
6d50de4d-7c73-4942-8a39-e51543183d20,2026-03-11 21:56:51,Patricia,43,ES,Для учебы,Intermediate,45,1
28d0d090-4222-4ab4-aa89-7505a861f8d2,2026-05-22 00:30:51,Manuel,42,ES,Для учебы,Intermediate,20,0
bbc5a260-fdf6-4248-9532-20f673f7d75a,2026-03-08 00:49:51,Thomas,33,IT,Для работы,Elementary,20,0
9a26f492-6b43-4e3d-8f15-b3daa6facede,2026-03-26 14:00:51,Lisa,28,FR,Хобби,Elementary,90,0
6d832743-94aa-4985-8628-717904cc7d86,2026-04-19 09:57:51,Robert,19,IT,Для работы,Elementary,90,0
d88f1415-e452-43be-bd0f-7fc1746e10fe,2026-05-14 03:38:51,Denise,54,IT,Хобби,Elementary,5,0
6b8cee2c-e909-47c1-8db8-17c3389064d7,2026-05-11 18:20:51,Kimberly,54,IT,Для учебы,Intermediate,30,1
e5674696-392d-4519-96f7-f2fbea42443f,2026-04-15 16:00:51,Larry,46,BR,Для работы,Intermediate,90,0
6fc1fcd1-6d64-49bf-afb5-687373d56790,2026-03-19 07:55:51,Lori,40,IT,Для работы,Advanced,60,0
f7b433f6-c8f4-4754-86ae-8db329c520e8,2026-03-11 08:06:51,Jared,35,RU,Для работы,Advanced,60,1
46c7c0dd-1fac-4673-86af-fd07d18dd5a1,2026-05-06 13:04:51,Michelle,44,RU,Для учебы,Intermediate,45,0
84da1186-df1d-4a19-a6da-370d2a73ad2e,2026-05-25 23:02:51,Alexander,53,DE,Для учебы,Elementary,90,0
2149444f-9d0b-45ae-91b0-f9c310580d44,2026-05-02 16:24:51,Adam,39,DE,Для путешествий,Beginner,15,0
f2ed4c95-c2f7-40b7-b36c-c52c8115cef8,2026-04-21 20:24:51,Theresa,26,IT,Для учебы,Advanced,15,1
487a033a-b944-4ce5-918b-e999715b89e3,2026-04-11 18:29:51,Aaron,47,RU,Для путешествий,Beginner,60,1
84b72ffd-2d32-4818-bfc3-c54eafe7531d,2026-04-22 05:15:51,Cassandra,51,RU,Для путешествий,Intermediate,60,1
9908fb67-4fa3-44a7-ab0f-a0f03774dc98,2026-03-07 16:38:51,Tanya,48,US,Для работы,Advanced,45,0
1ea8006d-9296-40fa-a035-cca4afa81f41,2026-03-23 19:30:51,Elizabeth,25,IT,Для работы,Advanced,10,0
607daac3-9006-410d-b2d3-d858d929e30e,2026-05-24 11:17:51,Joshua,46,IT,Для работы,Elementary,30,0
03d7d418-a204-4de5-b51c-3c344e747dcf,2026-03-27 17:05:51,Brian,31,RU,Для путешествий,Intermediate,15,1
d1fe388f-254f-4bd2-ad04-93d4a6f4b5d1,2026-04-13 15:10:51,Lisa,47,DE,Для работы,Intermediate,20,1
0046cbbf-2f1a-4b17-951f-4fee47663e71,2026-04-01 11:19:51,Katherine,29,US,Для работы,Elementary,45,1
ef774a8e-eb01-4e7b-b7aa-c5cc78ef26f9,2026-05-09 16:45:51,Richard,28,US,Для учебы,Advanced,30,0
8c7100fd-2fe6-4b67-b13b-eb2858648c12,2026-03-31 13:39:51,David,51,BR,Для работы,Elementary,20,0
6d7b3537-57e1-4d72-80d4-9a6b04c7ec53,2026-05-07 10:58:51,Carla,32,ES,Хобби,Intermediate,60,0
9c4be18b-a2ca-402a-8f60-e1d2fa582bbb,2026-05-12 21:48:51,Joshua,38,IT,Для работы,Elementary,5,0
9e247cee-3c2f-4418-b064-4a930116d2d7,2026-03-30 06:25:51,Thomas,18,BR,Для учебы,Advanced,120,0
2beedf84-b1b2-4db9-b3a3-da37f7d462fe,2026-05-16 22:01:51,Robert,46,DE,Для путешествий,Advanced,20,0
29ee6d08-eb2d-42cd-ba9e-0ea764248be4,2026-03-08 01:47:51,Thomas,35,US,Для работы,Advanced,90,0
c7f850ea-5948-488a-8b5a-7af03d514c9e,2026-03-15 14:48:51,Daniel,31,US,Для работы,Advanced,20,0
44de78f4-73f2-402d-a886-b3fba8d68389,2026-04-17 22:58:51,Michael,36,ES,Для работы,Elementary,90,0
1b0b73d8-9e61-44a6-8ec4-d9e1b1cbfb30,2026-03-23 05:55:51,Kaitlyn,55,RU,Для работы,Beginner,90,0
209ab91f-d984-49cd-8513-e8517e399edb,2026-04-17 04:00:51,Nicholas,40,BR,Для путешествий,Elementary,120,0
f947e02d-ab67-49c2-937c-499939f19fa8,2026-05-26 02:09:51,Shawn,45,RU,Для путешествий,Intermediate,120,0
5295914e-6b75-427f-ad14-6888efba0ebb,2026-04-25 00:40:51,Ruth,41,IT,Для путешествий,Advanced,20,0
77b0ee82-81eb-4a59-a23a-b71ba9dd3496,2026-05-21 21:35:51,William,28,BR,Хобби,Elementary,20,0
6cfe961b-cc64-4073-83d8-35ae9a0477c2,2026-06-01 11:56:51,Kelly,19,FR,Для работы,Beginner,20,0
0cca1b39-b293-4502-8bcd-d10c5f23a10f,2026-05-22 07:27:51,Robert,18,DE,Для путешествий,Advanced,30,0
8da281f5-a21a-4e9b-8ad1-077df011a88b,2026-04-10 21:11:51,Holly,21,DE,Для путешествий,Elementary,120,0
daaea5b0-97ed-4b3a-aa3f-f9420ad3fb21,2026-04-23 20:18:51,Ashley,37,ES,Для путешествий,Beginner,15,0
a9303d1c-138b-4b33-bccb-c9297dece0f9,2026-03-08 08:06:51,Crystal,34,ES,Для работы,Advanced,30,0
a81e8468-d4bd-4240-8997-933e297a22ed,2026-04-15 07:14:51,James,47,ES,Хобби,Advanced,15,0
50dbdadc-dcdb-48b5-9c9c-c7028771ed79,2026-03-12 01:17:51,Blake,36,FR,Для работы,Advanced,20,1
97eb2e46-1908-4ca3-8d6a-616b4006d72b,2026-05-05 11:23:51,Deborah,33,IT,Для путешествий,Intermediate,10,1
5b160591-3d1e-4a3e-9545-9fdafe1d0d44,2026-05-03 00:27:51,April,25,DE,Для путешествий,Beginner,90,0
b45b3197-c038-47f5-b527-74b308411969,2026-05-29 10:30:51,Suzanne,40,US,Для работы,Elementary,15,0
a05672ff-1f38-487b-86de-6cd1ee2cbbf4,2026-03-05 19:12:51,Dylan,27,IT,Для путешествий,Elementary,90,0
01b53c01-5e97-41ab-84fc-7bb5d14ee1b9,2026-04-08 02:05:51,Deanna,17,ES,Для учебы,Advanced,30,0
c327fcb7-190d-4ab8-a72d-d5829f4c5221,2026-05-20 08:52:51,Michael,18,US,Для работы,Advanced,5,1
26bd4230-477f-4f09-bfb2-530c477a7cd9,2026-04-14 05:28:51,Carrie,24,ES,Для путешествий,Intermediate,15,0
92c32f3e-7e3c-4283-9f8a-44b0dbf74e38,2026-05-03 13:10:51,Helen,20,US,Для работы,Advanced,45,0
8de0beac-9047-4431-b73b-ac35cfddcbbb,2026-05-20 14:23:51,Karen,19,FR,Для работы,Intermediate,10,0
c28c85b7-8681-498b-acb5-27d250d85218,2026-03-31 23:34:51,Kim,22,DE,Хобби,Advanced,45,0
fae7a401-9959-4d43-9149-4d60af18b119,2026-04-08 14:00:51,Joseph,41,ES,Для работы,Beginner,90,0
d8f88bc6-5759-4df6-b5a5-28c415e578c9,2026-04-26 03:33:51,Billy,40,IT,Хобби,Beginner,20,0
d44cf180-d39d-40d1-b616-73fe70a944aa,2026-03-23 07:52:51,Brett,29,IT,Для учебы,Advanced,5,0
2d25b0ef-d04c-46e6-a254-0369b140c14e,2026-04-01 18:28:51,Kelli,50,ES,Для путешествий,Elementary,30,0
4322c45a-1036-4bdc-ade6-7bc93a68f098,2026-03-23 18:56:51,Diane,26,FR,Для учебы,Beginner,90,0
77aeb893-a68b-4da5-9404-b316b17210d0,2026-03-06 21:54:51,Sarah,49,ES,Для учебы,Elementary,90,0
bb924991-d13f-469e-b592-a69c22c94e48,2026-04-13 04:08:51,James,27,DE,Для работы,Intermediate,60,0
03d67135-47a3-4b35-93c8-4219e7eb4db0,2026-06-01 18:18:51,Faith,27,FR,Хобби,Beginner,10,0
255b313b-ef38-4509-9b41-5289f45aa116,2026-04-14 15:59:51,John,16,DE,Для учебы,Beginner,20,0
5262a226-5dd1-4e45-81be-7a7fef0ae132,2026-05-25 11:15:51,Hannah,55,DE,Для путешествий,Elementary,20,0
16a50d79-2cee-485e-bfa2-37d2a4539e88,2026-05-29 21:54:51,Kelly,19,BR,Хобби,Beginner,45,0
8c9b2c8f-d299-40bc-9f15-e585fe14e37c,2026-04-26 17:10:51,Patricia,50,IT,Для путешествий,Beginner,10,0
d8f9d274-a8e7-46a4-9161-f46f1c27ff7e,2026-05-05 07:52:51,Amanda,53,ES,Для работы,Elementary,15,0
1e11a48c-c769-4fd5-b836-c1f78ac6845c,2026-03-20 07:57:51,Megan,28,FR,Для путешествий,Intermediate,20,0
e2f9ea2a-aded-47e7-baaa-d60141cde402,2026-03-30 23:49:51,Amy,16,RU,Для путешествий,Elementary,30,0
67f28feb-5b1d-4220-b507-bff9d8320006,2026-05-03 04:54:51,Misty,22,FR,Хобби,Elementary,20,0
3eeb788c-e98d-452c-b088-aa868527f13a,2026-04-13 07:19:51,Victor,32,BR,Для работы,Advanced,10,1
ee053bca-d1a7-40c9-b4db-7bcc6df1fb25,2026-04-07 00:52:51,Rebecca,53,RU,Для путешествий,Beginner,5,0
e6802eb5-8d65-4fbe-bd1e-2e06d70320af,2026-04-13 14:01:51,Jared,33,IT,Хобби,Intermediate,10,0
1dd5fa04-81f1-459f-bc46-68bdd5a01296,2026-04-04 22:37:51,Jessica,21,RU,Хобби,Intermediate,120,0
4b958eb7-cbb9-40a2-aa66-071795433aca,2026-03-23 14:52:51,Scott,31,IT,Для учебы,Intermediate,5,0
c2c32032-65ad-4230-9e19-437d841b9512,2026-03-18 04:56:51,Ryan,23,FR,Для работы,Intermediate,60,0
81f9e662-2ce7-4747-a5ad-4e4e68a890e8,2026-03-17 15:04:51,Steven,51,IT,Для учебы,Elementary,30,0
d702b833-316f-46c1-ab70-e68d99e3959c,2026-05-30 01:54:51,Taylor,26,FR,Для учебы,Intermediate,60,0
76a3efa1-8042-4e09-9c6f-b9e49a8ff679,2026-03-24 04:38:51,Barry,33,DE,Для путешествий,Beginner,15,0
fad5a358-5960-488d-83b2-707eab86124b,2026-03-13 13:25:51,Mitchell,23,DE,Для учебы,Advanced,120,0
6db681a9-9a85-413f-bd05-14e171eb727e,2026-03-21 12:20:51,Donna,54,RU,Для учебы,Elementary,60,0
30ee5721-802b-412b-9db0-4a9da63e96f3,2026-05-02 08:21:51,Joshua,34,BR,Для работы,Beginner,60,0
1211899b-3a40-4946-90d8-2c6dfeb08357,2026-03-14 20:16:51,Arthur,32,RU,Для учебы,Advanced,120,0
93474a41-247d-40be-bb4a-a97c7b1dd56c,2026-04-18 11:43:51,Tara,36,IT,Для путешествий,Beginner,10,0
9c6d7e20-7dd8-4883-a626-ebf91df8adf0,2026-05-06 09:49:51,Holly,41,DE,Для работы,Beginner,20,0
6aec6618-bf59-49e2-8775-127e490a6b56,2026-05-17 10:16:51,Jennifer,44,ES,Для учебы,Beginner,60,0
9cde5257-1ce3-41ae-8006-e7952e4dbe37,2026-05-22 22:46:51,Brenda,31,FR,Хобби,Intermediate,60,1
8b82bc6a-d3e3-4838-b57a-9a057e97bf10,2026-03-19 16:05:51,Crystal,49,FR,Для работы,Intermediate,5,0
c04f9889-5d93-4fac-9e70-b6a810c17e74,2026-05-05 08:14:51,Caroline,16,RU,Для учебы,Beginner,15,0
63c19912-173e-4af0-8946-782addaa0151,2026-03-27 21:17:51,Robert,35,DE,Хобби,Elementary,60,0
3237183a-62ed-4230-9527-b45321929724,2026-05-21 05:14:51,Tanya,28,RU,Для работы,Intermediate,30,0
e6f2fe58-3390-4dc1-a0dd-3c9199ce6b55,2026-04-18 23:32:51,Larry,27,ES,Для путешествий,Beginner,15,1
11ae991a-dcee-44be-8e17-42f640614c17,2026-05-14 09:51:51,Robin,44,FR,Хобби,Elementary,30,0
5065f673-c33e-4b2f-9381-a83a3b7b373f,2026-04-09 07:33:51,Christopher,39,ES,Для работы,Elementary,30,0
4953f0f7-0741-436d-a439-fadd588ee85a,2026-05-08 15:54:51,Brittany,31,FR,Для учебы,Elementary,30,0
a066c619-e6bc-4bb2-abb2-3c3bb261485a,2026-04-22 15:19:51,Rebecca,19,ES,Для путешествий,Advanced,15,0
4b11953c-3741-4e58-a7ef-9c93673bd926,2026-05-14 18:00:51,Joshua,25,BR,Хобби,Elementary,90,0
aefae70e-96ca-4262-8203-05239c3ee588,2026-03-24 20:35:51,Keith,23,DE,Для работы,Beginner,10,0
7cdda437-4929-49ef-ae20-52cfa0eda1c2,2026-05-18 10:01:51,Michael,24,ES,Для работы,Intermediate,60,0
ba61509d-965f-4044-a949-d2d5b216516a,2026-04-13 13:33:51,Christopher,46,ES,Для работы,Elementary,5,0
2a51b559-d7f2-4831-837e-5420c0b99aa8,2026-04-30 17:53:51,Shane,24,IT,Для путешествий,Intermediate,60,1
f5822b12-cf6d-47bc-8018-f90aac020f0b,2026-04-09 00:18:51,Sheri,51,BR,Для учебы,Beginner,120,0
6048885f-aa33-4adb-aaaf-0215d07c2b6d,2026-05-04 17:02:51,Claire,48,BR,Хобби,Intermediate,20,0
e6e383cf-7049-4bbd-8da3-f511fcfc245e,2026-05-27 10:08:51,Brian,47,RU,Для путешествий,Elementary,30,0
6502df23-1243-4fdc-976d-73c4af86662c,2026-04-11 04:50:51,Paul,40,ES,Хобби,Beginner,45,0
871de86b-3fb9-4be8-9412-5e4ee645c8b8,2026-03-21 16:01:51,Jessica,18,IT,Для учебы,Advanced,90,0
5efb6ffb-bf8c-4a55-b364-f8808f8197a8,2026-04-06 22:27:51,Christina,29,US,Для путешествий,Beginner,15,0
49eedad3-ff12-4eaf-ae0c-c5ccacba86e4,2026-03-22 14:55:51,Steven,47,US,Для учебы,Advanced,10,0
bd40ecb9-53a2-49d8-9d8c-87bd497f5877,2026-05-22 06:17:51,Dylan,27,US,Для учебы,Advanced,120,0
587569cf-4074-4c3c-978a-13408e8c23e1,2026-05-18 22:35:51,Donna,32,RU,Для путешествий,Intermediate,30,1
ec3f9734-ddca-414a-b281-b6cc7bc0c4a0,2026-05-27 03:04:51,Frederick,48,RU,Для учебы,Advanced,120,1
88c3414b-bd4c-44ec-939d-c2791f271c9a,2026-06-02 02:02:51,Alicia,43,DE,Хобби,Beginner,10,0
f3d09613-c709-4661-8eea-54da134147a1,2026-03-31 22:52:51,Tiffany,28,ES,Для путешествий,Intermediate,10,0
9c072b94-a39b-4d54-afe2-8b5d8f846502,2026-04-27 14:24:51,Terrance,25,ES,Для учебы,Beginner,30,0
f4a0b70c-8f81-418c-bd53-4c8a5ca61ced,2026-05-05 05:27:51,Katherine,36,IT,Для учебы,Elementary,20,0
df74b903-7d91-4bca-bc1c-1b16b8fbfc04,2026-05-16 12:23:51,Tommy,51,FR,Для работы,Advanced,10,0
442a88c0-7eeb-40de-987d-b09a2401bfac,2026-05-05 16:49:51,James,20,FR,Хобби,Advanced,30,0
4f4e8a71-30d6-499f-86ba-279feaee1094,2026-03-04 10:50:51,Raymond,38,RU,Хобби,Beginner,45,1
96a02325-f312-4777-ad83-4affa168ff2a,2026-04-11 22:21:51,Amy,22,BR,Для работы,Beginner,20,0
c2e6d24d-ff41-4124-9359-560c39df62d5,2026-05-15 13:45:51,Amanda,19,BR,Для путешествий,Advanced,30,0
6dcb3505-9cac-4fd1-8bd3-d49deaeecb06,2026-03-06 01:43:51,Anthony,42,ES,Для путешествий,Intermediate,10,0
39bc1757-5574-435f-988d-ca151beb9560,2026-06-01 08:09:51,Kelly,31,IT,Для учебы,Advanced,90,1
2082ed52-cbb5-4cd7-b447-bd8956fcefc5,2026-04-21 08:10:51,Michael,52,US,Хобби,Intermediate,120,0
5a40a877-9fd0-436b-a156-4f9fafd4b52e,2026-04-04 11:17:51,Erica,28,DE,Для работы,Beginner,10,0
c511b550-9e4f-4dcd-b156-97885d2e3e7a,2026-05-26 05:50:51,Kristina,42,BR,Для работы,Advanced,15,0
27dd9176-b5df-4f21-9700-0f3361028009,2026-04-08 23:46:51,Scott,18,FR,Для работы,Advanced,5,0
a060c679-111f-4d61-a945-ff98ef2f6fab,2026-04-18 14:26:51,Jessica,42,US,Для учебы,Beginner,90,0
e1e726b2-6794-4be2-9d09-9cf89be43ab5,2026-04-09 17:11:51,Tina,51,RU,Для путешествий,Advanced,10,0
951fcfd2-773b-4588-be0d-b3d912f20e49,2026-05-11 18:37:51,Eric,54,ES,Для учебы,Elementary,120,1
61c8ec1a-1243-46d5-b7dd-9feb5c82b46c,2026-03-16 20:51:51,Brian,40,US,Хобби,Elementary,10,0
ac41793e-8362-406b-9c66-d4d645088214,2026-05-04 07:20:51,Susan,32,FR,Хобби,Beginner,5,1
fe41d27b-9e3f-48a5-b693-af0b618b245c,2026-05-27 12:54:51,Joshua,44,FR,Для путешествий,Advanced,45,0
4f573345-0f30-40fa-99ae-89c6c0959fed,2026-05-26 19:13:51,Rachel,49,RU,Хобби,Elementary,10,1
58010d95-cbfd-4a3d-b6d0-cbabf9c15b40,2026-05-15 20:38:51,Matthew,22,ES,Для путешествий,Intermediate,45,0
3006ceaa-6947-47e5-8ee0-f314f26779ad,2026-04-16 11:58:51,Megan,54,FR,Хобби,Elementary,5,0
f69d7a3a-7467-4b1a-83ef-24bd2dbb67e6,2026-05-10 15:09:51,Angela,31,FR,Для работы,Advanced,15,0
d74a1ecf-8d2f-40a2-a4be-674705b044f2,2026-05-17 01:39:51,Edward,50,RU,Для работы,Intermediate,30,1
d4b2e9d1-4e15-4066-9e0e-ff460dba7f3e,2026-05-05 19:27:51,Tara,45,BR,Хобби,Beginner,60,0
38ac0fae-fe24-433d-9348-0b07f1165d4d,2026-04-14 17:39:51,Robert,40,DE,Хобби,Intermediate,5,0
9ec3ed86-5b7d-4c2a-a726-db95cea42ad1,2026-05-16 21:39:51,Brittany,33,IT,Для путешествий,Advanced,120,0
622b1aff-38d8-44f1-b763-cb23601ab1bc,2026-04-06 00:12:51,Eddie,16,ES,Для учебы,Elementary,30,0
3493ed2b-c294-46df-8f5d-59fdef02e041,2026-05-30 11:31:51,Mary,32,US,Для учебы,Elementary,30,0
32ccc852-d9fa-40c4-a717-4de86fca0407,2026-03-25 15:04:51,Marcus,39,US,Для работы,Intermediate,5,0
aebd6787-e5f6-449b-bfc1-4d06bed9059f,2026-04-06 21:49:51,Ruth,29,RU,Для путешествий,Beginner,90,0
2e82a404-7686-48ed-b30c-3b06ac807534,2026-05-08 13:01:51,Patty,34,BR,Для путешествий,Beginner,5,0
1bac86a5-99a8-4655-80e8-677ec9624daf,2026-05-16 23:57:51,Jacob,30,BR,Для работы,Beginner,120,1
a3ed3852-85b6-4d91-aa73-fa8fc3b332e9,2026-03-25 05:02:51,Daniel,34,IT,Хобби,Elementary,30,0
b0a2eefd-084e-4042-912b-20e48c2efcb3,2026-03-08 18:37:51,James,22,IT,Для работы,Intermediate,5,0
cd4f417c-aa28-4983-8521-b2975b0c2d46,2026-06-01 23:54:51,Cynthia,33,RU,Для учебы,Beginner,15,0
f4593f09-3029-4f03-9c86-141f6977c047,2026-05-17 16:10:51,Ashley,45,US,Для работы,Beginner,20,0
37b70631-1a5b-41d3-9147-e0ee3a41d2f6,2026-03-22 06:37:51,Kenneth,37,RU,Для учебы,Elementary,120,0
bd73f897-870e-47ea-87f4-95447b376851,2026-05-05 03:49:51,Carolyn,39,FR,Для работы,Elementary,45,0
25dcfbb6-5e72-46cc-a29a-17f36896b67e,2026-04-22 08:57:51,Robert,39,RU,Для работы,Advanced,45,0
c65c5cc2-954d-4d95-9fe9-30ab519bb20c,2026-04-09 19:40:51,Jessica,20,US,Для работы,Beginner,60,0
7de3f854-8fa2-4da9-afcf-1ce8a0d386d5,2026-03-17 10:31:51,James,52,RU,Для путешествий,Elementary,90,0
d8ac9075-f7d0-4a03-be8a-63879ace2eaf,2026-05-04 14:51:51,Brenda,34,US,Для работы,Intermediate,20,0
2dbf3bdc-e2cb-4c08-95f1-c421f5b3e218,2026-03-14 23:02:51,Erika,32,DE,Для работы,Advanced,120,0
dbb0e9c8-5fcf-487e-af60-e4ec88d43a74,2026-05-02 00:58:51,Phillip,32,BR,Для работы,Intermediate,60,1
31866650-4a5c-4781-8c1b-5c34da9e6ac2,2026-03-25 15:38:51,Douglas,25,US,Хобби,Advanced,60,0
77041c0c-14ed-4a80-9792-d0d500a8d84a,2026-05-24 18:39:51,Christine,27,ES,Для учебы,Elementary,30,0
51a30715-3e60-4652-a01e-1f9b38cdc673,2026-04-05 01:01:51,Sharon,22,RU,Для учебы,Advanced,60,0
f3514ccd-3b6d-434a-ad06-f61e2564347f,2026-04-30 08:13:51,Alyssa,21,BR,Для путешествий,Elementary,10,1
6fb7eaaa-d225-4c48-9130-64cd4c94a74f,2026-03-31 18:05:51,William,48,IT,Для путешествий,Beginner,120,0
1b3607be-a55a-4ebd-a70f-92d2f0a59777,2026-04-13 16:59:51,Melissa,31,FR,Для путешествий,Beginner,45,0
91623ac7-798c-4b19-9d9a-28147467382d,2026-04-25 21:08:51,Melissa,29,RU,Для учебы,Advanced,20,0
8179671f-8275-4c15-8b6f-cc85834ca74b,2026-03-04 11:41:51,Terri,46,RU,Для работы,Beginner,45,0
77f94df0-ed0f-473b-8a10-2912d5eb8fd5,2026-04-22 07:44:51,Dominic,17,IT,Для путешествий,Advanced,120,0
18c6d2f9-83ee-4cca-94c6-2147456017a3,2026-03-13 18:26:51,Charles,37,US,Для путешествий,Advanced,90,0
417a8b10-14fb-4fbc-8f2e-5a220af40c7b,2026-04-08 07:25:51,Amanda,31,ES,Для учебы,Intermediate,45,0
6c37a22d-c523-418f-b129-7dbda3a482e9,2026-03-29 12:25:51,Kelly,49,FR,Для учебы,Intermediate,10,0
c0626859-3714-4e27-93f7-6890ca75a31a,2026-05-28 12:21:51,Joshua,54,DE,Для работы,Intermediate,15,1
3dcee62a-4f40-4a3c-8e73-4e87894f3ada,2026-05-26 02:09:51,Daniel,48,FR,Для учебы,Advanced,15,0
5cf7e37a-2d88-44d7-b8f1-34ab2717a631,2026-03-28 10:22:51,Elizabeth,50,IT,Для путешествий,Intermediate,5,0
edf0533a-8e4a-4374-9098-3aec04b8a8b2,2026-05-11 18:51:51,Dominic,46,RU,Для путешествий,Elementary,45,0
033bfb6c-38f5-4412-b87d-075d36788c0c,2026-04-26 09:34:51,Rebecca,23,FR,Для работы,Intermediate,20,0
2a31fae9-b2e5-4ed7-a885-0a227cf5d186,2026-04-13 21:54:51,Nicholas,29,IT,Для учебы,Elementary,45,0
63319749-fc04-46f7-9b6b-f1ec3e5ffeb7,2026-05-24 03:16:51,Linda,35,DE,Для учебы,Advanced,5,0
ff2790d4-9f1c-4f87-8f9f-ca3f998b405d,2026-05-29 09:30:51,Matthew,16,IT,Для путешествий,Elementary,20,1
139e3e21-350a-41c9-8c6f-b604e4ee9099,2026-04-26 02:06:51,Melissa,26,FR,Для путешествий,Intermediate,5,0
4f504b5d-fa4b-4a05-880a-9a4149abb4a9,2026-05-15 12:44:51,Mary,22,US,Хобби,Intermediate,10,0
8b58e81a-e14a-4a15-86ec-d0ce77176376,2026-05-19 11:27:51,Cathy,46,RU,Для путешествий,Beginner,60,1
6f31b605-b81b-45cd-80c6-86308c5a2ca4,2026-05-12 16:02:51,Alex,54,BR,Для путешествий,Intermediate,20,1
19d03bc6-8ad2-4c13-840e-3e07a9256d42,2026-03-16 12:10:51,Lori,49,FR,Для учебы,Elementary,120,0
c0e3bda2-8bfa-4450-a068-46af393a11cd,2026-04-30 08:27:51,Barry,48,FR,Для путешествий,Elementary,20,0
0ffc0337-d282-492b-a69f-e1f43088d531,2026-05-05 01:48:51,Krystal,34,DE,Для путешествий,Intermediate,10,0
5d1baeaf-7108-461d-95c9-e064fb54b1df,2026-03-28 07:22:51,Abigail,39,FR,Для учебы,Intermediate,15,0
6df904a8-2de3-4320-adcb-4474e92c3277,2026-05-25 00:57:51,Caleb,25,FR,Для учебы,Elementary,20,0
46c2eba2-01e2-485a-8f6a-9254463caf6a,2026-05-20 21:53:51,Randy,29,RU,Для работы,Beginner,60,0
a1c84e0e-217a-4718-bc0d-f45255e4717e,2026-03-08 21:08:51,Lori,39,US,Хобби,Beginner,60,1
a5a31878-7366-40d7-8526-100bc7b8edd6,2026-04-07 21:53:51,Kurt,23,ES,Для путешествий,Beginner,120,0
f4336541-85ef-49ef-afc2-9167621155ae,2026-05-11 14:03:51,Shari,45,DE,Для работы,Beginner,60,0
797f21e6-43c1-4769-9f84-64b637509b3d,2026-05-13 00:44:51,Brian,22,IT,Для учебы,Beginner,60,0
989f0af2-56a5-4b01-ac0a-659e903e177c,2026-03-13 23:21:51,Christopher,38,DE,Для путешествий,Intermediate,10,0
2072c4ac-9278-4248-ac8d-2242841c5981,2026-04-16 19:09:51,Vanessa,21,RU,Для работы,Elementary,90,0
ef98a606-d30e-42f8-ac35-f4eddc3ae962,2026-03-14 02:50:51,James,27,IT,Хобби,Elementary,45,0
7b8ab4e0-732e-4e66-9fbe-0b47b9c28edf,2026-04-18 02:31:51,Donald,45,ES,Для работы,Intermediate,45,0
f8e587cb-3abe-43c9-a625-7b2d88da203c,2026-03-31 19:15:51,Ronald,22,DE,Хобби,Advanced,120,1
16639923-b3d6-4824-b86c-df09f7c2ebef,2026-04-14 04:06:51,Karen,26,ES,Хобби,Advanced,20,0
1af7804e-31bd-472f-919a-50babbb5e71d,2026-03-27 17:09:51,Michelle,42,IT,Для учебы,Advanced,90,0
5a515e05-a58d-4acf-9d07-5698a85daa29,2026-04-14 12:06:51,Lauren,38,BR,Для учебы,Intermediate,90,0
54226cf1-4fa9-43c1-8825-2f41bc22a179,2026-03-31 07:34:51,Jeffrey,26,DE,Для работы,Intermediate,10,0
1cab853e-3dbc-4377-ab91-532e89b36811,2026-05-03 09:45:51,Samantha,25,DE,Для учебы,Advanced,90,0
ceb1cc6e-52ba-4140-8612-d594bf8c472a,2026-04-19 21:22:51,Daniel,18,FR,Для путешествий,Advanced,20,0
ce827932-9275-4aa8-a1dc-d8669eb0b424,2026-03-21 17:39:51,Mary,37,US,Хобби,Beginner,10,0
4b1f49da-02de-4a42-b5a1-3369d637667b,2026-05-10 00:55:51,Donald,30,DE,Хобби,Elementary,10,0
793d7de0-a8b7-48e8-8070-536c76456a8c,2026-03-25 06:07:51,Maria,22,FR,Хобби,Elementary,15,0
8affc66f-9a32-478f-8208-1ccf5e027f39,2026-03-11 00:12:51,Dawn,24,FR,Для учебы,Intermediate,120,0
fbf0bbc3-3c99-4d88-8336-72dd7aa9c633,2026-04-19 09:20:51,Mikayla,43,US,Для путешествий,Beginner,90,0
62a5db7a-f4a3-41bc-867d-60eb45d2bc4c,2026-03-25 07:31:51,Katrina,53,FR,Для учебы,Elementary,30,0
ac377337-e279-4db5-a626-ce3e92e3708c,2026-04-01 13:57:51,Diana,44,ES,Для учебы,Intermediate,10,0
9c4e01b6-e643-42c2-803a-1ed78242f879,2026-05-15 20:24:51,Mary,16,FR,Хобби,Intermediate,120,0
52758b39-2fae-4d0b-b7ca-26e81af9f819,2026-04-24 15:10:51,Adam,38,IT,Для учебы,Beginner,45,0
5d72be84-22c1-42c3-96cc-86f994090832,2026-04-17 16:58:51,Jeanne,40,DE,Для учебы,Advanced,20,0
6d4acb56-1852-4c9b-9a45-60c653b4dc6a,2026-04-27 09:45:51,Rachel,38,RU,Для учебы,Beginner,120,0
d1254e6f-e2a2-4a41-9271-33bc0ce2314e,2026-03-06 22:47:51,Jill,43,FR,Для работы,Intermediate,15,0
f9ec0aa2-c0a4-4edc-acec-ea58784bb165,2026-03-08 18:59:51,Benjamin,21,DE,Для работы,Advanced,60,0
bd946fd6-36ab-4e75-ad12-85aaa404ccce,2026-03-04 23:11:51,Briana,28,IT,Для работы,Advanced,15,0
c24c15f4-7da6-45eb-9367-55249f9210ca,2026-04-11 15:50:51,Teresa,55,IT,Для работы,Advanced,15,0
c9001c58-e64f-4474-b056-5b124a1aa616,2026-03-09 12:37:51,Victoria,41,US,Для работы,Elementary,30,0
ac5e6598-bc59-4900-8371-2085ca83284d,2026-03-15 04:29:51,Allison,27,RU,Для учебы,Advanced,30,0
3ed26a98-c88c-42a1-8c6a-e7f85393d2b8,2026-03-12 21:28:51,William,43,BR,Для работы,Beginner,5,0
7a3a228a-f5c7-4659-8109-4a174ef1b6de,2026-05-28 02:32:51,Megan,46,ES,Для учебы,Elementary,120,0
46cbf47c-4e43-476a-af44-509e65f95dc4,2026-04-02 19:38:51,Sean,29,DE,Для работы,Beginner,20,0
68b2d887-1f43-4b57-8e74-6329bb1176a3,2026-04-19 16:05:51,Gregory,34,FR,Хобби,Advanced,120,0
7f3aa2f3-f9da-4054-bb7f-f5babc649c32,2026-04-05 22:33:51,Dawn,22,ES,Для путешествий,Advanced,10,0
f1aedfc7-6840-4476-b3da-c33feca568ef,2026-03-06 02:27:51,Ashley,42,BR,Для путешествий,Beginner,90,0
676cb6b5-0e4a-425b-b4f0-cbebb3d68e9d,2026-03-17 12:39:51,Sarah,19,DE,Хобби,Elementary,90,0
9410449b-8f8a-4b72-a8b1-6476dbcdab45,2026-05-05 02:36:51,Cindy,32,US,Для работы,Intermediate,15,0
f68dde99-dab3-4d25-8b63-00cbc7bf767a,2026-05-16 04:53:51,David,47,FR,Для работы,Advanced,20,1
29c4f300-e34d-4d10-9a0e-0e83d08be379,2026-04-03 23:09:51,Derek,26,ES,Хобби,Elementary,10,1
d489eb9f-71fe-45e7-9392-e083e68d58f2,2026-03-13 10:41:51,Michael,21,FR,Для путешествий,Elementary,30,0
fb120705-32b0-4f87-976b-dfe8539cbec3,2026-04-05 06:51:51,Chad,49,FR,Хобби,Beginner,20,0
4df3a27e-4b9b-4127-b8aa-0f30b7e860da,2026-03-06 02:09:51,Logan,36,RU,Для путешествий,Advanced,60,0
3512a231-d513-4f4b-8747-66efa41f6936,2026-04-18 22:22:51,Jessica,20,BR,Для путешествий,Intermediate,60,0
3b9a78a0-75cd-4d6b-a659-9fcdb5f78057,2026-04-07 09:57:51,Sean,41,IT,Для путешествий,Intermediate,90,0
c8af4b8c-a092-47ac-b988-381dbc591172,2026-06-01 03:53:51,Kimberly,47,US,Для работы,Beginner,5,0
342798f3-9f68-4af1-8d3f-3df341d61232,2026-04-28 01:35:51,Heather,16,BR,Для путешествий,Elementary,15,0
e68a9315-1515-459f-a62f-e1c9ba0642a5,2026-03-25 08:44:51,Adrian,20,RU,Для работы,Advanced,45,0
2e963444-8451-4f0f-bb18-3aca44880bfd,2026-03-29 22:33:51,Jason,19,DE,Хобби,Intermediate,10,0
1ecdc30b-7e88-44ad-96aa-cf7c0cb4d667,2026-04-23 03:42:51,Kyle,51,DE,Для путешествий,Advanced,10,0
f48aca35-5099-4b80-ab11-b18d7111f655,2026-03-21 00:45:51,Kenneth,39,BR,Хобби,Beginner,20,0
e9adadc8-f64b-4e40-8f98-34da1449d19a,2026-05-08 04:12:51,Regina,27,DE,Хобби,Advanced,5,0
6e32bb6d-ca6a-4ef7-900b-472c12bf5286,2026-03-27 10:55:51,Peggy,19,IT,Для работы,Advanced,30,0
5eb19241-73d8-4dc9-9dad-ab0a020f6a0a,2026-03-17 13:07:51,Chelsea,27,FR,Для путешествий,Beginner,15,0
13b77f85-72c7-4dc3-8aae-00b6e9bc20d5,2026-03-23 05:55:51,Austin,16,BR,Для учебы,Intermediate,5,0
62886951-846e-4579-a5b9-8348e0ef8fc3,2026-04-16 21:31:51,Pamela,46,FR,Для работы,Elementary,5,0
52261aa3-dddb-4ce4-805a-5967b2bfaa22,2026-03-18 01:20:51,Jill,39,IT,Для учебы,Intermediate,10,0
47032d19-f326-4855-9bc4-8dc299c15aee,2026-04-11 06:34:51,Ryan,39,RU,Для работы,Elementary,20,1
9b88bffc-1f89-4d20-bd00-6a3d7333f6c8,2026-05-26 06:51:51,Yvette,54,ES,Для учебы,Beginner,10,1
33de47ad-05d9-443d-808e-f6fb1edd601f,2026-03-23 23:57:51,Sheila,22,DE,Для работы,Intermediate,30,0
224a5328-2b1b-46af-8518-783599952172,2026-05-03 11:47:51,Susan,16,FR,Для работы,Intermediate,30,0
a2eed033-71a3-4848-86cf-d972611ad5c4,2026-03-05 16:56:51,Christopher,48,RU,Для путешествий,Intermediate,15,1
1e4f6716-f47a-485c-b48e-f97b1aecf383,2026-04-26 21:52:51,Michelle,20,ES,Для учебы,Elementary,5,0
a730ce2f-3866-4fbe-8c05-cc5cc2b70792,2026-05-26 00:26:51,Audrey,27,FR,Хобби,Advanced,5,0
204e2605-9d21-421b-93e2-1e739d75db6d,2026-03-06 16:33:51,Mary,48,FR,Для путешествий,Intermediate,90,0
3e7e703c-7d9b-4f7e-b81f-cfc375416c0b,2026-03-05 05:27:51,John,29,BR,Хобби,Intermediate,20,0
bb0e81f4-f4a6-4bb6-9a36-1cde4f3de600,2026-04-07 09:20:51,Jennifer,26,DE,Хобби,Advanced,15,1
beb8c765-aaf9-4be9-9172-96fa6ac80807,2026-05-04 19:57:51,Christine,49,FR,Для путешествий,Intermediate,45,0
689b3c06-2a51-404c-aca1-ed14433a6a08,2026-03-21 18:48:51,Angela,54,FR,Для работы,Beginner,30,0
830d94b0-aaf2-47e8-b394-b4708cf692bd,2026-04-19 16:12:51,Ian,30,RU,Хобби,Beginner,120,0
43a1ad98-ab98-4b8f-a37b-298880d289f2,2026-04-17 17:29:51,Amy,22,RU,Хобби,Elementary,45,0
9772b781-fd20-411a-95e2-bbfac57d090a,2026-05-24 01:15:51,Claudia,49,BR,Для путешествий,Elementary,10,0
09a8cefc-394f-4237-ac2e-073f28954bab,2026-04-19 17:05:51,Lauren,41,DE,Для путешествий,Advanced,45,0
a9032742-38fc-4bce-9953-a27b2ffd3a3d,2026-04-22 10:40:51,Michelle,27,FR,Хобби,Beginner,45,0
9725751f-f897-4cde-83a2-071d7a7f6162,2026-03-28 19:05:51,Harry,28,IT,Хобби,Beginner,10,0
f875cb74-87b1-4a1d-8fe1-7defc771c59d,2026-05-16 05:34:51,Megan,25,ES,Для путешествий,Elementary,120,0
03e2eaf2-5630-4487-a402-97acbc3aba98,2026-04-21 18:47:51,Nicole,35,US,Для учебы,Elementary,30,0
f108914e-95f3-441f-9716-723e93ec064e,2026-03-08 22:34:51,Kevin,17,US,Для учебы,Beginner,15,1
d7c02e37-69bd-40a6-ad7c-01d6d6f06d03,2026-04-05 04:20:51,Shannon,29,FR,Для путешествий,Beginner,90,0
3c1a3da0-c150-46c1-9f33-32db96283e63,2026-03-06 08:46:51,Shannon,40,FR,Для учебы,Elementary,120,0
306b1ebc-f2f3-4907-9434-37ae10f820fb,2026-04-24 03:01:51,Charles,43,FR,Хобби,Beginner,45,0
544739ef-41b0-48a6-9683-105988d78580,2026-03-25 17:41:51,Frank,20,RU,Хобби,Elementary,15,1
51b18763-a47e-40f9-8cc2-a7f86501fda6,2026-04-24 17:33:51,Amanda,51,ES,Для путешествий,Elementary,10,0
9064658a-1373-49a9-bf25-58bf275fa851,2026-04-29 15:12:51,Elizabeth,51,US,Хобби,Beginner,120,0
2cd61ca7-3ce3-432c-864a-f7e8f8f714a5,2026-05-02 10:29:51,Bruce,30,US,Для учебы,Elementary,20,0
e2116c1d-da34-4399-9c33-0c8c36043f0c,2026-04-01 15:11:51,Keith,19,RU,Для работы,Advanced,15,0
ceebca42-7a58-4ecc-ac84-8d4e0dce9427,2026-05-10 20:08:51,Michael,40,ES,Для путешествий,Intermediate,90,0
06df8801-5309-4c2a-9fff-212e330ef337,2026-05-22 11:15:51,David,47,US,Для работы,Intermediate,45,0
cf37d2c5-8005-48a8-83ca-14ecf700093d,2026-04-29 19:12:51,Jessica,22,ES,Для путешествий,Intermediate,20,0
b9022738-5f41-4da1-9684-7070688f2ff2,2026-04-27 12:03:51,Joshua,37,BR,Хобби,Advanced,20,0
b80bbc0f-2e6e-4745-89a1-769b8d928e36,2026-05-24 13:48:51,Michael,46,ES,Хобби,Elementary,90,1
7a36e931-f0d0-4b58-8336-1725c59ce4b0,2026-05-16 17:59:51,Rachel,43,FR,Для путешествий,Intermediate,15,0
72cb8030-dedf-4972-bb57-59c222ec2cd8,2026-05-03 05:28:51,Gail,29,FR,Для работы,Beginner,5,0
ed49afb5-1974-4264-9901-1c727481352b,2026-03-11 21:04:51,Kevin,46,US,Для учебы,Elementary,10,0
f641f6bd-8f84-439a-9653-0f6288f0f5a7,2026-05-18 18:27:51,Holly,17,IT,Хобби,Intermediate,60,0
470f271c-1532-45ef-9027-a6ae724e145e,2026-03-26 01:05:51,Lisa,44,FR,Для путешествий,Beginner,90,0
037cb618-781c-4032-8a89-74992cf7f0ac,2026-03-08 10:57:51,Crystal,18,DE,Для учебы,Advanced,90,0
a437ef7b-88f7-42d1-849e-1f9cd7ee4724,2026-05-31 11:02:51,Laura,24,IT,Для путешествий,Elementary,10,0
7454883f-c17b-430f-9f29-9eee81314ec9,2026-05-29 14:40:51,Colleen,21,FR,Для путешествий,Elementary,45,0
3d940309-f197-4ef1-bf76-3a269546b3a4,2026-03-09 05:24:51,Shelby,51,DE,Для работы,Elementary,90,0
e228b03a-6deb-4381-ab9d-9e23b59290b7,2026-03-05 17:06:51,Jonathon,47,RU,Хобби,Intermediate,45,0
898c5536-9c72-408c-b5d4-34945e7919e1,2026-04-02 10:55:51,Christine,18,BR,Для путешествий,Elementary,45,0
c214c08c-64f3-4daf-8b3d-e3bcc7ff41db,2026-04-13 15:25:51,Bethany,30,ES,Для работы,Intermediate,20,0
ec7a4d41-76c9-422e-bc9b-6bbd639b7854,2026-03-08 15:55:51,Kyle,53,IT,Хобби,Advanced,5,1
7a63eb60-a304-4973-8d6b-5f77d5ca5d4e,2026-04-03 09:40:51,Michael,36,IT,Для путешествий,Beginner,120,0
9d5c6a30-c519-4fcf-8942-0081981ae1a3,2026-05-28 16:01:51,Andrew,34,BR,Для работы,Beginner,5,0
456f8bf1-ec05-422e-b9b4-04bb913b347b,2026-04-29 07:29:51,Sharon,49,ES,Для работы,Beginner,45,0
39d1c526-8410-475a-8f42-97a1241fffe4,2026-05-14 14:20:51,Andrew,26,BR,Хобби,Intermediate,45,0
850c93e7-199e-4e0e-956a-6051dae32979,2026-05-18 00:44:51,Sarah,20,FR,Хобби,Intermediate,60,0
c5afa315-5ca7-47b4-ab76-0242c0154081,2026-05-02 16:20:51,Jeffrey,47,US,Для работы,Intermediate,120,0
57246cd4-a846-4e69-8d03-3ee59afd4ba3,2026-03-30 21:20:51,Joshua,45,FR,Для путешествий,Elementary,120,0
ee7f697a-55da-41f8-9c2b-ef120f056cea,2026-04-02 08:45:51,Bonnie,19,US,Для учебы,Beginner,120,0
9b2922b5-2bbf-43f1-8201-a77e5bf9c238,2026-04-13 00:12:51,Sandra,45,IT,Для путешествий,Elementary,60,0
384e1712-0ace-48b9-a1b2-7ebda2ba8f30,2026-03-18 01:07:51,Courtney,21,BR,Хобби,Elementary,60,0
3151871f-9aa8-4b20-8a63-3c627897419b,2026-06-01 17:30:51,Jason,26,RU,Хобби,Beginner,30,0
dec3a06d-8bb1-4ee3-80f8-b524fb6c82cc,2026-06-01 08:58:51,Stephen,20,US,Для учебы,Elementary,10,1
3411fbab-cccb-488b-9867-4a99554f7242,2026-03-25 23:47:51,Arthur,52,IT,Для работы,Beginner,45,1
995b6081-6e18-4a1c-b894-71af3c696080,2026-03-06 15:57:51,Jonathan,35,BR,Для работы,Elementary,30,0
3d560bd9-4bb3-42ee-a9b2-44afb34aa7c0,2026-03-15 04:54:51,John,50,DE,Для путешествий,Advanced,30,0
9b6add5a-db11-46aa-a311-bd7ad0ce3ba4,2026-03-16 14:56:51,Luke,51,BR,Хобби,Beginner,90,0
da235b3b-e805-4587-b966-aa988d22c601,2026-05-02 14:40:51,Willie,23,ES,Хобби,Beginner,90,0
288d3c6a-6f72-4445-bd22-c5107fceab4d,2026-04-20 17:56:51,Cheyenne,25,US,Для путешествий,Beginner,15,0
ae0f7f6c-4763-41a8-a2be-9e9f5108479d,2026-05-31 05:33:51,Andrew,34,ES,Для путешествий,Intermediate,5,0
16c9267b-4965-4dc1-b4a3-11815928d01f,2026-04-28 00:23:51,Cynthia,32,BR,Хобби,Intermediate,10,1
84f6950b-fddf-4bc5-8805-46c1b0db624e,2026-05-29 21:26:51,Alicia,19,BR,Хобби,Beginner,5,0
765c2d4b-8239-401b-a54a-4f82aa796a2c,2026-05-19 21:17:51,John,50,FR,Хобби,Beginner,5,0
27a84d68-d7eb-4f73-8a8a-d16a4e4edf49,2026-04-12 07:48:51,John,50,ES,Хобби,Advanced,120,1
4d966f46-81e8-45ba-ab37-0c2da840ff35,2026-03-12 03:24:51,Brian,51,US,Для путешествий,Beginner,90,0
b092388a-78ac-408a-9b2d-7bad6358479c,2026-05-27 14:07:51,Caitlyn,34,DE,Для работы,Intermediate,60,0
94db811e-7533-4a35-b48d-45dd743c0b14,2026-05-06 05:28:51,Barbara,50,DE,Хобби,Advanced,5,0
0a92b0bc-e6e0-4b03-a6b5-e8e7567f54e8,2026-04-24 14:25:51,Christopher,21,RU,Для работы,Intermediate,90,0
a48340f7-7f31-4df8-b11e-781464582df7,2026-05-09 20:44:51,Alexis,40,ES,Хобби,Advanced,20,0
c8956177-ebf0-44fd-872b-f8b5ce906846,2026-04-20 11:11:51,Melissa,25,ES,Хобби,Advanced,45,0
b477a242-b88d-4163-bea2-4b30067bceb2,2026-04-17 23:04:51,Joann,25,RU,Хобби,Beginner,45,0
775f1c21-2394-4f55-9385-15edaff1ccae,2026-04-27 18:17:51,Shannon,16,FR,Для учебы,Beginner,5,0
d8fd60b2-e80d-4582-acc8-019ee85dcfb4,2026-05-15 22:05:51,Julie,21,FR,Для работы,Elementary,15,0
d83e19fe-5f6f-4cbb-bfbf-5a8be8c8e2ba,2026-04-27 11:04:51,Rachael,30,ES,Для работы,Intermediate,45,0
d528564b-0761-4027-b59c-0672b49f8ed7,2026-04-30 09:58:51,Bryan,47,DE,Хобби,Elementary,20,0
112eab01-e888-457c-a6d3-a49e3a7ff8f6,2026-05-24 05:37:51,Elizabeth,39,RU,Хобби,Advanced,10,0
e35c6559-b32a-4108-b4f4-1e6e6815199f,2026-05-13 09:07:51,Donald,45,DE,Для путешествий,Advanced,15,0
7fff5bfb-48e3-4cfc-ac75-5f675af57ba1,2026-04-01 09:55:51,Deanna,33,FR,Для путешествий,Intermediate,10,0
3a1f5e7d-73cc-45fa-9016-3b1a6904f4aa,2026-05-03 13:13:51,Randy,34,IT,Для учебы,Elementary,20,0
e0c0cd93-29ac-4efc-a08f-85d81c81a55b,2026-03-10 00:59:51,John,31,DE,Для путешествий,Beginner,45,0
465ccb58-4af6-4307-a3b1-dbad3f7fa1e8,2026-04-07 05:28:51,James,38,FR,Для учебы,Beginner,60,0
42536b04-391b-442d-8994-e966552c5c9f,2026-05-12 14:50:51,Daniel,46,BR,Хобби,Intermediate,30,0
bfacb902-42ea-4e38-a643-cbcfecee9d3a,2026-04-06 09:45:51,Thomas,38,DE,Для работы,Intermediate,120,0
dafd45bf-f6fa-4b82-939e-9e7e1ead18e0,2026-05-01 15:30:51,Jacqueline,55,BR,Для работы,Intermediate,10,0
9f6e4901-b2e6-412c-8de2-6937c627b9c4,2026-03-19 20:46:51,Heather,31,RU,Для путешествий,Beginner,10,0
bf360a5e-c190-44d0-87c6-dffaa715b51b,2026-03-09 02:51:51,Timothy,17,RU,Для путешествий,Elementary,60,0
00857c12-c5e0-4f1c-a01c-0c0d65ad3b7e,2026-04-30 12:37:51,David,50,US,Для работы,Intermediate,45,0
1da1b712-3ef9-47e1-924d-3cc87f35f940,2026-03-15 08:01:51,Jessica,43,DE,Для работы,Advanced,60,1
5d4e42a7-fb7b-4c7c-a66b-b93c4874d723,2026-03-29 21:04:51,Jonathan,46,BR,Для путешествий,Advanced,120,0
8c7426a3-5cd8-4cee-9c5b-16189ef4fa07,2026-04-28 01:34:51,Cheryl,18,RU,Хобби,Intermediate,10,0
d00aa2b0-d4e8-4883-944d-9cac2ea1c6d2,2026-04-19 12:52:51,Christopher,33,IT,Для учебы,Beginner,5,0
a826b507-d1f1-4f24-b418-5e58ac8aff3c,2026-04-23 21:48:51,Michelle,49,IT,Для работы,Advanced,60,0
75d706a2-edc1-41ff-b95d-8266eb844528,2026-04-06 21:28:51,Mary,35,DE,Для путешествий,Elementary,10,0
9a8e0cde-f8ff-459a-a5ca-3dbbbc9e99d4,2026-05-26 06:07:51,Ashley,31,DE,Для работы,Beginner,5,0
5b1fdf0d-6c06-44a3-8c60-1a0ff3fdb73f,2026-05-22 04:15:51,Lance,19,BR,Для работы,Intermediate,10,0
343d015c-9639-4d67-8633-a6fc19d6a2da,2026-04-09 14:01:51,Robert,26,DE,Для путешествий,Beginner,60,1
24c5ff1b-e89f-4b11-9c17-dae2753d30c2,2026-03-25 11:07:51,Charles,18,FR,Для работы,Elementary,60,0
0a3b1632-9f55-4b99-b4b8-1fd83e0f5462,2026-03-18 05:45:51,Jason,33,IT,Для работы,Beginner,10,0
198b2f34-7ef8-4014-8802-63ce86df8077,2026-05-17 02:38:51,Bonnie,45,RU,Для учебы,Elementary,90,0
6d89b260-429c-4b4e-b751-c0156d055a85,2026-04-15 22:15:51,Daniel,22,BR,Для путешествий,Intermediate,5,0
f7d8f74e-9380-4f5a-b532-608030002515,2026-04-02 10:57:51,Marilyn,32,DE,Для работы,Intermediate,90,0
e84aeaa9-7a34-4978-bb7c-d36ddb34419a,2026-04-30 10:48:51,Sandra,51,BR,Для учебы,Elementary,15,0
d04f2210-0cf1-4eea-9683-c3847a2ae793,2026-05-03 15:56:51,Thomas,30,US,Для работы,Intermediate,90,0
a0ba300d-f3d4-4ee4-b000-6873fa4f1ca5,2026-04-18 04:52:51,Shannon,18,FR,Хобби,Intermediate,10,0
6dd98762-b82a-438a-8875-67a4113e7eaa,2026-04-23 13:06:51,Ashley,41,BR,Для работы,Advanced,10,0
868f968a-a931-434f-9857-ad86fd50e1c3,2026-03-13 00:59:51,Michael,31,RU,Для работы,Intermediate,5,0
cae8a04f-cab2-4b54-b897-e46f39985d01,2026-04-10 11:09:51,Stacy,34,BR,Для путешествий,Beginner,10,0
7df51e36-b87b-4b49-a422-463fed815bbe,2026-03-21 11:54:51,Carlos,35,DE,Для работы,Advanced,90,0
fd5fdb74-db87-489d-9a8c-2caa42faefa9,2026-04-03 18:46:51,Christy,22,FR,Для работы,Elementary,30,0
6a30c7c5-6609-4fa2-9e8d-13e2dd300c39,2026-03-20 09:06:51,Melinda,55,RU,Для работы,Beginner,5,0
fdfa795e-0f82-4130-9b5f-8f62c850cc13,2026-04-08 05:33:51,Jennifer,23,US,Хобби,Advanced,60,0
1eb2760a-536a-44fe-ba2c-3dfabae3e661,2026-05-13 03:26:51,Jessica,47,IT,Для учебы,Advanced,30,0
3f6e24f5-1e0e-4e26-9375-a360748fac32,2026-03-04 13:10:51,Shaun,33,FR,Для работы,Elementary,5,0
31a563ae-53bc-4177-bff8-540ff64e6b72,2026-04-03 14:20:51,Vickie,36,RU,Для учебы,Intermediate,20,0
4abce8b1-8f9d-48a0-955e-09d7fe16ed81,2026-03-09 04:45:51,Linda,36,RU,Для работы,Beginner,20,1
5c778228-d8ac-4121-a929-6948d7eb1cb1,2026-04-05 20:31:51,Erica,29,FR,Хобби,Elementary,120,0
d260a66e-abef-4d0d-8a9a-de3814411c05,2026-05-23 10:28:51,Christine,50,ES,Хобби,Beginner,120,0
e53d02bf-08ba-4ba9-a82a-1c4ce72d43db,2026-04-17 03:52:51,Kevin,49,FR,Для работы,Beginner,20,0
4cb75d69-7400-4415-a567-3975c53c2ee2,2026-04-27 21:55:51,Adam,35,ES,Для учебы,Advanced,20,0
226edcd0-f170-4ea2-ba03-da62d7ef2a15,2026-05-12 22:28:51,David,45,RU,Для путешествий,Intermediate,60,0
16d6f181-8857-4250-adaa-cb44b226e8e1,2026-05-22 12:45:51,Jamie,49,IT,Для учебы,Beginner,120,0
f8152a2d-1918-42c7-96ec-bf9661b667d5,2026-03-06 22:36:51,Jessica,53,US,Для работы,Beginner,60,0
df515a5b-a1fa-46b5-b737-c54cd7a8c141,2026-04-05 11:40:51,Jenna,53,US,Хобби,Beginner,90,0
8fdc4342-3686-4910-96cf-21b61e05481b,2026-04-10 09:12:51,Carla,25,RU,Для путешествий,Intermediate,10,0
8e6b1aca-07d3-4755-9199-186475a9753d,2026-03-31 16:49:51,Jason,52,DE,Хобби,Elementary,20,0
69799f48-d5e4-42f9-ba6a-f3994ce5c1c4,2026-05-02 04:35:51,Travis,26,FR,Хобби,Advanced,120,0
326834fc-cd4d-4ec7-b694-a08c1616ed66,2026-06-01 08:11:51,Tamara,33,US,Хобби,Elementary,90,0
3b35937a-3c2f-4c66-b8f3-f35c08fcccbc,2026-05-12 20:59:51,Brandy,42,FR,Хобби,Intermediate,5,0
b5989573-2c58-4441-a44b-8213b37d5b71,2026-03-10 15:49:51,Jason,40,FR,Для учебы,Elementary,15,0
411800af-df42-447c-83e1-56eec72a92d9,2026-05-15 10:02:51,Deborah,45,FR,Для работы,Beginner,90,0
43531c7f-c941-4284-ae08-c506d000a61a,2026-05-24 19:52:51,Barbara,37,IT,Для работы,Elementary,30,0
c1049ea8-a5a8-4b41-babe-2b4443b0e0f1,2026-04-19 02:18:51,Michael,48,US,Для учебы,Beginner,15,0
1e5724ea-62f4-4daa-9cbf-4f1a0ac50f79,2026-04-17 12:58:51,Deanna,17,RU,Для учебы,Beginner,60,1
9b4cee27-3006-4c1a-8438-b9a34c79fcf4,2026-05-24 21:44:51,Mary,33,FR,Хобби,Intermediate,20,1
8d89401f-9dbb-4d60-9024-a7619e4b780a,2026-03-10 12:28:51,Caleb,24,DE,Хобби,Beginner,15,0
fda08eac-59c3-414f-a717-3a34fcc314d4,2026-05-09 05:11:51,Sean,48,IT,Для работы,Intermediate,90,0
11fb5cd5-9375-4b72-85fc-a8044ab247df,2026-05-26 17:15:51,Austin,32,BR,Для путешествий,Beginner,120,0
d5efd880-fb57-4f20-83ea-f9fb28436eeb,2026-05-17 16:26:51,Lisa,48,US,Для учебы,Advanced,90,0
31436877-25b4-40fb-9252-51659eb3055e,2026-03-18 12:52:51,Angelica,47,FR,Для путешествий,Intermediate,10,0
8c96866c-1d88-4e14-aa68-d2f8a1adbd01,2026-03-21 13:28:51,Christine,40,US,Для учебы,Beginner,60,0
e3371d42-8567-400b-861b-d9eff56d0500,2026-03-28 03:55:51,Jennifer,27,BR,Хобби,Beginner,45,0
558bc7c3-0a6f-4a9e-8aaf-fe69d17079dc,2026-04-03 12:03:51,Timothy,26,FR,Для работы,Beginner,10,0
a50b5903-4e90-4519-a94d-e16f8595a077,2026-04-06 18:08:51,James,22,IT,Для учебы,Intermediate,20,0
1078d389-cd80-4994-9c8b-3e293695b6b4,2026-03-16 09:46:51,Alexander,22,US,Для путешествий,Intermediate,30,0
2e88a787-0a19-4814-96ea-a1b8d5065fdf,2026-05-18 21:09:51,Michael,19,IT,Хобби,Advanced,10,1
763d8cff-61cd-48d7-8b88-75cd09eb37c0,2026-04-01 09:19:51,Lindsay,32,DE,Для учебы,Advanced,90,0
9a47802e-4c39-4ef1-94ea-6970ea9dacdb,2026-05-11 10:39:51,Erika,44,DE,Хобби,Beginner,10,0
a2a536ce-3326-47f3-b628-e23ada1c544c,2026-04-18 11:50:51,Gregory,16,US,Хобби,Advanced,60,0
729c0795-78ef-4970-ae38-acdf1a2416fb,2026-03-22 08:59:51,Phillip,21,US,Для путешествий,Advanced,45,0
00c42f6d-8391-483c-a07e-abf9cab2ee88,2026-05-27 18:47:51,Michelle,48,ES,Для работы,Intermediate,20,1
6daa32c8-b8fb-495f-b4b9-1fec4e519666,2026-05-18 07:06:51,Benjamin,39,DE,Для работы,Elementary,5,0
8900adf1-159b-4482-8fc1-57fc172b17f8,2026-03-07 13:29:51,Heather,47,ES,Для путешествий,Elementary,10,0
195e5dca-3b58-4c08-8193-48b10ad1a759,2026-04-28 09:20:51,Michelle,39,BR,Хобби,Advanced,10,0
dea19e0e-6f69-4771-9f5b-0a7bbd266f92,2026-03-06 22:24:51,Eric,44,BR,Для путешествий,Elementary,120,0
e3330e3b-e4a2-4ba0-a526-d100face0f60,2026-03-26 06:54:51,Diana,30,DE,Для работы,Elementary,45,0
5cdc03e0-a60a-4502-9d9c-caaa57a21fe8,2026-03-21 20:35:51,Dan,38,US,Для путешествий,Elementary,5,0
ccd698c0-d921-4c75-8c51-2ddecfb111dd,2026-04-04 09:27:51,Jonathan,16,IT,Для учебы,Intermediate,20,0
b3c4f093-79bd-4a9a-b90b-1a9aac6c3891,2026-04-03 16:15:51,Shannon,18,DE,Для учебы,Elementary,20,1
ff0b0042-2ed5-4c7e-aa80-9f06bfd01228,2026-03-18 05:20:51,Daniel,35,DE,Для путешествий,Advanced,5,1
33eb53c2-bd84-4300-94fb-dcf623e47158,2026-03-31 21:34:51,David,49,DE,Для путешествий,Elementary,20,1
036e6896-c16a-4058-b700-8db816a574e2,2026-05-15 07:39:51,Roberto,19,RU,Для учебы,Beginner,120,0
39cde7f9-87be-4ce9-a452-fe3ed8cdad17,2026-04-12 04:27:51,Daniel,29,ES,Для путешествий,Intermediate,20,0
835612de-0bd9-4713-a549-dfccfde3021e,2026-05-29 08:55:51,Rebecca,46,IT,Хобби,Advanced,45,0
b915cc91-cc48-44e4-a949-77d5e225df40,2026-05-18 20:18:51,Melissa,26,RU,Для учебы,Elementary,90,0
81a84be1-b5c3-4298-a515-7ebaab9ba00c,2026-04-29 17:56:51,Colleen,54,US,Для учебы,Intermediate,90,1
68ecc285-1e77-4de9-8b25-04ac84755e1a,2026-05-23 21:25:51,Keith,33,US,Для работы,Advanced,20,0
7f67855a-b6ee-4f10-9aa2-fb653f79da3c,2026-05-17 03:05:51,Robert,27,DE,Хобби,Elementary,30,1
39005041-a0e8-41b4-9661-6608eca503b6,2026-03-25 19:47:51,Christopher,28,IT,Для путешествий,Elementary,120,0
b56b987f-643d-4e4b-a096-28921ecc347f,2026-05-26 21:39:51,David,20,RU,Хобби,Advanced,10,0
6f461519-ad31-4a4e-9ae4-f3498c6e83f0,2026-05-29 17:48:51,Tristan,50,FR,Для путешествий,Advanced,20,1
1800a773-d921-461d-93b1-b1ee206440c8,2026-04-09 05:52:51,John,34,US,Хобби,Advanced,45,0
b6c5db75-8566-4dbc-85b6-52234edb97d3,2026-03-30 08:03:51,Brian,16,FR,Для работы,Intermediate,60,0
26b6f7b6-7437-4ba5-bb38-e12f21191387,2026-05-11 12:24:51,Thomas,17,RU,Для учебы,Intermediate,20,1
92f351f2-d3a0-4ddd-a4ab-1c33c608d0bc,2026-05-03 16:50:51,Marco,28,ES,Для работы,Advanced,90,0
6e0f6c43-c1eb-4da4-a1fc-c2b9516b708b,2026-04-17 23:58:51,Christian,50,FR,Для путешествий,Elementary,60,0
2f756731-9e1a-479d-8e49-1f4c73452476,2026-05-19 12:01:51,Thomas,20,ES,Для путешествий,Intermediate,15,0
6278bcf0-2d64-4039-99dd-eadbc78a6936,2026-05-28 18:36:51,Laura,29,RU,Для работы,Intermediate,30,0
c8ae72e5-2f8d-4512-a71b-66d2babd0015,2026-03-14 03:18:51,Robert,40,FR,Для путешествий,Intermediate,60,0
b0a78f3c-d230-4363-b374-63c691566e44,2026-04-18 10:55:51,Jeremy,54,ES,Хобби,Intermediate,120,1
37061de0-f420-41a0-b1b3-4fe3f91bbc18,2026-04-15 17:26:51,Theresa,28,DE,Для учебы,Beginner,10,0
97529f2a-44ba-46c9-9a0b-b66ce9b0ef1c,2026-04-09 05:31:51,Kristina,51,BR,Для путешествий,Intermediate,45,1
e5bf45c2-af56-42e0-887a-23c9ba6ac54e,2026-05-20 08:50:51,Tara,45,ES,Для учебы,Advanced,90,0
7cc38f60-3089-420b-b6b9-1a950c82f264,2026-05-15 09:09:51,Kevin,48,FR,Для учебы,Intermediate,120,0
842adceb-c490-4efe-abc6-01b77aadf8ec,2026-05-02 19:29:51,Kimberly,54,BR,Для учебы,Elementary,5,0
8e97905c-e3c0-41cc-8ba0-20b261439bd3,2026-03-04 21:25:51,Michael,20,BR,Для учебы,Advanced,5,0
e4cf9a2a-e216-44ca-b3e8-e21f55c7b6b5,2026-03-26 18:05:51,Karen,36,IT,Для путешествий,Elementary,60,1
36392cf2-5d3e-4207-b4c1-0dd0668e8de6,2026-05-27 23:04:51,Jennifer,24,ES,Для путешествий,Advanced,45,0
ec7b18e6-fedd-4a35-ace2-efaaad70dfc3,2026-03-20 13:12:51,Charles,39,ES,Для работы,Beginner,30,0
a689e63a-753f-4c27-a1d1-5a952be3f4b0,2026-04-24 18:18:51,Douglas,33,FR,Для работы,Elementary,45,0
c998bffb-75cb-4e83-8bee-3699344b1aef,2026-03-31 22:06:51,Linda,24,RU,Для работы,Advanced,30,1
c5f0395e-7607-4739-a36d-1a09f6df0e42,2026-04-23 12:39:51,Carlos,30,RU,Хобби,Beginner,20,0
979aa64c-5acb-456a-898b-bf01f98e6dff,2026-05-02 00:36:51,Nancy,45,DE,Для путешествий,Beginner,30,1
e5af0f50-a7ca-471d-9d36-d551d74e608a,2026-04-05 09:29:51,Cheryl,41,IT,Для учебы,Intermediate,5,0
7a433b1c-2ac7-45ea-8916-03610448da16,2026-04-11 08:29:51,Tiffany,49,IT,Для учебы,Elementary,120,1
a55d5943-d3bb-41e9-8f11-3f1bdeeec926,2026-03-04 16:52:51,Carrie,40,IT,Для учебы,Elementary,90,1
9464194a-2b71-4208-8058-a6bd75ff4512,2026-05-10 04:29:51,Rachel,53,BR,Для путешествий,Intermediate,10,0
84203c2c-d68c-411c-8621-163b97bc3ac5,2026-05-28 23:40:51,Claire,34,BR,Для путешествий,Elementary,30,0
3a5d78d7-d579-4325-967e-8f5ccd362ff6,2026-04-27 20:43:51,Mark,28,ES,Для учебы,Intermediate,20,1
0c758c01-3a5c-4a76-aa60-2c2da6bbdd55,2026-04-14 06:05:51,Jason,21,US,Для работы,Beginner,45,0
247d7f22-c821-41d7-b44e-a54f0a7e5c60,2026-04-14 03:53:51,Michael,28,BR,Для учебы,Advanced,30,0
47aec96d-1a73-41c0-8faa-0999e223824e,2026-05-01 13:58:51,Lisa,49,DE,Для путешествий,Elementary,30,0
eb093227-b549-4587-b65c-6551f0d2b503,2026-04-07 11:51:51,Michelle,21,IT,Для учебы,Intermediate,30,0
40e58a73-8258-48a9-818f-c4da527169ca,2026-04-02 18:27:51,Mark,35,RU,Для работы,Intermediate,120,0
1d6e4051-0cb1-400d-9999-737b7161aebb,2026-05-17 18:15:51,Whitney,50,RU,Для работы,Beginner,45,1
3134b116-b1ba-4538-9e1c-63845a44d054,2026-04-30 18:58:51,Jennifer,42,US,Для работы,Intermediate,5,0
c165991b-fa8e-4056-9087-ede0b01476cc,2026-05-23 04:04:51,James,34,US,Хобби,Elementary,20,0
305c1ecd-439a-4a02-92a6-8e300e02337e,2026-04-30 08:46:51,Tamara,38,DE,Для учебы,Intermediate,20,0
2f34ac2e-9cee-4c34-8793-84e8faae3212,2026-04-18 02:53:51,Ricardo,43,FR,Для работы,Beginner,120,0
ede6f88a-fb72-4c96-a74d-262890947ee5,2026-05-13 01:09:51,Alexa,16,US,Для путешествий,Advanced,5,0
a0093ab5-d1e9-48d6-9f4c-ca8e03ff093b,2026-04-05 01:22:51,Brenda,26,RU,Хобби,Beginner,60,0
54e8fcc3-ad98-4ecb-b60a-459ab02c6ea3,2026-05-24 13:39:51,Ashley,31,IT,Для работы,Beginner,30,0
bc0c1e77-c0e3-4e84-acb6-7b15c9c4b7a4,2026-05-05 00:56:51,Mark,30,ES,Для работы,Elementary,60,0
90a16b05-45cf-4d6b-a1be-44b5c765d45e,2026-03-18 21:39:51,Kyle,20,IT,Для учебы,Elementary,20,0
69f1f934-591c-43c8-b3f5-a6aebc800f93,2026-05-02 06:11:51,Aaron,40,IT,Для учебы,Elementary,10,0
c78aca93-7974-4afd-a813-daefeadf83a1,2026-04-25 10:19:51,Cynthia,46,US,Хобби,Intermediate,30,0
41b33414-a04c-4879-8e7b-b2ccb76439f7,2026-05-30 07:36:51,Shannon,46,BR,Для учебы,Intermediate,60,0
afbb2eae-0794-4c97-a767-abfa6639b474,2026-03-31 01:46:51,Jason,52,IT,Для работы,Elementary,10,1
f8563400-fb0d-4b6a-84a1-34cf2a06b68e,2026-05-15 09:10:51,Micheal,33,US,Для учебы,Elementary,30,0
e737cb1a-0f0d-4041-bc0f-42ceb827a2fc,2026-03-18 07:14:51,William,26,DE,Хобби,Beginner,20,1
3ce1c290-d7a5-45d3-89fb-ae9308a8c22a,2026-03-12 00:35:51,Craig,18,ES,Для путешествий,Advanced,60,1
4a69d357-7db0-4f59-ab0a-8378787b5e8c,2026-04-12 06:45:51,Matthew,25,BR,Хобби,Beginner,120,0
760b5798-6fe9-4240-ae7c-2e182ea4a028,2026-04-25 07:24:51,Rebecca,34,BR,Для работы,Intermediate,120,0
daccba7a-637b-409b-9b0b-f31896ce7696,2026-04-24 21:12:51,Emily,22,ES,Для путешествий,Beginner,60,0
7c04f7d8-32c7-454c-8a82-b67a60fc6dc8,2026-05-10 01:11:51,Candice,54,RU,Хобби,Elementary,30,0
8b51f493-d579-4e7c-bcff-1f759079122f,2026-04-04 16:15:51,Sara,37,ES,Для работы,Elementary,20,0
cd28bd57-98e7-4b10-b0dc-4822e163cc09,2026-05-12 13:31:51,Michael,18,DE,Хобби,Intermediate,30,0
bc6f6b72-80b8-410f-8a4b-3309687d35b7,2026-04-28 18:19:51,David,27,FR,Для путешествий,Advanced,120,0
b965d236-4918-4973-8d2c-27a5e323aa6e,2026-05-07 18:52:51,Brian,21,RU,Для учебы,Elementary,60,0
5047e37f-141d-42bd-8110-80de673c4598,2026-05-05 09:07:51,David,35,FR,Для работы,Advanced,5,0
f12530e8-2592-4e50-a4a1-4523adea1c84,2026-04-05 04:35:51,Brandy,38,RU,Для учебы,Advanced,5,0
403b01a4-5e8a-4877-8339-93f9270d7477,2026-03-08 16:54:51,Christine,35,BR,Для учебы,Intermediate,30,0
e28edcee-1c4a-4807-b00b-b637337f9d0e,2026-03-21 10:35:51,Crystal,53,DE,Для путешествий,Elementary,5,0
efd561ae-ec1f-471f-bc24-2b1007ce4fba,2026-05-26 23:10:51,Samantha,19,DE,Для работы,Elementary,20,0
f225bb5f-a4cc-4ac2-beb8-a8f383386008,2026-03-29 07:09:51,Jennifer,48,RU,Для путешествий,Beginner,5,0
faceb5d2-0890-4efd-a879-20d43ab1f057,2026-04-20 08:33:51,Joshua,37,IT,Для путешествий,Beginner,30,0
eff5a271-5698-4a65-89fb-5b5fca44c0f6,2026-05-03 10:37:51,Richard,40,IT,Для учебы,Advanced,15,0
7ae47e7b-f656-4d49-84fc-9c24820e903f,2026-05-22 16:57:51,Bryan,23,FR,Для путешествий,Intermediate,10,0
1b1d2010-f08d-43c5-b4de-556baff012f8,2026-05-17 05:05:51,William,54,BR,Для работы,Advanced,15,0
ca5a201d-8c69-46f6-8be9-692914ac5938,2026-04-03 07:06:51,Teresa,45,RU,Для работы,Beginner,60,1
d0c1f486-7269-41f1-bfaa-e8a6d20eee1a,2026-04-18 19:58:51,Joseph,54,US,Для работы,Elementary,120,0
0932c708-0bfe-48aa-83d4-b959cfc5d88b,2026-05-12 17:32:51,Sarah,20,BR,Для работы,Advanced,10,1
4ddca9e9-63a5-4da0-8292-5862a56c08cb,2026-03-17 13:12:51,Austin,28,DE,Для учебы,Elementary,20,0
db926631-24df-45c7-870a-1f4fb4947de0,2026-05-05 19:17:51,Danielle,38,IT,Хобби,Intermediate,60,0
ca5723e3-120a-4277-911f-585bbf45da45,2026-05-03 16:48:51,David,36,DE,Для работы,Advanced,30,0
05e4203e-6e3b-463d-9f22-9eaa9ae6dc1f,2026-03-15 11:58:51,Donald,47,US,Для работы,Advanced,90,0
71a311ee-22ed-4c6a-975e-4cc45c0809b0,2026-03-05 23:37:51,Cynthia,50,RU,Хобби,Intermediate,10,0
86344dff-6194-434d-8c93-72371a08c1cd,2026-03-27 00:54:51,Anthony,50,ES,Для учебы,Elementary,15,0
8aab8031-1b14-494b-99bb-ebcd0ffa8af8,2026-05-17 15:50:51,Diana,26,BR,Для работы,Intermediate,15,1
18cfc4a8-80b2-4827-850f-ef03be78de1b,2026-04-13 22:20:51,Walter,39,US,Для учебы,Elementary,45,1
6a71cca2-360d-4a36-ad6f-bc25f5139359,2026-03-28 20:15:51,Karen,24,FR,Для путешествий,Beginner,45,1
b8c5cc47-7db5-4331-9970-c26202a5e149,2026-03-26 21:42:51,John,28,ES,Хобби,Elementary,15,0
73b0b9b0-65cc-4f47-95a0-396471b8e850,2026-04-25 04:13:51,Michael,22,RU,Для работы,Intermediate,90,0
b82c9d65-fb08-4b15-adec-6b28e0a6cb59,2026-03-27 09:21:51,Barry,43,IT,Для путешествий,Elementary,120,0
026761e3-a440-4c7d-8e25-8c3709f5d0cb,2026-03-15 23:47:51,Edwin,19,US,Для учебы,Intermediate,20,0
b7c3dd0f-9651-416d-9c9c-69024bed8c1f,2026-04-19 13:45:51,Jessica,27,ES,Для учебы,Beginner,5,0
e986338a-2712-4325-a9d9-31ee53df7d51,2026-05-04 21:35:51,Valerie,30,FR,Для учебы,Advanced,90,0
d7f50e50-7793-4057-8434-ba2bda00c6c0,2026-03-11 10:33:51,Angie,30,DE,Для путешествий,Advanced,30,0
c2011563-1dc0-45c5-985f-cd9bc690d8b4,2026-03-19 09:25:51,Robert,42,US,Для работы,Intermediate,120,0
38597c00-f88a-4641-94e6-cdea6180c40b,2026-04-07 05:37:51,Melissa,22,US,Хобби,Elementary,5,1
5549d640-afd9-4ef0-a491-16ff750cae73,2026-05-30 21:12:51,Hayley,40,DE,Для путешествий,Intermediate,45,0
a8eec8d3-7f2a-4b07-8535-8cf58e798a20,2026-05-04 11:12:51,Sarah,51,FR,Для путешествий,Intermediate,15,0
508a0ad9-0e40-411b-bb25-39a98e2b0a84,2026-04-26 17:37:51,Craig,45,RU,Хобби,Advanced,10,1
ca72ea4e-2ee6-4e06-bdd8-ce3032a81381,2026-03-06 02:13:51,Jennifer,18,IT,Для работы,Beginner,90,0
9765bd65-47e1-42f8-920f-79ef2ddc0bd1,2026-03-10 08:03:51,Gordon,31,IT,Для путешествий,Intermediate,30,0
4fb7cec0-419a-4401-83b0-9e8523348c7b,2026-04-29 12:04:51,Sabrina,47,ES,Для работы,Intermediate,120,0
a6210f8c-ada3-4b42-8e2b-5e4afc9b146c,2026-03-19 21:44:51,Melanie,39,BR,Для работы,Intermediate,45,0
b01eecc6-6ac4-44ac-b81d-b57fff62870e,2026-05-01 01:01:51,William,54,FR,Для работы,Beginner,60,1
690702d8-705a-46cb-aff8-dbd2811d8050,2026-03-08 15:55:51,Tracie,19,RU,Для учебы,Beginner,20,0
dcbaa194-f06b-4aa9-aae2-0d3c1b91b97f,2026-05-23 10:16:51,Donna,30,BR,Для учебы,Intermediate,10,0
be95daab-9af3-44c0-adba-f0b48a172a97,2026-05-22 02:13:51,Mary,19,IT,Для путешествий,Advanced,60,0
c87d92a3-14cc-43e8-abc9-fb60ab2ecdaa,2026-03-25 15:26:51,Joshua,39,BR,Для работы,Elementary,30,0
a59d5df4-5f3c-44bf-b435-764f3a65fcb1,2026-05-03 07:16:51,Crystal,32,DE,Для работы,Elementary,90,0
5ed6dbe6-d1c3-4ae6-b2d9-cdc9a5c1a457,2026-04-07 18:23:51,Arthur,27,FR,Хобби,Beginner,15,0
fb5d1730-03c8-4869-be22-3f80698e04a4,2026-04-22 01:20:51,Timothy,34,FR,Для работы,Beginner,45,1
5aa966e0-4fee-441e-abdd-85e7db6b34ee,2026-03-11 00:42:51,Monica,53,DE,Для работы,Elementary,20,1
e69aa4ca-c02c-405d-86f3-861673c80cfb,2026-05-31 00:12:51,Anthony,36,FR,Для работы,Elementary,20,0
a8946ba7-dd0a-4460-8f5b-3c960a78a34e,2026-04-02 04:39:51,Philip,26,IT,Хобби,Beginner,45,0
5393a157-93fd-4614-9949-74d889eb7c9d,2026-04-28 20:41:51,Samantha,29,US,Хобби,Beginner,45,0
dccd68ed-4616-4b1d-9273-05f809dd11ff,2026-03-18 03:53:51,Amber,47,US,Для учебы,Beginner,20,1
52757768-85fe-4d93-b1ba-d9799ec6dba8,2026-05-08 12:31:51,Luis,40,US,Для путешествий,Beginner,30,0
fe8a2cbf-08f2-492e-ba6c-42c4936d24f0,2026-04-05 05:43:51,Wendy,52,IT,Для работы,Beginner,20,0
4746ce21-2623-4844-8461-a33f9354f0fa,2026-05-28 17:32:51,Crystal,30,IT,Хобби,Beginner,30,0
1c393343-e5e0-4feb-b2d7-857aa9744741,2026-05-23 21:59:51,Kathleen,16,DE,Для путешествий,Elementary,20,0
e6582eeb-7ae0-4882-a576-a8bc01eb0f4a,2026-05-01 07:48:51,Angela,46,DE,Для путешествий,Elementary,15,0
9b749fa0-f206-4d62-ab39-430a2d08ff5f,2026-03-21 13:25:51,Mason,47,US,Для работы,Intermediate,45,0
172ae024-5abc-4a74-a2dc-9f5746dde1f6,2026-03-04 17:06:51,Daniel,28,DE,Для учебы,Beginner,30,0
61f0167a-21fb-470a-ac57-4f7eb54823d6,2026-04-28 04:30:51,Michael,26,RU,Для работы,Beginner,45,0
067ab10f-0ac8-4573-a9f5-f921c2bdeb1d,2026-05-28 01:16:51,Matthew,30,DE,Для учебы,Elementary,5,0
f39c5e8b-16c0-4563-99b8-173b57e2a9d6,2026-04-27 16:37:51,Sherry,55,DE,Для путешествий,Beginner,15,0
730c69ba-129a-4bba-9b9b-833f86ba2933,2026-05-24 07:59:51,Samuel,18,ES,Для работы,Elementary,15,0
0193ed2c-aacf-4ade-9278-934fc8342b1a,2026-03-28 01:24:51,Timothy,32,RU,Для работы,Beginner,20,0
7d8e29e5-72ed-444d-917d-419494e52083,2026-03-12 05:44:51,Cassidy,47,IT,Для работы,Advanced,5,0
04a4a5dc-5150-4fa1-8e06-891db46b8012,2026-05-09 09:24:51,Jennifer,22,FR,Хобби,Advanced,15,0
a1dc3519-478b-4420-8d35-f322e727ec4d,2026-04-23 09:28:51,Joseph,38,RU,Хобби,Advanced,10,0
5d25d4d0-c121-4507-958e-a0a27e25cc0d,2026-05-11 19:56:51,Michelle,18,DE,Для работы,Intermediate,20,0
506e5ec4-6437-4841-b0ee-d3726a4e1209,2026-05-25 13:07:51,Javier,40,ES,Для путешествий,Elementary,45,0
89e987c2-6c3c-461a-a775-d09c9794a7d9,2026-03-11 19:25:51,Jose,31,IT,Для путешествий,Beginner,5,0
82286f64-2abd-4692-ab54-3889c95ffb93,2026-04-22 04:13:51,Jennifer,53,IT,Для работы,Advanced,5,0
6ec4010c-156f-4714-8f19-d0f7e5ad04ad,2026-05-03 20:44:51,Andrew,50,RU,Хобби,Advanced,45,0
a828c12a-e215-4398-be46-0a1d2fee43c5,2026-05-25 06:48:51,Dawn,44,ES,Для работы,Intermediate,30,0
7c59c825-b82b-4573-84f8-26d94f6071e5,2026-03-19 07:21:51,Emma,21,FR,Для работы,Beginner,5,0
e329ec49-96e9-4c77-b042-ca75f6a27740,2026-05-09 13:33:51,Bradley,18,FR,Для работы,Beginner,120,0
f4e53c8c-92eb-405b-8219-b4053f04d4b7,2026-04-29 17:48:51,William,44,DE,Для путешествий,Beginner,90,0
2b89e431-ab8a-4cc2-9da6-2c6ce4524c9c,2026-03-18 13:10:51,Jennifer,41,FR,Для учебы,Elementary,120,0
6ca238f0-3da4-43fe-acd2-50231217bddf,2026-05-23 17:06:51,Kevin,49,ES,Для путешествий,Beginner,120,0
3b89f56d-e698-4746-9272-d59b98547ccb,2026-04-14 11:11:51,Brandon,18,ES,Для путешествий,Beginner,120,0
58cde856-f479-4b7b-bfba-291d27fcc501,2026-04-17 17:38:51,Rebecca,28,RU,Для работы,Beginner,10,1
404a9dc5-73a9-4b05-8834-15282f6b6f2b,2026-05-04 14:49:51,Timothy,21,IT,Хобби,Advanced,20,1
9196e5b4-d387-440a-801c-d51c864ba545,2026-04-28 00:52:51,Mary,29,FR,Для путешествий,Beginner,45,0
a3bd3aef-dfb3-4d39-b303-d7d3a9d6086e,2026-03-28 06:42:51,Kimberly,40,IT,Хобби,Advanced,30,1
58ce5e93-2cc2-419f-98a1-9167dc52e2ae,2026-03-14 12:58:51,Michele,29,DE,Хобби,Intermediate,120,0
31bb23b2-94ee-4f83-b1bd-cd676c2de115,2026-04-02 22:02:51,James,48,RU,Для учебы,Intermediate,20,1
a93b1249-c2d7-49f7-9963-b35cb574605b,2026-05-26 00:47:51,Michael,38,ES,Хобби,Beginner,30,0
27437950-111d-4803-a98c-bef976fd1cf6,2026-04-16 23:32:51,Amber,23,IT,Для учебы,Beginner,120,0
144dc332-8fec-4f3b-b668-0a1e2057f66b,2026-04-07 14:07:51,Christopher,22,BR,Для путешествий,Beginner,45,0
1ab4f57b-8de3-4561-8970-37392c4956d7,2026-05-13 20:41:51,Joseph,19,FR,Хобби,Elementary,90,0
33bda6d5-2ac5-43da-b2dd-279a91f2845c,2026-04-07 14:52:51,Kim,41,RU,Для путешествий,Advanced,30,0
235e2620-d0a8-403a-981a-362b2265b32c,2026-05-18 20:12:51,Sara,20,IT,Для путешествий,Beginner,30,0
a988a297-ac02-4276-905e-9725f1d526e3,2026-05-12 02:33:51,Donna,40,US,Хобби,Intermediate,30,0
9298f75c-39ab-41dd-96a6-1ee13406263b,2026-05-10 15:50:51,William,50,DE,Для путешествий,Elementary,90,0
8473f1e0-df7c-4096-b4e8-13e557d10d12,2026-03-14 02:21:51,Heather,46,BR,Для учебы,Intermediate,45,0
55daa8d9-bd84-462e-b297-9899ae948b5e,2026-05-06 12:45:51,Linda,38,ES,Хобби,Intermediate,90,0
7c801ba7-5c25-486e-acfa-0ee3df75ea18,2026-05-12 21:04:51,Kelly,27,ES,Хобби,Beginner,15,0
5f94545a-b0cc-42ae-8824-aac8b9671fd4,2026-05-04 03:13:51,Daniel,30,DE,Для работы,Intermediate,20,0
9a85e688-14eb-4dfc-b7e9-1c7ca77927ef,2026-03-15 05:50:51,Brian,53,FR,Для путешествий,Beginner,20,1
ef71febd-ccc2-4cc7-b603-85dc492862e0,2026-03-06 16:42:51,Ana,26,FR,Хобби,Elementary,5,0
7a75a5a0-78a4-4cbe-80d7-48e0aea7a0fc,2026-03-26 14:24:51,Jacqueline,16,US,Для работы,Elementary,120,0
931197d0-d437-4d8d-9d89-a7d51803c673,2026-03-10 21:27:51,Victoria,22,FR,Для учебы,Beginner,90,0
89917684-59f4-42c2-ad80-5599d09a70e4,2026-05-09 23:33:51,Karen,48,RU,Для учебы,Beginner,20,0
c1150a1a-0d96-4bd5-9dae-2d365072e735,2026-03-16 19:49:51,Sandra,28,RU,Для путешествий,Beginner,45,0
e02affe9-1cb5-4ff1-88ed-d09f33548181,2026-03-10 16:28:51,Patrick,43,DE,Хобби,Beginner,15,0
2e504e86-c781-4d5a-bce5-5b383a504503,2026-05-23 04:25:51,Stanley,42,US,Для путешествий,Elementary,20,0
b9c938ff-4f6e-41ad-9d1b-491358de0ddf,2026-04-12 04:13:51,Jaclyn,40,RU,Хобби,Advanced,5,0
2c6dc915-5dff-4257-b134-9556335fc688,2026-05-27 18:53:51,Sara,22,ES,Для учебы,Beginner,10,1
a19e0afd-4ef2-4af3-93df-77cc18a1d1bd,2026-04-29 08:10:51,Kevin,42,BR,Для учебы,Intermediate,90,0
a219891f-4802-4c6b-a79c-1eeb175ed2a2,2026-05-24 16:30:51,Laurie,35,DE,Для учебы,Intermediate,30,0
965e1c24-4ff4-4172-a01f-535e61656a1d,2026-04-22 22:34:51,Brandon,37,ES,Для учебы,Elementary,120,0
9d8b0027-4a4c-4886-ae58-7bb41da5761a,2026-03-19 12:08:51,Tyler,49,RU,Для работы,Elementary,5,0
0fd18144-e3dc-43ed-b56b-26da1690244a,2026-03-08 05:30:51,Rodney,48,RU,Для работы,Elementary,60,0
74414c39-46d1-4cb1-a2a3-3f4fe3be0110,2026-03-23 16:26:51,Sarah,36,ES,Для учебы,Beginner,15,0
ace92d12-4bb2-438c-b6de-297629c7474a,2026-05-29 19:58:51,Rick,55,FR,Для путешествий,Elementary,20,0
fe8d50b4-a96c-4032-9b13-14f985bf9751,2026-03-25 08:15:51,Linda,53,IT,Для учебы,Beginner,45,0
ca031944-58d6-4b9a-bfeb-6a2b9839942e,2026-04-04 03:12:51,Ruben,36,FR,Для путешествий,Intermediate,30,1
9fb82065-030f-451d-91c3-1f3dbd82e906,2026-05-31 04:14:51,Latoya,31,RU,Хобби,Elementary,20,1
7e258da9-9bc1-4dc1-afaf-c2b022121e12,2026-04-29 16:24:51,Lisa,22,US,Хобби,Intermediate,20,0
54b8c05e-2371-480c-8db1-073d7725e85c,2026-03-26 15:26:51,Sarah,33,US,Хобби,Intermediate,15,0
445d7887-ca2c-4bd2-9389-6b0fa2b9cf85,2026-05-05 21:38:51,Ronald,23,ES,Хобби,Beginner,15,0
c874d754-458f-44de-be3a-d640ccd2a392,2026-04-04 21:23:51,Brenda,37,FR,Для учебы,Beginner,45,0
f77ec07b-800d-4e2a-a77e-b4cab708e31b,2026-03-21 01:16:51,Mary,40,ES,Для работы,Advanced,10,0
b4c54619-8b3f-40cb-be37-1cc6deeedb1c,2026-04-26 08:41:51,Brandon,27,FR,Для путешествий,Beginner,15,0
6a220194-d3d9-4544-968e-c0282ad60384,2026-04-22 10:01:51,Natasha,47,US,Для работы,Intermediate,120,0
75368c99-10ed-433e-b8eb-5b4d033b1ebc,2026-03-04 21:38:51,Joshua,27,RU,Хобби,Advanced,90,0
f381d2a9-a0ce-4a83-90c0-a7e4ff5032ad,2026-04-23 01:05:51,Valerie,43,FR,Для работы,Elementary,30,0
b565073f-afef-425c-a0ac-e84b7f605dfc,2026-05-25 16:18:51,Maria,42,BR,Для путешествий,Advanced,45,0
753dc0cd-7277-4dd1-bc03-9aba5869a1a5,2026-05-10 07:04:51,Calvin,53,IT,Для учебы,Beginner,30,1
e69a7a2a-93d3-4d43-b2e6-5d539f6fc6d7,2026-04-27 09:42:51,John,16,RU,Хобби,Advanced,45,0
6f74adde-aebb-4a71-8441-2e78d5515bad,2026-03-06 19:29:51,Shane,27,DE,Для путешествий,Advanced,10,0
1f3712b2-da36-4b14-b22f-b9c15a4467d7,2026-03-04 21:27:51,Yolanda,35,IT,Хобби,Advanced,60,1
0793f66b-bffa-40ed-8945-263a7a17b5f5,2026-04-15 19:09:51,Christine,35,RU,Для работы,Beginner,10,0
c172c700-d358-4100-8427-16ac3385e306,2026-04-16 21:00:51,Karen,55,RU,Хобби,Beginner,30,0
7f24c88c-9c18-48cf-81f0-8768b7cc2b72,2026-05-28 02:23:51,Lauren,22,BR,Для учебы,Beginner,90,0
3d05cc55-e926-412e-a1e9-359ce04d46b7,2026-05-19 13:06:51,Spencer,53,US,Хобби,Advanced,30,0
b65426a2-4815-48d3-9d3b-4cb3482c05cc,2026-05-17 23:07:51,Mark,44,DE,Для работы,Beginner,10,0
19bcbecc-98e0-44a5-88ab-4c21ce298915,2026-05-01 05:28:51,Kayla,48,IT,Для путешествий,Elementary,60,0
b75572f6-5af3-4742-8772-1702923099f1,2026-05-10 11:39:51,Ashley,19,FR,Для учебы,Beginner,30,0
6f4d5981-c83c-444a-af5a-68ef3f76d9ed,2026-05-22 22:20:51,Connor,40,ES,Для путешествий,Advanced,20,0
b926b893-7c6b-4833-bbb8-164d50a99b2b,2026-05-11 02:39:51,Crystal,24,RU,Хобби,Intermediate,60,0
2b7040c2-01d8-4fa9-ac65-39383b907847,2026-05-21 18:43:51,Amanda,45,DE,Для работы,Advanced,10,0
60934ac8-1728-4196-82b2-788292f1c31b,2026-03-28 06:55:51,Ashley,25,ES,Для путешествий,Elementary,60,0
a1e9a671-07a4-40b1-80c9-947a7448fc8f,2026-05-24 21:28:51,Tommy,31,IT,Для учебы,Beginner,10,0
deadd85f-d6c5-4269-a004-426c930b40b3,2026-05-29 20:13:51,Brent,34,ES,Для учебы,Elementary,120,0
7c5abb60-2a65-437a-ac04-d9d9a9fe51a8,2026-04-10 17:31:51,Michael,19,DE,Для путешествий,Advanced,20,0
d6db6563-621c-45b2-9c36-1b6d2daffc81,2026-05-25 02:35:51,Jennifer,54,BR,Хобби,Elementary,90,0
215f50fb-bab9-4244-be69-8d15e7d08649,2026-05-16 09:14:51,Michael,18,IT,Для путешествий,Advanced,15,0
80c686be-ea00-4a99-af6d-a82afde0ff81,2026-04-11 20:16:51,Ronald,19,FR,Для работы,Elementary,20,0
ddaa02ab-386c-4d97-a9cd-4a60790bad3c,2026-05-05 10:15:51,Wanda,23,IT,Для путешествий,Beginner,5,0
08855d7e-a0bc-4d89-b432-cea98c0a53f5,2026-04-24 16:16:51,Denise,50,IT,Для путешествий,Intermediate,20,0
e9e907ce-11bc-4049-81d1-b0c70451769e,2026-04-11 14:35:51,Alvin,55,ES,Для путешествий,Elementary,15,1
ab17017c-bed0-40d1-b815-e9086cbb2c87,2026-04-17 14:56:51,Karl,54,ES,Для работы,Intermediate,5,0
bdc6d274-e486-453c-8e6c-2c33112621c5,2026-03-26 09:28:51,Jeffrey,41,IT,Для учебы,Advanced,60,0
59ac2028-e807-468b-b284-d6e11e70e8a3,2026-05-20 03:45:51,Scott,16,IT,Для работы,Beginner,60,0
4b4b545b-6f34-4e85-a5e1-8da9617237c2,2026-03-18 05:16:51,Joseph,16,FR,Для учебы,Intermediate,20,0
30d4ed81-8077-405c-9659-b8025e03dc84,2026-05-31 21:31:51,Tiffany,40,ES,Для работы,Intermediate,10,0
2551cc9a-738e-4b33-88e3-56d7fbec9006,2026-05-05 04:38:51,Anthony,43,IT,Для работы,Intermediate,60,0
64b93161-b3d9-4901-9399-57f9782f8fd4,2026-03-23 11:29:51,John,42,BR,Для путешествий,Advanced,60,0
8d81233f-a54c-4811-8132-a1908b72eba5,2026-03-08 07:58:51,David,43,ES,Для работы,Beginner,60,0
bcf01a47-43c3-4f54-91e5-48840e70e730,2026-03-24 15:36:51,Kristin,54,DE,Хобби,Advanced,60,0
0f4649ba-0ae0-4895-b947-4dc534bdb04b,2026-03-18 09:28:51,Rebecca,47,US,Для работы,Advanced,15,0
df52d066-8e6b-4f81-bc4b-1d9047781fcf,2026-03-14 00:39:51,Jennifer,46,DE,Хобби,Advanced,30,0
63cbf878-9c0e-4c82-949d-6b3f6b6cf69f,2026-04-15 18:37:51,David,52,FR,Для учебы,Elementary,5,0
744cb376-41c7-47da-b674-5a5dff14fbeb,2026-03-11 01:02:51,Isaac,16,IT,Для учебы,Intermediate,120,0
299250fe-96ef-4ba5-a9a4-69124838d371,2026-05-16 08:57:51,Sara,54,IT,Хобби,Advanced,5,0
f01e673e-9f5f-4fda-886d-45c900ceec55,2026-04-26 12:52:51,Kimberly,48,IT,Хобби,Advanced,20,0
739e3047-2d14-4f8f-af8d-b4d4e0c0882f,2026-05-20 02:05:51,Jason,41,BR,Для работы,Advanced,5,0
a42d49dd-2a51-4422-937b-3f32beb007d1,2026-04-25 11:32:51,Elizabeth,25,BR,Для путешествий,Advanced,20,0
b3d09429-61dd-40c7-9912-b175189430e6,2026-03-27 22:50:51,Robert,21,BR,Для учебы,Beginner,15,0
6d8df6aa-adec-4fb8-ba51-499b674ed014,2026-04-27 21:37:51,Emma,34,US,Хобби,Elementary,10,0
63ad4eaa-b7e7-47d3-bede-11869e5237c9,2026-05-04 06:36:51,Jean,39,IT,Хобби,Intermediate,90,1
b63a3c51-8b3c-4544-b591-9986561c7fda,2026-04-22 18:46:51,Cynthia,46,US,Хобби,Beginner,10,0
ddfc68a1-8a0b-49f6-ac7d-d0eaae9ea9ab,2026-05-02 07:49:51,Steve,32,RU,Хобби,Intermediate,20,0
31fe44c2-9844-4268-bcec-0a0fcdf0e7f6,2026-03-12 08:24:51,Joan,17,ES,Хобби,Beginner,120,0
38a82f2c-4fdb-4b8c-a3da-82867929dd9d,2026-04-06 17:38:51,Ashley,45,BR,Хобби,Beginner,15,0
7e041bfe-9f58-4b2f-8b49-3f70bb9170d2,2026-04-30 13:50:51,Randall,49,ES,Для работы,Intermediate,20,0
0de2db6c-6997-48a9-8c87-ba822e3589cb,2026-05-29 11:55:51,Abigail,48,US,Для работы,Intermediate,20,1
60dc4cdc-ccb0-419e-86fa-5dac9e2434d3,2026-04-23 01:46:51,Rebecca,35,US,Хобби,Beginner,20,0
fced6b24-64d3-4638-800c-9972b5356f64,2026-03-29 05:47:51,Randall,52,ES,Для путешествий,Elementary,120,0
d0a24c05-1df7-4d0e-b2ba-a43ed69735c9,2026-05-03 19:52:51,Kristen,32,ES,Для учебы,Intermediate,10,1
bc44f5a0-958d-4a0a-b6ab-71bc7fa7cfe1,2026-05-08 05:47:51,Matthew,26,ES,Для путешествий,Beginner,90,0
0f2055b6-d0fe-4a96-a970-3cb8e1ab6f5e,2026-03-21 11:26:51,Brian,51,FR,Хобби,Elementary,20,0
76e14bb2-3002-49f0-8288-000cc03d9251,2026-05-20 12:57:51,Mikayla,28,ES,Для работы,Elementary,90,1
3570455a-703e-474d-a978-dbe90406e585,2026-03-16 15:07:51,Sarah,50,FR,Для работы,Advanced,45,0
4626e57d-80a6-42f3-b824-bd22133dcb48,2026-03-23 07:32:51,Donald,36,FR,Для путешествий,Intermediate,120,0
afe710a1-d044-4793-9451-3983a0a26dde,2026-05-06 03:31:51,Julie,47,RU,Хобби,Advanced,30,0
8f70b46e-d8af-452d-b1b2-180d66af96a2,2026-05-28 01:22:51,Scott,50,DE,Для учебы,Beginner,60,0
bf1c7e94-7d68-41a4-9ee7-1a6fd3b0f96b,2026-04-20 12:39:51,John,34,US,Для учебы,Intermediate,120,0
59e884ae-934b-40ff-b97f-ce4e2544327d,2026-05-27 15:18:51,Andrea,49,FR,Для учебы,Intermediate,90,0
568f590a-2290-4eb5-bb2c-6581268c4c7d,2026-04-12 14:27:51,Brian,36,DE,Хобби,Advanced,10,0
4a4ea8b2-885d-44ce-8bf3-8333adba4c2f,2026-04-17 22:27:51,Peter,32,DE,Хобби,Beginner,30,0
8332d509-3689-473a-811a-ea833cab55d3,2026-05-30 00:01:51,Michael,30,FR,Для учебы,Advanced,90,0
f5377d79-ea4f-411d-b486-2b4ceeb87f03,2026-05-10 10:03:51,John,49,US,Хобби,Advanced,60,0
d03c1fe2-14d9-4241-ada8-9ccc94053dd4,2026-05-21 05:20:51,Amanda,33,IT,Для путешествий,Intermediate,20,0
fb51116a-fd6c-4870-b52d-99ef4882fe30,2026-05-30 10:43:51,Matthew,24,FR,Для работы,Advanced,10,0
c970c50b-b7f3-43e8-b8fb-0ae745195292,2026-05-24 23:46:51,Robert,24,ES,Для работы,Advanced,120,1
7dcfb3ad-b121-4ac7-82ab-067798758bb7,2026-04-22 08:12:51,Steven,34,IT,Для работы,Intermediate,10,1
5548a9a8-70bb-48b6-8957-9caace8ca2a0,2026-05-19 05:17:51,Micheal,33,ES,Для путешествий,Advanced,60,0
6bb9b6dc-96bf-43eb-88a2-3c496a414e18,2026-05-03 23:04:51,Jack,46,BR,Для путешествий,Advanced,45,1
d70534bf-7aab-43ce-acbb-88c6504ecb84,2026-03-05 02:28:51,Lee,32,FR,Хобби,Advanced,10,0
9ad01cbb-5024-4db1-ade7-e2a3f5a18636,2026-04-22 04:28:51,Ellen,32,US,Для учебы,Intermediate,90,1
e33eb5e9-b021-4bbb-9767-ecd3a8116459,2026-05-18 12:15:51,Matthew,53,US,Для работы,Beginner,10,0
33f5042c-89ec-4dca-bcf6-470347043342,2026-05-01 12:16:51,Wendy,40,FR,Для работы,Intermediate,120,0
0aba451d-e08a-4c66-8106-16789c38e138,2026-03-21 05:11:51,Audrey,48,DE,Хобби,Intermediate,120,0
781d5037-ffd0-48a8-bebd-efd06b272934,2026-04-03 18:59:51,Nathaniel,18,ES,Хобби,Elementary,15,0
4cadc0f7-498f-4d87-9afe-87c8a3d3f3f9,2026-06-01 01:41:51,Kevin,45,FR,Хобби,Elementary,120,0
870638bc-d64c-4697-ba3b-814d96b217dc,2026-03-25 11:01:51,William,42,IT,Для путешествий,Intermediate,15,0
08c57d00-ac3f-4e3e-88d6-63dfb21bb179,2026-04-02 14:18:51,Ashley,55,IT,Для учебы,Advanced,60,1
0c154abd-ffed-4b38-b433-1a7ef7c5ffc4,2026-05-21 12:33:51,Joel,46,ES,Для учебы,Advanced,120,0
41a7b17b-174a-49dc-95a5-dfcdb64d285b,2026-04-27 14:34:51,Laurie,24,DE,Для учебы,Elementary,10,0
4b92ea28-b1dd-4889-85d4-5a0cb9e38501,2026-03-13 14:30:51,Brian,25,ES,Хобби,Intermediate,90,0
caa24c38-a557-414e-b0b6-3ae86756fd2c,2026-03-21 08:15:51,Lisa,51,RU,Для работы,Elementary,120,1
49e71458-e46a-448d-a37d-c0ff00bca35c,2026-03-12 06:07:51,Michael,41,RU,Для путешествий,Advanced,45,0
ab7de983-7610-4ecb-8fec-e6ade07a01c2,2026-04-04 05:43:51,Terri,28,US,Для работы,Intermediate,15,0
0f783b62-a14b-4bc9-ac91-dbf06eb42a81,2026-03-06 23:31:51,Monique,32,FR,Хобби,Advanced,90,0
6efc5777-dd5a-41d1-8d34-109f3986a4f8,2026-04-27 13:54:51,Bobby,25,FR,Для работы,Intermediate,15,0
cf5a81be-f683-4c26-b155-0700359385af,2026-05-14 16:50:51,Brian,28,DE,Хобби,Intermediate,45,0
5973ad3f-cf64-471f-bbac-e24827d1caf7,2026-03-31 01:21:51,Austin,22,BR,Хобби,Beginner,5,0
5acf6ce4-2081-4dda-9e15-5c45e235b8c1,2026-05-17 02:59:51,Madison,16,FR,Для работы,Intermediate,20,0
28a22636-dc21-4435-8286-cba147dbb308,2026-03-31 13:25:51,Valerie,50,ES,Для путешествий,Advanced,20,0
0c64765a-b7b6-4590-bdbb-b3f7430c2c26,2026-03-20 05:22:51,Brooke,53,ES,Для работы,Advanced,15,0
fe1d7304-2156-4933-b299-0b1a6b6f7985,2026-06-01 18:16:51,Nicole,42,FR,Хобби,Advanced,15,0
1d999023-3f08-4464-974e-015739119bec,2026-03-20 01:40:51,Jason,33,RU,Для работы,Advanced,120,0
a8947832-05b2-4322-bf0e-d74785913f9b,2026-03-18 12:05:51,Timothy,51,FR,Для учебы,Advanced,15,0
25fab5df-6cf0-4071-ba9c-791ccfc4c508,2026-03-10 08:36:51,David,26,RU,Хобби,Elementary,5,1
7be7d1d9-19c6-41d1-9121-fdfbf460f7da,2026-04-29 20:41:51,Chad,18,DE,Для путешествий,Intermediate,45,0
31a143a1-0377-4173-bc22-deea3fec1d84,2026-05-13 11:06:51,Catherine,33,IT,Для работы,Advanced,20,0
067025b5-6472-4a18-9e66-aea302d711b2,2026-03-30 07:02:51,Andrew,52,RU,Для учебы,Advanced,45,0
9a72ca84-82e7-4491-ad3e-78e3f8be92e1,2026-06-02 08:07:51,Erica,37,RU,Хобби,Intermediate,60,1
e31606d2-59c5-4957-8939-d4f464d24209,2026-03-26 21:02:51,Leon,18,US,Для путешествий,Beginner,10,0
0c297a93-94dd-4e79-8f52-8ffc7da09b03,2026-05-21 02:45:51,Richard,32,IT,Для учебы,Advanced,15,1
1ba8a72d-8ba8-4054-a10f-56025a586e03,2026-04-28 03:06:51,Jonathan,36,ES,Для работы,Beginner,20,0
aa98c0e9-74b4-4a0f-b373-eb9b430da828,2026-03-04 18:05:51,Eric,33,FR,Для учебы,Elementary,90,1
4ab504cd-d294-48bc-a339-feb09c0f64f9,2026-05-04 03:27:51,Gerald,24,DE,Для работы,Beginner,45,1
4c35ec10-6980-48db-8bbf-af174119464f,2026-04-25 06:01:51,Jeremiah,45,BR,Хобби,Intermediate,45,0
f2df8745-b4b1-4207-bbd9-8ec875af999d,2026-03-22 21:05:51,James,21,DE,Для работы,Elementary,20,0
95f20392-955b-4af2-929e-bd8283b56f49,2026-05-31 19:15:51,Angela,41,IT,Для работы,Elementary,15,1
3b0bf106-3522-4b66-8cca-30afaaea0293,2026-04-01 16:54:51,Matthew,33,DE,Для работы,Intermediate,5,0
5b13b02a-31e7-46a9-a145-99c5cec929eb,2026-05-05 17:50:51,Brett,55,DE,Для учебы,Beginner,15,0
97001529-c0e8-4e27-83ae-e4bddcb60719,2026-03-27 07:52:51,Raymond,48,ES,Для путешествий,Intermediate,5,0
0694eb9b-f482-4edd-9ee4-73cedcb3f675,2026-03-21 01:21:51,Robert,42,RU,Для учебы,Elementary,120,0
f0f99927-c869-4286-8f1b-415d402968de,2026-03-16 06:44:51,Janet,47,ES,Для учебы,Beginner,120,1
91094bf9-7e05-497a-ae8d-59dc27cbccd7,2026-04-17 02:59:51,Kelly,25,DE,Хобби,Advanced,20,0
507c2201-f469-4435-abd4-2c12f2dfd38d,2026-05-14 21:49:51,Kathy,33,IT,Для работы,Intermediate,90,0
04d2c2d8-fce9-47e8-8212-bffc5a22b3e7,2026-04-14 02:06:51,Sarah,17,BR,Для путешествий,Intermediate,30,1
e52e91a5-5fcd-40f7-9b5c-632b2256f71f,2026-03-05 17:24:51,Danielle,38,IT,Для учебы,Advanced,90,0
a3dfb33a-8d75-4d32-b19b-e5eb8fd33426,2026-04-13 15:23:51,Alison,32,RU,Для учебы,Elementary,30,0
abdd7d6d-feff-4fd5-ae44-27af4332b58f,2026-05-04 12:09:51,James,21,FR,Хобби,Advanced,60,0
97ffd73f-4042-4373-a16c-268d5d0da4fd,2026-04-01 08:12:51,Lisa,38,ES,Для учебы,Intermediate,45,1
cc43f609-4499-4292-9d19-28f912886d27,2026-05-09 06:01:51,Christopher,33,RU,Для путешествий,Elementary,90,1
50d1408b-8355-4109-92f4-ae5a11d93b09,2026-03-18 12:53:51,Adam,29,IT,Для учебы,Advanced,30,0
5a06bbb3-ec46-41f5-83af-7fd462513d91,2026-03-17 06:18:51,Kristine,19,US,Хобби,Beginner,45,0
7d519a48-13e5-4b61-9e05-3bea4ef6d6a4,2026-05-25 17:16:51,Todd,37,US,Хобби,Elementary,90,0
e37e47cc-d8d5-48c1-85ed-df9779ef184e,2026-04-16 08:28:51,Chad,36,US,Хобби,Intermediate,10,0
84ebf274-e5ec-40a6-9038-1b7b1e81c2f3,2026-03-14 16:29:51,Erin,55,ES,Для учебы,Elementary,15,0
039ef240-8322-43cd-b464-533b5a8af21e,2026-03-22 18:36:51,Dawn,50,US,Для работы,Beginner,120,0
8bced7b1-13d9-440a-9a92-6f35d021f8ae,2026-05-16 22:26:51,Pamela,41,ES,Для работы,Advanced,60,0
5b877174-8e55-42dd-bbb0-72298c8f92a9,2026-05-28 22:18:51,John,21,RU,Хобби,Intermediate,60,0
7d500389-8a98-44c6-9920-6b80d8e13776,2026-03-14 14:41:51,Daniel,31,IT,Для учебы,Intermediate,30,0
ce81af00-67ae-482d-9d51-338a34f27e73,2026-05-25 20:37:51,Victoria,19,DE,Для путешествий,Elementary,90,1
ff365703-e723-4349-92eb-6fce87ba7d18,2026-05-23 12:16:51,Stephanie,49,BR,Для путешествий,Elementary,45,0
50fdfe83-494f-452c-9c71-df78673b0c90,2026-05-30 08:21:51,Kimberly,52,BR,Для учебы,Beginner,5,0
6dc6f4bf-fa2f-4265-9b7e-2c370c1b0fc6,2026-04-06 17:52:51,Troy,21,DE,Для путешествий,Intermediate,60,0
f1d5bc16-bd1b-4ea3-a8ee-8e7584722773,2026-04-29 05:09:51,Stephanie,30,RU,Для работы,Elementary,90,0
8259eb11-eb8a-48e7-9909-e85469a51e9c,2026-05-27 10:44:51,Valerie,41,IT,Хобби,Advanced,5,0
9fbd4ba0-ba5c-4940-a77e-f4576318aa3a,2026-03-28 22:17:51,Christian,33,IT,Хобби,Beginner,20,0
f667d89e-8629-4c7c-8caf-e4bc75a86662,2026-05-10 16:39:51,Robert,31,US,Для путешествий,Advanced,20,1
5a032846-7d07-4c75-be58-65fe566d21f8,2026-05-28 06:54:51,Robert,34,RU,Для работы,Intermediate,45,0
c10d82b3-15f9-43c5-a052-86aae13cefde,2026-05-26 00:29:51,Brian,18,IT,Для работы,Intermediate,30,0
0c167ecc-9bfb-4ab1-967c-c602183c7226,2026-05-21 11:13:51,Rebecca,19,RU,Для путешествий,Elementary,20,0
1b3d5ce8-0ddc-42ee-8df4-95fb72dad70b,2026-04-29 03:35:51,Shannon,55,FR,Для работы,Advanced,45,0
26dc834d-b13e-4a1d-9ae7-7606bd8bf639,2026-05-15 18:23:51,David,25,FR,Хобби,Beginner,15,0
c4b5838c-e559-40ea-b5d1-7cc65a20600f,2026-04-07 02:21:51,Megan,26,RU,Для работы,Advanced,30,0
7861ab26-e09a-4047-b2b2-2677e317d901,2026-03-27 10:56:51,Michael,21,BR,Хобби,Elementary,20,0
cece6d91-3b4d-4808-8a3b-c2e6bf66f77d,2026-05-14 19:36:51,Kimberly,42,US,Хобби,Advanced,5,1
be4e745b-2e8e-42cc-980f-17f89b7539b7,2026-03-10 03:28:51,Bryan,16,RU,Хобби,Advanced,15,0
7b342380-c86d-409e-a2fc-f2d4e0551d40,2026-04-20 15:39:51,Jeremy,42,US,Хобби,Advanced,60,0
31fcf45b-6c07-4031-b44b-85712979b63a,2026-05-04 10:19:51,Kenneth,41,ES,Для работы,Elementary,45,0
8f1ac452-6a22-4e1a-8341-83dd2d2e55b5,2026-05-09 21:23:51,Victor,47,BR,Для путешествий,Elementary,20,0
fce10965-8a2e-4dca-8d9a-ae785177e6a9,2026-03-23 08:53:51,Haley,27,FR,Для путешествий,Elementary,5,1
44e1fe97-48ee-48a7-9dda-c2e3499bdec5,2026-03-14 04:25:51,Sheena,29,RU,Для учебы,Intermediate,10,1
c39e7f28-e629-4640-9fca-3e102a2a89ad,2026-05-07 00:54:51,Michael,33,FR,Хобби,Intermediate,90,0
c77d1c0d-ac8b-4b22-914c-df6d668f5658,2026-05-06 20:02:51,Jose,30,ES,Хобби,Elementary,45,0
4a6a91aa-c6dd-4a71-90dd-c2ea0c1461db,2026-05-21 16:51:51,James,17,US,Для учебы,Advanced,120,0
738a231d-662f-4629-9692-1ee83c5e9e9b,2026-05-24 02:31:51,Sharon,28,BR,Для путешествий,Intermediate,45,1
9f64c38a-aa5b-4966-a214-7ca46edace96,2026-05-19 16:45:51,Richard,48,DE,Для работы,Advanced,45,0
f157db21-ab3c-4bab-a3b7-c702de871f41,2026-03-20 15:20:51,Christopher,34,RU,Для учебы,Elementary,15,0
b152b293-5ac7-485c-99b9-0a0945c121d3,2026-03-20 22:19:51,Brandon,49,IT,Хобби,Beginner,60,0
08dea1a3-22f7-427f-9af1-639c0848dc80,2026-03-30 15:13:51,Jennifer,37,FR,Хобби,Elementary,15,1
156d3f13-bcc0-4201-8f6f-14e07af8c036,2026-04-25 15:00:51,Tyler,54,DE,Хобби,Advanced,120,0
dfeadf03-48cd-4dab-8809-c69fc54e457b,2026-04-12 05:33:51,Amanda,31,ES,Для учебы,Elementary,45,0
40f80ba2-972a-4c36-b893-9f1b7628902c,2026-04-29 17:55:51,Joseph,23,BR,Для работы,Intermediate,120,0
62f16708-c7b8-44a5-b51e-2884cf7720c8,2026-03-28 06:33:51,Mark,50,RU,Для работы,Advanced,45,1
8a75e491-541b-41f1-9368-16dbf74cf247,2026-04-25 03:59:51,Bobby,31,FR,Для учебы,Elementary,5,0
1c3135ce-831c-4315-850b-3f67cfbd2fd2,2026-05-02 19:19:51,Anthony,19,DE,Для работы,Intermediate,10,0
331b09a5-7d30-45d3-bae0-9f1d365ed95e,2026-03-24 15:15:51,Jennifer,19,FR,Хобби,Advanced,30,0
dc13652b-428e-4b20-963f-0a7a142494f0,2026-04-27 07:56:51,Amber,48,DE,Хобби,Beginner,20,0
ba6a1697-01c2-46b1-9d6a-df3934274517,2026-04-27 17:02:51,David,37,DE,Хобби,Advanced,15,0
b92e07de-f419-42e2-8dea-0b39b7d3cebf,2026-05-11 13:26:51,Dana,45,FR,Для путешествий,Elementary,30,0
fccfe8b2-238a-4e9d-8643-5276c58917f1,2026-05-18 10:12:51,Valerie,22,FR,Для работы,Beginner,45,0
03956841-fa24-4371-a466-36d7368891d2,2026-03-26 09:29:51,Jessica,31,FR,Для работы,Advanced,5,0
03df6aa7-bf34-492e-8a49-3ccb3e6fc59a,2026-05-10 23:19:51,Walter,25,BR,Хобби,Advanced,15,0
5d17983f-0e4a-499d-a39d-fd9923806360,2026-03-18 06:57:51,Sabrina,52,BR,Для учебы,Advanced,5,0
5679291b-cafc-422e-ba0a-d219e59889ee,2026-03-08 15:02:51,Kristy,41,BR,Для путешествий,Beginner,90,0
7e6db9a5-006a-41f7-a236-32bb21c7a30a,2026-04-25 06:33:51,Jeremy,29,IT,Хобби,Intermediate,10,0
b6945de0-b549-4bff-90d2-13edd00c9e49,2026-03-14 18:03:51,Lisa,26,FR,Хобби,Advanced,90,0
f76e1f08-3d51-44c4-b735-b85166672634,2026-04-14 16:13:51,Teresa,52,FR,Для работы,Advanced,90,0
c819a4da-9601-4d7f-9dab-4cfea189ecd5,2026-03-15 09:37:51,Michael,44,BR,Для учебы,Intermediate,30,0
1f1a1b81-e0b5-42d6-88e4-9c5b42614ec3,2026-03-29 14:25:51,Carrie,35,FR,Для учебы,Intermediate,45,1
35a0ffe0-0155-43a3-926f-2b5e79f2c677,2026-05-31 17:31:51,Vincent,25,ES,Для работы,Elementary,120,0
8826a768-3e8e-466b-8474-190761a96b04,2026-05-06 18:37:51,Sandra,41,BR,Для работы,Elementary,15,1
9469ef2a-4f85-486a-9a1f-de939cdd78d6,2026-04-30 12:18:51,Rachel,26,RU,Для учебы,Intermediate,45,1
563487e6-c0bc-44d7-95c2-db3d8a9a0d2b,2026-04-04 11:20:51,Katie,28,ES,Для работы,Beginner,120,0
7ac6c251-9ce0-4165-90c0-b519b790ce34,2026-05-22 20:41:51,Michelle,26,BR,Для работы,Beginner,5,0
4f91cb19-82ef-4e60-a622-a19ef25ed51e,2026-05-29 23:17:51,Angela,24,DE,Для путешествий,Advanced,15,0
c2b2bea7-ef76-4418-b8fe-e701deead970,2026-03-14 18:52:51,Michelle,46,ES,Хобби,Elementary,60,0
d3038962-c7fb-4f3c-a88b-2443feb7b139,2026-04-17 15:02:51,Gregory,29,BR,Для путешествий,Elementary,120,1
116764e7-6828-442e-aeaf-c0b2fe1d5a6a,2026-03-21 03:09:51,Crystal,50,DE,Для учебы,Elementary,90,0
b517ad1b-4c24-47c5-bd42-803871192cfe,2026-04-16 01:05:51,Sandra,22,DE,Хобби,Advanced,20,0
549b4831-36d3-4195-9639-6f285b944880,2026-04-17 23:17:51,Jasmine,24,FR,Для работы,Intermediate,5,0
c30373f0-e255-4d4d-9c84-ee2699a81506,2026-05-01 10:38:51,Gregory,37,US,Для путешествий,Beginner,15,0
e69ddb19-962b-42a8-a527-8b2aef9d6f54,2026-05-11 00:54:51,James,52,BR,Для учебы,Beginner,30,1
1f3fd6b1-d42a-4534-8ce0-b8dc62c62ccd,2026-05-11 12:59:51,John,37,US,Для учебы,Intermediate,5,0
39581f50-e9f5-4b6f-a0c3-c981b31d755a,2026-05-15 03:26:51,Matthew,52,RU,Для работы,Advanced,90,0
1bb120e7-e5d6-4c2f-9317-cd5b79066b17,2026-04-05 02:45:51,Brandon,40,IT,Хобби,Beginner,30,0
52692b90-9e9c-4654-a3ef-cc4dfad69ac1,2026-05-08 07:56:51,Tammie,34,BR,Хобби,Elementary,120,0
fba3060a-ff11-46a7-8378-b99e28b4f5b2,2026-03-04 18:05:51,Heidi,48,ES,Для учебы,Elementary,5,1
2325344d-a525-4d79-8a9d-01588d2f4ec0,2026-05-19 22:14:51,Ruben,23,FR,Хобби,Advanced,30,0
5fb54c54-ca64-4e0b-a132-26519cc95aa0,2026-04-30 02:22:51,Kathy,46,ES,Для учебы,Elementary,15,0
b8100be6-7fd9-4758-9d4a-e5ff5ec49ee2,2026-05-10 23:49:51,Andrew,33,DE,Для учебы,Elementary,30,0
3f0a4b78-684e-4cf0-a38f-6d6dfc8e52c2,2026-03-18 08:45:51,Crystal,17,US,Хобби,Advanced,30,0
b17e8351-92c0-45aa-8752-c16b54a59199,2026-04-08 14:31:51,Gina,46,IT,Хобби,Elementary,30,0
47996bf0-6dda-46c3-81dd-890c24d77883,2026-05-11 02:51:51,Denise,33,DE,Для работы,Elementary,5,0
c2db823f-2087-4729-b001-091b470a8e2a,2026-05-28 17:23:51,Nicole,41,DE,Для работы,Elementary,30,0
55cc58e9-1860-431a-9211-fef279268f99,2026-06-02 02:30:51,Jonathan,40,BR,Для путешествий,Beginner,120,0
6f6db882-c975-43cc-b3f6-0d7693f62331,2026-05-30 22:10:51,Hayley,29,US,Для учебы,Intermediate,10,0
b39a76a0-3088-4e5a-9e28-2d7422ea47da,2026-05-27 08:34:51,Glenn,50,US,Для путешествий,Intermediate,10,0
042c35bb-e822-416b-b088-dec5ad30d7a8,2026-05-29 04:20:51,Dawn,49,BR,Хобби,Beginner,10,0
2a53da44-c992-44f2-b23f-fd3dba30984a,2026-05-08 14:33:51,James,19,ES,Для учебы,Beginner,10,0
c0884b82-7a40-4a6b-bc54-6095732bac80,2026-04-12 04:13:51,Seth,44,ES,Для учебы,Advanced,15,1
8b45374d-6c32-4f22-a663-4710675ada30,2026-04-18 22:28:51,Kelly,31,DE,Для путешествий,Intermediate,30,0
badbed81-a896-4bc8-ad59-0f01c135e4b2,2026-03-26 01:13:51,Melissa,22,BR,Хобби,Elementary,90,0
137c7707-2e6a-4435-a234-e6c084ccf331,2026-03-22 16:55:51,Hannah,21,ES,Для путешествий,Advanced,60,0
4f526928-9099-414f-9621-1b74f030b327,2026-03-14 17:30:51,Noah,41,ES,Для путешествий,Intermediate,5,0
674a6a8f-dd6a-4975-8447-d77eab5c2be5,2026-03-20 07:23:51,Melanie,51,DE,Для работы,Advanced,5,0
e560c081-f923-4d2d-aa62-05ab88a98277,2026-04-27 09:11:51,Christopher,40,US,Для работы,Elementary,60,0
b21f04ec-11b7-420b-997f-56129c788172,2026-03-05 19:39:51,Pamela,24,FR,Для работы,Elementary,15,0
6ab435f5-d823-4f33-a215-158c6dfce56a,2026-04-22 21:57:51,Sandra,31,US,Для учебы,Elementary,90,0
c4fe6617-1359-4ae0-b671-5314eb532535,2026-05-14 05:27:51,Roger,33,US,Для работы,Elementary,20,0
c8175a1e-be00-4434-9945-aed345099945,2026-04-25 16:54:51,Kelly,42,IT,Хобби,Beginner,15,1
93e29ab5-9623-425c-851d-ebea546030c7,2026-03-26 15:55:51,Jamie,51,DE,Для путешествий,Advanced,15,0
c396c825-a940-40c1-9d53-56ab596c525d,2026-05-25 21:36:51,Nancy,19,ES,Для путешествий,Advanced,60,0
4bd07cd9-0b94-4939-a277-9b5d917784a7,2026-03-21 04:12:51,Sandra,36,US,Для работы,Intermediate,20,0
4fe5ea4e-5a69-408c-941d-aa26458be362,2026-04-17 08:48:51,Kelsey,50,DE,Для работы,Advanced,120,0
79177a8f-0f54-4f7f-b097-56e87e983ef1,2026-05-07 18:33:51,Lindsey,46,DE,Для работы,Elementary,30,0
98be4033-b719-4e42-8d50-0a367d05e624,2026-03-24 18:14:51,Jennifer,31,RU,Для работы,Advanced,20,0
0adef9de-cf9c-414a-9fba-4946470c26ff,2026-03-07 23:54:51,Nathan,55,DE,Хобби,Elementary,120,0
93054e32-e4f5-43b1-bc37-6bfa9ee2f64d,2026-04-21 14:57:51,Jane,46,FR,Для учебы,Elementary,90,0
c1648947-47de-4639-bc3a-9e1e09e0e42d,2026-04-17 06:32:51,Kylie,46,FR,Хобби,Beginner,10,0
ed6358c0-fad9-4143-bafa-711858272a59,2026-05-29 19:35:51,Frank,38,US,Для работы,Intermediate,30,0
f42d7f3d-a52c-40f7-8522-e00b44241180,2026-04-04 14:19:51,William,38,US,Для путешествий,Beginner,120,0
e49bad37-3d13-43d0-b330-815f35ef2e41,2026-06-01 20:25:51,Lauren,26,DE,Для работы,Beginner,15,0
401f4784-629e-4a96-aa34-dfc54747d3c7,2026-05-08 05:10:51,Robin,43,ES,Для работы,Beginner,90,0
d721ec3d-8bc8-4f89-9996-61aced12906b,2026-04-23 01:41:51,Aaron,45,RU,Для работы,Advanced,20,0
ac8dc023-a95c-4e0a-b203-209a79674dcb,2026-04-25 08:09:51,Derrick,20,FR,Для работы,Elementary,90,0
6bbbff94-9ae6-419b-8f20-177be168dca7,2026-04-28 23:25:51,Melissa,22,BR,Для работы,Advanced,45,0
9de1660f-7390-4334-a5d9-64b66a745f30,2026-05-06 10:37:51,Brandon,46,ES,Для работы,Elementary,20,0
f595a877-7a5c-4322-811d-eb6dd018f058,2026-05-01 15:08:51,Cynthia,37,FR,Для учебы,Beginner,120,0
a4d702e9-845d-4711-a5eb-7dcda99ca1fc,2026-03-16 03:13:51,Christine,28,IT,Для работы,Advanced,90,0
60b167ea-404d-4a51-b4f1-d8ce8f9a5087,2026-04-09 16:15:51,Juan,20,BR,Хобби,Advanced,90,0
138a2dc2-4509-490a-ab1a-c321bada77f9,2026-05-16 07:15:51,Melissa,39,ES,Для работы,Beginner,60,1
cf26fc71-1a8f-4fdd-8c86-04f3087ffe09,2026-03-22 00:01:51,Jennifer,47,BR,Хобби,Beginner,10,0
ecf0491e-a2d9-4139-b1cf-7424fb817e6d,2026-03-12 10:20:51,Lauren,21,ES,Для работы,Intermediate,45,0
1d8d632e-95c4-45b1-bce4-62c1078c5e57,2026-03-17 23:33:51,Jacob,40,RU,Для работы,Beginner,60,0
99ac3d2b-d621-4746-9912-1d3bbf698547,2026-03-26 11:20:51,Jennifer,36,US,Хобби,Elementary,15,0
1d37be22-7c82-4216-93c0-53e67f502696,2026-05-23 04:27:51,Richard,53,BR,Для путешествий,Intermediate,60,1
335f2576-c584-4c7d-baa4-dd59b1750418,2026-03-28 02:36:51,Brittany,35,BR,Для путешествий,Elementary,30,0
a0c38fad-b059-4fc9-8cd7-88d05744f25f,2026-05-10 00:54:51,Jessica,42,BR,Хобби,Advanced,15,0
3beaed8f-acae-45ee-959f-efa42af3dea8,2026-05-15 19:30:51,Christine,28,ES,Хобби,Intermediate,5,0
c673df47-7ab5-492c-96b5-2125dc787ca8,2026-05-25 13:40:51,Jennifer,42,FR,Для путешествий,Elementary,15,0
28abd202-24f8-49f8-a09a-fb78be51c82c,2026-03-17 19:34:51,Sheri,18,IT,Для учебы,Intermediate,30,0
70f38d95-b98f-4e90-95ae-d9a71ca9cf84,2026-03-13 17:40:51,Daniel,44,BR,Для работы,Advanced,20,1
57fafdac-290e-4b6a-b559-243babd470ec,2026-05-23 07:19:51,Jennifer,22,US,Хобби,Beginner,20,0
f5c179cd-f77b-457a-824b-4b16f129f331,2026-03-05 00:30:51,Briana,24,ES,Для работы,Beginner,120,1
7387a20c-7552-435d-a3cd-d9824605a9f2,2026-04-12 09:49:51,Joshua,27,IT,Для учебы,Beginner,30,0
32b9df2a-9ab1-49f9-97c4-8687e87a2f9d,2026-04-23 17:08:51,Shaun,22,ES,Для учебы,Elementary,20,1
30414030-b5b8-4f33-b7f4-c0d30c72b1dc,2026-03-10 20:41:51,Timothy,33,ES,Для работы,Advanced,45,0
520f9b50-ab84-40e5-878e-988c3b64b9d3,2026-03-06 13:05:51,Chelsey,24,ES,Для работы,Advanced,20,0
a96f0d07-b497-4c7c-9769-8c347bd8b2e2,2026-04-27 08:37:51,Jason,47,ES,Для учебы,Elementary,5,0
f80c9760-62e9-4bae-945d-d0d61cf121bc,2026-05-29 18:40:51,Sheri,22,RU,Для путешествий,Intermediate,30,0
6080a03f-06b3-46e2-b813-3df5dc590f7a,2026-04-02 15:44:51,Stephanie,21,US,Для учебы,Elementary,20,0
396784b0-4d47-473a-bde4-1fa8736ca9ca,2026-04-21 04:25:51,John,45,RU,Для путешествий,Intermediate,15,0
0e314944-ac58-445b-b4ea-7d8b8906a5a3,2026-03-10 17:20:51,John,53,BR,Для путешествий,Elementary,120,0
6ddc8e88-7023-4c48-901a-f2e80535f532,2026-04-14 09:03:51,Kevin,34,IT,Для учебы,Elementary,15,0
661403e9-172e-4534-84df-e55ed6e3dfe7,2026-04-21 22:11:51,Audrey,18,FR,Для работы,Advanced,120,1
56907235-f2eb-450f-ba54-c5f0d16e3737,2026-04-29 00:31:51,Edward,18,FR,Для учебы,Advanced,60,0
f538724b-6abf-4b8a-b3c1-b7b1e811b8c4,2026-05-30 03:32:51,Cassie,30,IT,Для путешествий,Elementary,45,0
a7d200b7-a971-4550-b280-9dea81409433,2026-04-17 09:10:51,Kathleen,19,IT,Для учебы,Intermediate,30,0
983aaff9-0223-4bce-a8db-a1010de036d2,2026-04-30 19:34:51,Alexandria,23,RU,Хобби,Intermediate,90,0
7f0bc8b7-e7d1-4a07-8549-383542daa7b4,2026-04-26 00:08:51,Janice,19,IT,Для путешествий,Intermediate,15,1
d319633e-1151-48bc-ba39-732c059e7f09,2026-05-20 15:08:51,Christopher,25,ES,Для работы,Beginner,30,0
39436753-bbb6-4f55-a85b-7fee62f4f43a,2026-03-13 11:00:51,Nicole,20,US,Для учебы,Intermediate,90,0
2de55723-4976-4ac2-8ee7-66ca613b7a72,2026-04-19 20:36:51,Jason,53,FR,Хобби,Intermediate,15,0
376ba8b1-f97a-4532-91c1-d740e04b8ad9,2026-04-26 05:20:51,Alan,38,DE,Хобби,Advanced,90,1
c3dfe323-13e5-4ac4-8836-8ec0daa58f29,2026-05-24 12:59:51,Jeremy,22,RU,Для учебы,Beginner,60,0
8784f9b0-bb43-4866-af23-a6d82b9e5ad1,2026-03-17 08:07:51,Michael,41,US,Для путешествий,Elementary,90,0
b3c7e72a-19d5-494f-bb97-9168e0f7ae07,2026-03-11 20:46:51,Elizabeth,20,BR,Хобби,Intermediate,45,1
36f3793e-166e-44c0-a88c-c76baffef78b,2026-03-15 00:43:51,Crystal,51,US,Для работы,Elementary,60,0
40d4adbc-baaf-4370-9b7b-91b69c7613ed,2026-05-14 02:34:51,April,23,ES,Хобби,Elementary,15,0
d777d7c1-f0b9-43aa-8fad-3998f6c69e01,2026-04-25 09:56:51,Amanda,17,US,Для путешествий,Beginner,20,0
92bbffc1-6205-4f8f-b5db-5d562335a30d,2026-05-05 13:42:51,Catherine,29,IT,Для работы,Beginner,120,0
8bbf4ecf-6213-42d2-bcca-9440680275ae,2026-03-13 04:43:51,Scott,44,ES,Для работы,Intermediate,15,1
034a5b36-b431-4150-a44c-188f6fa151cd,2026-04-30 00:07:51,John,32,ES,Хобби,Advanced,10,0
b73619e3-7870-4f25-b1a9-48353a3b7be1,2026-05-27 17:06:51,Barbara,19,US,Хобби,Advanced,30,0
5ef5b2a3-7b31-41f9-be44-7d237dd9fbac,2026-03-20 01:14:51,David,36,RU,Для путешествий,Elementary,30,0
b1392c0a-a62e-482c-867f-7a30dbd49dc8,2026-03-12 12:58:51,Shelley,46,ES,Для учебы,Beginner,15,0
e1072a75-fb69-4666-b3d3-a65a714ff58a,2026-04-28 18:06:51,Patricia,53,FR,Для работы,Elementary,20,0
f2de5cf9-a251-49ea-af23-44b54a59c5c2,2026-05-17 01:34:51,Tina,28,IT,Для работы,Advanced,20,0
4a3291e4-706a-4077-bed2-e1176227d17c,2026-04-25 03:58:51,Tina,21,IT,Для работы,Advanced,45,0
60a786a2-48c0-4623-86d8-72fcf8196fae,2026-03-15 23:50:51,Kelly,22,IT,Для путешествий,Beginner,60,0
a42f7dcc-e286-4a4d-a81f-9ee61f01f5e5,2026-03-16 10:32:51,Julia,31,RU,Для учебы,Advanced,45,0
a72399d1-8454-4635-827a-ed1bd1823bd2,2026-03-24 17:16:51,Alexander,52,IT,Хобби,Intermediate,45,0
22e93ca0-33bd-44e5-90f4-d30519bcc31e,2026-03-31 20:59:51,James,33,BR,Для путешествий,Intermediate,60,0
0a1015c1-576c-498c-aebf-5fcf249e2343,2026-03-26 15:29:51,Billy,52,IT,Для учебы,Beginner,45,0
34e989c7-d211-499c-b6b3-a3fee1df6e99,2026-03-26 01:25:51,David,32,US,Для работы,Elementary,60,0
99e8c785-249b-4b63-9e64-ad5aa55f1efe,2026-04-02 04:31:51,Felicia,44,DE,Для путешествий,Advanced,15,0
1d1c2738-d6f9-4162-8c61-a89e66e536d1,2026-03-18 09:05:51,Cathy,46,DE,Для учебы,Intermediate,45,0
8dd0e699-55e7-45c0-946b-ec945f5962be,2026-05-05 08:03:51,Daniel,45,FR,Для работы,Elementary,120,0
a51dd857-a592-4e7b-a849-1d1956cdc892,2026-03-12 14:16:51,Karen,20,ES,Для работы,Elementary,120,0
ce0cbe48-133c-430e-b589-a9adc95c6599,2026-04-26 15:52:51,Joseph,55,BR,Для работы,Beginner,5,0
3147ecf8-60ab-4797-89d3-38404bc75f82,2026-05-08 22:55:51,John,16,DE,Для путешествий,Advanced,5,0
f0f7b3a2-188d-44a5-a33e-04b340a2301e,2026-05-15 06:23:51,Cody,35,IT,Для учебы,Intermediate,90,0
9f463e63-ab61-4d4a-8782-287da1f0b464,2026-03-04 16:05:51,Gabrielle,22,IT,Для работы,Elementary,15,0
f9827a0f-bab0-4277-b7a9-4a4525342f20,2026-04-20 12:08:51,Latasha,33,BR,Для путешествий,Advanced,45,1
9ef0e900-fcbf-4840-a220-69b432cc5a70,2026-05-24 05:35:51,John,16,BR,Для путешествий,Advanced,20,0
f5d57a5c-57d9-41e3-b465-6986f57a26a6,2026-04-07 08:14:51,Joseph,32,ES,Для работы,Intermediate,30,0
2a07ccab-ab98-48e6-af7d-da904ef806e9,2026-03-14 08:58:51,Kevin,32,DE,Хобби,Beginner,90,0
fb2a78a2-fc44-446e-a163-2e8e4fa267c5,2026-05-19 17:27:51,Laurie,44,RU,Хобби,Intermediate,60,0
d325fcd1-fb51-4334-a3e0-7e857901762b,2026-03-31 12:00:51,Sandra,29,FR,Для путешествий,Beginner,30,0
2b546073-3cb9-4f27-9afb-da317bccb46c,2026-04-26 17:52:51,Michael,30,ES,Для работы,Elementary,10,0
2a2c3015-d08d-4fa7-a2f7-7056354a233f,2026-03-18 03:50:51,Brittany,44,FR,Для работы,Intermediate,15,0
bffb38b9-3ef3-439d-a5c7-6a1be7a65bd0,2026-03-09 08:21:51,Tammy,17,ES,Для учебы,Beginner,10,0
7ba6e819-945d-460e-b59a-90aadc9f01e5,2026-05-09 01:10:51,Brandon,31,FR,Для путешествий,Intermediate,20,1
7e13349f-2c04-4d9a-a9f9-18af4a6d8c2c,2026-03-13 03:02:51,Joseph,24,IT,Для путешествий,Advanced,45,0
2fcbe870-6d73-4686-95a6-c5caefd604e9,2026-05-26 05:49:51,Carlos,55,IT,Для учебы,Intermediate,90,0
f57b86ac-5722-48f6-8d6a-f6a134c8c000,2026-04-04 08:07:51,John,21,RU,Хобби,Elementary,10,0
24875c51-1ccb-461b-bc0b-fac0e8702b81,2026-04-27 02:37:51,Caleb,44,BR,Для путешествий,Beginner,30,1
af6c613a-e2d3-4baf-a52f-79467ab9a453,2026-04-09 04:38:51,Teresa,20,BR,Для учебы,Beginner,5,0
1a95e367-e778-4676-85d3-7bc173b874df,2026-06-01 08:03:51,Scott,40,US,Хобби,Intermediate,60,0
116e9136-2372-4dfc-93bc-9d1df8e0f1f2,2026-03-30 19:32:51,Mary,30,US,Для учебы,Elementary,10,0
691c2cd4-91ef-4651-ab4c-78662fb782df,2026-05-13 20:53:51,Caitlin,40,BR,Для работы,Advanced,15,0
1fd4c771-cce3-42e3-bb3b-53d20694d561,2026-03-05 16:18:51,Lisa,54,FR,Для путешествий,Advanced,5,0
28f2c744-3152-4b67-aeb6-e2b6932d959a,2026-04-11 23:35:51,Dennis,31,BR,Для путешествий,Beginner,15,1
3d051009-8376-4bcf-aac6-5d97e8977c3a,2026-05-18 01:04:51,Michelle,55,IT,Хобби,Advanced,10,0
d8ca33f4-cc01-403b-8450-e7f703072b72,2026-05-04 00:31:51,Molly,46,DE,Для путешествий,Advanced,30,0
f0b743f5-9f6f-4d0c-a79d-567a22325632,2026-05-18 05:11:51,Jennifer,50,RU,Хобби,Advanced,5,0
af436c36-db1f-4847-92ae-93eaa57b3745,2026-05-01 15:25:51,Andrew,17,ES,Для учебы,Intermediate,15,0
ce9f6937-8745-49fa-b9d1-4e30d050de08,2026-04-12 07:32:51,Patricia,16,BR,Для путешествий,Advanced,15,0
690b39b7-1a05-4665-ac19-c34abc12b330,2026-05-30 18:14:51,Lynn,33,FR,Для работы,Beginner,120,1
483222a4-f7f6-4936-b006-8f6851b87475,2026-04-05 02:56:51,Roy,37,BR,Хобби,Beginner,120,0
f51b9e35-5f41-47bc-b553-182656066c0b,2026-05-24 09:55:51,Michael,47,ES,Для путешествий,Intermediate,20,1
c95fbab4-ef89-47da-a67d-5055827c7da3,2026-03-05 21:45:51,Gregory,48,US,Для учебы,Beginner,20,1
9f03009b-9272-41d8-a310-cdad66246459,2026-05-04 10:54:51,Gregory,41,BR,Хобби,Intermediate,45,0
5e2cfa80-1637-455f-99bf-84acac03b179,2026-03-24 05:16:51,Nicole,47,IT,Для работы,Elementary,15,0
ab9e90cd-08a9-49d4-b44c-9a0a21ffd755,2026-05-02 04:13:51,Ashley,35,DE,Для учебы,Elementary,15,0
07bcda22-6201-417c-8e01-07e751bc65d4,2026-05-02 22:24:51,Lisa,51,DE,Для работы,Advanced,5,0
9a4171db-7622-44ba-bec3-72e6e08b2de5,2026-05-08 07:57:51,Sarah,40,FR,Для учебы,Intermediate,45,0
b0a43c8c-1596-43f3-abdf-fb7a63859b21,2026-03-21 05:55:51,Debbie,55,ES,Для путешествий,Elementary,5,0
b3992891-bb6d-416e-a6d1-adec911db96d,2026-04-16 02:57:51,Tyler,43,FR,Хобби,Advanced,5,0
9e18db98-61ec-4b5a-87f5-95448b1e6169,2026-03-15 19:14:51,Tracey,24,RU,Для учебы,Intermediate,60,1
2d01c759-fe23-4c3e-8596-dbaa480a01a9,2026-03-18 22:32:51,Katherine,54,FR,Для учебы,Elementary,5,0
f934bb51-3871-4632-b5b6-4f0a5ad79343,2026-05-16 09:49:51,Paul,33,FR,Хобби,Elementary,20,0
436c17a2-be1d-4c8d-bd47-35a94123ddde,2026-06-02 00:19:51,Kiara,25,ES,Для путешествий,Intermediate,60,0
2d46ee1c-6475-4551-961b-42f919d8ea6a,2026-05-27 03:59:51,Frank,18,BR,Хобби,Elementary,5,0
8d5c9e22-6a75-4420-818b-b723d9ac6dca,2026-03-26 10:51:51,Latasha,45,FR,Хобби,Elementary,5,0
b0bda48a-63a5-4d70-b286-7897a8a24480,2026-06-01 13:16:51,Timothy,38,RU,Для работы,Advanced,5,0
c96176fa-b6a1-44a8-a205-6d44cef50b67,2026-05-22 04:10:51,Jeffrey,55,US,Для работы,Elementary,30,0
c44f3620-44fe-45a7-bb78-132f52a8f5f4,2026-05-22 08:10:51,Kevin,48,ES,Для учебы,Intermediate,15,0
6bca0b84-d108-4f32-9d6f-a77d9874b9e8,2026-03-29 03:09:51,Cody,30,RU,Для работы,Intermediate,15,1
3e340303-ada5-4b83-8683-8a89e0a553e7,2026-03-16 23:51:51,Henry,47,DE,Для работы,Beginner,60,0
bd9c78cb-3d93-4dfc-bf5e-1e1fd2fac05c,2026-03-12 22:45:51,Isaac,25,FR,Для работы,Intermediate,45,0
4cfa5c0b-adec-4f6e-8be3-eb9fef54a97e,2026-03-12 09:49:51,Ethan,34,FR,Хобби,Advanced,20,0
39235643-9564-489d-bd33-d05c1db134dd,2026-03-15 13:21:51,Brian,28,BR,Хобби,Elementary,10,0
ce805487-b0a2-4dea-9818-08098d0fece6,2026-03-29 14:24:51,Dale,29,US,Хобби,Beginner,10,0
4ddb1e08-4a24-4145-b55f-9e7f985a0d13,2026-03-08 17:58:51,Erika,35,BR,Хобби,Advanced,120,0
60807240-8423-4a8a-aa2d-d2b1718d27e0,2026-05-23 07:44:51,Tyler,24,US,Для путешествий,Beginner,15,0
5d8f2310-629d-44d8-9931-bc03ea2a0138,2026-04-27 10:26:51,Jason,20,BR,Для учебы,Beginner,60,0
0aba021d-20cb-4f00-b80f-541d7b4c19e5,2026-03-16 17:43:51,Raymond,29,FR,Для путешествий,Advanced,5,0
c300128c-d845-4c86-9988-82ad820c052c,2026-03-24 17:25:51,Christopher,38,ES,Хобби,Beginner,120,0
e385a93b-4ae4-44c8-bcef-32157ec0a79d,2026-03-24 22:23:51,Carol,46,DE,Для учебы,Advanced,10,0
a12c2736-0bd6-4634-a1e2-5cb9173bd9fe,2026-03-04 22:24:51,Andrew,38,BR,Для работы,Elementary,15,0
e8704d64-29bf-442b-9666-02d4838ba545,2026-04-05 04:23:51,Rachel,18,ES,Для путешествий,Beginner,90,0
34bcbfd3-f138-4d08-a798-fe5b68006eac,2026-05-11 03:33:51,Kayla,30,FR,Для учебы,Intermediate,60,0
fe6120a7-f865-494b-aae1-01714c561bc3,2026-03-07 23:51:51,Lawrence,39,BR,Для путешествий,Beginner,120,1
7a2b4421-d5e4-436a-b7a0-2560264f0065,2026-03-09 00:14:51,Jessica,45,ES,Для работы,Intermediate,45,0
d10b2269-f5b8-4ba0-a24b-983cc3360f7b,2026-04-16 01:38:51,Sabrina,29,FR,Для работы,Elementary,90,0
5116dab8-fcdc-4159-8250-3bc26fc413d4,2026-03-15 13:29:51,Susan,51,DE,Хобби,Advanced,30,0
fd859c44-eb2f-46b6-a95d-959001e1aee5,2026-05-13 01:54:51,John,18,ES,Для путешествий,Elementary,15,0
eed7e581-9df3-46b2-8ff2-050e232df49a,2026-05-23 23:27:51,Nicole,31,US,Для путешествий,Beginner,120,0
0cb6c5e7-6883-4555-ad06-23d87c72a16d,2026-03-30 21:00:51,Eddie,25,IT,Хобби,Advanced,90,1
fc541055-fe5e-453a-8f0c-091513efbc69,2026-03-24 02:58:51,Thomas,39,BR,Для работы,Intermediate,20,0
54db7252-275c-4570-91a4-eae910883318,2026-05-29 18:06:51,Nicole,37,IT,Для путешествий,Beginner,60,0
2093b5cd-76cb-464a-8bae-84483a86e556,2026-03-16 00:38:51,Frank,32,ES,Для работы,Intermediate,90,0
ddb20c86-0de9-4852-9811-bf891a52e229,2026-03-05 10:09:51,Shawn,17,RU,Для работы,Intermediate,5,0
73c57e24-3336-494c-9e14-65b6bb6050e0,2026-03-22 09:49:51,Tammy,49,FR,Хобби,Beginner,5,0
9c95c34a-0f56-4d23-b668-b9513ec992a7,2026-05-07 00:26:51,Noah,32,US,Для работы,Intermediate,120,0
daacb4f7-80ee-4fb4-ad10-e3bf8ae6bb8d,2026-05-03 11:04:51,Rebecca,40,BR,Хобби,Elementary,20,1
fd1ab81a-5feb-446d-983f-ba52a0289caf,2026-03-11 05:33:51,Susan,25,ES,Для учебы,Advanced,120,0
3e60c233-7f43-4fbe-b45c-b6886dc0fab4,2026-03-18 00:09:51,Kristy,42,IT,Для работы,Advanced,45,0
db7c3081-3e50-4c9e-84ee-eaa5e59f84d6,2026-05-01 18:01:51,Amanda,34,FR,Хобби,Advanced,15,0
3593d736-101e-448b-bc4e-7447223ce89d,2026-03-28 22:08:51,Michael,33,DE,Хобби,Elementary,120,0
a8c3920b-394f-4a9a-bc8d-f59054d9b242,2026-03-11 05:59:51,Ryan,17,ES,Хобби,Intermediate,90,0
618e0ab0-2557-4820-89eb-30d6e3cc3e74,2026-03-14 19:14:51,George,45,BR,Хобби,Intermediate,10,0
9ec70cb2-69a0-467f-a91a-d384ab38b0ff,2026-04-18 05:23:51,Douglas,42,DE,Для работы,Intermediate,45,1
bbae97da-54c6-437e-bcad-75d150873e3f,2026-05-17 20:15:51,Alexandria,30,DE,Для учебы,Advanced,15,0
0b5d2d3c-2a77-48c5-bb29-9db46f7d04b3,2026-04-23 04:40:51,Lori,37,IT,Для учебы,Elementary,20,0
851fb838-6bb6-4dc2-8298-5bb4761f2969,2026-03-11 12:26:51,Yvonne,28,RU,Для учебы,Elementary,30,0
3ac939e1-c1d0-4310-a08a-aab306ee5ba3,2026-05-20 13:58:51,Jane,32,DE,Для путешествий,Advanced,120,0
25b3cc63-e3ff-40f9-9eaa-7e0346f7a721,2026-04-15 00:51:51,Anthony,36,RU,Хобби,Advanced,120,0
a1e49ba3-5bfc-4eb1-8054-d472409770ab,2026-03-07 15:51:51,Jessica,38,DE,Для учебы,Beginner,90,0
35b6a8ec-4ea8-44dc-a7b0-93d32b176f42,2026-03-14 03:03:51,Dillon,38,ES,Для путешествий,Beginner,5,0
107e8020-69cf-4f87-acd5-662dec67357a,2026-03-27 22:15:51,Daniel,51,DE,Для путешествий,Elementary,45,0
2591863c-26ef-41a4-9290-edba71fbdd53,2026-05-28 15:45:51,James,22,DE,Для работы,Beginner,5,0
e3c84b75-95f1-47bb-9b58-07bbae317cad,2026-04-08 21:49:51,Cheryl,32,FR,Для путешествий,Advanced,15,1
80972bf5-64b4-4af9-a0e3-0cb2c80ae43e,2026-05-30 08:17:51,Michael,23,BR,Для работы,Elementary,20,0
12a75eed-7d66-4acb-a1f3-69081c233d2e,2026-03-15 07:48:51,Brian,48,US,Для работы,Intermediate,20,0
6e84ae1b-8b0d-49db-b65b-9017e15253c3,2026-04-27 05:21:51,Charles,26,BR,Хобби,Beginner,120,0
b9599e8d-0291-47cf-a163-8b112aa95839,2026-05-14 04:43:51,Randy,32,BR,Хобби,Intermediate,10,0
2533249c-e0de-4c66-86a1-310b2d92e264,2026-05-04 01:41:51,Steven,50,IT,Хобби,Intermediate,10,1
241c3301-b294-44d4-afe5-674b0e01ea76,2026-05-22 20:56:51,April,42,ES,Для путешествий,Advanced,10,0
1d33bff3-c84b-443d-be5c-e36169908fc9,2026-04-13 22:29:51,David,22,DE,Хобби,Intermediate,15,1
bbb55b7f-683d-4ce1-89c7-550668a2c62b,2026-04-08 20:44:51,James,18,US,Хобби,Elementary,20,0
210c72dd-7b44-46a7-940f-95ea858e69e0,2026-05-01 01:24:51,Melissa,16,DE,Хобби,Intermediate,90,0
58f71fb7-581d-4700-8217-4f7e4d119761,2026-04-14 00:49:51,Keith,53,FR,Для путешествий,Intermediate,60,0
66337adc-c693-4374-a771-05de605a741b,2026-05-11 07:02:51,Tyler,43,FR,Для путешествий,Beginner,90,0
e8859fd1-54c4-4274-b926-53fc8af175d9,2026-05-27 13:49:51,Paula,45,FR,Для учебы,Elementary,5,0
eb2b01d0-62f3-4f7c-ba27-09a0579c36a7,2026-04-01 15:09:51,Tammy,20,FR,Хобби,Beginner,60,0
525ef59c-9960-4044-8806-d8928744a10a,2026-05-20 10:20:51,Paula,48,DE,Для работы,Beginner,15,0
a2c83921-4d44-4e05-a870-7cc113ec6c6f,2026-04-06 03:32:51,Steven,19,BR,Для работы,Intermediate,90,0
060cf2ba-dc15-4d37-be8a-c566e558d79a,2026-05-23 07:14:51,Kelli,44,DE,Для учебы,Beginner,45,0
1d7ab79e-091a-4f0a-a543-ff5c65aac101,2026-03-26 13:08:51,Larry,29,US,Для работы,Elementary,20,0
7861d72e-648c-4075-86fd-4c1bbe88d7ae,2026-05-21 23:18:51,Valerie,31,US,Хобби,Elementary,120,0
c2e2e4ec-6b23-498f-8c3c-0b6f0e7824ec,2026-04-21 15:30:51,Robert,25,DE,Для путешествий,Advanced,20,0
48b20821-e2cb-44fc-a428-0953a9c295ba,2026-05-12 12:29:51,Lorraine,49,IT,Для работы,Elementary,20,0
636fa3e9-4ad8-4a0d-9df2-38b58f2b350a,2026-03-13 20:11:51,Maureen,51,IT,Хобби,Intermediate,90,0
bc7f38ac-83c9-4416-b501-88949e70f962,2026-05-19 22:08:51,Danielle,50,IT,Для путешествий,Beginner,20,1
d63ff7ce-b67a-49b9-a0fa-5e7ba879540c,2026-05-10 11:10:51,Debra,18,RU,Для путешествий,Intermediate,10,0
e8be18c8-20ef-40aa-9e4b-79a0a22b8ca7,2026-04-12 22:20:51,Scott,25,RU,Для учебы,Intermediate,60,0
ddc506be-52ac-4417-86fb-fca35e81be29,2026-03-20 03:09:51,Anthony,33,IT,Для работы,Elementary,90,0
7fb191f8-5071-452b-b0aa-d50e0b8d56e5,2026-05-08 11:46:51,Anthony,22,FR,Хобби,Intermediate,60,0
c9f97dda-d209-4ff1-91f8-afaa83f57a61,2026-03-04 18:27:51,Paul,19,US,Для работы,Elementary,15,1
7894dce2-3db0-4af7-80cb-406dde2bb071,2026-05-30 05:37:51,Kevin,40,RU,Хобби,Intermediate,5,0
fdbfbf8f-4139-48d4-bfb7-0603786d0f25,2026-04-07 22:54:51,Aaron,38,FR,Для путешествий,Beginner,10,0
5e751ec0-de5e-48e4-8717-887c3e5ec2c7,2026-04-19 07:31:51,Kathryn,27,FR,Для работы,Elementary,20,1
70ff70fb-67df-464e-add6-66ae12edd3f9,2026-04-27 15:07:51,Cassandra,51,DE,Хобби,Elementary,120,0
c1293294-732f-4a68-87e4-08f5b55aabc4,2026-04-19 00:57:51,Leslie,20,FR,Для путешествий,Intermediate,10,0
1c55e23b-ebd4-4686-a383-3293a2a52cc0,2026-03-25 10:43:51,Heather,48,BR,Хобби,Beginner,5,0
40abe79e-0e85-4eb7-b366-70284e013ca9,2026-05-18 06:12:51,Karen,44,FR,Для работы,Beginner,30,0
ea65299a-27b6-4eb4-b92d-33c85ce66573,2026-03-26 10:46:51,Holly,35,FR,Хобби,Elementary,15,0
45f1b201-36d9-4aee-9750-9f9d971af781,2026-03-23 13:03:51,Rebecca,33,BR,Для работы,Intermediate,120,0
6227fcd8-d7cd-4b5c-b2d6-326e1eafad1f,2026-05-16 10:27:51,Michael,16,FR,Для учебы,Beginner,10,0
8ac99257-96e1-499b-ba65-9d19d53eb11e,2026-03-18 08:51:51,Kristen,22,BR,Хобби,Advanced,5,0
3e36e0a9-f063-4881-bb55-bb202821009b,2026-05-29 08:14:51,Gary,49,IT,Для учебы,Intermediate,10,0
b4381977-739e-4754-aba7-f791704df9b7,2026-05-18 08:18:51,Gary,41,IT,Для работы,Advanced,45,0
fde3d17d-17ec-4c75-b9a8-2b16a00fa185,2026-03-08 02:40:51,Kelly,37,DE,Для работы,Beginner,120,0
a9cb7abb-3bc9-436c-9f20-dc8c724850d6,2026-05-28 18:34:51,Anthony,52,ES,Для работы,Beginner,90,0
00b2e408-b44f-4c61-90bf-53064fea718d,2026-04-08 15:52:51,Robert,43,RU,Хобби,Beginner,90,1
07140e66-fe1c-4666-9067-957a9f9a601b,2026-03-19 17:48:51,Kristine,24,IT,Хобби,Beginner,5,0
de07ceee-0751-4312-9b67-948e1366282c,2026-04-01 01:00:51,Bryan,36,RU,Для путешествий,Elementary,90,0
b56d3d8d-9030-455c-a87b-09a025958a1b,2026-04-19 07:25:51,Jennifer,20,ES,Хобби,Beginner,60,0
0cf5a495-3d56-4149-85e3-e3970858d810,2026-03-31 06:33:51,Sarah,32,IT,Хобби,Beginner,90,0
c08a8ab9-2c0f-4482-9845-9d9bbd7e3ceb,2026-05-13 21:23:51,Drew,27,FR,Для работы,Beginner,45,1
eeeafe6e-593c-4cdb-aad2-a6ff463d60b3,2026-03-05 14:37:51,Kenneth,28,ES,Хобби,Beginner,20,0
227395e7-0b23-4519-a671-b7e8d5e4f3ce,2026-05-21 00:00:51,Andrew,52,DE,Для работы,Advanced,60,0
145a02ae-07d2-4f75-b040-d0c3e81f28eb,2026-04-03 04:16:51,David,44,BR,Для учебы,Beginner,30,1
7f123cf2-e52f-44cd-920e-46233c5a3674,2026-05-06 06:52:51,Lisa,37,FR,Хобби,Elementary,60,0
0016c456-3581-431b-bda9-13ac0a01f166,2026-05-09 23:53:51,Amanda,18,FR,Для путешествий,Advanced,60,0
b7f63b2e-7e8a-4a97-8b24-64115364333a,2026-04-04 23:33:51,John,22,IT,Для путешествий,Elementary,30,1
9db959d6-a203-49e2-8e32-c76b53029cc3,2026-05-16 00:29:51,James,19,US,Для учебы,Beginner,90,1
2fb832f7-4b7b-4856-a16f-99b8e104ed9b,2026-05-14 23:29:51,Jonathan,48,ES,Для учебы,Elementary,10,0
5a47c422-f541-4f91-bc8f-d09ee68ee1e9,2026-05-31 02:06:51,Sonia,16,DE,Для путешествий,Beginner,10,0
1c164cff-e2f6-4454-b67d-064d08751dd8,2026-03-27 15:32:51,Alejandra,42,US,Для работы,Advanced,90,0
e0f4bc12-ad73-4a91-88ca-7d470fbd51d1,2026-05-27 21:26:51,Heather,27,BR,Для путешествий,Intermediate,20,1
fe9d8929-de24-477c-8960-8a2ce896a62d,2026-04-03 02:47:51,Philip,37,IT,Для работы,Advanced,120,0
578160e9-83f9-47c2-8b74-a6032a369171,2026-04-13 21:34:51,Nancy,22,US,Для путешествий,Beginner,5,1
bd38ed8c-e980-431e-8af1-926afbb81d4e,2026-05-22 00:43:51,Brandi,17,US,Для учебы,Advanced,45,0
16db6f28-50d0-4b55-9506-f138b33a43b6,2026-05-07 16:04:51,Lisa,40,RU,Хобби,Intermediate,30,0
73a7201a-d481-4fa2-bdc9-06df6b340fa9,2026-03-24 05:54:51,Jennifer,55,RU,Для работы,Advanced,45,0
f348ff08-758d-40a9-8f7f-d5086e5adccc,2026-03-18 07:27:51,Thomas,17,DE,Для работы,Intermediate,120,0
1b8b764e-cc8a-4290-ae8e-7edbfede9631,2026-03-28 18:04:51,Amy,55,US,Для путешествий,Intermediate,5,0
32465ce5-e19d-4f91-940b-e350e8954cf4,2026-03-09 23:53:51,Jane,37,FR,Хобби,Elementary,20,0
913fe51e-e586-414c-bd90-44e75aa56b4b,2026-05-17 07:15:51,Christina,51,DE,Хобби,Beginner,90,0
cb95fe34-b2c5-4ab7-a472-d4664f8bc01f,2026-05-07 00:10:51,Michelle,34,BR,Хобби,Advanced,45,1
dda1af2f-3ede-4b6a-bc9d-8082e9f85e8d,2026-03-26 15:11:51,David,36,US,Для путешествий,Beginner,10,0
b5a39792-9b45-4df3-bc81-c33d4a1e1a1f,2026-03-11 12:36:51,Ruben,49,BR,Для путешествий,Intermediate,90,1
f4835677-0b02-4ccb-9fef-6ffc1a7fad5f,2026-04-27 02:08:51,Ralph,47,US,Для работы,Advanced,45,0
f7c0fc8b-a4ac-419d-99b7-59820f143a16,2026-03-28 11:39:51,Brett,43,DE,Для работы,Intermediate,120,0
6c38d73b-11bb-4660-9d34-e92ec3a12f20,2026-05-22 13:41:51,Bailey,23,IT,Хобби,Beginner,30,0
fd1edd7a-6ddd-4562-9f6e-7f44d0325e75,2026-04-07 04:35:51,Emily,35,FR,Для работы,Elementary,30,0
83e7af75-869e-4aab-bcc8-6a63fb07dee5,2026-05-05 22:29:51,Natalie,53,IT,Для учебы,Advanced,10,0
acd93fe1-e2cd-492c-aa42-a0096ecba879,2026-05-08 01:41:51,Brian,21,ES,Для работы,Beginner,30,0
4d9e04ce-801b-4b52-8323-ab682117b17f,2026-04-06 07:50:51,Angela,38,BR,Для учебы,Intermediate,45,0
f8008a1e-53f9-4ffc-814b-1a05b693fe02,2026-05-05 21:47:51,Matthew,18,ES,Хобби,Intermediate,90,0
27e4971b-a7bc-4f33-abb4-42c43417bda1,2026-03-22 17:14:51,Darin,20,RU,Хобби,Beginner,15,1
99897fc5-dd0f-4f88-99de-3090f58dc481,2026-03-29 18:03:51,Sarah,23,ES,Хобби,Beginner,10,0
1c17d00f-1f40-400c-ac84-9ae267f67dc5,2026-05-15 00:49:51,David,35,IT,Хобби,Advanced,5,0
986914f4-de0d-4734-81c6-605998dbcb66,2026-05-11 03:53:51,Jean,20,BR,Для путешествий,Advanced,60,0
22a95712-6695-4249-94b9-a8d75febc65c,2026-05-01 20:25:51,April,33,DE,Хобби,Intermediate,15,0
967d907f-0457-439c-9ce0-964b3f6df6a7,2026-04-09 07:33:51,Andrea,39,FR,Для путешествий,Elementary,45,0
d0542332-450e-4e31-a144-15048576a361,2026-04-27 06:17:51,Joseph,18,IT,Для работы,Elementary,45,0
b7a17ad0-45c8-4632-aa4a-e78cf36719a8,2026-04-06 19:06:51,Michael,28,ES,Для работы,Advanced,60,0
581487c0-8ba2-418f-ab61-a874e5e3805c,2026-05-06 16:55:51,Gary,29,DE,Для работы,Elementary,10,0
dc63f38e-90d0-4abe-b801-6f92bdc62c67,2026-03-29 16:54:51,Ricky,21,BR,Для путешествий,Beginner,10,0
4a7ae3ad-6509-4c53-8d96-10be0084babe,2026-04-30 02:46:51,Joan,38,IT,Для путешествий,Beginner,45,0
397999f3-bc59-4149-b92c-993630488a80,2026-05-03 17:05:51,Andrew,42,FR,Для работы,Advanced,5,0
3b4dc4db-09dd-4c85-aa04-ce3c8b495be7,2026-04-14 11:30:51,Ashley,25,DE,Хобби,Advanced,15,0
2260f1bf-1e70-423a-b314-0e1f1463de3d,2026-03-12 02:46:51,Dustin,54,IT,Для путешествий,Beginner,20,0
084080fe-c333-4115-b331-0ddb249632c8,2026-05-02 18:39:51,Alicia,54,US,Хобби,Elementary,120,0
891015a8-4df6-4a50-b1c3-62e0596a4851,2026-04-05 03:28:51,Michele,33,US,Хобби,Intermediate,120,0
5db78859-aa0d-41cc-b56f-ff7b3f038664,2026-04-29 22:57:51,Bradley,52,IT,Для учебы,Intermediate,90,0
b080aff8-934c-40b9-90e8-b3db667c882f,2026-03-12 20:33:51,Rebecca,44,DE,Для работы,Beginner,10,0
cf048f11-625a-43ea-8c96-97bb970c8c47,2026-05-26 01:51:51,Kyle,53,IT,Хобби,Elementary,120,0
8f05991b-ebd5-431c-ad90-89d0d5a4e37a,2026-03-16 02:21:51,Donna,29,FR,Для работы,Beginner,60,0
cf9aac5c-4dcd-4367-8df6-7082c350e53c,2026-03-24 06:18:51,Randy,18,US,Хобби,Elementary,30,0
3281278a-f282-46aa-8513-fdfa3a29e78f,2026-04-10 11:25:51,Christopher,51,BR,Хобби,Advanced,5,0
ba1b7561-e643-4db5-9b73-c67ea5d00e45,2026-05-08 08:16:51,Connor,38,FR,Для учебы,Advanced,15,0
8df36f67-7240-4b89-9d46-f007053ddbc3,2026-04-02 16:01:51,Sarah,28,FR,Для учебы,Beginner,60,0
e969a4fe-20b8-409d-8d0b-2b35a7daeae6,2026-05-04 16:52:51,Brian,38,US,Для учебы,Beginner,10,1
4928bd79-b9a2-455a-9eaf-9df5d34dfd9f,2026-05-31 10:00:51,Taylor,37,DE,Для учебы,Elementary,60,0
265c3f65-4d7e-4181-adb9-085605539249,2026-04-02 04:02:51,Julian,38,IT,Для работы,Elementary,10,0
a6cfbd49-dace-4714-8573-198cff66b5ba,2026-03-11 11:02:51,Raven,53,BR,Для учебы,Intermediate,60,0
e934d503-d65f-4bda-817a-0340a85be95d,2026-04-11 20:08:51,David,21,BR,Для учебы,Beginner,20,1
c99f3361-b484-4410-acf5-5f7a789b4d67,2026-03-13 16:03:51,Jennifer,21,US,Для путешествий,Elementary,90,0
d90d0069-0fcd-4d86-bb5c-e098d3cabb52,2026-04-24 10:41:51,Brian,50,ES,Для учебы,Intermediate,10,0
a1d6f189-d882-4f2f-a35b-f6f138833171,2026-03-10 18:52:51,Holly,25,RU,Для учебы,Advanced,120,0
bcf0c9d3-486e-4ccf-a836-c032850eda33,2026-05-25 11:58:51,Anthony,21,US,Для путешествий,Advanced,120,0
4a892b1e-0ed3-48c1-8c31-5eb3830dec79,2026-04-02 17:03:51,Logan,53,US,Хобби,Advanced,60,1
4e2d461e-9b38-4ddf-a5f9-dd4abda7ad94,2026-05-26 09:36:51,Raymond,23,ES,Для учебы,Advanced,60,0
6011314e-71bd-4aa3-899a-bef78e5be7d1,2026-04-22 14:16:51,Christina,38,RU,Хобби,Advanced,120,1
bde40f96-7f4d-4cb3-bf0d-5b9bdc41d953,2026-05-30 10:41:51,Jeremy,46,RU,Для учебы,Elementary,20,0
bb8e5665-93fa-4b69-8ade-eaf7dc040c42,2026-04-08 00:18:51,Andrea,40,IT,Хобби,Advanced,20,0
ac0b1aa1-1d60-4a4c-ae27-0d71ffa39790,2026-05-27 19:07:51,Shelia,38,US,Хобби,Beginner,15,0
0434a03f-ee92-474d-9902-fdb3763a4137,2026-03-21 06:02:51,Courtney,47,US,Для путешествий,Elementary,20,0
e335eaf0-ab17-4831-abee-d3a281e76fab,2026-06-02 00:02:51,Aaron,50,DE,Для работы,Elementary,45,0
ca71a407-08f5-4a0c-b0e8-8043e920be78,2026-03-24 05:07:51,Matthew,43,DE,Для учебы,Elementary,45,1
9d847f7d-22b4-4d8b-92ca-974b41542e66,2026-03-31 19:52:51,Brandon,32,RU,Для путешествий,Advanced,10,0
3ee2a8a0-dc6e-4dd5-aaf5-f1c09d178c27,2026-04-17 09:06:51,Stefanie,28,ES,Для работы,Intermediate,90,0
c7938c33-2a82-4134-b710-4f4a3b3608f9,2026-05-01 22:24:51,George,54,US,Хобби,Intermediate,15,0
d2199f90-28d8-4fc9-9b87-18207a9a6d89,2026-03-31 13:48:51,Daniel,41,IT,Для работы,Beginner,45,0
646fc790-9e06-40c2-81fd-0a577813d6fb,2026-04-03 15:12:51,Nicole,47,IT,Для учебы,Intermediate,45,0
088d4198-ab3e-4c5c-9dc9-61512ae70a39,2026-05-18 21:56:51,Susan,35,IT,Для работы,Elementary,20,0
873c4891-2a70-4028-8220-118f796729f1,2026-04-27 19:46:51,Eugene,17,BR,Для работы,Advanced,120,0
3c96a8a1-50aa-49ca-bab4-ed9f23600822,2026-05-05 17:31:51,Kimberly,31,RU,Для путешествий,Elementary,10,0
a6f6520c-2abc-4357-b64d-675922211adb,2026-03-24 10:54:51,James,33,ES,Для путешествий,Advanced,20,0
75a93523-536b-4a68-b663-94e7cab82813,2026-05-26 13:55:51,Christine,55,BR,Для путешествий,Advanced,20,0
6ec2885b-c232-4cb2-9303-6d49e21a2fe9,2026-03-18 17:08:51,Sarah,24,DE,Для работы,Elementary,45,0
0637a209-0b70-4642-abba-2d52b3da40d2,2026-06-01 01:22:51,Timothy,44,IT,Для учебы,Elementary,10,0
37d1ccfa-265f-406a-a5ee-548dbd3e5e05,2026-05-28 15:43:51,Randy,52,IT,Хобби,Intermediate,15,0
23883a1d-3c79-419b-818f-a8e175698ec5,2026-04-19 18:03:51,Julie,18,RU,Для учебы,Beginner,90,0
38832384-0456-4cff-8a71-fc71fc9ed89c,2026-04-15 21:42:51,Nancy,36,DE,Для учебы,Intermediate,5,0
ade06f54-9ea1-4816-8799-24f3583d63c4,2026-05-03 05:07:51,Mark,25,US,Для путешествий,Advanced,20,0
3cb00060-1a99-4413-baeb-87f43e783738,2026-05-31 09:28:51,Alicia,29,FR,Хобби,Intermediate,120,0
2d5adcb8-83c4-4619-ae1f-2b55f6d26b5e,2026-04-14 20:36:51,Adam,21,RU,Для учебы,Beginner,5,0
5ed3133f-4a03-4486-808a-a9968d23a4ed,2026-04-09 17:40:51,Matthew,51,ES,Для путешествий,Beginner,45,1
5aa24b8a-5d1f-4593-a883-b31fa81c122e,2026-03-09 02:21:51,Robert,34,US,Для путешествий,Advanced,45,1
b521d23f-4176-4201-b276-86d16a668871,2026-03-22 08:29:51,Edwin,34,ES,Для работы,Intermediate,90,1
a0767acb-1ee8-4d3d-bc14-9d3fa3ce2d8a,2026-03-23 22:25:51,Joanna,54,BR,Для учебы,Advanced,15,0
0ab1b1da-1bd1-4ae0-8d3a-afd6eb6ef9ab,2026-03-05 05:10:51,Mark,41,ES,Для учебы,Advanced,90,0
1cf22634-83a8-4e27-a6c2-77cf8fd4cb6c,2026-04-28 06:19:51,Gregory,44,ES,Для учебы,Intermediate,15,0
74177141-c08f-46c1-9a3e-a7b6ffc9ac49,2026-05-24 18:47:51,Kelly,21,US,Для работы,Intermediate,90,0
318dc01c-23a4-48e7-b24a-bbcb713257da,2026-03-21 02:18:51,Grace,51,DE,Для путешествий,Beginner,5,0
5afe59c2-b041-479c-bca2-d99b19810af5,2026-04-20 11:46:51,Matthew,30,RU,Для учебы,Advanced,60,0
ceaa391d-13ea-4b25-a92e-3e664c8ff1ee,2026-04-25 02:38:51,Elizabeth,52,US,Для путешествий,Advanced,5,0
1a1e950f-e304-4143-be23-41974a990388,2026-03-08 15:15:51,James,34,RU,Хобби,Elementary,45,0
1abe8199-2d10-48e4-971e-c15db5f1cb2c,2026-05-03 03:45:51,Stephen,44,ES,Для работы,Intermediate,20,1
32d3b916-9571-46e2-9f45-36bae80b772b,2026-05-05 23:48:51,Billy,48,IT,Хобби,Intermediate,90,0
42ea7bec-8faa-4720-a051-c63af5eabbf6,2026-03-22 10:29:51,Vincent,48,DE,Для работы,Elementary,90,0
62dd43ef-b04a-4a1e-ae05-b1fdf1d0a48c,2026-05-16 19:59:51,Meredith,48,FR,Для путешествий,Advanced,120,0
3eea86d5-12a9-4efa-91d4-1df00ff57101,2026-05-14 14:05:51,Andrew,17,BR,Для путешествий,Advanced,30,0
bb92bf61-168b-405b-91b4-d775023608c0,2026-03-28 13:02:51,Robert,30,ES,Для работы,Elementary,15,0
10430d9f-9c63-4354-b97b-accb15a5d827,2026-03-08 06:09:51,Vincent,29,IT,Для работы,Elementary,20,0
650abff3-70bc-4f89-94e0-881bf1458351,2026-03-21 13:11:51,Marc,30,ES,Для путешествий,Advanced,20,0
5ae0fbaf-c183-4b05-a4f3-d29c3a73d3ce,2026-04-14 17:09:51,Steven,31,FR,Для путешествий,Advanced,120,0
1ef3594a-259b-49a7-b5c0-0be92dce29f7,2026-05-31 19:57:51,Adam,23,IT,Для учебы,Elementary,120,1
0e4f6518-6352-43fe-824a-01ebf51c6ea9,2026-04-01 12:24:51,Kevin,52,FR,Для работы,Advanced,15,0
a8517cde-b2de-4241-98bb-e5b57e24a118,2026-03-05 22:03:51,Deanna,20,US,Для работы,Intermediate,60,0
95bcc3f3-4a50-4474-84fb-8bc1f9e8e6d1,2026-04-30 10:47:51,John,52,IT,Для работы,Intermediate,15,1
6a3f9856-5e53-481f-9c63-6d8c6d50854d,2026-05-02 01:05:51,David,29,ES,Для работы,Advanced,15,0
cdad05aa-bade-4575-b009-8b17ad064015,2026-04-15 08:18:51,James,49,DE,Для путешествий,Beginner,45,0
71a64897-e79d-442e-8a6f-05bdb8f217f6,2026-05-29 16:16:51,Aaron,25,FR,Для путешествий,Elementary,60,0
99623e9b-0d60-43fd-b9ea-4fd91ba6210c,2026-04-05 23:31:51,Kimberly,54,BR,Для работы,Intermediate,20,0
1467b947-48ef-4890-92b6-402b588f7512,2026-05-03 01:12:51,Stephen,16,US,Для работы,Elementary,5,0
f47533aa-d09a-4b54-9f50-4a0611543122,2026-04-14 07:09:51,Roberto,39,IT,Для путешествий,Beginner,120,0
c4e83ff3-6855-445e-b7c1-a79d87d63eba,2026-06-01 01:16:51,Theresa,35,DE,Для работы,Intermediate,120,0
7536e727-5f3b-4e75-bfd3-1fdbc8bc8e03,2026-04-04 22:07:51,Anthony,30,RU,Для путешествий,Intermediate,20,0
6966a427-6c33-4550-8496-51dc7849d1d2,2026-04-08 17:00:51,Jessica,21,RU,Для путешествий,Intermediate,30,0
35c3c674-57b5-439d-a4aa-6b319b480c0c,2026-04-10 03:56:51,Christopher,47,DE,Для работы,Advanced,45,0
59ea2127-26f9-4b3f-a6e7-b6bb3847310a,2026-04-21 22:16:51,Casey,32,ES,Хобби,Elementary,10,0
3b89648e-cd8a-4119-9ded-3d2b41b659e0,2026-05-17 00:26:51,Alice,50,IT,Для путешествий,Advanced,20,1
22f39535-9d48-46ff-bf45-03575afc6751,2026-05-18 00:32:51,Jade,23,FR,Хобби,Intermediate,30,0
6e7499d7-3b8d-4f78-8d08-48a3408de566,2026-04-20 23:06:51,Sean,52,FR,Для работы,Beginner,10,0
1aae8e5d-959b-41d8-85c3-402c99855480,2026-03-26 11:32:51,Amanda,27,DE,Для учебы,Intermediate,30,0
1b08b569-0d88-4a18-8379-5b805a0d9b54,2026-04-26 16:51:51,Amy,22,IT,Для учебы,Beginner,15,0
54342f8f-676a-440f-9b5c-e180923171ca,2026-03-31 12:20:51,Logan,22,DE,Для работы,Intermediate,60,1
6532c98d-1bc7-484d-8fe0-448a7a7e0d2f,2026-05-05 13:31:51,Amy,50,BR,Для путешествий,Elementary,90,0
43a5e35b-8993-48e7-b381-ec1b62be0e8a,2026-03-21 10:02:51,Glenda,31,BR,Для учебы,Beginner,5,0
2272f87e-b57f-4cd0-95d3-b8f594acb91e,2026-05-11 12:16:51,David,43,ES,Хобби,Elementary,60,0
98cc01a4-9df4-49f5-bfbf-6b9967cbf402,2026-04-23 07:23:51,Karen,45,FR,Для учебы,Elementary,10,0
b5076b89-4300-4e3b-8dec-aba9e5c3b6e0,2026-03-04 23:33:51,Patrick,33,RU,Для путешествий,Intermediate,30,0
3a36b274-9ff7-4929-91aa-aba854c67efc,2026-03-13 08:52:51,Evan,19,IT,Для работы,Elementary,10,0
412bf3ca-8e47-4be0-a3dc-8ee85390772c,2026-04-09 19:40:51,Dana,48,RU,Для учебы,Advanced,5,1
3061a21c-b83f-438b-9313-333f6dc55a5a,2026-03-19 19:31:51,Robert,25,ES,Хобби,Intermediate,5,0
6e5e9d5a-468d-43d6-985d-2016419ef2a0,2026-04-09 07:58:51,Brooke,24,ES,Хобби,Intermediate,120,1
653e6f92-9097-4378-a17e-290e84eed71b,2026-03-16 06:05:51,Tammie,19,DE,Для учебы,Intermediate,120,0
b5dbfbe7-7fdf-4383-8b7b-9c71da4f7390,2026-03-31 07:36:51,Jose,24,FR,Для учебы,Advanced,45,1
7496f219-0929-477c-8181-3386409a5f75,2026-05-27 13:28:51,Daniel,30,RU,Для работы,Elementary,5,0
13b03123-9335-4cf1-b4ac-ce013aa0181b,2026-03-06 04:55:51,Yolanda,21,US,Для работы,Beginner,45,0
dcbe913c-53a8-4c58-b065-abb4a5587a30,2026-04-18 17:20:51,Kenneth,41,ES,Хобби,Advanced,120,0
25123bb5-3c70-4895-97d9-4eef1aca8298,2026-05-20 10:12:51,James,21,US,Хобби,Beginner,120,0
01ea1a68-9895-41c0-ba57-7e3fc917f130,2026-05-13 13:10:51,Olivia,52,ES,Для работы,Advanced,30,0
b3658240-b4aa-4d74-9687-0d5836b1f583,2026-05-23 15:17:51,Antonio,40,IT,Хобби,Elementary,120,0
624e6fdc-4ce5-48f2-96fc-8449ef00c46e,2026-05-20 10:41:51,Leonard,42,RU,Для путешествий,Intermediate,15,1
d907f9d6-f876-4828-8b7e-3890b64962ea,2026-04-15 05:22:51,Eric,53,US,Для учебы,Elementary,20,0
4156b6ea-3344-49d7-9f6f-6dcf897f8da7,2026-03-05 01:50:51,Ann,50,IT,Для путешествий,Elementary,120,0
8bbab0f1-5299-441c-a91b-9937c374c744,2026-03-06 08:25:51,Danielle,35,BR,Для работы,Intermediate,60,0
c86e8ede-0c0f-4a61-a4c8-18337e60faf7,2026-03-18 14:44:51,Barry,51,US,Для путешествий,Intermediate,15,0
831e7154-2163-4809-b452-fcd05e8b1fe9,2026-03-12 12:08:51,Michelle,42,ES,Хобби,Beginner,60,0
88dda8e8-f79d-4494-8295-bbddfb2a5159,2026-04-26 05:53:51,Alicia,21,ES,Для учебы,Elementary,45,0
01332524-2f29-4de6-8b5f-72e267661ac6,2026-04-18 16:54:51,William,26,DE,Для работы,Intermediate,10,1
18bde138-c428-4102-87e0-bd1e2b151487,2026-05-02 05:59:51,Hannah,43,IT,Хобби,Advanced,5,0
8df5fe31-da0f-4e1c-ae0e-3e6cd2ef9c19,2026-03-28 09:53:51,Brian,21,ES,Хобби,Intermediate,20,0
6f81cab8-f0fd-41c3-97f0-b6cf322a0e33,2026-05-28 02:32:51,James,45,ES,Для путешествий,Intermediate,45,1
994ab656-f516-4924-85f6-60b80dd3bc82,2026-04-21 18:24:51,Jordan,54,DE,Хобби,Beginner,60,0
e01d6e0c-abfe-4589-a184-12c3e3138cc1,2026-03-16 16:35:51,Scott,30,IT,Для учебы,Beginner,90,0
65066308-9d7a-4bba-ac03-a368278aaeab,2026-05-08 03:35:51,Deborah,50,RU,Для работы,Intermediate,15,0
60714e3f-e48e-4cb2-bef4-04eceac414e8,2026-05-15 00:54:51,Christopher,44,US,Хобби,Advanced,90,0
f55a0858-5d9d-4cd3-b1a1-92e3dd865e4f,2026-04-06 01:44:51,Brianna,49,US,Для путешествий,Elementary,5,0
4406e353-d32b-4493-85da-c9738ac3c0f5,2026-03-05 10:01:51,Michael,49,RU,Для учебы,Intermediate,120,0
d265108c-ba57-4724-a341-a24790d82aa4,2026-04-02 09:15:51,John,54,BR,Для путешествий,Elementary,45,0
323e2ba9-3357-4397-a30b-be889f8be983,2026-06-01 05:30:51,Kenneth,53,ES,Для работы,Elementary,45,1
618060f7-b8e8-4da5-bc1b-5a76e8e94d69,2026-03-09 21:54:51,Lauren,51,BR,Для учебы,Beginner,5,0
f93ac812-c92f-475d-8c58-eedd542ff4bd,2026-03-06 05:15:51,Meghan,53,US,Для путешествий,Beginner,60,0
cc116ac4-46c2-496a-b4b9-bbd8468191ff,2026-03-05 02:09:51,Thomas,44,IT,Для путешествий,Beginner,90,0
9ecdd3b2-2416-41e8-97fe-91b5b4489d28,2026-03-16 15:01:51,James,30,DE,Для работы,Elementary,120,0
0fcb61a3-5178-462e-b064-49f61ebccb41,2026-05-18 21:07:51,Daniel,30,DE,Для учебы,Elementary,45,0
559846bd-b6af-43ce-b23a-36dda3ca17bd,2026-05-18 10:13:51,Matthew,36,ES,Хобби,Intermediate,45,0
5f390fa1-32ca-4d65-8e06-844cea52ed7a,2026-05-24 05:35:51,Todd,46,DE,Хобби,Intermediate,20,1
5252fc24-31dd-4f92-98ae-174e6dce37fd,2026-04-20 22:39:51,Anthony,29,IT,Хобби,Advanced,45,0
7a947222-21a2-4ab5-b657-03f2cd425a23,2026-03-14 15:45:51,Justin,35,FR,Для работы,Intermediate,120,1
6925daeb-6298-4c2f-bd3c-64a9d9a65f27,2026-03-04 12:01:51,Alan,25,RU,Для путешествий,Elementary,45,0
974c281b-5816-44d9-853a-06bb931a2a26,2026-03-08 14:53:51,Gina,38,FR,Для работы,Elementary,60,0
ce3e16dd-1756-422f-8ef5-c8924455948c,2026-04-01 03:04:51,Tiffany,20,IT,Для путешествий,Elementary,45,0
03a858a8-3e9f-4e28-8ab1-1abcfa10a73b,2026-05-31 20:10:51,Christopher,52,DE,Хобби,Beginner,5,1
1965b4c6-34c8-4516-9f2b-4885f8b7624a,2026-04-22 20:50:51,Janet,23,IT,Для учебы,Elementary,5,0
2c92d419-ef5a-4280-996f-8dd08c054567,2026-05-03 08:14:51,David,39,ES,Для работы,Advanced,5,0
71c00047-3e63-479e-bfc0-c4ac1025bd6c,2026-04-22 06:17:51,Jessica,30,RU,Для путешествий,Beginner,45,0
3630143a-9da0-476f-9ef4-043567b2a29c,2026-03-08 07:55:51,Nicole,45,BR,Для работы,Beginner,20,0
32a94b0a-bc5b-4a06-b7e0-bafa40ff856c,2026-05-08 17:08:51,Frank,37,BR,Для работы,Beginner,10,0
b8e822ef-64af-4e6f-b597-b1641d93ae78,2026-04-16 16:40:51,Kristina,40,RU,Для путешествий,Advanced,20,0
307df9cb-8fa8-4bb1-9f86-c398fa04eab0,2026-05-28 09:16:51,Kristi,36,IT,Для работы,Beginner,5,0
42aee0fc-3950-407c-8fbe-59dd311a2e1f,2026-04-01 16:40:51,Timothy,49,US,Для учебы,Elementary,20,0
6f1a00fd-ff91-4c6f-967b-165c1204bc8a,2026-05-10 16:13:51,Courtney,31,BR,Для учебы,Advanced,20,0
2e15b76c-8391-4322-851f-6cf614b1c8e3,2026-05-23 18:58:51,Cathy,44,US,Для работы,Elementary,90,0
3c0c2752-7a98-475c-8c7f-e4a4811c01e1,2026-05-24 21:44:51,Brett,20,US,Для учебы,Elementary,5,1
95824d8d-37d9-4bb9-bdc2-f82c465639ff,2026-04-11 06:13:51,Stephen,32,US,Для работы,Elementary,15,0
56d676ab-55a0-42ba-9d00-c5b3705a1762,2026-05-26 01:57:51,Robert,38,FR,Для учебы,Advanced,45,0
58a3828e-7b1b-4b80-a6d7-e0cae33e9b71,2026-05-24 01:00:51,Michael,42,RU,Для учебы,Elementary,10,0
be36a27f-6466-4419-a0b1-7ee8b0b6b13a,2026-05-21 13:07:51,Nicole,52,RU,Для путешествий,Beginner,60,1
c9df2088-e5e8-462b-a6ba-5bb94a2ae144,2026-03-29 18:55:51,Mark,41,IT,Хобби,Advanced,60,0
fabe29f6-cf5f-4f57-8bfb-f19674f71c15,2026-05-10 13:05:51,William,46,DE,Для путешествий,Beginner,20,0
62a575dd-e7e1-4daf-838d-c619662d897d,2026-04-11 01:48:51,Jacob,20,FR,Для работы,Intermediate,45,0
a205d456-6783-4c0b-90fe-c0a21b43ca81,2026-03-08 00:38:51,Margaret,38,US,Для путешествий,Elementary,10,0
656e1eb5-69d4-432e-84a6-723b2382024e,2026-05-13 22:26:51,Matthew,22,RU,Для путешествий,Beginner,60,0
6dda0660-383e-442a-be96-9af4a3a314ad,2026-04-25 14:03:51,Kyle,26,BR,Для учебы,Elementary,20,0
181e88dc-0f77-48ad-b7af-a39a2c731605,2026-04-01 16:14:51,Lisa,18,RU,Для путешествий,Beginner,60,0
ff39a868-4a32-4edd-b899-9852ab8a516d,2026-04-20 05:16:51,Roberto,26,RU,Для работы,Intermediate,5,0
68d8bc26-6546-4d7e-83c7-017662f3b367,2026-03-14 10:00:51,Brian,19,IT,Для путешествий,Beginner,5,0
8d697945-4b2f-469b-b558-0fa5be032d16,2026-04-15 16:02:51,Megan,48,DE,Хобби,Intermediate,10,1
51a392e6-8142-488f-839a-7b53fa99b991,2026-03-24 07:13:51,Mikayla,40,ES,Для работы,Intermediate,60,0
c62cf64a-0b9f-42ca-9a35-1b8bf2818eed,2026-03-26 12:25:51,Christian,19,IT,Для работы,Beginner,90,0
a1f9a27d-e439-46dc-bb19-97b62f24a3f6,2026-04-27 08:35:51,Ellen,51,BR,Хобби,Intermediate,60,1
59107669-0df4-4547-9cfe-c8b5991bdba7,2026-03-10 21:59:51,Dwayne,32,DE,Для учебы,Beginner,60,0
1e9e4460-2341-498e-9b74-2db2ada0f0da,2026-05-03 15:35:51,Christopher,27,IT,Хобби,Intermediate,10,0
ef2a7b28-6b3a-4333-9b8c-392378152fbc,2026-05-18 15:43:51,Makayla,24,FR,Для работы,Beginner,120,0
5dc21560-61db-4ed8-bbc1-291016dced88,2026-03-30 04:43:51,Michael,53,US,Для путешествий,Intermediate,45,0
3e11daa2-a58f-4f22-85a6-d943295842e9,2026-05-21 06:14:51,Angela,28,DE,Для путешествий,Beginner,30,0
410e1852-86a4-4bbe-a014-db0830781ab9,2026-04-15 11:28:51,Laura,24,FR,Хобби,Advanced,15,0
5075de40-f0a1-494b-a004-8a7560e0d2bd,2026-05-22 02:18:51,Krista,49,ES,Для учебы,Beginner,60,0
42ca6dc1-9576-4895-a9cc-9ec1a04e3601,2026-03-09 22:12:51,Kathryn,21,US,Для путешествий,Intermediate,15,1
adb14ffb-95fd-4994-9b50-1bd635300ee0,2026-03-12 04:13:51,Melissa,27,DE,Для путешествий,Elementary,60,1
f3e2d734-9566-4ad5-8fd2-7eb00b958d7b,2026-05-17 03:40:51,Lisa,48,IT,Хобби,Intermediate,15,0
12a0723a-ca4a-4d94-9ea3-f5ee57b1a18f,2026-05-02 13:07:51,Kimberly,31,RU,Для путешествий,Beginner,90,0
ce4e48f8-7501-4a7c-94e2-c4cb75f26afe,2026-04-01 13:08:51,Isabel,43,DE,Для учебы,Intermediate,90,0
18958358-60a3-4e6f-a6c5-1852aa0dd885,2026-05-26 07:08:51,Michael,41,US,Хобби,Intermediate,5,0
318e4ef9-612f-4f81-8454-fb55627b7de0,2026-04-14 13:19:51,Melissa,46,ES,Для работы,Elementary,90,0
dd028096-3db9-416e-bc6c-d170b2d6627f,2026-03-20 05:08:51,Amy,32,RU,Для работы,Intermediate,15,0
c092b8a7-672a-4594-be0a-08818ab6111e,2026-04-08 15:24:51,Rickey,51,FR,Для путешествий,Advanced,120,1
70467381-7728-4693-8c15-cb109469cfde,2026-05-14 00:05:51,Ariana,18,IT,Для работы,Intermediate,15,0
54b27cd1-864d-4eac-81e1-66a40493dc98,2026-04-22 11:49:51,Lauren,17,ES,Хобби,Advanced,15,1
25d9c8f9-4631-4756-9187-ffd6ca583273,2026-05-26 11:38:51,Michael,45,US,Хобби,Advanced,15,0
7a94ee49-2794-4f50-9f0e-5b0795e804e7,2026-05-15 12:57:51,Jenna,35,DE,Для работы,Advanced,120,0
f6e8709e-d4ad-4145-8445-1d6be2b4b924,2026-04-22 04:10:51,Peggy,29,DE,Хобби,Intermediate,60,1
88baa932-a812-4473-a8d8-f4471cc58305,2026-04-01 16:48:51,Daniel,51,BR,Хобби,Advanced,120,0
42550e45-ba9b-4db0-8d48-83c57b5af125,2026-04-14 19:52:51,David,29,ES,Для учебы,Beginner,20,1
ca705db9-0439-4f1a-844e-fba652022357,2026-04-05 17:07:51,James,41,RU,Для работы,Beginner,45,0
db5989ee-c854-480c-8698-9f30cd2cca7b,2026-04-06 09:03:51,Daniel,55,RU,Для учебы,Advanced,120,0
c5442e23-92bb-4387-a484-1caa13eaa976,2026-05-01 16:35:51,Victor,26,DE,Для путешествий,Intermediate,45,0
1fd78e10-6041-47c7-8dd8-9e1e44f8a3ca,2026-05-11 10:24:51,Ashley,20,RU,Для путешествий,Elementary,15,0
e1d8251e-91c5-4421-8fe6-bf66cf031fd3,2026-03-06 15:29:51,Joseph,48,DE,Для работы,Advanced,60,0
e7b59e0b-2197-445d-b241-8b4e18ee8ed6,2026-04-20 12:49:51,Morgan,41,FR,Для учебы,Intermediate,20,0
2b6bf22c-dfe1-4d07-b51a-acff4f1ee405,2026-04-25 13:31:51,Cody,40,FR,Для работы,Beginner,15,0
0757b5ee-21bf-479b-b987-80b748ffa482,2026-04-29 17:32:51,Ryan,37,BR,Для работы,Beginner,30,0
1da547fc-161e-40a2-8e20-0e5ef5f20e94,2026-05-25 19:31:51,Jeffrey,46,RU,Хобби,Elementary,30,0
2417f5e1-6637-44ae-b0b9-7a073e3dfe27,2026-04-05 06:02:51,Brian,22,DE,Для путешествий,Beginner,15,0
3479e55d-0126-4bde-bb3d-5931e3f7e984,2026-05-30 04:22:51,Carmen,54,DE,Хобби,Beginner,15,0
3acd5d8b-e1cc-44aa-98b9-679a5cf23958,2026-05-19 18:31:51,Zachary,46,DE,Для учебы,Beginner,120,0
bb0d1219-4270-45b4-b6f7-8cbd8d618243,2026-03-09 11:44:51,Timothy,34,US,Для путешествий,Elementary,120,0
70888cb2-8010-49bc-951f-62090e600c03,2026-04-27 02:13:51,Bethany,16,FR,Для учебы,Elementary,60,0
590878c7-fc18-46c7-99fd-50d11954757f,2026-05-02 03:45:51,Cindy,41,DE,Для работы,Beginner,120,0
d3d7b69e-588d-4f96-978d-036b1e5674e8,2026-03-11 23:16:51,Allison,53,US,Для работы,Beginner,15,1
18f07601-a908-48b2-915e-019ecc90f89e,2026-03-14 18:47:51,Jessica,20,DE,Хобби,Intermediate,120,0
2adb3da0-187f-49be-9697-28d133c5b6ab,2026-04-20 20:57:51,Victoria,18,BR,Для путешествий,Beginner,45,0
c22565c2-5495-4009-8e18-26232e3486a3,2026-05-16 13:50:51,Nancy,41,ES,Хобби,Advanced,5,0
5bd70d51-a8f4-4a63-9734-f24f1876cd61,2026-03-10 06:10:51,John,30,BR,Для путешествий,Intermediate,15,0
c94e4328-1feb-4460-8812-8b5399646f75,2026-04-30 02:38:51,Amber,38,ES,Для путешествий,Intermediate,90,0
c0458efd-25df-484c-b84e-c37fe57ad72b,2026-05-10 20:12:51,Kevin,25,RU,Для учебы,Intermediate,5,0
56c27c96-c23a-40ef-9c88-b9bbad6cd31b,2026-04-13 04:35:51,Julie,29,IT,Для работы,Advanced,20,0
a8279f1c-e3db-4b96-bf1a-cebf7d004c28,2026-04-11 11:37:51,Mary,24,RU,Для учебы,Elementary,20,0
4d4b8717-55cd-46c1-b02a-8bbbed5ad404,2026-04-28 06:56:51,Carmen,29,US,Для работы,Advanced,60,0
2170a19f-10ce-4452-97b0-29905d920f61,2026-05-15 15:15:51,Jessica,51,BR,Хобби,Elementary,45,0
d072c213-9d15-45e1-9b47-5f5327ef5ffc,2026-04-10 06:35:51,Herbert,36,FR,Для работы,Beginner,90,0
8025b4fd-d304-4b0b-91d7-29398624031c,2026-05-27 03:31:51,Jennifer,26,RU,Хобби,Intermediate,5,0
4b762a27-6b8d-4e86-963c-e62efc1c25f6,2026-05-31 02:55:51,Jennifer,43,DE,Для путешествий,Elementary,10,0
55da1804-e49c-42a8-9067-9f7dacb964af,2026-05-28 09:19:51,Martin,16,FR,Для работы,Elementary,60,0
ea32672f-fac4-4b86-b359-8951232e94e0,2026-03-24 21:13:51,Zachary,26,DE,Для путешествий,Advanced,60,1
06c85b05-c493-4a22-906b-efe77de66873,2026-05-07 17:39:51,Zachary,39,DE,Для путешествий,Elementary,60,0
f15929ec-8f88-4c88-abff-bdc758685496,2026-05-27 03:44:51,Jerry,28,DE,Для работы,Beginner,120,0
8c05a69f-0434-4bc6-8b0d-3b8e10774fd8,2026-03-20 20:21:51,Tiffany,54,ES,Для работы,Advanced,90,0
3ea81bb5-6782-4e37-b152-f7b9621f9296,2026-03-13 21:40:51,Stephanie,23,BR,Для путешествий,Elementary,60,0
07159d8c-fa8a-4bdd-a066-affbbec6daa6,2026-05-24 01:19:51,Ashley,41,US,Для путешествий,Advanced,10,0
07861e9d-95e8-4100-8d94-3859e66f5070,2026-04-28 00:47:51,Kevin,45,FR,Для работы,Intermediate,15,0
11d509c6-7a92-463d-b5ec-03c043bac9fd,2026-04-20 06:16:51,Joseph,46,US,Хобби,Intermediate,15,0
07ac71f6-4e40-4585-b815-315aae72e3c6,2026-05-22 20:43:51,Laura,17,RU,Для путешествий,Intermediate,120,0
b72f6f7d-72e3-4a38-bd71-9bd4b65b39b2,2026-05-19 18:49:51,James,27,RU,Хобби,Advanced,10,0
624fbeda-c7f1-4e77-82c2-d8949084b511,2026-03-19 00:36:51,Jeffery,40,FR,Для работы,Advanced,30,0
4eff5a1e-4f8c-4448-bcec-ea505cf88b91,2026-04-06 04:30:51,Madeline,37,ES,Для работы,Elementary,30,0
9e878db9-acfb-47f8-99e5-d0ce8197b176,2026-05-06 23:21:51,Carrie,49,FR,Для учебы,Advanced,120,0
72c89e0a-1dde-46ab-be03-2385585bb0ac,2026-05-17 01:28:51,Sean,50,ES,Для путешествий,Beginner,20,0
af22ea80-cbb6-4438-95a6-28d393bb1a67,2026-04-29 12:54:51,Julian,30,RU,Для путешествий,Advanced,60,0
40b27c46-76fe-48e6-926e-00ac8a9fb25c,2026-05-01 02:21:51,David,17,BR,Для учебы,Elementary,5,0
64e6cf02-e7d0-4e17-89ab-05f20a4f7bf0,2026-04-08 23:57:51,Julie,25,IT,Для учебы,Intermediate,20,1
d37856cc-a6fb-4f80-ab22-628f7d4b88ac,2026-03-09 09:33:51,Austin,54,DE,Для путешествий,Elementary,10,0
d6a2cc4f-c633-4acd-b950-71a2e3114dfc,2026-05-12 03:10:51,Kim,37,BR,Для работы,Beginner,30,0
785388c3-ead3-4b57-8e6f-7356b487f189,2026-03-16 18:26:51,Robert,46,ES,Хобби,Intermediate,30,0
e6ecb8da-2e3e-4455-a61e-031a46d39e2f,2026-04-22 03:07:51,Brandi,33,FR,Хобби,Beginner,45,0
485bc7ff-7bb8-465d-9c2a-ceaeef542ce2,2026-06-01 01:30:51,Ann,29,US,Для учебы,Intermediate,30,0
6b577d9c-67cf-40b9-b310-4156df399069,2026-04-16 09:54:51,Christine,17,FR,Для учебы,Beginner,20,0
2f03375a-05f4-48da-95a4-11aeb7b3fe46,2026-05-25 15:22:51,Jaclyn,55,BR,Для путешествий,Elementary,5,0
3cd67914-0afc-462d-9eea-ec957de05c8f,2026-05-19 06:12:51,Denise,21,BR,Для путешествий,Beginner,15,0
43c4545f-57a9-4fb8-ab09-3000615adfb2,2026-03-15 07:19:51,William,22,RU,Для работы,Advanced,120,0
886997eb-8db1-439d-96f1-d0c0f4e49db2,2026-04-03 02:19:51,Corey,20,ES,Хобби,Elementary,60,1
db328ec8-7c1a-4ff0-bc93-928689685268,2026-03-25 12:01:51,Katherine,28,RU,Хобби,Beginner,15,0
c9ce0362-09af-4fa3-b9f7-a163d4c7f29e,2026-04-26 04:36:51,Cynthia,44,ES,Для работы,Advanced,5,0
27a44d60-9f4d-4cfc-a35a-74bbae884433,2026-04-07 13:45:51,Cheryl,23,DE,Для путешествий,Beginner,10,0
14c21e7b-153b-4f09-9d05-0c2a62a8d12f,2026-04-20 12:37:51,Jonathan,41,BR,Для учебы,Intermediate,30,0
775356f4-c2ec-4497-a7a6-133af23ace8b,2026-03-05 01:44:51,Joann,42,IT,Для работы,Beginner,10,0
b0dc5e10-9a0b-4b73-95e1-6acbc0968882,2026-04-19 19:43:51,Beth,29,ES,Для работы,Intermediate,5,0
2b069adc-db77-474d-88d4-47c2fcac03fe,2026-05-11 10:09:51,Kristin,50,ES,Для путешествий,Intermediate,120,0
a5a49805-dc8e-4232-b8b1-8f29dc2ddd41,2026-04-02 21:45:51,Lynn,48,ES,Для работы,Elementary,60,0
89949019-c63e-46dd-8e2e-505b8795d9e5,2026-03-08 20:14:51,Crystal,42,BR,Для работы,Beginner,45,0
ac752ca3-7a64-4f41-ad09-d64d7dae90bc,2026-04-10 04:08:51,Anthony,46,IT,Для работы,Elementary,15,0
5a22c74d-cd8a-4a6d-b542-8b118f1968cf,2026-04-22 17:54:51,Brianna,17,RU,Для учебы,Beginner,60,1
0684ec95-8553-4200-bcf6-3d1d2477c706,2026-04-19 15:11:51,Kyle,30,RU,Для работы,Advanced,30,0
7c1934f5-7085-49b5-9a8a-fd3e44f7d1b4,2026-03-30 07:49:51,Brandi,36,RU,Для учебы,Elementary,20,0
ebe8a82a-d8aa-44c3-ab22-48a99f3620a0,2026-03-05 15:35:51,Laura,16,DE,Хобби,Elementary,20,0
62536f62-eef6-4978-85d1-9261213bad0f,2026-05-16 21:14:51,Robert,38,RU,Для путешествий,Intermediate,60,0
4ae80ad9-a1a7-401c-a08b-e698a290a456,2026-04-17 21:17:51,Juan,53,RU,Для работы,Advanced,5,0
f4caaeea-d001-4f47-82a6-787dee543637,2026-04-19 10:12:51,Mary,44,FR,Для работы,Intermediate,10,0
e01ebbf2-f920-4b79-aac9-5ba3962e566a,2026-04-09 17:54:51,Crystal,21,US,Для путешествий,Elementary,120,1
b10ee835-6a2a-42ce-91dc-6b611575cb42,2026-03-08 19:36:51,Tanner,50,DE,Для учебы,Beginner,30,0
b70c0ced-bc3f-4b8d-bf4c-1e903c9ced2b,2026-03-21 00:51:51,David,34,US,Для учебы,Elementary,60,0
3b40f666-fc93-4553-8732-4a37e916488f,2026-05-22 18:53:51,Robert,41,DE,Для путешествий,Beginner,45,1
ad8787ef-5357-4346-973f-a63f1a38d32a,2026-04-13 17:56:51,Thomas,46,DE,Для учебы,Advanced,30,0
565037eb-bac0-4dd1-b8a8-a0071b4e1a62,2026-05-16 07:00:51,Melissa,47,IT,Хобби,Advanced,5,0
8dd238f5-e880-4dd6-b461-d08b95621f00,2026-05-08 11:35:51,Kenneth,50,ES,Хобби,Beginner,120,0
5cb06a11-f47d-424c-87c9-598d43c75f71,2026-05-15 08:27:51,Andrea,23,US,Для учебы,Intermediate,90,0
29004e45-8ac9-41f3-9357-75d76e8ce74e,2026-04-08 18:11:51,Rachel,28,ES,Для работы,Beginner,90,0
07484f6b-29c9-4e40-bef2-ed3aa9117c0e,2026-03-20 22:58:51,Todd,55,IT,Для работы,Beginner,5,0
cea6e6c3-e50f-4c0c-a6bc-f02cf1af0552,2026-04-09 08:38:51,Mark,50,IT,Для путешествий,Intermediate,60,0
d8b94de0-fd44-48c7-8d19-4694c4ec6506,2026-03-17 19:01:51,Sean,22,DE,Для путешествий,Intermediate,45,0
c8242aa0-5818-4424-80cf-8a57be5527cc,2026-04-13 10:46:51,Elizabeth,38,US,Для работы,Advanced,45,0
1c74a731-f030-4a7b-ba8f-76966cdb0205,2026-03-27 18:08:51,Dawn,37,DE,Для учебы,Elementary,5,1
4788d59c-c52b-4fb5-bdc1-4f82c20aa0a2,2026-05-17 21:51:51,Amanda,25,DE,Хобби,Intermediate,15,1
9c4f8301-dd45-4cb1-be06-18d5b88dd4ae,2026-03-16 11:34:51,Daniel,34,BR,Для работы,Elementary,120,0
92fed737-a583-48ec-b83a-14c7a8c7d128,2026-04-28 15:50:51,William,31,FR,Для учебы,Advanced,45,0
a83e0917-1a71-44b1-8baf-bae50b79f9a4,2026-04-01 20:20:51,Vanessa,55,ES,Хобби,Intermediate,60,0
2f879a7d-8475-4ffb-b8d9-8367431b1c43,2026-04-19 13:59:51,Annette,30,DE,Для учебы,Intermediate,60,0
df6826c0-bf91-4cc9-bd0e-8ec8a18ebfb1,2026-03-26 22:00:51,William,52,IT,Для работы,Elementary,15,0
6d5e8ee8-e351-4544-a128-22a8b814e813,2026-03-24 00:48:51,Kristina,36,IT,Для работы,Advanced,20,0
90a3303b-005c-4778-a191-4abd3e7acde3,2026-04-07 13:03:51,Christopher,30,FR,Для работы,Intermediate,15,1
2592aa25-2887-43c8-a016-32fa8cb39c8b,2026-05-30 13:06:51,Austin,26,IT,Для учебы,Beginner,120,0
c5a2c91e-c4e9-4006-8b0e-a8d920d5674b,2026-05-08 17:38:51,Earl,54,FR,Хобби,Beginner,60,0
6fcfc283-4997-40ed-8b32-dec11e7282ff,2026-05-08 18:05:51,Jane,46,US,Для учебы,Beginner,20,1
8226460a-eb1e-4e28-b011-11bfdfdf6574,2026-03-09 11:39:51,Eddie,38,US,Для учебы,Advanced,20,1
7b96d8b6-b23d-4f7f-a63b-57e669876b35,2026-04-28 20:31:51,Jessica,43,IT,Для путешествий,Intermediate,90,1
07759126-49ac-4e78-a165-ad36deeaa405,2026-06-01 19:58:51,Sandra,38,RU,Для путешествий,Intermediate,15,1
282e371f-1b7b-4be2-bb18-61e0d9f6412a,2026-03-07 16:44:51,Holly,30,ES,Для учебы,Elementary,120,0
decb81bb-0011-45b9-82da-c4ee65e7567c,2026-03-19 17:57:51,Gail,25,BR,Для работы,Intermediate,90,1
4f0c6faa-cc08-45ab-86eb-4ceb2690c134,2026-04-05 05:10:51,Caroline,30,ES,Для работы,Elementary,5,0
e34dad45-0636-4bb3-95a4-c3e28bc7adfd,2026-05-31 10:17:51,Jennifer,20,DE,Хобби,Advanced,90,0
3d9360c1-044c-41be-bcb0-5426a9b6c8d5,2026-04-14 06:39:51,Robert,30,US,Для учебы,Elementary,45,0
c29e0873-682f-4a0c-a388-32a7e756f13a,2026-05-14 07:57:51,Tiffany,46,FR,Для учебы,Elementary,90,0
4d44b980-daae-414f-b681-d051c0a774fa,2026-03-13 06:16:51,David,16,ES,Для учебы,Beginner,60,1
d6c6014a-bc33-4ad4-af75-a8576968e23a,2026-05-05 01:47:51,Robert,36,BR,Для работы,Elementary,10,1
e5afbeee-1a2e-4d89-88be-dacd49b39006,2026-04-16 01:29:51,Jonathan,23,FR,Хобби,Elementary,120,0
0880219c-bef2-4b68-8238-98cf08728c54,2026-04-08 01:34:51,Denise,25,DE,Хобби,Beginner,15,0
2e65104c-bd5a-4234-8d1e-7b36cd98cc54,2026-04-30 06:25:51,Mark,21,RU,Для путешествий,Advanced,45,0
a7f71985-07c3-4d0e-af7e-d73787c73f2d,2026-05-21 00:47:51,Angel,45,RU,Хобби,Intermediate,5,0
f2e221a4-dbe4-4622-bb81-f075a1cc4664,2026-05-15 16:16:51,Ashley,23,BR,Для путешествий,Advanced,10,1
5f4ce540-4962-4eec-a706-71b101728d3a,2026-04-14 17:13:51,Tamara,46,DE,Для учебы,Advanced,120,0
88691c32-77c7-4e58-b843-387e3d20defa,2026-04-26 21:39:51,Tanya,39,BR,Хобби,Advanced,45,1
1bd175e2-a79b-43cd-b347-082419754b75,2026-05-03 04:48:51,Matthew,49,RU,Для путешествий,Elementary,5,0
11b002c0-4fb3-4a7b-9027-f0900ba8a262,2026-03-26 13:08:51,Scott,27,BR,Для учебы,Advanced,5,0
332c10a5-c72f-4aeb-bb37-6a76245edc29,2026-05-22 14:29:51,James,42,ES,Хобби,Beginner,10,0
e54cc8f7-7215-4525-a366-347c4fe78140,2026-06-02 08:23:51,Tracie,20,DE,Для работы,Elementary,60,0
2a6de822-bc14-4384-b284-7ef588e095fd,2026-06-01 09:42:51,Anthony,36,ES,Для учебы,Elementary,60,1
3960c5da-54fc-4dda-b563-dbbafd90f78e,2026-03-24 22:55:51,Andrea,30,RU,Для путешествий,Advanced,60,0
0db4fbd6-348b-4436-87c4-486d9fe83874,2026-05-21 05:02:51,Chelsea,53,IT,Для учебы,Elementary,45,0
7409d43b-76d7-4744-9e5e-47ff8ddf6ea3,2026-05-14 13:14:51,Marcus,33,BR,Для работы,Intermediate,45,0
536e8e0b-8a4a-42a7-bcef-8c769abfd77e,2026-05-21 05:20:51,Kelly,16,RU,Хобби,Advanced,90,0
d02cc861-0d01-42bd-a621-86849812869f,2026-03-19 01:33:51,Jocelyn,46,BR,Для путешествий,Intermediate,15,1
534a1bc6-c96e-4c76-ada5-8769eacb9a44,2026-05-08 07:38:51,James,16,RU,Для работы,Intermediate,60,0
ef9ea7db-5f32-4c0e-b2af-e79a8d0c41de,2026-05-08 22:34:51,Max,55,FR,Для работы,Intermediate,20,0
cdf4b707-4936-451e-a31a-c7969219f25c,2026-04-18 12:58:51,Anthony,44,US,Для путешествий,Advanced,60,0
6f894dfc-58d1-431e-b23d-7338d65fc6d4,2026-04-07 12:00:51,Aimee,24,FR,Для путешествий,Advanced,120,1
95c6427f-4916-47e8-a279-a750acad5dea,2026-03-14 17:33:51,Rachel,19,RU,Для работы,Elementary,15,0
914cd9d4-4e9e-48c8-b76f-1246e02a7b34,2026-04-17 15:03:51,John,44,DE,Хобби,Elementary,5,0
55dd981e-8d65-4e26-8ab4-42e05d5df3f7,2026-05-27 07:55:51,Jasmine,36,BR,Для работы,Intermediate,10,0
6975ce95-4433-440d-9c66-86a47d2bbc48,2026-03-07 09:41:51,Mark,30,FR,Для учебы,Elementary,60,0
2f8bcec6-408a-4383-b51d-da73cb9a0be3,2026-03-22 10:29:51,Kevin,52,BR,Хобби,Intermediate,20,1
4b8041bd-0d15-46ee-b124-9df0df91e718,2026-04-21 07:54:51,Robert,33,ES,Для работы,Intermediate,15,0
90d9b308-ecbf-4bdb-ba7e-c5957ffdcb1f,2026-03-22 08:53:51,Brandon,24,RU,Для путешествий,Elementary,120,0
3bd1bfbc-7aff-4dc2-8b24-0d1b042ae095,2026-06-01 11:48:51,Clifford,34,BR,Хобби,Intermediate,10,0
51970910-48ef-4ace-bbf2-a17f05aca5e6,2026-05-15 12:48:51,Leah,44,US,Для работы,Advanced,15,0
d4ca5dc7-b387-47fa-8f0d-a648b694b53f,2026-04-14 09:19:51,Joel,31,IT,Для учебы,Advanced,90,0
74d92dd5-c3cf-4667-85ef-4f40d4a84121,2026-04-18 01:33:51,Michael,19,FR,Для путешествий,Advanced,120,0
ab899b29-8567-4e0e-a7fc-ab7499e31221,2026-03-29 12:26:51,Scott,38,US,Для учебы,Advanced,5,0
a17b3087-0503-478f-be34-f613cc9d9c4c,2026-04-29 01:48:51,Victoria,27,ES,Для путешествий,Intermediate,30,0
b2a52b04-3eee-47e5-9a36-f92e1170dfa6,2026-04-04 22:54:51,Paula,42,FR,Для работы,Beginner,30,0
3497d1c5-f981-4ed3-9b1a-77128661dafd,2026-05-28 03:54:51,Timothy,45,ES,Хобби,Elementary,120,0
df2f5850-866b-41f9-aaf8-9cce4d9b8b1a,2026-05-01 11:06:51,Brian,55,RU,Для учебы,Intermediate,45,0
6212dcf3-65e7-4677-9be8-d4a0c859d18c,2026-04-05 17:13:51,Shannon,39,RU,Для путешествий,Intermediate,5,0
f023c0a4-2a4b-45f4-8066-8e348d5b5fe3,2026-05-26 05:30:51,Randy,41,US,Для работы,Beginner,60,0
d6b43892-4170-41cb-8060-08fb4dc2d84d,2026-05-03 11:06:51,Lisa,19,IT,Для учебы,Intermediate,90,0
41dacc0f-ed5b-4567-8f09-c67a7db3d62d,2026-05-29 08:44:51,Carolyn,50,US,Для путешествий,Beginner,10,1
9bcf2544-eb28-46f6-8588-a10624b1c27c,2026-05-24 20:00:51,Douglas,54,FR,Для путешествий,Advanced,5,1
6492cfde-b194-4b87-8c88-3761956c4c83,2026-03-29 12:49:51,David,26,BR,Для учебы,Beginner,120,0
b9925750-67ca-4f40-a3ab-ea040e9991cd,2026-03-21 05:48:51,Michelle,17,IT,Хобби,Elementary,5,0
da75287c-18cf-4aa8-8e47-b029e232e672,2026-05-10 12:46:51,Kenneth,21,DE,Для путешествий,Elementary,90,0
eef764fd-37fe-4b1f-ba13-2a3de4bc95fc,2026-04-06 12:51:51,Bryan,24,IT,Хобби,Advanced,30,0
bdba70a1-3553-4dc5-af25-0d1cf7c94b24,2026-05-18 06:08:51,Candace,17,ES,Для учебы,Intermediate,60,1
d319ae7a-3912-44e5-9bf6-9e2a2945ef5c,2026-04-14 12:55:51,Christina,23,US,Для путешествий,Intermediate,5,1
fd982ff8-4508-4dd5-9821-49d026e51c31,2026-03-13 15:56:51,Meagan,43,ES,Для путешествий,Elementary,10,0
419a568c-d144-43a5-8d8e-14d72d0a2023,2026-03-06 20:11:51,Jennifer,54,BR,Для работы,Elementary,30,1
ae3fd48b-1399-4d8d-a094-6bb5dc9c7fc2,2026-04-07 06:02:51,Taylor,21,BR,Для учебы,Intermediate,30,0
d92480e8-437b-4e4e-b81c-6bf472e7c187,2026-04-11 07:48:51,Ryan,17,RU,Для работы,Advanced,60,0
38523a13-7986-4c6d-a9fb-ce5c5e8da29a,2026-05-04 20:56:51,Troy,25,RU,Хобби,Advanced,5,1
b0fcf4bf-5868-45a9-aeea-6fcf911ec28f,2026-03-22 21:08:51,Carolyn,19,RU,Хобби,Beginner,30,0
fac66e92-8ac5-4a65-9286-06fcb8051d8c,2026-05-11 10:29:51,Megan,16,BR,Для учебы,Advanced,120,0
41f800bd-92db-4eb8-a08f-3c14d5ff71ac,2026-03-06 17:11:51,Johnny,50,IT,Для учебы,Beginner,5,0
4d2dd12f-b2c6-4102-9015-a4ca62070159,2026-04-08 15:31:51,Stephanie,45,IT,Для учебы,Beginner,60,0
1ae339a9-68c7-4a6e-b3bb-9f67fc4dedf3,2026-03-12 19:49:51,Lisa,47,FR,Для работы,Advanced,60,1
428c3dc2-b7be-410d-ad17-adef5c5ce8bf,2026-04-23 10:05:51,Craig,54,FR,Для учебы,Beginner,15,0
7cf15531-c183-4f9b-9f55-5df8ea1858aa,2026-03-24 11:28:51,Lisa,46,BR,Для работы,Elementary,10,0
8cafdf7b-a2f6-4255-b7e8-b1cd592f1b7b,2026-05-24 22:50:51,David,55,US,Для работы,Advanced,90,0
5cd7e9e0-e485-4ade-bafe-6517b2ab8de8,2026-03-21 22:51:51,Lisa,46,BR,Для путешествий,Beginner,10,1
62531380-68fc-4484-aed4-0b3a2501ef78,2026-03-07 03:13:51,Abigail,52,US,Для учебы,Elementary,15,0
95837d74-58cb-44d3-a671-f2307aecc410,2026-04-21 15:13:51,Charles,54,US,Для путешествий,Elementary,30,0
60d01f9f-98dc-4448-ae8b-990430f32d2f,2026-04-11 06:12:51,Kimberly,40,ES,Для путешествий,Intermediate,15,0
0cbf642f-587f-484d-8d06-ce136d16be3b,2026-03-10 14:07:51,Christopher,20,BR,Для учебы,Intermediate,15,0
84b55b33-1514-49c9-8ebd-dd6e27632ea5,2026-03-26 03:11:51,Alexis,51,ES,Для путешествий,Intermediate,60,0
f9aaf52c-f451-4ef0-be69-2d1985936f67,2026-03-20 16:44:51,Brianna,52,DE,Для учебы,Elementary,45,0
c5b9b175-b784-4416-bcad-401b2fa92d87,2026-05-13 11:28:51,Derrick,41,US,Для путешествий,Advanced,120,0
ee03c99c-390d-4be1-9c6d-cbcdb3d33176,2026-03-04 16:58:51,Justin,47,US,Для учебы,Advanced,10,0
accd3809-b4b7-48ca-97fb-4448146b5857,2026-05-26 21:14:51,Kimberly,31,RU,Для работы,Intermediate,60,1
eadb3556-3b8a-44ff-91d6-5b5ba7fa4699,2026-04-07 04:12:51,Thomas,30,FR,Хобби,Advanced,60,1
48322858-355d-4150-9c7c-b5f5af08b0e5,2026-03-08 13:23:51,Tiffany,41,BR,Для работы,Advanced,30,0
7167ee14-4f20-4c29-b05f-2ede43e32802,2026-03-24 21:49:51,Melissa,46,FR,Для путешествий,Advanced,60,0
ac85e8e9-eccb-4c09-970c-8aa48cf48a16,2026-04-24 22:45:51,Kayla,50,ES,Для путешествий,Elementary,5,0
a49265e6-ec39-45b9-8665-6e9321924587,2026-04-21 00:01:51,Christopher,45,RU,Хобби,Beginner,30,0
65d33b45-1714-4f32-a054-17b4f49cfc65,2026-05-25 10:46:51,Jordan,25,US,Для учебы,Beginner,90,0
f20c319c-5fc7-4438-a94d-8008d80c00cf,2026-05-25 16:03:51,David,33,IT,Для работы,Intermediate,30,0
a34d6111-4631-4557-a63e-c3749bae3c8b,2026-05-16 22:00:51,Leonard,50,DE,Для учебы,Advanced,20,0
9d803b71-eee6-4c5d-9663-95c8bde57596,2026-05-12 13:41:51,Amber,27,RU,Для учебы,Beginner,15,1
5f21431d-3349-48ba-a5a1-3f00867453bb,2026-05-02 18:17:51,Caroline,17,ES,Для путешествий,Advanced,120,0
3183c30b-274b-471d-a53a-d00872b62fd5,2026-05-30 19:24:51,Michael,41,BR,Хобби,Beginner,30,0
decd3510-5c01-49c7-a37e-19e23a80974b,2026-04-30 01:19:51,Jamie,49,DE,Для учебы,Elementary,20,0
0dca3ad1-329c-4ef4-926a-d25e5f0a3240,2026-04-13 15:24:51,Rebecca,55,IT,Для путешествий,Elementary,20,0
60609cc0-b2e8-43f9-844d-28e4d9fa3fb8,2026-05-18 07:26:51,Cindy,17,BR,Для путешествий,Advanced,10,1
1fad1842-7a75-41f5-babc-00b7afd36391,2026-05-19 16:30:51,Jose,55,IT,Для работы,Elementary,15,0
72f6104c-bacd-4a48-93a5-cf0aa192d052,2026-05-18 10:46:51,Jessica,20,IT,Для работы,Intermediate,90,0
3025a4fc-168e-4fb9-a213-802996f24611,2026-05-26 11:15:51,Dustin,23,RU,Для путешествий,Intermediate,15,0
9fd8000f-0b6f-4533-829c-701cbaabfd68,2026-05-30 21:13:51,Phillip,30,BR,Для работы,Beginner,20,1
12beb5c8-aeb0-4e47-880d-a1f4c1e3a638,2026-04-12 17:33:51,Norman,48,US,Хобби,Intermediate,15,0
632633ba-76b2-4af0-8eee-ebce77ebc395,2026-05-31 20:35:51,Carol,34,BR,Для работы,Intermediate,30,0
e3844ca8-b764-4a25-afcd-e8027f960e8b,2026-03-29 20:50:51,Makayla,30,ES,Для учебы,Advanced,10,1
1431bb68-dd72-4df5-bd13-a52d8d96f605,2026-05-06 04:04:51,Brian,26,US,Для работы,Elementary,20,0
b418eaf0-b26e-4be6-8cb3-9f9725f814f5,2026-04-16 04:28:51,Brian,44,FR,Для учебы,Beginner,120,0
85cc0356-e1ff-4424-b961-e12e6b256a4c,2026-03-09 12:22:51,Brandon,28,RU,Для учебы,Elementary,10,1
66b2332d-5153-4127-a6d2-8340c1ed5350,2026-05-22 07:16:51,David,17,BR,Для работы,Advanced,120,0
fe9a0e0d-48e0-469d-971c-4eead5174a2b,2026-04-08 10:27:51,Daniel,29,ES,Для работы,Intermediate,20,0
533b830a-136d-4c18-a7e1-c7a21d7e2976,2026-03-27 07:11:51,Dennis,43,ES,Для путешествий,Elementary,60,1
a71d83a7-5b65-43a2-826e-d2d0f409a1ed,2026-03-04 20:29:51,Amy,53,RU,Для работы,Beginner,5,0
bed886d2-b320-4aa6-af55-aae5cab709d7,2026-03-04 15:32:51,James,48,RU,Для учебы,Beginner,5,0
8db1ed81-a02e-4021-b61c-a65220cbe3a8,2026-05-20 19:01:51,Jessica,48,FR,Для работы,Elementary,60,1
a863802e-3475-4211-bcac-24673d9f5db2,2026-04-01 22:00:51,Elizabeth,44,DE,Для работы,Advanced,5,0
05bbf096-314c-4d5b-b89e-39936a5f0a47,2026-04-13 03:20:51,Timothy,34,BR,Для работы,Advanced,15,0
fd6fe612-3aa9-4e89-9969-0c647668bfb1,2026-04-14 10:31:51,Jeremy,50,IT,Для путешествий,Intermediate,45,0
39255d15-1c3e-4cce-9ae5-f9a060834bb5,2026-05-19 10:29:51,Michael,29,US,Для работы,Intermediate,45,0
c2dea007-6d86-4dab-b921-f772c687f1d6,2026-03-09 23:54:51,Elizabeth,38,ES,Для путешествий,Advanced,60,0
00a12801-26ca-4f97-87cf-4c47539a34ab,2026-03-17 12:19:51,Amy,25,FR,Для работы,Intermediate,90,0
f964ec89-321d-4fe8-b403-6423e35302d6,2026-05-01 16:54:51,Rebecca,20,ES,Для работы,Advanced,90,0
c356d1c6-43a1-40e8-9835-efc2c4c10aef,2026-03-14 05:51:51,Daniel,36,IT,Для учебы,Advanced,60,1
8fce6eac-06a4-4415-906c-fb21d0573767,2026-04-13 20:57:51,April,25,US,Для работы,Elementary,10,0
754a74fa-2815-4d82-9a20-7716fde02bb8,2026-04-05 18:56:51,Nathan,48,DE,Для учебы,Intermediate,5,0
3ffbfaae-1ef6-495e-9bd3-8934656b74b9,2026-03-20 22:13:51,David,28,RU,Для учебы,Intermediate,45,0
43f7f37b-894b-459e-8bbc-476936074cb2,2026-05-15 10:14:51,Michael,21,US,Для работы,Elementary,10,1
76ad7251-ccad-459c-8ae5-130214afdf97,2026-05-20 00:45:51,Michael,17,BR,Хобби,Intermediate,15,0
e6669f95-645d-491a-a8a6-0615c3c942b0,2026-05-27 05:03:51,Jason,32,IT,Хобби,Intermediate,45,0
b919d408-f8cd-4648-bde4-99ad6dcc9784,2026-05-09 22:21:51,Zachary,37,ES,Хобби,Beginner,5,0
979a90eb-c8fd-4433-9c8f-115c11527b17,2026-03-10 01:07:51,Tyler,43,BR,Для путешествий,Beginner,5,0
02c4c74e-ca00-4697-a831-e1937b6a2b8d,2026-05-22 21:17:51,Richard,18,RU,Для работы,Advanced,120,0
8fb75e52-5cd6-458d-a4f9-8912052966a8,2026-04-06 19:47:51,Jeffrey,25,US,Для работы,Beginner,45,0
2ac3e74e-8be6-4977-88b8-d4b63b9716a4,2026-04-26 09:22:51,Kristin,51,RU,Для работы,Beginner,30,0
3fc7b435-e242-47eb-b614-968aef805672,2026-03-09 22:27:51,Thomas,46,DE,Для учебы,Advanced,30,0
4ffa2b09-7a51-4cc1-882b-fd7aed2ea910,2026-03-22 14:16:51,Loretta,49,FR,Для работы,Advanced,120,0
b9992117-fcda-4b86-bc33-778b163a05ce,2026-04-21 19:26:51,Marcus,27,RU,Хобби,Intermediate,15,0
7370a539-c079-4d51-a72f-0f983b22cf44,2026-04-18 16:41:51,Lisa,26,FR,Для работы,Elementary,30,0
24d7aea6-0a2d-42da-9699-f28f759a8006,2026-03-05 10:29:51,Richard,37,US,Хобби,Beginner,90,0
1617a7ed-c55b-44b5-9225-fe9831fdf556,2026-05-19 10:48:51,Ruth,45,IT,Хобби,Intermediate,15,1
fc53dd26-618b-468f-974f-ff146c338a16,2026-03-31 21:14:51,Frances,28,RU,Для учебы,Beginner,120,0
2420a733-0f5d-4371-8a11-3a189d266b2d,2026-04-19 16:26:51,Gary,27,IT,Для учебы,Beginner,5,0
2268eb12-98a4-45ff-81f7-10b02aae38f8,2026-03-11 10:36:51,Adam,21,IT,Для путешествий,Advanced,10,0
c78ba77a-1a77-4d24-9522-2c3c5dd7cc26,2026-04-18 07:39:51,Brandon,52,RU,Для путешествий,Elementary,10,0
9418465c-9af6-4a0f-97eb-28c6d65e7378,2026-05-26 11:04:51,Meagan,39,RU,Для работы,Beginner,30,0
333a5046-f0f4-41b9-881e-438237812714,2026-03-31 12:14:51,Joshua,46,RU,Хобби,Elementary,20,0
b680d64a-6f0d-4317-92d6-47775c050a5c,2026-03-16 13:48:51,Christopher,36,US,Хобби,Elementary,5,0
e3e0d366-23b1-47d8-9dc8-0205ad44d2af,2026-03-11 07:37:51,Timothy,39,IT,Для учебы,Intermediate,30,0
d7eb5d26-0172-4611-a89b-919e529bcff9,2026-05-11 04:22:51,Lindsey,42,FR,Хобби,Beginner,120,0
736cadf2-cbc5-4a46-a0e9-b58ffbd590fc,2026-03-15 06:28:51,David,37,BR,Для учебы,Intermediate,5,0
39bea355-9615-4b72-8830-e573b6ae86f3,2026-05-02 08:12:51,Jessica,51,DE,Для учебы,Advanced,15,0
0f3f3171-dd1c-4f12-9a28-e56ca2ce879f,2026-04-24 06:37:51,James,55,ES,Хобби,Advanced,60,0
77a48c5a-7a15-4502-83cb-c27ebee03ce1,2026-03-08 19:41:51,Pamela,27,US,Для работы,Intermediate,45,0
fb640791-a483-4fe7-82d7-710848ff015f,2026-03-18 00:05:51,Rebecca,25,RU,Хобби,Elementary,90,0
58cdf7c2-e190-4e47-9e09-fd9ebd827c75,2026-03-31 05:41:51,Eric,20,ES,Для работы,Elementary,90,0
55a2afa6-4de7-473b-841c-fe608386d344,2026-04-15 12:06:51,David,43,RU,Хобби,Elementary,5,0
eb99e19f-ba8e-48d5-87fb-c9d8ef75cd62,2026-03-29 00:06:51,Anna,35,RU,Для путешествий,Intermediate,60,0
d2e8e5ba-5179-41e9-969f-7b5a7aa26472,2026-03-20 14:06:51,Brandy,36,US,Для путешествий,Advanced,120,0
2c070c68-6d4c-4eac-8756-86c1ba35cb1f,2026-03-27 20:52:51,Julia,50,US,Для учебы,Advanced,5,0
b7972b15-0052-4430-808d-1068c0e6d998,2026-04-04 12:52:51,Joseph,33,IT,Для работы,Advanced,45,0
ed9288d2-ed19-4f95-9167-38c4055eab10,2026-06-01 11:04:51,Randy,47,DE,Для работы,Beginner,90,1
d4f94f52-f912-4461-af93-e5ceaa2088b8,2026-03-24 22:41:51,Jim,33,RU,Хобби,Elementary,120,0
7ab8a34d-b40e-40dc-a6f9-87dd224431d1,2026-04-27 04:47:51,Peter,26,ES,Для путешествий,Elementary,60,0
31837d2b-1d08-4ac6-ba74-67c2a744fd6b,2026-05-05 06:45:51,Jeremy,34,IT,Для путешествий,Intermediate,15,0
5d8280a7-4f12-44bc-b072-cfe5f6545e26,2026-04-26 05:30:51,Steven,47,BR,Для учебы,Intermediate,45,0
a5d88504-3700-4e17-b643-b1d561598ff9,2026-05-19 12:53:51,Steven,28,RU,Для путешествий,Elementary,90,1
9ac5527f-1a14-40ab-80b3-aa4031649db8,2026-04-07 23:15:51,Nancy,43,BR,Для работы,Beginner,5,0
cf0415f8-f495-4b2b-a6fd-ae6140cd598f,2026-03-11 05:41:51,Nicholas,37,US,Для работы,Elementary,20,0
ff520657-a981-4339-8cc9-ece8abbcdef6,2026-04-15 08:50:51,Jason,29,IT,Для работы,Intermediate,15,0
c65e7a5f-768a-459d-8466-cf8b4d513daf,2026-04-30 00:13:51,Kathleen,22,FR,Для учебы,Advanced,5,0
8327b9c6-27db-4eff-9a2e-fdf6a10221da,2026-03-15 10:12:51,Julia,20,BR,Для учебы,Elementary,15,0
6bfb99a8-b197-4951-873f-f51c6ff0c039,2026-03-25 03:06:51,April,22,DE,Для работы,Elementary,30,0
6d192387-9979-4e8e-a3f2-e1918693c9c7,2026-03-04 19:08:51,Joe,29,IT,Для путешествий,Elementary,45,0
853426d7-25ad-4ad0-9caf-28909214578e,2026-04-26 18:41:51,Michael,18,RU,Для путешествий,Elementary,5,1
6128c0b9-6537-4e3f-b653-4a69b2a20999,2026-05-06 08:28:51,Allison,23,ES,Для работы,Beginner,30,0
e5a3a168-e3ac-43ea-9d7d-21e333e95244,2026-03-17 18:44:51,Nicolas,39,RU,Для путешествий,Elementary,60,0
03558307-7091-4fe2-ba1b-c23c9c9c4699,2026-05-28 23:38:51,Courtney,24,RU,Хобби,Intermediate,30,0
2c134597-d7b7-4b36-aaed-be15a3508f4e,2026-03-23 02:17:51,Jeffery,39,ES,Хобби,Advanced,5,0
4ddb9ee3-fdeb-4444-9f6b-07e220dcfe20,2026-04-11 11:06:51,Alicia,45,FR,Для путешествий,Advanced,60,0
3ca9e57c-a4d0-453c-90dc-d7e700b35b2b,2026-05-04 04:27:51,Joseph,18,FR,Хобби,Elementary,5,0
c9ba1677-7e2f-4e0d-bc3c-85ed937d49a7,2026-03-19 07:23:51,Drew,19,FR,Хобби,Intermediate,90,0
37f383e5-0722-4496-8f73-5a3f4b70216c,2026-03-21 01:51:51,Kevin,45,DE,Для путешествий,Elementary,90,0
aa709f6c-2f25-413c-a2ea-7760b0c37eee,2026-03-29 23:48:51,Tyler,18,IT,Для учебы,Advanced,30,0
96125908-f940-4eb4-b2ad-b913f164670e,2026-05-12 19:35:51,Dawn,52,BR,Для учебы,Beginner,30,0
3867addb-0bcf-438c-b443-e4ae5ae75f60,2026-05-30 08:17:51,Jonathan,46,FR,Для работы,Elementary,20,0
ef00fcbe-a7ad-4714-8c6e-d936248d725f,2026-04-26 01:10:51,Donna,54,US,Для работы,Elementary,120,0
963d0695-bf28-4652-818a-9ec9b1647b27,2026-05-23 21:39:51,Shannon,43,IT,Для учебы,Elementary,45,0
c21edc88-6362-401d-9598-4177e3059189,2026-03-05 20:29:51,Tiffany,43,ES,Для работы,Advanced,120,0
d985e463-5d1a-423a-b806-0778ab4cf3b4,2026-05-06 15:51:51,Lisa,24,DE,Для работы,Advanced,45,0
37b9a5bf-74ca-4081-ae08-9f14c59273a0,2026-04-23 17:52:51,John,40,RU,Хобби,Advanced,45,0
950b05fa-2e70-48da-b6af-e55c0e142634,2026-03-12 23:18:51,Savannah,47,DE,Для путешествий,Advanced,60,0
0211f0f4-d833-4966-868f-c8811a65960d,2026-03-05 22:36:51,Samuel,24,ES,Для учебы,Intermediate,90,0
da8465f7-d3dd-425a-aa00-bf1cf1422326,2026-03-08 06:47:51,Joe,52,RU,Для путешествий,Intermediate,60,0
b1983907-eef5-47b1-8e60-8485e2afcf5e,2026-05-18 15:05:51,Ashley,20,BR,Хобби,Beginner,5,0
30c647c9-de99-40ef-808b-f6fb2e2899c3,2026-04-11 06:06:51,Keith,16,DE,Для учебы,Advanced,30,1
f0a209fd-62f1-4282-8a44-6af3d387d1ae,2026-04-10 15:16:51,Jorge,38,ES,Для учебы,Intermediate,60,0
86c1f3fc-3aa4-4828-a280-1dab1b355bbd,2026-03-14 08:26:51,Tiffany,47,US,Для путешествий,Beginner,20,0
05b9e83b-8d45-4ef1-8f00-ff14c76877f6,2026-05-09 11:56:51,Heather,28,ES,Хобби,Beginner,30,0
8398e3e4-c583-4e39-baa2-f06261a0d203,2026-05-19 15:12:51,Amy,27,FR,Для работы,Intermediate,10,0
dd3e4473-48c2-4a08-94d1-edc49be851d3,2026-03-23 07:34:51,Adam,28,FR,Хобби,Intermediate,45,0
f97a9049-e12c-4795-a769-d7db7538fb13,2026-04-05 20:20:51,Daniel,45,IT,Для путешествий,Elementary,60,0
b13c96de-ac76-4366-ba64-52d8694aefdf,2026-03-18 11:07:51,William,42,ES,Для путешествий,Elementary,15,0
de995270-3533-456c-bd15-8933d4936121,2026-04-03 21:23:51,Robert,35,US,Хобби,Elementary,30,0
79f6c0ec-8ec8-4c10-82d3-730cd0d21b87,2026-05-26 22:15:51,Grace,16,DE,Хобби,Elementary,60,0
ce2c0b27-2fa0-49da-9868-78fe38546569,2026-05-02 06:17:51,Lisa,28,IT,Для путешествий,Elementary,120,0
ab902766-0372-4568-8257-8ecd5f78c3a9,2026-04-13 14:50:51,Angela,27,FR,Для путешествий,Beginner,45,1
c31ba63e-b147-437f-8706-6257e2d44c98,2026-04-30 14:49:51,Glenn,27,IT,Для путешествий,Elementary,15,1
91ba097a-6717-4f4e-92cb-121d6bcbe84a,2026-03-24 05:14:51,David,43,US,Для путешествий,Beginner,45,0
c5a9df36-a704-4aac-8d5e-49fa0d145796,2026-04-04 03:04:51,Zachary,45,RU,Хобби,Elementary,30,0
f81516d8-ba07-4a7c-8f9a-90122948ab0c,2026-03-24 10:11:51,Tyler,45,RU,Для учебы,Elementary,10,0
2b2c68e9-4169-472b-beb6-21521af8316b,2026-04-01 10:59:51,Andrew,49,DE,Для путешествий,Intermediate,45,0
0dbfd97e-9c56-4b25-bae5-a2d93c1b7652,2026-05-30 12:58:51,William,38,DE,Для путешествий,Beginner,45,0
ba35f407-afcd-4e35-bfa8-b831b355e178,2026-05-06 05:13:51,Cynthia,23,BR,Хобби,Elementary,30,0
afd62dbe-45ed-4dd6-8bb7-abab1fd51f9f,2026-05-01 07:39:51,Paul,27,DE,Для работы,Advanced,60,0
5deccc7a-bd92-4a9f-abf5-436782632d0a,2026-05-17 00:28:51,Melanie,37,RU,Для путешествий,Intermediate,45,0
3b9f000e-632b-4277-878f-c9f8c14e841b,2026-05-10 08:32:51,Joseph,50,ES,Хобби,Elementary,90,0
759e36ef-a9f8-437e-bac2-f32d58f86c56,2026-05-25 15:01:51,Trevor,42,DE,Для учебы,Elementary,120,0
23ceec10-b28e-4fca-951c-7da88563e5c1,2026-04-13 03:11:51,Matthew,55,DE,Для путешествий,Intermediate,15,0
2728e33e-a008-4eef-b42c-d3b1b9622d1c,2026-03-28 15:12:51,Robin,32,DE,Для учебы,Intermediate,10,0
f03643e3-7744-4d7c-9363-505b496740b8,2026-04-12 23:58:51,Catherine,44,IT,Для работы,Intermediate,60,0
f0444fd8-0b29-4401-a05a-db66062d2b20,2026-03-09 18:48:51,Mindy,45,RU,Для учебы,Advanced,15,0
077947b7-9399-46e1-864b-4d3674855f7f,2026-03-28 02:40:51,Brandon,52,US,Для работы,Advanced,30,0
ad8ff3e5-a0a9-4ba0-adfb-713a9922d9e5,2026-04-07 05:39:51,Daniel,37,ES,Для путешествий,Intermediate,20,0
1c4d6240-3253-4d43-b58e-aeb5233c9553,2026-04-25 22:16:51,Lucas,46,BR,Для путешествий,Intermediate,20,0
28d07609-e41a-4ae1-91fc-37973b777aba,2026-05-15 02:05:51,Karina,20,US,Для работы,Intermediate,30,0
3f99431b-24eb-42d7-a383-e5927f5a3589,2026-04-22 04:10:51,Michael,31,FR,Для работы,Intermediate,30,0
f6e98e55-c47a-4674-b0ae-356ff2044be2,2026-03-07 09:07:51,Kimberly,39,BR,Для работы,Elementary,15,0
74c5ea00-3278-406f-ae61-fee975434485,2026-03-23 00:44:51,Brad,27,DE,Для путешествий,Beginner,10,0
d2a3d107-b7a7-4de1-a5f8-304daaf7a5ce,2026-04-29 05:27:51,Robert,42,BR,Для работы,Beginner,15,0
07ad4da5-ceea-464a-a771-157f09cce9f5,2026-05-25 04:35:51,Steven,33,DE,Для путешествий,Beginner,15,1
b8b8b086-f726-4541-ae58-baa22d1a59e6,2026-03-17 13:29:51,Robert,53,US,Для учебы,Elementary,60,0
3bdf9598-73f8-4746-995e-ed5b68b3b85d,2026-03-09 12:02:51,Kathy,55,BR,Хобби,Advanced,5,1
f662c907-ffc7-45b8-8756-a6aa2d743b1c,2026-05-29 10:10:51,Timothy,31,BR,Для работы,Intermediate,10,0
a23bce18-2845-4399-9419-27e9fac96b3a,2026-04-16 21:10:51,Darrell,31,IT,Хобби,Intermediate,45,0
a989df7c-5ec4-4cb0-a02f-1965e6f5c525,2026-04-28 08:59:51,Paul,39,RU,Для учебы,Elementary,30,0
f2f13019-d9a8-4488-9b9c-2a15b96f9685,2026-05-23 23:03:51,Brenda,32,BR,Для работы,Advanced,30,0
7e3643fd-df5c-41f1-8022-71ffdbe39e75,2026-05-26 10:50:51,Robert,31,US,Хобби,Beginner,60,0
f7bfc471-39f0-4866-b921-868ee355dcf4,2026-03-22 08:02:51,John,20,ES,Для учебы,Intermediate,120,1
d6c44fae-17c4-433f-9861-7d412b227cfe,2026-05-01 08:47:51,Tommy,45,US,Для учебы,Beginner,90,0
7e73df40-3e95-40a6-8e5d-5a082cce4712,2026-05-10 23:08:51,Jacob,22,IT,Для учебы,Elementary,60,0
6ced0973-fab0-452e-9bc2-bd6ae149d96f,2026-05-23 06:11:51,Larry,51,IT,Для работы,Beginner,60,0
1e8a314d-7cfd-40f3-8cb3-b9a36ed5682b,2026-04-30 15:35:51,Tara,50,DE,Для работы,Intermediate,45,0
2c42914a-a021-4668-8e17-22a4acea2b80,2026-05-16 07:36:51,Pamela,44,BR,Для работы,Beginner,5,0
6079e0ca-452d-4759-8188-d6617da1ea80,2026-04-09 22:35:51,Douglas,43,ES,Хобби,Intermediate,15,1
9f25a773-ab46-403f-84ca-dfb85afd409a,2026-04-12 16:35:51,John,34,BR,Для учебы,Beginner,20,0
de6f0194-2ceb-4501-8f31-a303386ad7a1,2026-05-05 18:30:51,Randy,41,ES,Для учебы,Elementary,15,1
5693c208-3927-4944-ac2d-0cac8ed8d561,2026-05-19 16:13:51,Logan,52,BR,Хобби,Intermediate,5,0
71ba9fe9-d0e4-4b7f-b8c4-d1e52c8cc0e2,2026-05-08 14:41:51,Carl,16,RU,Для работы,Advanced,5,0
796529ef-fb68-4aa2-8f95-f006f2220872,2026-05-17 18:25:51,James,44,IT,Для учебы,Advanced,5,0
cdb0c311-5769-4604-9eea-705a793a0739,2026-04-06 03:17:51,Brett,26,RU,Для путешествий,Elementary,20,0
7e3409da-369f-4221-98e7-f61dfe2009db,2026-04-28 11:13:51,Gregory,43,US,Для путешествий,Beginner,10,0
d7663a4c-d7ed-4eb4-9dea-191eedd446b5,2026-03-26 10:47:51,Sandra,24,RU,Для путешествий,Intermediate,45,1
1fc1d423-26d5-4aab-9c3e-759db89e9923,2026-04-05 21:17:51,Nicole,43,IT,Для путешествий,Elementary,10,0
a3f996a8-d36a-46b0-98a5-b396d0431dd6,2026-04-12 06:05:51,Tracy,45,BR,Для работы,Beginner,5,0
40ea0eb5-f3bd-494d-b9e2-9c3a7fa58a0f,2026-03-05 10:33:51,Glenn,33,DE,Для работы,Intermediate,120,0
b003f99b-dcd2-4f7c-8899-53c86baa5f53,2026-04-23 13:35:51,Megan,23,IT,Для путешествий,Intermediate,60,0
13a15079-e585-44ef-9445-6818552115df,2026-03-21 05:40:51,Brandon,27,FR,Для работы,Advanced,120,0
e8e0b29d-a12d-43e5-bb18-e82f7afe4ad8,2026-05-08 02:22:51,Jennifer,47,RU,Для работы,Intermediate,30,0
a0e7140e-aef3-4e96-831d-8fc95e5030cf,2026-05-29 05:01:51,Bruce,55,FR,Для работы,Advanced,60,0
940d3474-022f-449a-9106-69f4234eb954,2026-05-04 23:24:51,Thomas,34,US,Для учебы,Advanced,90,0
2c427d1d-b168-4cf1-b58a-92dfc4ede8b6,2026-04-05 17:12:51,Colin,50,RU,Для работы,Beginner,10,0
a7d3c1ba-86b2-4da3-8c10-2029aa51ef60,2026-03-17 16:59:51,Andrea,48,DE,Для работы,Advanced,15,0
0776a69c-9318-41d2-93df-8e3793a50b2e,2026-05-17 20:21:51,Rebecca,29,US,Для путешествий,Intermediate,10,0
97e6c010-46d7-4b12-b23f-a7daa9081de3,2026-04-22 18:18:51,Eric,30,DE,Для путешествий,Intermediate,10,1
83e5b375-cbda-4119-970a-83e145d5b08c,2026-04-09 22:21:51,Shane,24,DE,Для учебы,Beginner,60,0
791cc4b3-d643-48cb-990b-a3f05674a285,2026-05-04 07:35:51,Nicole,27,RU,Для работы,Elementary,60,0
3c9d05c2-0419-4bef-b1ef-06d50b51ec89,2026-04-20 00:59:51,George,36,ES,Для путешествий,Elementary,45,0
d1225c0f-be87-44c3-af54-0bfe4315301b,2026-03-24 03:31:51,Dawn,50,IT,Хобби,Advanced,60,0
26227144-5a64-4784-bdde-6fd8b8ea7bd3,2026-04-14 18:05:51,Ryan,40,ES,Хобби,Elementary,120,0
7f57078e-690e-4e59-b82e-1d2c625792a9,2026-04-25 11:16:51,Kimberly,54,IT,Для путешествий,Intermediate,60,0
733d334b-8a90-462e-be97-8d75a00613fe,2026-05-09 11:14:51,David,36,US,Для работы,Elementary,20,0
a1379aa3-95a5-4cf6-b208-aa9fd23d62aa,2026-05-08 16:58:51,David,21,FR,Для работы,Beginner,5,0
495b867b-cb03-413e-83e6-ea8bd7fa0114,2026-05-05 01:55:51,Jill,36,FR,Для работы,Elementary,15,0
ce5754d8-2c43-4a49-a7b3-7f2f41643c49,2026-05-09 22:43:51,Paul,55,FR,Хобби,Elementary,30,0
017f9df3-4c77-4e81-bbab-d05a29628aba,2026-03-23 08:00:51,George,46,BR,Для путешествий,Intermediate,10,0
3b5fd6be-8d65-4a99-ad79-f80e84b5f9e5,2026-03-17 23:32:51,Susan,37,BR,Для учебы,Advanced,60,0
bcdd0f82-0857-4063-a9e5-52c7faf96bf1,2026-03-21 15:57:51,Eric,48,FR,Для учебы,Elementary,15,0
e79bf5cd-7fef-4fbd-800d-0803b0af1a06,2026-04-26 11:43:51,Mark,48,IT,Для работы,Intermediate,30,0
2d7cb5dc-7eb5-4a7b-bd3b-abcb1b284e98,2026-03-05 15:50:51,Daniel,26,IT,Для учебы,Intermediate,30,0
78a684c8-7291-4eda-a11d-9f182e091769,2026-05-29 21:50:51,Kyle,37,IT,Для работы,Intermediate,15,0
86c2a232-76c6-4b46-a25b-df6b4a260e89,2026-05-12 05:36:51,Christine,52,US,Для работы,Elementary,45,0
e96a92b7-ff90-45c0-aa18-5eac4df135d9,2026-05-04 17:39:51,William,37,IT,Для работы,Advanced,90,0
5920f8e3-0499-4b62-9ac4-dd70f92511e1,2026-04-15 06:42:51,Molly,51,DE,Для учебы,Beginner,60,0
e6e3dbd7-955d-4af4-8c2f-6c210b43f5f3,2026-04-20 08:37:51,Dillon,23,IT,Для путешествий,Advanced,20,0
dc3a8453-3a97-4b97-85ce-0f5f24d7f34e,2026-05-05 22:15:51,Ernest,19,RU,Для путешествий,Beginner,5,0
b0b423e9-ec17-4014-839a-f3aea60ff47a,2026-03-27 21:16:51,Katherine,46,FR,Для учебы,Beginner,90,0
4e1de877-988c-4f1e-a342-4e0610d120bd,2026-05-06 09:38:51,Kaitlyn,38,FR,Для работы,Beginner,15,0
7f948643-a6eb-412e-b769-8c4c0b16dcb3,2026-04-01 01:36:51,William,23,BR,Хобби,Intermediate,20,0
624f3077-1cd9-4e7b-8588-8afa1bf1be1b,2026-03-30 21:56:51,Savannah,37,BR,Для работы,Advanced,60,0
47d5fa1c-cfd1-4a9a-ae0f-fa0211606a12,2026-05-16 23:51:51,Heidi,35,DE,Для учебы,Elementary,10,0
391987d2-9c5c-444e-b4e0-147f551b6057,2026-05-24 03:19:51,Patricia,38,ES,Для путешествий,Elementary,5,1
acabe105-5897-4e46-8e41-1ec71622aa6e,2026-03-20 20:15:51,Brian,29,ES,Для работы,Beginner,30,0
d0ad84fc-c7da-4ba7-8ea9-a06268f4ec27,2026-03-15 15:57:51,Scott,29,BR,Для путешествий,Elementary,45,0
a7158a71-9830-407f-acf6-288dbb7b3c63,2026-04-25 19:13:51,Alexis,51,RU,Для путешествий,Intermediate,45,0
abdc666c-2ee8-4154-a783-7603eaa5471a,2026-03-08 21:24:51,Caitlin,18,US,Для работы,Advanced,5,0
dfee9ab1-ace9-4d0a-b05f-2a843d8f3f69,2026-04-02 18:49:51,Brian,31,BR,Для путешествий,Intermediate,10,0
c6ddf1ea-417e-498e-98dc-a8dad158189d,2026-03-24 11:42:51,Kenneth,33,ES,Для учебы,Elementary,120,0
c69ef515-e364-4e80-be3f-fc42e3f26ae2,2026-03-04 15:46:51,Connie,23,ES,Для работы,Advanced,15,0
0dd837cc-bf0c-409c-b775-d3695c927577,2026-04-20 17:03:51,Brian,19,RU,Для путешествий,Advanced,15,1
b11d72b9-8b29-417d-b997-1b07cc1912d1,2026-04-01 15:32:51,Alexandra,53,DE,Для учебы,Intermediate,20,0
10f5a9da-02e4-4c9b-b716-e680f2d64a6f,2026-04-06 05:59:51,Kimberly,45,FR,Для учебы,Intermediate,10,0
5f9390f4-3c0d-4c7b-b8df-9f4193242068,2026-05-10 08:23:51,Alicia,34,US,Для путешествий,Intermediate,5,0
886b4a83-57e0-49f7-a163-fc820933d729,2026-03-04 18:41:51,Evan,54,IT,Для учебы,Beginner,30,1
c9452eae-c02e-4c3c-9f59-1ba5befa8f86,2026-03-17 04:46:51,Jessica,25,DE,Для работы,Beginner,120,0
d6478084-a890-4086-be08-933ee047195a,2026-04-10 22:54:51,Peter,38,FR,Для работы,Intermediate,5,0
08a2c5b5-670b-4b71-bbdc-6b7b11d8f628,2026-05-07 13:46:51,Tasha,55,IT,Хобби,Advanced,5,0
c23a1282-c4e0-4ab5-afab-eb2a79a1af18,2026-03-13 19:16:51,Miguel,55,IT,Для работы,Beginner,10,0
c1b8b07b-4bbb-41fe-9808-848b83a91ad9,2026-06-02 07:48:51,Veronica,33,IT,Хобби,Beginner,10,0
7942e404-19dc-4466-9483-1564d7076fc2,2026-05-27 10:58:51,John,22,BR,Для путешествий,Elementary,120,0
35c83ff5-8887-484d-aa4e-83eba4451cb2,2026-04-07 12:18:51,Casey,26,IT,Для работы,Intermediate,20,0
c509d378-7fdd-4f2f-ac8d-0c134c125649,2026-04-14 18:11:51,Lisa,43,IT,Хобби,Beginner,45,0
f09e1a48-ba86-401c-8036-2816864277be,2026-03-16 19:15:51,Kyle,19,ES,Для путешествий,Beginner,90,0
c740b8eb-214d-43d0-9622-fc5840fe0f2b,2026-05-04 07:08:51,Timothy,23,BR,Хобби,Beginner,20,1
b88e7401-fa52-4976-bd61-1cb432c57b7e,2026-04-28 09:29:51,Katie,48,IT,Для учебы,Beginner,5,0
4174f24f-a162-4f75-9b05-1a2a1dde807a,2026-03-07 05:54:51,Gina,47,FR,Хобби,Beginner,90,1
60436417-8e48-458d-a97c-560eef0f4040,2026-04-26 19:52:51,Deanna,36,BR,Для учебы,Advanced,45,1
8ed1d867-4c83-41f5-91d3-cb33cdbbb4ea,2026-03-17 03:46:51,Melissa,23,RU,Хобби,Beginner,90,1
0d8b202e-131e-4ef6-8a11-451e155ee233,2026-03-29 01:25:51,Abigail,17,IT,Хобби,Intermediate,10,0
171b31f1-b4a2-4af2-8b69-db37a6f1471a,2026-03-04 23:28:51,Jacob,29,ES,Для работы,Intermediate,120,0
25175625-25cb-4069-8adb-4ff3fa28ecd7,2026-05-27 22:03:51,Johnny,19,DE,Для учебы,Elementary,30,0
588e5bdc-2275-4f28-8264-5dbf28dfb8f7,2026-04-26 02:28:51,Jill,55,US,Хобби,Beginner,30,0
4b1aafed-70b4-4dc5-bb56-631d0c99ff41,2026-04-18 14:37:51,Kenneth,54,RU,Для путешествий,Elementary,10,0
841df611-3e83-4cab-a587-85464f79d62d,2026-04-14 11:51:51,Matthew,22,DE,Для работы,Elementary,120,0
5b57c49c-1c03-4636-9755-4a5968c60598,2026-05-23 19:57:51,Kimberly,27,FR,Для учебы,Elementary,120,0
e1ae8c81-c795-487b-b60c-c354e2698022,2026-04-03 22:09:51,William,46,BR,Для путешествий,Intermediate,60,0
ddde1547-c77c-4ad1-8a3d-d6112ee5b3f0,2026-03-23 06:57:51,Jimmy,19,ES,Хобби,Intermediate,15,0
1ac5a855-9b5f-4b62-9a7f-cca5f442602f,2026-03-17 13:19:51,Anthony,31,IT,Для работы,Beginner,30,1
3c880ae8-1e9d-4355-81a4-81e87b60de6c,2026-03-14 08:57:51,Jacqueline,33,IT,Хобби,Intermediate,45,0
04aa7683-e3b6-4cb3-858e-358c5ca7b526,2026-05-15 11:26:51,Samuel,48,DE,Для путешествий,Elementary,30,0
e06f760a-9d5d-42e0-945c-cf66f4d9e6af,2026-05-16 18:33:51,Deanna,33,RU,Хобби,Intermediate,30,0
26bfffe8-f73b-45ba-8ba0-652f531e7fc9,2026-03-06 21:56:51,Carla,29,ES,Для учебы,Beginner,45,1
56f735e4-24d1-4f07-bb2c-89d405ad4e41,2026-05-05 18:58:51,Dwayne,27,IT,Для работы,Elementary,90,0
20681e9a-53eb-4b36-83b7-fd0e6027e043,2026-04-26 18:54:51,David,47,FR,Для работы,Advanced,5,0
81719a74-70d7-4273-9d7b-269dd2dee6ae,2026-05-25 16:55:51,Stacie,51,RU,Для путешествий,Intermediate,10,0
13fcfd95-3a78-4962-82dd-9cbf7cd8ab7c,2026-03-20 17:15:51,Lynn,18,FR,Для работы,Advanced,15,0
2b564e37-2fd0-404b-82da-44296a9da87b,2026-06-02 09:32:51,Jacob,18,ES,Для путешествий,Elementary,120,0
a36c1d6b-7b87-47f3-9ee0-85f142a69c38,2026-05-31 17:20:51,Henry,53,US,Для работы,Elementary,30,1
96c263a7-8324-4831-9d77-cd09738253d8,2026-03-31 03:23:51,Kevin,16,US,Для учебы,Advanced,30,0
7a899650-7de9-4fb2-8ce4-6ba51112f47d,2026-04-25 03:50:51,Courtney,23,ES,Для учебы,Elementary,15,0
9c573881-e1e0-42bd-9ef8-44518f8fb074,2026-05-07 06:14:51,Traci,23,BR,Для путешествий,Beginner,20,0
000d9a91-94bf-49f0-a083-2477e9c93cf8,2026-04-27 11:10:51,Austin,18,ES,Для путешествий,Beginner,120,0
24be8a9d-e4a6-4cf1-a11b-01b7e55248a2,2026-05-26 01:44:51,Donald,32,RU,Для учебы,Advanced,15,0
429dc892-b853-4885-8111-081d4c9bb41b,2026-04-19 20:25:51,Paul,39,DE,Для путешествий,Elementary,5,0
c8755fd6-f28c-4b34-8c8f-017ab81ed2c2,2026-04-23 18:31:51,Rose,18,FR,Для учебы,Advanced,20,0
3f3708fe-b32c-4510-bfc8-ea4ccff06cc4,2026-03-17 01:33:51,Arthur,17,US,Хобби,Intermediate,30,0
c1ee016d-60be-44e2-b10d-d1a3f9f6164d,2026-05-24 02:12:51,Daniel,31,US,Для учебы,Beginner,120,0
ea770577-16d6-4537-8b0f-51590a5c79ad,2026-03-18 00:57:51,Mark,29,FR,Хобби,Beginner,10,0
017ec98d-45ed-47bf-9358-57508aaa5f5c,2026-05-02 00:58:51,Jason,20,RU,Для работы,Intermediate,30,0
b7fffed8-46f7-4aef-ad1a-8451ee58b6ab,2026-05-10 01:32:51,Mary,55,FR,Для работы,Intermediate,45,1
7e2e6529-f296-4a19-a05b-f5d8126635f5,2026-05-06 14:56:51,Daniel,55,ES,Для учебы,Beginner,30,0
89a634f9-52ba-47d2-bb9f-e464c3670b7c,2026-03-05 02:44:51,Sheri,43,US,Хобби,Advanced,120,0
4c0cd225-3c8e-4678-a37d-1440ebf37e1c,2026-03-26 06:34:51,Michelle,28,BR,Хобби,Advanced,15,0
ad9587ad-2696-49af-85d1-315252d44094,2026-04-05 23:18:51,Katie,36,FR,Хобби,Elementary,20,0
5e7e1359-431c-4685-b225-a27192831885,2026-03-28 07:57:51,Antonio,26,DE,Для путешествий,Elementary,5,0
a7c11671-06b8-4c00-9a08-b23a38575747,2026-05-28 17:18:51,Sheri,20,ES,Хобби,Elementary,20,0
d45af871-c6e1-42aa-adb9-e34bb518e76c,2026-05-31 17:36:51,Melissa,43,US,Для учебы,Elementary,60,0
373efa2c-6034-4efb-aeb5-6d13475525c9,2026-04-23 15:06:51,Amanda,24,US,Для работы,Beginner,60,1
7ef4b536-9056-43dc-9144-3d0cc8b86f2b,2026-03-07 19:14:51,Veronica,51,BR,Для путешествий,Advanced,90,0
8a3c0b4b-4cab-4919-ad1d-793755d09535,2026-03-13 20:34:51,Madeline,47,BR,Для работы,Elementary,90,0
bd50eff1-bf60-46d1-b176-73deac1f564f,2026-03-18 08:51:51,Lisa,48,FR,Для учебы,Advanced,120,0
0e567476-4ce4-4dd4-80b6-6fee7ddb1c45,2026-03-21 10:35:51,Jessica,43,US,Для учебы,Elementary,60,0
bbb076b6-dc13-4c23-b5a8-5882a4feb234,2026-05-09 23:56:51,Ashley,40,ES,Для работы,Beginner,120,0
209ff19c-af5a-4343-8791-cfb1013233a5,2026-03-26 08:31:51,Sherry,18,FR,Хобби,Elementary,120,0
dafd4623-97f2-45bc-a4f6-089654dda73f,2026-03-26 03:15:51,Tammy,38,ES,Для путешествий,Advanced,20,0
7c86ee95-ebfb-4d94-b90f-323bb60c438a,2026-04-23 08:25:51,Sergio,44,US,Для путешествий,Intermediate,90,0
32317c78-aea2-4ccf-bc73-10d678c5ded9,2026-05-21 23:12:51,Bryan,22,RU,Для работы,Intermediate,5,0
cfe11b95-49a0-4290-b406-dffeba2dfef1,2026-05-13 05:01:51,Herbert,44,ES,Для работы,Elementary,120,0
ad0afece-55df-454d-b6dc-31ada0442a42,2026-05-30 11:36:51,David,53,IT,Хобби,Intermediate,20,0
158b4cde-2728-477d-a9b3-e63ff1a3cd8e,2026-05-19 18:41:51,Robert,29,US,Для учебы,Advanced,90,1
58ab3e9d-6b6f-4db3-953c-749213e0d42a,2026-04-02 05:24:51,Andrea,44,IT,Для учебы,Beginner,120,0
c1352d48-f7c0-485b-aa4b-5643cab682cd,2026-05-25 17:07:51,Keith,24,ES,Для работы,Advanced,20,0
bdbb4239-2c07-4035-b3ad-3755620af8fc,2026-05-22 14:17:51,Stephanie,49,ES,Хобби,Beginner,10,0
a60a602c-3de4-4bf8-88a8-b7516061d3c6,2026-03-13 20:24:51,Emily,47,RU,Для путешествий,Elementary,30,0
9c766ed5-a5eb-43e9-8477-a8ef6c511903,2026-03-13 16:31:51,Erin,55,US,Для путешествий,Advanced,20,0
97d0ad4b-d412-4313-8411-0db000a16b88,2026-04-03 14:56:51,Kelly,30,DE,Для путешествий,Beginner,10,0
8f9aaba7-a1e3-4766-bd1a-4320347e1b50,2026-03-27 04:15:51,Louis,48,FR,Хобби,Beginner,15,0
a4c21ae5-ac87-40be-bafe-0ca915405dc9,2026-05-03 11:08:51,Cynthia,41,RU,Для работы,Advanced,5,0
69ecf427-73b6-4cbf-bd51-042ab9506de5,2026-04-22 10:06:51,Michael,36,DE,Для работы,Advanced,45,0
081631d9-3c99-4df0-aee0-ca4d94411560,2026-04-10 15:05:51,Teresa,51,RU,Для учебы,Advanced,30,0
2903fe93-29c3-4112-9534-994e31b8251a,2026-04-19 02:58:51,Samantha,36,FR,Для путешествий,Intermediate,20,0
fd730905-53f1-45d0-8611-74d2ff79a4fd,2026-05-14 16:18:51,Lisa,18,ES,Для работы,Intermediate,45,0
e2d45267-d32c-4e71-ad8a-eb2b3fa14d2c,2026-03-13 13:26:51,Jason,16,RU,Хобби,Intermediate,30,0
c1ee38de-5122-4311-95ef-251a84947c70,2026-05-13 11:18:51,Tyler,54,DE,Для путешествий,Intermediate,90,0
c41f3746-b0d4-45fc-8750-59e1ff322155,2026-05-19 02:10:51,Deborah,35,BR,Для работы,Advanced,15,0
c2d6935e-9c69-4190-9db7-d99c61b03c46,2026-03-18 03:55:51,Jason,51,RU,Для учебы,Advanced,60,0
ddebd573-23a8-49ee-903b-45923004dacd,2026-04-30 15:13:51,Rachel,28,DE,Хобби,Elementary,60,0
f5a26b6e-4191-4a95-b703-292fef7a0279,2026-04-27 13:28:51,John,48,RU,Для учебы,Intermediate,30,1
3280d6b7-83b4-417c-8856-88d4209a568d,2026-04-14 03:41:51,Jennifer,21,IT,Для учебы,Beginner,15,0
1ce45e49-1131-4b9a-8211-f5a9f8ff55aa,2026-04-05 23:19:51,Sarah,42,DE,Для путешествий,Beginner,5,1
ed6fee8b-336b-4fa5-a88e-bcf1029d5c22,2026-05-06 08:51:51,Cory,18,DE,Хобби,Advanced,20,0
728451b9-da36-4ac8-b941-d62816a6e803,2026-03-20 10:34:51,Jennifer,31,BR,Хобби,Intermediate,20,0
93f7652e-02fe-4997-a00f-51eebf4e3adc,2026-03-28 10:32:51,Jonathan,49,FR,Хобби,Beginner,10,0
172cfcc0-8768-4834-84ec-f9f789840ed7,2026-04-06 07:23:51,Destiny,34,DE,Хобби,Beginner,10,0
eeb5b771-a729-43a0-a20c-64c56599f93f,2026-03-25 15:30:51,Sherry,24,ES,Хобби,Beginner,90,0
62df982c-65d1-4896-91be-86218404f016,2026-05-14 23:06:51,Sophia,43,FR,Хобби,Intermediate,90,0
56a578af-27f5-4a3e-9e5e-eccec614278c,2026-04-16 23:55:51,Paul,44,DE,Для работы,Beginner,15,0
00172d0c-7086-4c64-8e2e-ce97ceedc1b3,2026-05-29 14:46:51,Brian,51,BR,Для учебы,Intermediate,15,0
2f517063-4e15-42dc-b61d-1aa837760f13,2026-03-26 16:48:51,Jason,17,BR,Для путешествий,Beginner,10,0
92cca0be-54fb-47bd-a0de-4de389682c5a,2026-03-27 03:37:51,Jennifer,18,FR,Для учебы,Advanced,120,0
83069e05-852d-471f-9e3e-45245f7dd2f8,2026-03-05 21:33:51,Jason,26,BR,Хобби,Elementary,20,0
739b4848-35fd-4b2d-8e3f-7c883b49255f,2026-04-11 02:29:51,John,31,DE,Для путешествий,Beginner,60,0
f518be95-93bc-4083-b75a-ba6a1d1f14bd,2026-03-05 19:00:51,Arthur,30,BR,Для путешествий,Intermediate,10,0
6d02ecfc-3dbd-4b84-8e45-cb552afa0c75,2026-04-30 05:23:51,Eric,49,ES,Для путешествий,Intermediate,120,1
317d3d43-852c-4252-9107-ff891c997593,2026-06-01 15:06:51,Cynthia,43,IT,Для путешествий,Advanced,10,0
1a76c46c-5ebd-4a76-924f-46c174fd9f04,2026-05-21 03:14:51,Vanessa,34,RU,Для путешествий,Elementary,20,0
3bf15166-315e-41c5-8719-25bef09b814e,2026-05-12 00:39:51,Todd,47,US,Хобби,Elementary,90,0
48df6e76-067c-4d56-a69b-2e68aaba18a0,2026-04-19 18:42:51,Randy,46,US,Для работы,Beginner,15,0
86c3c976-93e5-419c-b796-d157975d6066,2026-04-12 09:41:51,Ashley,21,IT,Хобби,Beginner,5,0
9fb68c0d-912b-4c9b-9db5-9d49d33c1f42,2026-03-08 05:14:51,Christopher,41,DE,Для работы,Advanced,20,0
8bd8c3bd-8690-4fa2-b220-0c56aaf4d7a6,2026-03-12 12:09:51,Brenda,36,DE,Для работы,Beginner,60,0
01580d9d-c802-4761-b4a6-73974f868dd2,2026-05-30 04:12:51,Jeanette,26,ES,Для работы,Elementary,90,0
cf40b7bf-6c2f-4652-b561-4a29c3ff046f,2026-05-24 12:58:51,Dakota,17,RU,Хобби,Advanced,120,0
67c3aaf3-dae3-425f-baba-b81b42879e2d,2026-05-09 06:56:51,Jermaine,34,FR,Для путешествий,Intermediate,60,0
9b0778c0-5ef7-43e4-a553-766e8f2563d9,2026-04-21 04:56:51,Mary,53,IT,Для учебы,Beginner,30,0
646af62d-5545-4f2e-b57b-ebb7b74e0ac4,2026-03-25 19:01:51,Mallory,36,IT,Для путешествий,Beginner,45,0
95d6ff26-cb9d-44a8-a684-ca1e67d043ec,2026-03-15 06:37:51,Matthew,46,RU,Для учебы,Elementary,90,0
b5d12596-98ac-48d9-bc91-5b67bb7e2531,2026-03-27 18:22:51,Matthew,16,DE,Хобби,Advanced,120,0
11db9c42-8031-4750-a0b2-023ca88f9e98,2026-05-21 01:36:51,Catherine,24,ES,Хобби,Advanced,20,1
74e128e0-9c93-49bd-a311-b14374302260,2026-04-25 12:21:51,Renee,17,DE,Для путешествий,Advanced,15,0
d157ec7e-e1c4-4dd4-ad83-71a75cad899c,2026-03-09 01:38:51,Robert,27,IT,Для учебы,Elementary,60,0
7c764aa8-19d7-4786-bccb-fdcdf6c056f6,2026-05-12 18:18:51,Jennifer,18,IT,Для учебы,Elementary,90,0
60dbd6bc-e0ce-4965-9201-5afaf12ca4eb,2026-04-15 09:57:51,Jessica,24,BR,Хобби,Intermediate,90,0
fbde2d25-9b78-47b3-b9ad-7c13ba2b0b15,2026-03-08 17:29:51,Christine,35,RU,Хобби,Intermediate,10,1
a69585cd-0bbf-4329-8d99-0bd2ed4cd204,2026-03-24 05:24:51,Brittany,41,ES,Для путешествий,Elementary,20,0
ed2ef861-6f2b-4cae-aef3-c58f0226c489,2026-03-10 23:36:51,Lisa,52,DE,Для путешествий,Advanced,30,0
02dd05d9-1bf7-4a08-8dc8-893abfb5985c,2026-05-04 07:41:51,Norman,36,BR,Для путешествий,Intermediate,60,1
407925e3-8d51-45e3-b1ff-d8fc5e2191b5,2026-03-18 10:50:51,Crystal,21,US,Хобби,Elementary,45,0
162428a7-426b-4995-a657-1d7382596472,2026-05-13 16:27:51,Tracy,25,BR,Для учебы,Intermediate,120,0
f3b31120-160f-4841-9df2-feedb94e07a0,2026-05-08 07:27:51,Anna,34,RU,Для учебы,Intermediate,15,0
63a7a374-c8ba-42e3-8154-7dabfc7f6d6e,2026-03-18 21:20:51,Ashley,23,FR,Для работы,Beginner,30,0
a2781de6-3c7c-468d-981c-75dec37d99c7,2026-04-10 06:16:51,Katherine,47,US,Для учебы,Beginner,120,0
95509074-5a35-42a1-a8af-4b3c1eb37ac6,2026-03-24 15:31:51,Christopher,41,IT,Для учебы,Advanced,60,0
34241427-8aa9-4155-ad22-5bc743123d97,2026-04-15 01:57:51,Michelle,29,IT,Хобби,Intermediate,10,0
80d85f3f-749f-4095-b1af-a4d8bf2defa2,2026-04-26 12:14:51,Sean,35,FR,Хобби,Advanced,30,0
8d37ad9d-cc33-414d-b451-fc6ba5805e42,2026-03-08 23:34:51,Riley,21,IT,Для учебы,Beginner,20,0
933add4c-544a-4157-b49f-ea364827bc0f,2026-04-08 00:52:51,George,19,ES,Для работы,Advanced,60,0
ec4b8a31-5da9-40f5-b2ad-59ef1ff7aa96,2026-05-31 10:32:51,Anne,24,IT,Хобби,Elementary,30,1
5209b894-67eb-4674-b0f8-bae917e0f295,2026-05-31 12:48:51,Courtney,44,DE,Для путешествий,Advanced,60,0
e37f69fd-fae0-4117-80f5-82c086357d59,2026-04-12 17:46:51,Marie,33,IT,Хобби,Advanced,10,0
fe444042-1218-428d-9715-36ac9e05eda8,2026-03-04 10:47:51,Amy,26,ES,Для учебы,Advanced,10,0
8c2e3f65-9a8c-45ec-90c6-75b41f94e29d,2026-03-16 10:45:51,Joshua,29,DE,Хобби,Beginner,45,0
ddc6d003-7bc5-4694-890e-21c124bc5d4e,2026-03-21 11:20:51,Thomas,48,BR,Хобби,Beginner,5,0
be4d9990-2275-4f5b-ad7e-e61943f0db25,2026-03-06 10:54:51,Jean,21,BR,Для путешествий,Advanced,5,0
12f17986-7e73-4c01-92cd-de89664be8cd,2026-03-18 19:36:51,Darlene,24,US,Для работы,Elementary,60,1
859ef6ae-b1d6-48cf-930e-4681cd132659,2026-05-15 21:18:51,David,31,IT,Для учебы,Beginner,90,0
ba7d8d31-2f19-4bd1-b1ec-0f17172bec47,2026-05-28 20:00:51,Julie,53,BR,Для учебы,Elementary,45,0
28ff9eba-b078-4369-8cf5-6b23e5651907,2026-05-30 12:08:51,Samuel,38,RU,Для работы,Elementary,5,0
018c2395-ef5a-4550-87e5-51c7e51331a1,2026-04-21 18:08:51,Steven,16,BR,Для учебы,Elementary,30,0
3f6a9a1d-691d-478a-ba2f-374324ffdfec,2026-05-18 07:56:51,Tanner,26,ES,Хобби,Intermediate,60,0
7910750b-89fe-4a6b-9a00-024972fbc36f,2026-05-16 00:48:51,Luke,40,BR,Для путешествий,Elementary,30,0
0b38a4cd-901c-4fbb-a2d1-fc99ea466567,2026-03-28 10:26:51,Joanna,25,BR,Для путешествий,Beginner,45,0
1972a3c8-4ae1-4417-961d-9f1b8bb01c05,2026-03-17 23:01:51,Cindy,47,ES,Для работы,Elementary,120,0
994a7724-191c-4e57-a1d8-ccf8becbc670,2026-05-21 18:03:51,Rodney,54,ES,Хобби,Advanced,45,0
3572a761-e7a8-4529-8f09-9fa225da484f,2026-05-13 11:05:51,David,22,FR,Для работы,Elementary,45,0
f9157156-a8b9-46d2-97c9-d4e47c377108,2026-05-18 02:32:51,Joshua,47,US,Для работы,Intermediate,30,1
7ce380b7-5404-4baf-90d9-a2ae5a25241d,2026-05-18 06:48:51,Stacey,35,ES,Хобби,Elementary,90,1
1e5dea33-b129-4b92-9330-83f4e1f2fc76,2026-05-20 13:55:51,Jeremy,39,US,Для работы,Intermediate,30,0
db11e3c4-f3c5-4137-b4ed-4de3c20a7746,2026-03-08 23:55:51,Elaine,27,FR,Для учебы,Beginner,15,0
46ad0c31-daab-4c42-a1f6-39a10792021d,2026-05-05 00:49:51,Amy,42,IT,Для путешествий,Beginner,45,1
5a19a118-c59d-4e01-bbd2-09fe18ca71ef,2026-04-28 09:46:51,Cheryl,30,RU,Для путешествий,Advanced,45,0
8ff13634-4afb-4905-90ef-b1efec8475a3,2026-05-17 03:35:51,Kelly,28,RU,Хобби,Advanced,10,0
0c7d3baa-6b4c-4e52-9d6e-46e05c976012,2026-03-24 02:06:51,Amanda,33,US,Хобби,Intermediate,20,1
f1389af9-07b6-45d9-b853-50faf4a921bd,2026-03-07 04:21:51,Beth,27,FR,Для путешествий,Advanced,120,0
913b6dd6-ff7a-46c5-9712-ef8b194d11ab,2026-04-12 20:34:51,Valerie,38,RU,Для путешествий,Beginner,90,0
b0ccd57e-dce4-4f2c-924a-2d6a815da131,2026-05-13 08:25:51,Kristy,45,RU,Хобби,Intermediate,20,0
b59715b0-d4a1-4a00-8c10-f642f3b40a7e,2026-04-06 13:58:51,Jonathan,45,IT,Для путешествий,Intermediate,45,0
eb38e1b7-1369-499a-b53a-1f7458c81a9f,2026-05-22 22:14:51,Paul,49,DE,Для учебы,Beginner,90,0
b994851c-e262-4ba7-8646-b015ada7b5e8,2026-05-24 10:12:51,Michael,23,US,Для учебы,Elementary,45,1
b3c1dc75-b879-40ee-8c82-970a00d5aefa,2026-04-18 04:21:51,James,41,IT,Для путешествий,Beginner,20,0
e16c099f-5446-45da-8a16-d755da1d572a,2026-03-29 08:14:51,Lisa,21,IT,Хобби,Elementary,45,0
cac78133-343e-45c4-8f15-f7201328d423,2026-05-20 01:43:51,Ashley,40,DE,Для учебы,Elementary,5,0
955e81e0-28e2-406d-a993-f68dd50d9c45,2026-04-07 07:51:51,Meghan,16,FR,Хобби,Intermediate,30,1
9f938ad9-02bf-44b8-a22f-2e7b5a84ceb0,2026-04-30 10:37:51,Michelle,19,RU,Хобби,Elementary,10,0
e0f98d6e-c28e-4583-a940-a29b9b8fcf1c,2026-05-06 06:36:51,Christine,27,RU,Для работы,Intermediate,45,0
999568a0-38e0-4d59-9080-54fb8f3a85c2,2026-04-16 22:47:51,Kristin,26,ES,Для работы,Intermediate,5,0
2f6e53ab-db62-4a1d-95e1-155eb7708021,2026-03-11 21:48:51,Samantha,32,IT,Для работы,Advanced,45,0
79d61c9e-a3d7-40c9-8224-1559ca61301c,2026-03-19 10:59:51,Jeffrey,42,US,Хобби,Elementary,90,0
b9cc74c7-4171-43ca-b862-32c6b58bab3a,2026-04-23 03:14:51,Andrea,55,IT,Для работы,Advanced,30,0
1f30108a-9a59-4fa7-87d0-350c74ce233c,2026-04-24 15:49:51,Tracey,39,ES,Для работы,Elementary,10,0
0f648914-8a15-4dd8-9f75-79cbace1fd3a,2026-05-23 21:48:51,Michael,51,US,Для работы,Advanced,5,0
cc7bec58-86fb-402e-929d-af732e3cbd22,2026-05-14 14:08:51,Wyatt,54,BR,Хобби,Intermediate,5,0
b10ccc56-8aed-46fc-bdf6-c11b026e20eb,2026-05-08 15:04:51,Jonathan,35,IT,Хобби,Elementary,30,0
5a48c7ee-07eb-4613-99c8-a3a77f463dc5,2026-04-25 21:15:51,Rebecca,27,IT,Для учебы,Advanced,5,0
40ea4461-e16d-446a-8b4f-bd25a4fe1d3d,2026-04-30 17:27:51,Leslie,53,FR,Для работы,Intermediate,20,1
7e0904a2-4f0a-4af7-a710-f57aafbbc306,2026-04-28 13:40:51,Juan,33,DE,Для учебы,Beginner,10,1
f8029d88-5a10-4150-82cd-dad55ded99ba,2026-05-16 05:01:51,Dawn,31,RU,Для путешествий,Intermediate,15,0
c3449ba9-a24a-4c43-8c01-82267b1c6684,2026-04-20 13:10:51,Craig,33,RU,Для учебы,Elementary,20,1
2c937e33-75ce-4b81-b227-db7e2e08fc1b,2026-05-10 13:02:51,Allison,50,IT,Для учебы,Intermediate,90,0
9bea3dd5-3f7a-4b51-8a93-362653156a3b,2026-05-25 11:22:51,Jennifer,51,DE,Для учебы,Intermediate,120,0
ae28ea2c-87b1-4e0a-8edc-4595d2ee7244,2026-04-30 06:11:51,Daniel,28,BR,Для работы,Beginner,90,0
f7d386ae-5d25-4ea3-8fbd-18371360a38c,2026-04-04 09:50:51,Rachel,48,US,Для учебы,Intermediate,5,0
416e168a-d7b3-4cc8-ad9c-4f16a6b84f41,2026-04-21 18:01:51,Samuel,54,ES,Для путешествий,Beginner,5,0
2fc1982a-0c76-4b32-9330-44b7dee68fd3,2026-06-01 21:23:51,Joseph,19,US,Для работы,Elementary,30,0
3a1319d9-29bf-417c-9e40-792b2130925d,2026-03-23 10:06:51,Jason,37,US,Хобби,Beginner,45,0
81533903-0a8a-496f-9749-391a5e67e628,2026-04-06 19:25:51,Cassie,20,BR,Хобби,Beginner,30,0
ab303e4e-7c54-481b-bd07-354aa3395ad8,2026-05-20 10:10:51,William,37,IT,Для путешествий,Intermediate,120,0
d908f76e-59ce-49ff-827d-ede60f1cebe3,2026-04-21 15:50:51,Angela,32,BR,Для работы,Intermediate,20,0
fba53fa7-7ad9-4c62-b2c7-6b7013208883,2026-04-17 07:50:51,Michelle,26,IT,Для работы,Advanced,20,0
edf6af9a-84fc-4e69-84b1-228762c3c029,2026-05-30 08:33:51,Todd,52,RU,Для учебы,Elementary,15,0
32663c7e-0e7e-4ad7-a1b6-ede07bd32aa0,2026-03-18 14:46:51,Veronica,40,US,Для путешествий,Elementary,90,0
762ce0e3-d998-4751-942d-c953f86a3883,2026-05-20 09:45:51,Donald,50,ES,Хобби,Elementary,90,0
79329fd0-8a2a-4f5b-b14c-dabfc5f37e61,2026-05-26 16:58:51,Zachary,37,DE,Для путешествий,Elementary,120,0
32fcc556-6fc3-45be-a88f-7fd8e307aca2,2026-05-28 17:57:51,Allison,27,BR,Для путешествий,Advanced,90,0
3a0595cf-67d5-458b-a087-ef8bdadfeb92,2026-05-29 01:58:51,Lisa,50,FR,Для учебы,Elementary,10,0
b0d80464-82f7-49a6-abc1-c3378206d9aa,2026-04-24 02:45:51,Theresa,25,IT,Для учебы,Beginner,5,0
ef48bdf3-2c23-4845-ac35-2460cd5da52e,2026-05-19 13:23:51,Jason,22,DE,Для учебы,Intermediate,90,0
e8cfa1d7-a184-4f0b-8183-45c24d656e31,2026-05-14 12:36:51,Debra,22,DE,Хобби,Advanced,90,0
037dd153-74ce-403c-a78e-0a488c38cf5e,2026-05-11 01:24:51,Michael,23,RU,Хобби,Beginner,5,0
095030a0-f479-4a0b-89a3-d6d8de642e8f,2026-03-21 05:38:51,Steven,55,DE,Для работы,Elementary,45,0
ffea5f2c-f060-44f9-808f-0ec9e1515ea2,2026-05-12 04:52:51,Brianna,50,BR,Для учебы,Advanced,60,0
2664d10c-686d-4742-8818-669e1a4922bf,2026-05-10 17:34:51,Jessica,39,DE,Хобби,Advanced,90,0
1ad1cf30-da7b-4b3c-b0d3-61e02b4385ec,2026-04-21 01:40:51,Clayton,19,RU,Для учебы,Intermediate,60,0
14a934f1-e75f-4ad8-872d-0a4a26b6c374,2026-05-29 23:18:51,Tina,32,IT,Для учебы,Advanced,120,0
c3a3afc5-4827-469e-88fb-129ba33411a0,2026-03-10 07:22:51,Abigail,43,DE,Для учебы,Advanced,30,1
adf23acd-c72c-4c5b-8b9a-f3232f25d06f,2026-04-29 21:26:51,Emily,37,RU,Для путешествий,Intermediate,30,0
261dc9e9-2e65-4631-99f4-1d60a8eb55ce,2026-04-09 01:23:51,Mark,18,IT,Хобби,Advanced,5,1
0cac3689-6b81-4cee-88d5-74381ac8a0d5,2026-03-14 04:27:51,Eric,50,ES,Для работы,Intermediate,30,0
20076e2f-2e74-4480-a23a-4254f936519c,2026-05-16 00:34:51,Kevin,40,IT,Для путешествий,Elementary,90,1
f1a7e7fe-178e-4ad3-95da-23b33d22f7a3,2026-05-15 10:01:51,Kelly,29,FR,Для работы,Beginner,120,1
664bdca7-7c3a-4f9d-8879-d091f5984e1c,2026-05-31 23:49:51,David,18,US,Для учебы,Beginner,10,0
becbaf1a-8437-4fa7-a38d-145c70fa2e72,2026-03-22 01:48:51,Natasha,38,BR,Хобби,Beginner,120,1
0452929b-c635-4249-9236-fe708e62ac55,2026-04-30 00:11:51,Jason,18,US,Хобби,Elementary,10,0
0c23984d-8121-4547-93e1-d7c69fa6bc25,2026-05-19 14:28:51,Laura,35,ES,Для путешествий,Beginner,15,0
9ea8e0ae-29ff-44cc-85d5-2b5834c264f3,2026-05-14 16:21:51,Shawn,41,DE,Для учебы,Advanced,90,1
efc9e5e7-6d6c-422c-a2bb-bc76c87f92a9,2026-03-21 12:05:51,Bradley,55,IT,Для работы,Advanced,20,0
c55bad04-bcae-48d2-b1e3-5d27218817b7,2026-03-31 08:26:51,Julia,22,IT,Для учебы,Intermediate,60,0
a3d99241-9873-447f-b360-4cc0554bd0d7,2026-04-30 16:15:51,Sarah,52,US,Хобби,Elementary,20,0
0978e00f-5abb-4aeb-9d82-ebcef5ee898f,2026-05-04 07:40:51,Amanda,35,BR,Для учебы,Beginner,10,0
2156d131-26d6-4572-8041-c128b9f335c8,2026-05-30 16:41:51,Jason,53,BR,Для работы,Intermediate,45,0
3a13b200-3526-42f1-b13d-7d4feb1643df,2026-03-20 01:25:51,Pamela,43,FR,Для учебы,Intermediate,15,0
5bbbc84a-816f-4d22-a89a-00f0cf78b1cf,2026-04-02 22:59:51,Christine,47,ES,Для путешествий,Intermediate,90,1
2c14372a-64f1-4d4b-a237-5bbaf44a13b0,2026-04-24 16:41:51,Stephen,54,BR,Для работы,Advanced,5,0
8ab7a9f4-6957-472e-8237-be8c1063b220,2026-04-01 08:36:51,Daniel,16,FR,Хобби,Beginner,90,0
afcc59e2-00a2-4dce-b705-fcd42275915f,2026-05-10 22:39:51,Joanne,49,RU,Для путешествий,Elementary,5,0
69fba54d-df92-43d6-992c-c2ddfcc7c279,2026-03-19 21:49:51,Johnathan,35,IT,Для учебы,Elementary,120,0
46798225-45ce-4726-a286-c72fcd4ce3df,2026-04-25 12:07:51,Theodore,45,RU,Для учебы,Beginner,120,1
5f04a1c5-cdf9-46d6-a3c7-2f1c0ce1358b,2026-04-16 20:16:51,Jill,50,US,Для учебы,Intermediate,5,0
aa6c283c-7490-421f-ac9b-955f4a0c07a9,2026-05-19 05:06:51,Angela,53,BR,Хобби,Beginner,30,0
0487b70f-2099-408c-8e98-08e417bd7a95,2026-03-27 06:47:51,Jonathan,55,RU,Для путешествий,Elementary,5,1
734ed9aa-557e-45fd-9ffd-91ce6ad05a7f,2026-05-31 20:00:51,Jordan,37,ES,Для путешествий,Advanced,20,1
18bcc50c-42ea-45e7-8ada-4b01a9537bc8,2026-06-01 08:07:51,James,20,FR,Для работы,Elementary,60,1
64f99f27-ffe5-4283-9a33-f71135edf3f1,2026-03-11 12:50:51,Jessica,45,IT,Хобби,Beginner,5,0
5bf9ab9a-2183-4869-8197-ecc0ab0955c0,2026-03-26 13:07:51,David,34,FR,Для учебы,Advanced,60,1
ab479bbe-9d32-4535-a740-a508636efca1,2026-05-11 05:46:51,Juan,24,US,Хобби,Advanced,20,0
c077436d-df65-46a9-bd3c-d4ae3f4d23cd,2026-03-07 16:15:51,Denise,18,ES,Хобби,Intermediate,20,0
5b85b158-15f8-4139-b958-2441038c8157,2026-05-09 15:35:51,Steven,55,BR,Хобби,Elementary,10,0
45a5b3d3-f7a7-4fa4-ad54-ca05eb943b32,2026-04-19 14:12:51,Randy,53,US,Для учебы,Beginner,20,0
c0dadc1f-74f9-49d2-a322-23ddc5f2649b,2026-05-11 05:48:51,Amanda,31,FR,Для работы,Intermediate,60,0
e98eb4ea-0078-4b33-a4c9-ef1387e43f6d,2026-05-21 20:59:51,Michael,41,BR,Для работы,Advanced,120,0
718b9caf-807e-4738-9e2b-8282bb46a66a,2026-05-21 13:50:51,Samantha,44,RU,Для путешествий,Elementary,5,0
1997b7be-f3cb-4525-ad2c-ab433ac489f5,2026-04-17 02:05:51,Mary,39,US,Для учебы,Beginner,30,1
6e259b42-2acf-4c9e-be01-e9a2f7854327,2026-03-04 21:22:51,Reginald,34,DE,Для учебы,Advanced,20,0
be0a7fa1-6c6b-421d-abe8-f6bd2cab3356,2026-04-21 21:40:51,Kimberly,36,ES,Для путешествий,Elementary,90,0
fc2323ab-32f7-4d65-be4e-ff7dd62e4e94,2026-03-12 06:06:51,Ashley,37,US,Для путешествий,Elementary,120,0
0afad72c-4a63-4782-823c-b1201c9271a8,2026-05-07 12:58:51,Benjamin,18,FR,Для учебы,Beginner,15,0
ee6af673-0637-48f8-b1e5-38199d1b298d,2026-03-13 06:44:51,Cheryl,35,US,Для работы,Advanced,90,0
eea9fe20-f562-4896-80ae-a2c1c6626cfd,2026-03-22 07:06:51,Darin,36,RU,Для путешествий,Intermediate,45,0
befaead7-75f0-48a7-853f-f65ace76faf1,2026-03-30 08:02:51,Charlene,37,IT,Для работы,Intermediate,30,1
dd4df659-0ac0-4dc8-9b1c-bcf19d8541c2,2026-03-05 10:58:51,Sabrina,42,US,Для учебы,Advanced,30,0
63052478-6240-4ba3-8361-b7d10adb6fb1,2026-03-10 06:04:51,Jeffrey,24,ES,Хобби,Elementary,90,0
13e734d9-a86d-4d37-a0af-94f27ac39625,2026-03-04 21:17:51,Catherine,23,ES,Для учебы,Advanced,20,0
cb66f326-2122-428e-bc99-3f2bb8b60ced,2026-04-13 16:27:51,Dylan,40,US,Для работы,Beginner,5,0
b3e7654a-6683-49d9-92a1-4c44105589cb,2026-03-07 05:57:51,Lisa,31,FR,Для путешествий,Elementary,20,0
7cdb134e-21f0-455c-a1bf-32f2d10e76e2,2026-03-17 15:17:51,April,33,BR,Для работы,Intermediate,30,0
949945ba-df55-4560-adb2-651997a40027,2026-05-11 06:53:51,Debbie,24,RU,Для работы,Elementary,10,0
830a8b5d-bea8-41fa-9c28-173c956b5894,2026-04-09 18:22:51,Justin,46,ES,Для путешествий,Advanced,10,0
a9ff8d40-021f-4f8a-9d70-d825cbc37d75,2026-03-10 08:25:51,Gina,44,RU,Хобби,Beginner,10,0
000b2f03-ccfc-47db-b46b-b84b289fc03d,2026-05-30 19:28:51,Jason,42,BR,Хобби,Elementary,15,0
2f94c70e-ea31-4b86-826f-073713baa71d,2026-05-31 09:16:51,Emily,33,ES,Для учебы,Beginner,5,0
bdd6bfa3-cc7b-4ba1-bc2d-afba1f56708c,2026-04-27 05:26:51,Jesse,27,RU,Для путешествий,Beginner,5,0
5f7d346b-50f9-4f16-a28d-ef84cdb9eae1,2026-04-28 10:30:51,Sheila,22,BR,Для путешествий,Elementary,90,0
0a63e31e-414f-480c-881e-2a657e163437,2026-05-12 20:41:51,Renee,37,ES,Для путешествий,Advanced,120,0
8ddc3d4a-52e2-4f8d-9d14-0af83d822ccd,2026-04-21 07:53:51,Jennifer,54,DE,Для работы,Advanced,10,0
fee2df41-1b69-4544-a163-0fa8f61495ee,2026-04-24 14:55:51,Dylan,34,FR,Для учебы,Advanced,20,0
1fe0cbb9-5d90-47e1-bc0b-c62f1b75c918,2026-03-10 10:32:51,Leslie,16,DE,Хобби,Elementary,45,0
1385923f-d08d-4ffa-9b26-e9f2083f1797,2026-04-28 06:45:51,Peter,21,IT,Для работы,Advanced,10,0
9c43f0ee-533e-4f44-aac3-9750464361b7,2026-05-08 15:05:51,Nathaniel,52,IT,Для работы,Beginner,20,1
da09e38c-b57d-4480-bc63-d0bce80aad6a,2026-05-18 22:18:51,Todd,37,ES,Хобби,Beginner,45,0
7bda2aaf-9bc6-45dd-9b93-1baada7dbaf5,2026-03-26 10:16:51,Jessica,36,BR,Для путешествий,Advanced,20,0
17004c45-d446-4329-bd5b-75dc8d43f541,2026-05-21 20:28:51,Larry,20,IT,Для путешествий,Intermediate,60,0
1f45f232-00c7-4817-8c92-b39584d2b7fa,2026-03-22 19:08:51,Eric,42,IT,Хобби,Beginner,30,0
b7e09ab0-dd3a-4ac5-8aeb-543d138839b7,2026-05-03 01:25:51,Mario,42,FR,Для путешествий,Advanced,10,0
03dd13fe-c278-417a-9472-c6863c6bd4c3,2026-03-19 11:15:51,Stacy,37,ES,Для учебы,Intermediate,30,0
aecaac59-9211-41fa-816c-5822f6356356,2026-03-14 13:04:51,Christina,26,RU,Хобби,Beginner,30,0
ec12e03f-cea2-4a40-a31a-97aabb9f6a76,2026-03-14 21:12:51,Shawn,33,IT,Хобби,Intermediate,10,0
0dcf7b85-62f0-466c-b12d-9310ec99bc43,2026-03-04 22:44:51,Rachel,17,FR,Хобби,Elementary,120,0
1ecba93d-8ac1-433b-b61b-4f3530f7aab5,2026-05-10 11:32:51,Dustin,55,RU,Для учебы,Advanced,20,0
5456d346-c09e-446a-a52a-6537bc75314e,2026-03-28 04:24:51,Gary,44,US,Для работы,Beginner,90,0
a5c26b1f-30b7-4721-87d5-f05889de9920,2026-05-06 17:46:51,David,47,US,Для путешествий,Beginner,15,0
b0bc5545-f2ad-40c3-97c3-d9002cec9152,2026-04-06 02:59:51,Daniel,45,ES,Для учебы,Advanced,5,0
78b3706c-360a-4629-9af0-178ccec1ddb2,2026-05-23 18:04:51,Michael,42,ES,Хобби,Beginner,30,0
9f1ecce0-b072-4f6b-b54a-182452387381,2026-04-09 21:01:51,Tina,19,FR,Для путешествий,Advanced,10,1
c9788ef8-c596-4519-aaa2-97b936d1a2c2,2026-03-07 09:28:51,Tiffany,30,ES,Хобби,Advanced,15,0
e8ffe872-b758-4d38-ab22-9702eac06a0a,2026-05-14 04:38:51,Bobby,37,RU,Для работы,Elementary,30,0
6576508c-541b-475c-a648-9ad30108d4b7,2026-03-27 19:22:51,Crystal,45,US,Для учебы,Elementary,15,0
ec9ac96c-1a12-41c3-bc9f-0667ff56e814,2026-05-28 12:00:51,Charles,29,BR,Для учебы,Intermediate,90,1
c153825a-dcfe-472c-845b-a8b0be36a28f,2026-03-04 13:36:51,Ronald,17,BR,Для работы,Advanced,10,0
94eb735d-0dee-4df4-88c4-8ede3261de39,2026-05-11 00:32:51,Christopher,40,ES,Для путешествий,Advanced,15,0
9f3bd3ba-132d-499b-8a8f-b5adb122267a,2026-03-06 01:32:51,Virginia,40,ES,Для учебы,Beginner,15,0
ba24ca15-fddb-4be3-a03f-2e45e2441d02,2026-04-24 14:11:51,Christopher,48,FR,Для путешествий,Beginner,60,0
1e63b4f6-4e46-4298-9e54-4e2381de2395,2026-04-12 02:39:51,Amber,46,RU,Для учебы,Elementary,5,0
81c0efa8-c5f1-4d35-b413-5e1e625bd7ee,2026-03-09 05:54:51,Kimberly,18,IT,Для учебы,Elementary,20,0
360e4514-6057-4b76-9bd5-a9462acc0b2c,2026-04-02 14:03:51,Christina,38,RU,Для учебы,Advanced,30,1
fb1cbf59-e087-4071-809d-a14639e36cca,2026-03-07 07:42:51,Christine,24,BR,Для учебы,Beginner,90,0
0f717f3c-96f4-4d0b-a25a-66d777da1294,2026-03-05 11:46:51,Tanya,27,FR,Хобби,Elementary,30,0
ff92b914-6982-465e-927e-9b5a5b5d455b,2026-05-26 22:30:51,Calvin,21,BR,Для путешествий,Elementary,120,0
a8de7c07-6449-44da-a9a0-3934b17c9d97,2026-05-14 10:05:51,Phillip,17,RU,Для работы,Elementary,45,0
e5691993-c23f-40cc-b715-b231373cc6c4,2026-04-07 21:21:51,Justin,50,RU,Хобби,Advanced,45,0
fea0e699-f7a3-49c5-a589-59d2ba98249f,2026-03-05 15:36:51,Kimberly,44,ES,Для путешествий,Beginner,15,0
d7b0737f-44a7-4b3d-bdf4-886ec6f8e0a1,2026-05-05 02:15:51,Christopher,52,ES,Хобби,Beginner,10,1
6f39cf60-8329-4a6f-98d9-8749869e4033,2026-03-15 00:10:51,William,21,DE,Хобби,Intermediate,5,0
a2125ff5-2b68-443d-a48f-f4d6d6370523,2026-05-11 02:49:51,Heather,50,BR,Для работы,Advanced,5,0
32a4e215-dc5a-42ba-ab69-2cccc11da45d,2026-05-05 10:58:51,Ryan,30,DE,Хобби,Beginner,5,0
6ec39bd5-e46d-4a04-b065-f8add9b60107,2026-05-18 04:35:51,Trevor,30,US,Для работы,Elementary,10,0
d29c59de-ceae-44e7-b734-588793866798,2026-03-13 10:34:51,Marc,30,BR,Хобби,Elementary,5,0
b3aa8067-41b7-4ff9-a213-11cc74a7c425,2026-05-09 01:36:51,Mark,29,FR,Хобби,Elementary,45,0
93e6dab4-3271-494f-b3b3-d3ae3f71a4b4,2026-04-13 17:07:51,Michael,52,IT,Хобби,Intermediate,30,0
9ab71616-a1a7-4b0d-b1a0-959467990c73,2026-03-05 10:01:51,Richard,44,IT,Хобби,Advanced,5,0
bbf393f9-6d3d-4b11-af26-93242fb2e8cd,2026-03-21 18:11:51,Justin,30,FR,Хобби,Beginner,90,1
8c26cfe0-96c7-48db-b4b7-249f32ae3d91,2026-05-26 09:29:51,Steven,39,RU,Хобби,Beginner,60,0
ceff5894-d7c6-4edf-ba0d-9beb3c3625ad,2026-04-09 23:59:51,Richard,48,BR,Для путешествий,Advanced,45,0
fe0e6ece-5755-4a17-9003-1673097052b1,2026-05-19 23:57:51,Mark,20,DE,Для работы,Elementary,10,0
ad914a9f-538d-4638-a43e-22055c29c38a,2026-05-13 10:22:51,Manuel,26,RU,Для путешествий,Elementary,5,0
cf5bb3e2-a8f7-4920-9b31-86ebad5a9f15,2026-05-31 06:21:51,Danielle,28,BR,Для путешествий,Beginner,120,0
89a370ed-a60d-45b1-a937-9b36ef71d4d3,2026-04-21 11:10:51,Stephanie,28,DE,Хобби,Advanced,90,0
f17eac85-6309-47bb-befa-a38e874033e7,2026-03-23 09:28:51,Christy,46,IT,Для работы,Beginner,60,0
31e6962b-19cc-4bc1-ac13-7c41f8915a5f,2026-04-15 08:13:51,Raymond,48,DE,Для работы,Intermediate,5,0
8174adfc-deef-4791-9acd-00bc97b8ac0c,2026-05-06 10:59:51,Devin,18,RU,Для учебы,Elementary,45,0
4a1ff0e3-9dbe-422e-86bb-e452e8625832,2026-03-19 14:32:51,Linda,18,BR,Для учебы,Intermediate,60,1
19f1c5ab-7519-431e-b0ed-308cf65c7b89,2026-04-23 10:33:51,Janice,27,RU,Хобби,Elementary,120,1
63e1b608-8416-41b1-8d29-ccd0dfd373e2,2026-05-31 12:43:51,Matthew,47,BR,Для работы,Advanced,45,0
4e46b69d-90bd-4438-950a-21e1c2d5f3c2,2026-04-19 20:40:51,Eric,50,RU,Для путешествий,Elementary,120,0
9c736541-ff9e-4078-a3da-83b609c5c67f,2026-05-13 01:34:51,Riley,31,DE,Для работы,Elementary,20,1
9612e334-6e83-40fa-bb9e-d8e524867ac5,2026-03-24 03:51:51,Tracey,31,RU,Для работы,Elementary,30,0
5a8df0ec-5fb5-4741-a901-e1d84f4bde05,2026-05-14 08:05:51,Jaime,42,ES,Хобби,Elementary,90,1
cd60509e-c4d6-4365-a877-08ae1570238e,2026-03-26 06:49:51,James,45,DE,Для учебы,Intermediate,10,1
44c95672-1323-4411-8dfa-4fd21cf8df0b,2026-04-29 14:38:51,Natalie,38,RU,Для работы,Intermediate,10,0
0d7eaafe-9318-4c2a-8b91-61f3fd5428ba,2026-04-29 15:14:51,Monique,19,US,Для учебы,Intermediate,60,0
8d833148-b34f-41fb-8347-81cc28aa415c,2026-04-23 20:03:51,Riley,27,IT,Хобби,Elementary,10,0
9ec7e0d9-008f-4d71-b50c-99d986eb443f,2026-05-27 10:11:51,Lucas,23,BR,Для путешествий,Advanced,10,1
b29825a6-ee28-44d7-b023-76876d4e674d,2026-03-11 07:09:51,Alejandro,38,BR,Для работы,Beginner,45,1
e571b35e-ee87-426d-ac0d-aa3f9298c5ca,2026-05-16 20:30:51,Kimberly,26,BR,Для работы,Elementary,90,0
920901d2-1b2b-4792-91ee-262c7a9addd2,2026-03-08 07:46:51,Leslie,39,FR,Для учебы,Advanced,15,0
6659bb19-7ccb-4aca-8319-9e7fba1671ab,2026-05-13 00:38:51,Valerie,31,RU,Для путешествий,Advanced,10,0
153771bd-1832-4610-90e8-f1be7ccc1903,2026-03-28 15:27:51,Jeremy,39,FR,Для учебы,Elementary,60,0
f0ea0715-28dc-42fa-8e9a-7a8c5c618dbe,2026-06-02 09:33:51,Brian,17,IT,Для работы,Elementary,45,0
752fad24-bffa-4135-927c-5d106636f8b6,2026-03-05 11:48:51,Christopher,38,US,Хобби,Intermediate,30,0
d61372b2-7476-4f95-8fa0-3084f7183aa4,2026-04-24 08:56:51,Mckenzie,39,ES,Для путешествий,Elementary,90,0
c5c2d91f-6cab-44da-994a-0cda63ce84cf,2026-05-26 12:03:51,Dennis,16,DE,Для работы,Intermediate,20,0
ca0c29bc-7181-4fce-9331-ddd259d0df23,2026-04-19 03:53:51,Stephanie,22,FR,Хобби,Intermediate,10,0
e6f59336-8189-423d-97af-5dba26c05835,2026-03-21 15:08:51,Brian,26,FR,Для работы,Beginner,30,0
6e9b2590-57a8-4c6c-86e5-491ad6fd449a,2026-04-20 01:38:51,Kathryn,46,FR,Хобби,Beginner,15,1
cfd43dcd-5f2a-4cd1-a8a8-aee4f6bdbf0d,2026-03-17 09:31:51,Jessica,30,RU,Для работы,Elementary,5,0
951cc7f5-704e-47d7-955c-922d3bebbbd2,2026-04-04 21:44:51,Lindsay,50,FR,Для учебы,Advanced,90,0
db6f5b8c-0173-406b-bb81-a269da6554e7,2026-05-18 00:29:51,Dana,32,BR,Для учебы,Intermediate,10,0
915aafd9-77ce-4709-8e32-0674fede062a,2026-03-30 22:43:51,Felicia,42,US,Для работы,Advanced,90,0
9bb0699f-efc1-4913-a422-9e9ae076b6aa,2026-05-31 00:47:51,Edward,54,IT,Для учебы,Elementary,15,0
e2916c38-a95e-4873-bd88-2f3850d7854f,2026-05-21 13:10:51,Sarah,39,BR,Для путешествий,Elementary,10,1
4ee2de53-c39d-494a-b53a-5f1bf4f8940d,2026-05-09 16:27:51,Lisa,21,BR,Хобби,Elementary,45,0
6c88a38c-71fb-4074-9d43-4efa9868216c,2026-03-08 00:03:51,Michelle,45,BR,Для работы,Beginner,120,0
7a0b681e-1db9-4036-9882-053050785240,2026-03-29 02:13:51,Natalie,43,RU,Для путешествий,Intermediate,30,0
ec4221e6-b134-4bb3-ab23-252f9f6e7dc0,2026-03-24 14:47:51,Gina,31,RU,Для учебы,Elementary,10,0
bc300ba7-aece-4a85-afb4-30459c6a916d,2026-04-23 16:09:51,Tara,25,FR,Для путешествий,Intermediate,30,0
10aa6be0-1494-4b9e-a83a-51c1c893fe1a,2026-04-10 18:57:51,Jennifer,40,IT,Для работы,Elementary,120,0
989ec884-35ee-4559-89d8-c302b4d639fc,2026-06-01 20:42:51,Edwin,18,US,Для путешествий,Elementary,5,0
a9edf748-ff8d-4e63-bc77-2b1a2cffa608,2026-05-17 13:19:51,Johnny,38,BR,Для путешествий,Advanced,60,0
632e1fb9-07af-4d4c-82f3-4b9c932fcb41,2026-04-21 05:40:51,Joshua,38,FR,Для работы,Advanced,30,0
fd55556a-f3eb-4ba6-b42b-f0eb226f73ec,2026-04-01 20:21:51,Stephanie,36,BR,Хобби,Advanced,45,0
fef873dc-5b1f-4c06-91ea-0e3c9d728662,2026-05-21 05:48:51,Catherine,52,US,Для учебы,Elementary,20,0
4775c052-4b19-4bde-bf96-4aa44a4a3837,2026-04-28 21:24:51,Julie,50,RU,Хобби,Elementary,90,0
02e11edb-daf8-45df-96d0-2aaff1732a42,2026-05-31 05:11:51,Joshua,27,RU,Для работы,Intermediate,60,0
f84959c9-3367-4002-8a76-2ddf2d22beac,2026-04-11 12:32:51,Mary,36,BR,Для учебы,Elementary,5,0
adb60470-c6fd-4424-952b-1049954b8068,2026-03-11 02:09:51,Walter,45,FR,Для путешествий,Intermediate,30,0
6175f2d0-b407-47d7-9798-21816910eb9a,2026-04-22 03:23:51,Jason,25,BR,Для работы,Advanced,30,0
40db964d-5ea6-4dcd-a80a-9359655ceeef,2026-03-24 03:35:51,Lauren,38,US,Для путешествий,Advanced,15,0
cc7d649d-b803-4048-862b-002ba5a6298e,2026-03-21 22:33:51,Martin,41,DE,Хобби,Elementary,45,0
b58c7279-0c70-4919-b47a-5899140d9c57,2026-03-23 22:03:51,Tracy,54,DE,Для учебы,Intermediate,15,0
e6041a97-49ac-4a4c-b8ec-2500c5b93534,2026-05-31 02:51:51,Ryan,37,DE,Для путешествий,Beginner,15,0
555717f7-85b1-4a46-be13-863fc93d22cc,2026-05-10 23:43:51,Kelly,55,FR,Для путешествий,Advanced,20,0
f430b18d-67ce-4626-aa05-8792281b1766,2026-04-08 21:30:51,Lisa,28,ES,Хобби,Beginner,45,0
ea9f7e2b-1255-463a-89d6-f138c4c97fda,2026-03-15 12:59:51,Savannah,20,FR,Хобби,Intermediate,45,0
c5726d4d-2d86-4a84-92c9-32224364281f,2026-03-20 16:21:51,Caitlin,54,RU,Для работы,Beginner,30,0
f5b47443-e7b6-45e2-ad90-2b97e1bcf046,2026-04-27 22:47:51,Jody,31,FR,Для учебы,Elementary,10,1
0378f5a7-f5d0-489a-a0aa-ac83f7946729,2026-04-17 04:50:51,Mario,50,FR,Для путешествий,Elementary,90,0
25dd2b26-a549-4b7f-ad6d-98e0ec1329e0,2026-05-13 09:10:51,Sarah,33,US,Для работы,Beginner,10,0
d3fa569c-0da1-4dc2-9e94-2d5811525789,2026-04-21 08:10:51,Cheryl,30,BR,Хобби,Elementary,120,1
0187fe47-6f11-4a6f-80e0-24eb929a6536,2026-04-02 13:59:51,Holly,55,US,Для учебы,Intermediate,20,1
c98a0168-0900-46d3-b991-830fdf6a9969,2026-05-13 12:45:51,Leslie,26,IT,Для работы,Elementary,10,0
c4dd7c35-6913-4bef-967a-3144da95731a,2026-03-08 23:16:51,Ashley,23,BR,Для работы,Beginner,45,0
c107d2a3-724d-4767-8ad9-9e996dc3c962,2026-03-27 19:20:51,Jesus,20,RU,Для работы,Elementary,15,0
a83eec5c-033f-4239-956c-2de6a89c2e79,2026-03-15 23:05:51,Ryan,32,FR,Для работы,Advanced,120,0
f7c91ebd-86cb-4315-a114-047d0f8f28f4,2026-04-07 09:05:51,Destiny,46,IT,Для работы,Intermediate,90,0
80941ad0-4a5a-4a8f-a05d-338b8470aaee,2026-03-27 03:00:51,Roy,34,IT,Хобби,Beginner,15,0
e9f26ca4-d46c-4974-a256-33937172b787,2026-04-24 17:44:51,Courtney,43,FR,Для путешествий,Beginner,45,0
a264ddba-c165-44bd-aa9a-ef08817ab476,2026-05-20 17:14:51,Amanda,48,ES,Для работы,Intermediate,120,0
c03743a2-b6ee-4628-bafb-3cd46897f7f3,2026-04-07 07:59:51,Kyle,48,BR,Хобби,Elementary,90,0
7acd2dfb-a08a-4f98-9ed1-849e7cf5fa0b,2026-05-08 06:20:51,Sara,30,IT,Хобби,Elementary,10,0
d93c8fe4-ea9b-46f6-be3c-a74bbb6b5c98,2026-06-01 17:16:51,Vicki,35,ES,Для путешествий,Beginner,45,1
1abe1af5-4728-4bbd-b01e-bdc75efbbebb,2026-03-11 18:37:51,Jason,37,RU,Для работы,Beginner,15,0
d78f30b4-fb90-4084-88a1-e253c02d4e51,2026-03-09 08:52:51,Ashley,44,BR,Для учебы,Intermediate,20,0
55db94a5-59c3-437d-8117-ba4a49c884ef,2026-05-30 22:15:51,Brooke,53,ES,Для работы,Elementary,60,0
2c0c32e8-29ec-477b-8fee-92598b669257,2026-05-25 11:15:51,Jamie,52,IT,Для работы,Intermediate,90,0
09c81d84-249b-43ad-9fbd-4b6756d760d3,2026-05-23 09:12:51,Paul,34,IT,Для работы,Beginner,90,1
e4e2c102-d8e4-4083-a8c1-cafaa93ddc96,2026-05-11 00:13:51,Joshua,31,BR,Для путешествий,Elementary,60,0
b7b66cd9-b5fc-47cb-b779-956104232797,2026-04-04 06:33:51,Monica,54,FR,Для учебы,Intermediate,30,0
49ff7442-31cf-44ca-9eba-89cb599b434d,2026-05-20 00:43:51,Julie,18,BR,Для путешествий,Intermediate,5,0
346f1b98-f99c-4242-a389-3f85bc97b6f9,2026-04-20 08:51:51,Chad,50,ES,Для учебы,Beginner,60,0
53938eed-0ae7-46cd-bdb8-deed6154caa6,2026-03-13 17:02:51,Robert,46,IT,Хобби,Advanced,15,0
46e7184c-7550-4578-91ca-66cb10fb11cf,2026-04-18 21:24:51,Michelle,20,RU,Хобби,Advanced,10,0
c00255e9-5b38-422e-903d-cd2d44c8148e,2026-05-27 14:27:51,Gabrielle,35,FR,Хобби,Advanced,60,0
7cbbd094-781b-4c45-a01d-2fb69a062135,2026-04-09 11:24:51,Robert,19,BR,Для учебы,Beginner,90,0
d2521a7c-1ab6-42c1-a838-f9dad344e6c5,2026-05-23 13:54:51,Cody,25,FR,Хобби,Beginner,60,1
acead152-72f6-4141-87ce-d7860c011f63,2026-05-09 18:29:51,Raymond,34,ES,Для путешествий,Advanced,20,0
6d68a300-0504-4e45-b6ba-d45ce50023f2,2026-03-13 13:16:51,Melvin,31,RU,Хобби,Advanced,120,0
95c0f5df-d03e-41f7-be1f-9b7d1f122299,2026-04-25 05:34:51,Emily,26,BR,Для работы,Advanced,15,1
98d4c066-b1b2-4141-864b-ffc6a32117e0,2026-04-06 05:06:51,Joseph,52,BR,Хобби,Beginner,10,0
aa8a42f8-72f0-45ae-b01e-8777005f915b,2026-05-05 19:48:51,Andrew,24,US,Для работы,Intermediate,5,0
cd86b455-02fd-4525-968a-681417bc6576,2026-04-10 06:54:51,Jacob,31,FR,Для путешествий,Elementary,120,0
3e3280ce-627c-4ff7-b4d3-155adeb4342d,2026-04-29 12:42:51,Jennifer,31,FR,Для работы,Elementary,90,1
6a000e95-8f5c-41e4-9176-e4dbd1fe5405,2026-03-11 10:01:51,Lauren,33,IT,Для работы,Elementary,20,0
e882fe15-4345-4639-87b1-922ba2f0ce67,2026-03-31 04:37:51,Michelle,18,BR,Хобби,Beginner,30,0
2a6c7596-4389-4cea-8075-d4a9a0014f6c,2026-04-17 05:43:51,Michelle,31,IT,Для путешествий,Advanced,20,0
51dddaf8-2344-4afb-88df-a3eedcae4b44,2026-05-16 22:08:51,Emily,36,US,Хобби,Advanced,120,0
3539586a-8b24-4038-bdbe-cce3a2289b32,2026-03-30 05:05:51,Samuel,52,DE,Для путешествий,Advanced,120,0
bbc92b23-5fbd-402c-a6cb-850740aaa9cc,2026-04-26 19:30:51,Kimberly,28,DE,Для работы,Intermediate,45,0
c7632469-d706-4f8c-8dea-882d9eb2ed2f,2026-03-28 12:01:51,Vincent,26,BR,Для работы,Intermediate,45,0
17fd8d25-a561-44d1-b290-e15e713d61ae,2026-05-16 23:15:51,Ashley,27,DE,Для путешествий,Elementary,5,0
39285024-3ce1-4480-920f-912551ebdad5,2026-04-18 18:07:51,Christine,46,DE,Хобби,Advanced,90,0
deac351f-e8f0-42ab-9643-21c565e071e0,2026-04-19 00:15:51,David,39,DE,Для учебы,Elementary,15,0
c750302a-ae8a-4468-b316-6c63d19b1f48,2026-05-26 00:18:51,Stephen,55,DE,Для путешествий,Advanced,10,0
fb0d8b0b-ebdb-4fa2-be20-fe37bcc2ee3c,2026-05-30 01:03:51,Jessica,47,RU,Для работы,Advanced,30,0
a1e9809e-0844-49b7-83b5-3e829e3faee7,2026-05-24 05:17:51,Nancy,51,DE,Хобби,Intermediate,30,0
d739b520-cfe0-4d39-acc3-4b0f2aaf1260,2026-04-03 10:15:51,Claudia,48,BR,Для учебы,Advanced,120,0
d7ed2155-c00c-4372-b11d-daf0dd5675a3,2026-05-09 20:27:51,Adrienne,17,RU,Для учебы,Intermediate,5,0
3315e159-18fc-4f4e-893d-d11b907bf922,2026-04-23 02:52:51,Joseph,17,ES,Для работы,Beginner,30,0
f242a51d-354a-4cd6-aa66-6309719aebef,2026-04-17 04:36:51,Brooke,29,FR,Для учебы,Elementary,5,0
b72eda37-4f55-41fa-9ac9-5a7fb9e72213,2026-03-28 06:18:51,George,43,IT,Для работы,Advanced,10,0
a9766564-bf6d-47b2-9310-cedde387a5c5,2026-03-31 06:23:51,Bryan,40,RU,Для путешествий,Intermediate,90,0
29463bab-c4bb-466a-be1c-56122e78c88f,2026-05-17 22:11:51,Andrew,38,FR,Для работы,Elementary,90,0
4e22fcb3-cf06-4d51-878f-367fdde178ad,2026-05-24 05:04:51,Cassidy,55,RU,Для путешествий,Beginner,60,0
24a59dde-0f61-41c1-afb8-3d56a4bcee31,2026-04-01 03:18:51,Thomas,52,FR,Хобби,Advanced,45,0
6b6405b7-70cd-4f5a-a542-8ba61be8e47a,2026-04-30 09:10:51,Bryan,37,FR,Хобби,Advanced,30,0
84553ef2-86ba-466f-a485-5041eff98b6f,2026-05-03 05:38:51,Johnny,35,DE,Хобби,Intermediate,60,0
19a22ffc-bcfa-46c3-8fb5-22481aeeca1d,2026-04-06 10:04:51,Brandon,16,DE,Для путешествий,Advanced,45,0
2cccabb2-90c8-48e7-b68e-8aaf0f2737e9,2026-03-22 19:43:51,Margaret,50,BR,Для путешествий,Beginner,30,0
3a05c8cb-e9b1-423c-8684-e65d6669c939,2026-03-30 00:56:51,Nicole,24,BR,Для путешествий,Elementary,10,1
c2791622-95a3-4aef-b70c-954028ce961a,2026-03-13 03:46:51,Kevin,21,ES,Хобби,Intermediate,60,0
e2429ce8-73a0-4e0c-b79f-1365495a9eec,2026-06-01 20:58:51,Micheal,44,BR,Для учебы,Beginner,120,0
16b01fef-a073-470e-a7a8-3979a501467e,2026-03-15 12:18:51,Richard,48,ES,Хобби,Intermediate,45,0
4eed2fd9-78f1-41ee-9476-dba281e65dd0,2026-05-08 09:23:51,Janet,19,IT,Для работы,Beginner,15,0
dfc512fb-29c9-465c-bb5b-0bac540da88a,2026-04-30 11:41:51,Lisa,29,ES,Для путешествий,Beginner,30,0
485ce9f2-9daf-4a59-a351-f2b796901fb8,2026-05-17 22:17:51,Kenneth,17,RU,Для работы,Elementary,20,0
f54fc2c7-4440-49b1-9b01-3595a5286d0b,2026-05-13 23:24:51,Cynthia,27,DE,Хобби,Intermediate,30,0
01eb367c-b508-4a7a-a6fd-9466c9deaaee,2026-03-21 20:30:51,Mary,30,ES,Для учебы,Elementary,45,1
936ac447-9378-4638-a9d9-fa6341cb34ee,2026-05-22 10:13:51,Jonathan,41,US,Для путешествий,Intermediate,5,0
95422d4d-e03a-47ec-b136-c5b339a788d0,2026-05-17 06:25:51,Kristen,34,BR,Для путешествий,Intermediate,90,0
2f682e57-bb48-4f9f-87ba-68da3f7a2f89,2026-03-08 00:25:51,Lisa,34,US,Для работы,Elementary,30,0
491a86a5-ce07-4246-ba5b-8c3f823e0601,2026-03-26 23:56:51,Thomas,44,DE,Для работы,Advanced,120,0
04c94995-3bfd-4f47-8a7d-5063e297b25d,2026-05-12 03:29:51,Valerie,29,US,Для учебы,Beginner,15,0
2a267d9f-9031-4e42-a30d-49a314777be4,2026-05-07 23:32:51,John,45,RU,Хобби,Advanced,45,0
b2792901-2cd2-41da-9690-a3ea69bb83a7,2026-05-02 22:44:51,Rebecca,46,DE,Для работы,Elementary,30,0
dcc2534d-54c2-481e-bb3b-89b14aea49bf,2026-05-26 19:51:51,Ryan,48,IT,Для работы,Intermediate,120,0
4f09ee27-f533-4e85-b012-520c0a6348da,2026-05-09 04:21:51,Dawn,18,DE,Для работы,Beginner,20,0
682d5923-c24d-484b-b578-cafda2d225b1,2026-03-10 22:26:51,Kathleen,47,BR,Хобби,Elementary,10,0
b7043bf3-5c0e-410f-8af9-a4bbcc399489,2026-04-11 08:11:51,Brooke,35,ES,Для учебы,Intermediate,120,0
4e596dea-38fd-413f-9f54-755c05e2a964,2026-04-30 22:47:51,Gary,46,FR,Хобби,Advanced,90,0
5cb1c595-544e-46b7-9ab2-6a61808edea9,2026-05-11 20:05:51,Kristopher,36,US,Хобби,Advanced,60,1
6600a436-8128-421c-9772-5deeda07714e,2026-04-18 16:33:51,Virginia,51,BR,Для путешествий,Elementary,90,0
a845f3df-4103-422e-85af-95fbfc9ba10b,2026-04-30 18:58:51,Rachel,41,BR,Для учебы,Intermediate,15,0
08f9abfb-2ba6-4bff-98cf-356f165cd697,2026-04-17 03:46:51,Deborah,52,FR,Хобби,Beginner,90,0
64d313b9-a121-478c-b6e3-683fa0455228,2026-05-16 03:25:51,Kathleen,28,ES,Для работы,Beginner,45,0
75e8e3ee-f997-4471-bf51-d6f4fb4a6bab,2026-03-14 15:53:51,Daniel,35,ES,Для работы,Advanced,90,0
9e111cf1-237d-4c0d-b1dc-8135c87ca58f,2026-03-28 01:45:51,Connie,21,FR,Для работы,Intermediate,5,0
6e050009-d281-4649-bd47-18920372be39,2026-03-10 10:45:51,Matthew,23,US,Для путешествий,Beginner,45,0
94862a50-4568-42e8-b170-ba6e131cd986,2026-05-03 19:53:51,Bradley,46,BR,Хобби,Beginner,120,0
6846baf3-7966-4956-909d-2c1811590b05,2026-04-26 10:07:51,James,39,BR,Для путешествий,Beginner,15,0
1d27d644-afa4-4a86-9522-2c527b1eb758,2026-04-12 07:25:51,Todd,35,FR,Для работы,Elementary,15,0
22ede384-4292-4897-a5c0-5b452819d646,2026-05-10 04:28:51,Darlene,40,FR,Для учебы,Elementary,10,1
710f37c7-6988-4967-829e-4e85d7f36964,2026-05-24 18:12:51,Colleen,32,ES,Для работы,Advanced,60,0
386d057d-c57f-4583-8b51-488d6b160c67,2026-05-01 19:28:51,Bradley,40,BR,Для учебы,Beginner,30,0
28e7b825-c381-41fe-a20d-adc1714b9572,2026-05-24 22:53:51,Kevin,32,BR,Для учебы,Advanced,120,0
290b2805-f552-4bd6-9c17-1cf498394c01,2026-04-17 00:07:51,Lisa,29,DE,Для работы,Intermediate,30,0
eb755390-5066-4be7-a9fc-c66d08282a44,2026-03-28 00:46:51,Kristi,52,FR,Для путешествий,Intermediate,120,0
b5145db0-706a-4824-b4fe-4a4211c25cc2,2026-05-15 02:28:51,Martha,21,ES,Для работы,Advanced,60,0
20867407-4d23-43b6-951d-34f581d10ce0,2026-03-21 05:15:51,Ashley,36,FR,Хобби,Beginner,90,1
d697b336-9dde-41e3-87bc-4322c46ecb67,2026-04-06 10:58:51,Willie,39,DE,Хобби,Elementary,120,1
f9cab671-3146-410a-ba98-42744e78184c,2026-05-26 15:44:51,Scott,45,IT,Для учебы,Advanced,10,0
be99b43b-19bc-4266-94ec-b7bcc0ddc403,2026-04-20 18:58:51,Brian,46,BR,Хобби,Beginner,10,0
fcef5522-3e8a-4641-ad2f-86f1057333c4,2026-04-02 23:27:51,Sean,40,FR,Для учебы,Advanced,5,0
cf150761-bea3-4f6c-b9ec-6e7b0b8882b6,2026-04-30 08:22:51,Eric,53,US,Хобби,Intermediate,20,0
36efe827-792b-4591-8532-63c87cdd49ad,2026-03-04 11:09:51,Jasmine,49,RU,Для учебы,Intermediate,90,0
971d2a61-3598-4a12-9f1f-69c96c31edde,2026-04-08 19:34:51,Jasmine,43,FR,Для путешествий,Beginner,90,0
9cc3572d-57d1-482d-92d9-adad00183b40,2026-05-14 20:33:51,Bethany,31,FR,Для учебы,Intermediate,30,0
b37dc5bc-420d-4e94-bdbe-a9ba9858a327,2026-04-07 16:44:51,Mary,51,IT,Для путешествий,Elementary,45,0
e29b2a23-0a84-47c1-b729-8f16e7d20729,2026-03-27 19:06:51,Nicholas,49,DE,Для работы,Advanced,90,0
c327c019-81e4-4345-a47d-508c97be14d1,2026-04-13 22:41:51,Ashley,44,US,Хобби,Beginner,30,0
e3f4544f-41a6-4ca6-958b-5abb009998fb,2026-04-08 04:24:51,Mary,42,BR,Хобби,Beginner,20,1
a3389c90-d51b-4972-ac10-3790f3a908d7,2026-05-07 08:52:51,Jenny,34,FR,Для путешествий,Beginner,15,0
e522f7e3-4fea-468f-b901-55b1e5c5fbdc,2026-05-20 04:02:51,James,45,IT,Для учебы,Intermediate,45,0
4f2106ca-9262-4d88-b4e2-de247448bfbf,2026-06-01 19:32:51,Marissa,42,BR,Для учебы,Intermediate,60,0
d44fcb84-a3da-428e-b64f-22b81e3d3fa3,2026-05-19 01:32:51,April,37,ES,Для учебы,Advanced,15,0
28f92a15-5470-443a-a886-3c9a92fa1603,2026-04-22 19:23:51,Jennifer,16,ES,Для путешествий,Elementary,10,0
33feaf1f-ca5d-4dd1-b0a7-0feb2a000597,2026-05-06 09:45:51,Denise,26,DE,Хобби,Beginner,45,1
a8874256-dd20-4d6a-88cb-65fcf2bbfeea,2026-03-20 21:40:51,Courtney,41,IT,Для путешествий,Elementary,20,0
ec48e77f-a466-409d-9fc8-77b50b289b08,2026-04-24 04:56:51,Samuel,31,RU,Для путешествий,Intermediate,30,0
7974971f-9017-44b2-b691-0add1547df65,2026-05-13 11:05:51,Shaun,33,US,Для работы,Beginner,45,1
34fdc5c0-d2fc-45b2-a0b3-fd672012bbbe,2026-04-12 10:37:51,Ruth,38,ES,Для учебы,Beginner,10,0
dde334d9-299b-4639-ad03-08b48a95e896,2026-04-19 02:27:51,Jennifer,27,RU,Для работы,Intermediate,120,0
515a1dc6-3a9c-4107-89a3-0f17cc1a1a57,2026-03-20 07:53:51,Nancy,52,US,Для учебы,Elementary,60,0
5cc417a1-f354-4de7-9baa-cf82c53f6c69,2026-04-21 23:24:51,Luis,31,FR,Для работы,Elementary,5,0
7632b4f3-2fa9-4c7b-83d7-8488c8c7e3a1,2026-03-25 18:30:51,Heather,29,US,Для учебы,Elementary,90,0
8abeec0c-4804-4d41-9c68-1ae9add5010a,2026-03-30 03:05:51,Anthony,44,IT,Хобби,Advanced,60,1
8633414f-96bb-4fda-96d2-04abf8684656,2026-04-21 17:12:51,Sean,21,DE,Для учебы,Intermediate,60,0
b62b8406-eca9-428d-b456-a3b9147e1a8c,2026-03-27 09:38:51,Tasha,35,US,Для учебы,Advanced,15,0
35d0f273-fae9-45ba-9741-bdf12e23cdd8,2026-04-21 19:59:51,Timothy,27,US,Хобби,Intermediate,20,0
48dbc5e3-c292-40bb-8973-5bd0517cef4a,2026-05-20 15:54:51,Mary,41,ES,Хобби,Beginner,15,0
bd96e4f5-094e-44b9-b82c-07f784dc9c18,2026-04-27 21:35:51,Jonathan,49,DE,Для работы,Elementary,20,0
725f6e0d-4b60-445e-b5e8-44a497b1eb0b,2026-06-01 15:07:51,Michelle,23,FR,Для учебы,Intermediate,15,0
11b63a2d-3585-4676-8d76-1698bc19a0b3,2026-04-29 13:36:51,Anthony,32,DE,Для работы,Elementary,120,1
5a21234c-34c1-4549-96e5-29e7e4761894,2026-04-20 22:12:51,William,28,BR,Хобби,Elementary,15,0
97832381-b9b3-4d24-a705-e1bc6bd02b7e,2026-03-27 09:36:51,Andrew,54,DE,Для работы,Elementary,15,0
6e4d228a-4a04-4692-878b-243a2fe1ce54,2026-04-13 10:35:51,Kelli,25,ES,Для путешествий,Beginner,5,0
43c9e281-d09c-42ff-81f8-3fdb81474e3a,2026-05-07 17:34:51,Thomas,20,US,Для учебы,Beginner,15,0
9ab8b476-afcf-488c-85cd-42c32fdb368e,2026-03-07 22:02:51,Roy,41,ES,Для работы,Advanced,30,0
7a272f52-29c0-4c57-91ea-23a3580da99c,2026-03-15 01:24:51,Alicia,18,IT,Для путешествий,Advanced,15,0
9bfec69f-fb94-46a4-8e63-f36d02fa68c7,2026-04-25 00:38:51,Michael,53,DE,Для учебы,Beginner,20,1
148f96b9-848f-4b54-8028-5314f80526eb,2026-03-06 00:41:51,Alexis,37,BR,Хобби,Elementary,90,0
c7ee9f3b-a49e-404a-a738-3636f3aaaa19,2026-03-15 21:15:51,Chloe,50,ES,Для учебы,Elementary,10,0
ea749617-0fbe-48ad-bd88-d756d812e42c,2026-04-01 00:19:51,Courtney,31,ES,Для учебы,Advanced,120,0
c893acbf-4ab4-4fdc-96be-18b2b9179249,2026-04-28 19:35:51,Timothy,26,US,Для учебы,Beginner,45,0
5dc44fa1-d645-40c6-91da-cedc9618cad1,2026-04-15 10:13:51,Gwendolyn,53,ES,Хобби,Intermediate,30,0
15237874-98ac-43de-9cc7-d16f8e392fa2,2026-04-23 10:55:51,Benjamin,19,BR,Хобби,Advanced,120,0
4b5a34ce-3565-4704-95db-d1921613917c,2026-03-29 15:25:51,Justin,31,RU,Хобби,Beginner,15,0
c334819e-a363-4d90-931f-3c76afb8f81d,2026-05-08 09:01:51,Robert,24,US,Для работы,Elementary,15,0
ca666250-32cb-40ae-bb25-45d250541ff3,2026-04-11 22:37:51,Stephen,47,IT,Для путешествий,Intermediate,90,0
1a596b58-978e-4d8a-968d-bf6a5ddd9ec0,2026-05-28 11:13:51,Sheryl,22,DE,Для работы,Beginner,15,0
131bf82d-9395-4a4a-8ebf-09870635106c,2026-03-11 06:57:51,Jacqueline,16,ES,Для путешествий,Beginner,10,0
8f9f3ec9-ac2d-4c8c-a16a-8481a58806cf,2026-04-26 17:04:51,Gregory,35,ES,Хобби,Intermediate,60,1
bbaf5c36-9508-4e02-9eb0-c4fe36f1f30e,2026-03-31 21:08:51,Kerri,39,US,Хобби,Beginner,20,0
2371ca8c-ba46-4d82-91d7-2f85d5de3eaa,2026-03-27 13:24:51,Sean,48,RU,Хобби,Beginner,45,0
2e4b4e68-6e31-429e-8bea-c34a4d9c90b5,2026-05-08 13:30:51,Tyler,28,RU,Для работы,Elementary,90,0
d33c0c05-bbac-4211-9c40-2a398229ecc0,2026-03-13 20:00:51,Troy,30,DE,Для путешествий,Beginner,60,0
ad869426-5a9a-4397-a989-93cb498627bc,2026-04-29 00:01:51,Joshua,28,RU,Для путешествий,Advanced,30,0
878b9bc0-1afe-428a-b418-9399c8c9a28e,2026-04-13 11:54:51,Samantha,39,FR,Хобби,Elementary,45,0
78cc4c38-d460-4f2c-b6be-ce3ab3175e03,2026-05-23 12:09:51,Michael,46,ES,Для путешествий,Beginner,90,0
5298f286-ecb5-47a2-973e-af978fd1f7f7,2026-05-16 05:29:51,Thomas,44,DE,Для путешествий,Intermediate,15,0
ab56c69f-1435-4d20-9c8a-7be3e0927f48,2026-04-14 17:32:51,Brittany,24,BR,Для работы,Intermediate,60,0
08cac00d-47ec-4467-b1e4-83bae8c00970,2026-03-09 17:59:51,Shawn,46,BR,Для путешествий,Advanced,45,0
1b943fb5-d1ea-4712-a8f3-2988aa28f669,2026-05-02 13:36:51,Laurie,52,RU,Для учебы,Advanced,5,0
1439ddc6-3cdb-47c8-b01d-1647c552dc1e,2026-05-26 12:45:51,Theodore,39,IT,Для путешествий,Advanced,15,1
1c5df3f5-838e-4994-b368-c4274da5a483,2026-04-03 11:41:51,Nicholas,29,DE,Хобби,Elementary,20,0
501fd2b1-2c2b-40eb-8049-2a819e585a28,2026-05-14 18:14:51,Kaitlyn,30,IT,Для учебы,Beginner,45,0
cf6d4fe2-1ebe-4888-a743-7071af49f333,2026-03-27 00:43:51,Timothy,49,US,Хобби,Advanced,10,0
dfcd52fc-494c-4a1b-b09a-353e0e235e49,2026-05-14 10:55:51,Krista,38,RU,Хобби,Intermediate,45,0
8d3696b7-b48f-417a-82d6-2abb58222cfb,2026-04-01 07:28:51,David,43,DE,Хобби,Beginner,5,0
027f731c-fd88-4ba5-8881-796fbf3b50ef,2026-05-10 15:05:51,Eduardo,48,FR,Для учебы,Intermediate,5,0
cbe290f7-5be5-409f-bf67-91e1762cc528,2026-03-21 12:04:51,Patricia,49,ES,Для работы,Beginner,45,0
22fc208f-1f0c-45ab-80cb-029661c4db32,2026-04-21 07:51:51,Dean,26,DE,Хобби,Advanced,30,0
c367be70-0b40-4738-bb5a-4daae6556483,2026-03-31 05:57:51,Wayne,25,FR,Хобби,Elementary,60,0
1a5554fd-5ddc-4e77-b1be-42364e9027d5,2026-03-06 21:18:51,Kenneth,49,ES,Хобби,Beginner,10,0
f413139b-731d-43cd-872b-f75e0a8f0a9b,2026-05-08 07:25:51,Zachary,25,BR,Для учебы,Intermediate,20,1
f7e0777b-2200-4025-8594-feb123e7d87e,2026-04-03 12:27:51,David,36,DE,Для работы,Intermediate,90,0
a3ff064b-5c8c-41fe-a68c-4971fbb73a10,2026-03-17 16:31:51,Ryan,33,IT,Хобби,Beginner,5,0
f5baad9b-9919-4b3c-bf18-2deb7ebc9b64,2026-05-08 23:47:51,Crystal,16,ES,Хобби,Advanced,30,1
44c23b57-f895-437f-acc7-e08db65fd8d4,2026-04-15 23:57:51,Cameron,47,IT,Хобби,Beginner,10,0
ef5834b3-9ddf-46c4-b5f0-da4adacbf873,2026-04-02 08:26:51,Jennifer,28,IT,Для работы,Beginner,45,0
b0d99f40-280c-4e84-a691-e0ea7afdeacb,2026-05-12 00:16:51,Tammy,35,DE,Хобби,Advanced,20,0
b63d5a6a-2b79-47a5-a774-70efa63bd181,2026-05-07 09:20:51,Kenneth,36,BR,Для путешествий,Beginner,20,0
82c62793-3faf-4496-b92a-c64ee7244cdd,2026-05-31 15:07:51,John,41,FR,Для учебы,Advanced,60,0
fa497c02-4bf6-4143-a034-8486a867b697,2026-05-12 09:01:51,Keith,51,DE,Для путешествий,Intermediate,60,0
d49e16c1-9f80-4ff8-a3d9-35bc393a26ed,2026-04-22 06:40:51,James,18,ES,Для путешествий,Intermediate,60,1
4912d7db-41b5-4b86-a907-3f696f0793d1,2026-03-13 11:56:51,Arthur,37,ES,Для учебы,Elementary,20,0
7c5d069f-1b50-45b3-a201-1996fd45f106,2026-03-05 14:36:51,Michael,41,RU,Хобби,Advanced,90,0
cc31ed7b-8ee7-4311-a702-60aa68660c69,2026-05-05 06:54:51,Shannon,21,BR,Для путешествий,Intermediate,120,1
a250da1a-ed49-4205-9c56-73d0b1e99421,2026-03-22 13:00:51,Erik,25,ES,Хобби,Intermediate,15,1
1e12fe04-3830-4630-951d-84b9a593cd32,2026-03-27 03:19:51,Taylor,44,FR,Для работы,Beginner,45,0
afaed05e-3a63-4f77-ad79-9ceac498d986,2026-03-17 08:49:51,Gina,47,ES,Для путешествий,Intermediate,15,0
96f664d3-5548-4cd1-9c63-a7566c5a6284,2026-04-21 21:02:51,David,23,DE,Для учебы,Intermediate,45,0
9eff004c-7e9b-4b3f-a4cd-bc3a99354ec6,2026-05-24 17:07:51,Elizabeth,46,DE,Хобби,Elementary,5,0
5bbd99c8-68a5-4c65-8388-c6a350366f80,2026-05-22 12:42:51,Brianna,22,FR,Для работы,Intermediate,5,0
43546358-0704-4497-9b82-2d6595aa1660,2026-05-29 20:34:51,Paul,22,US,Для работы,Elementary,120,1
671abfc9-c9e8-4b17-9d4f-a897423c75e4,2026-03-27 02:51:51,Beth,43,US,Для путешествий,Advanced,120,0
a56e359c-feca-4a07-9f77-3e598c1716e9,2026-05-12 05:45:51,Steven,30,ES,Хобби,Intermediate,15,0
5461f6ca-5bd5-46f2-8563-4520be13bb27,2026-05-05 15:02:51,Rebecca,47,US,Для путешествий,Elementary,20,0
43d4a655-082d-4000-bd73-fa7e3ac3feb1,2026-05-29 10:59:51,Jacqueline,53,RU,Хобби,Intermediate,30,1
5054885a-0439-489b-b1dd-bac7d93cc408,2026-03-16 13:18:51,Rachael,49,BR,Для работы,Intermediate,10,0
6371ed39-32ea-4422-94bc-a334d363564a,2026-06-02 09:55:51,April,49,DE,Хобби,Beginner,5,0
e3f293b0-c333-41d4-9f4f-4c032c1fe68e,2026-03-23 20:45:51,Kristina,48,DE,Для путешествий,Advanced,45,0
91eca285-5ec5-4d88-a75f-75beb542533d,2026-04-23 00:05:51,Gerald,46,US,Хобби,Advanced,10,0
4b95dea7-2e55-4f4b-b44e-74253ac24a1f,2026-03-10 15:22:51,Luis,32,FR,Для учебы,Elementary,20,0
28b3c1da-64c1-4648-9c1f-18cd0f6ef64e,2026-04-08 07:53:51,Meghan,32,US,Для работы,Beginner,45,0
f4d8a742-a8b6-4a61-9f3d-e1569596ebe6,2026-04-19 00:42:51,Karla,39,IT,Для работы,Advanced,45,0
13192e07-2d4c-46a7-a2ef-ee8d48bdb315,2026-05-06 21:33:51,Linda,18,BR,Для работы,Advanced,60,0
3863ea3c-2faf-41ba-9b9a-82e9b770cd13,2026-04-05 09:05:51,Jacqueline,32,BR,Для работы,Elementary,5,1
2d452886-48bb-49a1-9c54-9fa57890409c,2026-05-23 15:25:51,Robert,22,IT,Для учебы,Intermediate,60,0
b0a44a55-8806-43b0-bce8-73d58024fc99,2026-04-09 18:26:51,Christopher,50,BR,Для путешествий,Intermediate,15,0
800d3b84-1bc9-461a-9ba2-b0a6b94527e2,2026-04-04 05:33:51,Joseph,37,FR,Для работы,Beginner,5,0
a992b7cd-0fca-4e95-9477-b278fa86451b,2026-04-03 18:19:51,Jody,24,DE,Для путешествий,Intermediate,120,0
9b1fdef3-5f69-4d0f-958d-e8a01701bef6,2026-05-24 09:28:51,Bobby,24,FR,Для путешествий,Beginner,30,0
d246ab49-c96e-4d02-acd9-d0eb76a3a381,2026-04-18 21:40:51,Keith,19,ES,Для учебы,Beginner,90,0
9f8f22d5-efe9-434b-bdf4-6194595e381b,2026-03-26 19:17:51,Zachary,36,FR,Для учебы,Elementary,120,0
aba23a89-d83d-42fc-8b79-5eba83dbf83f,2026-03-13 19:21:51,Heidi,49,BR,Для путешествий,Advanced,5,0
8959d9d7-230d-4d18-ad3d-71335c413f49,2026-03-15 23:22:51,Jeffrey,49,ES,Для работы,Elementary,15,0
eb17e482-33f1-4c5e-8fe8-d02fc06ec4eb,2026-03-14 06:23:51,Jimmy,29,RU,Для работы,Elementary,120,0
05f4bdce-33d4-45df-b190-a3b412774bd2,2026-03-30 09:38:51,Nicholas,41,IT,Хобби,Intermediate,90,0
3c51f660-ff6d-4330-9129-f926c1638a45,2026-03-17 12:44:51,Jeremy,16,DE,Для работы,Advanced,90,0
da2c8588-400b-4b8d-89c4-4b7fa4151bb7,2026-03-13 22:04:51,Michael,30,IT,Хобби,Beginner,20,0
f13953b7-0da4-4db7-8eae-787e3dbb005c,2026-05-13 01:21:51,Jessica,22,BR,Для путешествий,Intermediate,45,0
b4ebb588-7d0a-4fe5-baf4-c1fecc9a9cb1,2026-03-04 19:41:51,Steven,19,US,Для путешествий,Beginner,15,1
9db53db6-79f3-49f2-a6e3-dcb8992f84f1,2026-03-22 02:46:51,Kathleen,25,ES,Для путешествий,Beginner,20,0
f6008b2c-aea6-40fa-a80b-887326a2f931,2026-03-28 01:39:51,Steven,40,RU,Для путешествий,Advanced,45,0
3fd99327-4bae-4b5b-b282-9a62ddd4960f,2026-05-23 22:39:51,Isaac,36,FR,Хобби,Advanced,90,1
eadde085-8084-47b9-a99a-e6e8cc889116,2026-03-15 12:32:51,Joshua,39,US,Для учебы,Beginner,20,0
f282244e-7023-4af8-b101-c52bdc2fa196,2026-05-29 15:31:51,Taylor,46,DE,Для работы,Intermediate,90,0
4a2b772f-5a2a-4897-80dc-3fd25af4ad2f,2026-03-25 18:17:51,Nathaniel,23,IT,Для путешествий,Elementary,30,0
f8d5a7a4-858d-494c-940c-cb1b45d8c6ab,2026-03-05 16:52:51,Jeffrey,32,BR,Для работы,Elementary,20,0
ae5d22a9-1607-4874-ac47-1d73d5250b4f,2026-04-15 17:24:51,Erica,45,ES,Хобби,Elementary,20,0
27bed81e-8b34-4ed3-8c3b-26a87aa8f188,2026-05-19 16:19:51,Jaclyn,52,FR,Хобби,Advanced,15,0
6eb4ead3-e779-4550-b24c-a1b19968c1dc,2026-04-30 03:16:51,Deanna,33,DE,Для учебы,Beginner,5,0
64d2d855-4fa8-4f15-99e3-09a98ca82312,2026-03-30 04:04:51,Adrian,17,US,Для работы,Elementary,10,1
9c0618b0-0ad4-4aa7-a6d5-df21530d2cc9,2026-05-12 03:57:51,Eric,29,DE,Для учебы,Advanced,90,0
d4b0ed2b-c008-4586-89e5-d8e4e5143aec,2026-05-26 06:25:51,Colton,21,US,Хобби,Advanced,20,0
5c3986ee-b0b7-48a4-b273-2f1952db5a17,2026-04-22 21:46:51,David,20,BR,Для работы,Advanced,120,1
3b82f72e-9b68-45c6-ade4-1e6b15e71c6f,2026-05-17 11:59:51,Robert,36,ES,Хобби,Beginner,5,1
c436db13-8169-402b-951d-363b3e028dd4,2026-03-17 06:08:51,Jaime,54,IT,Для работы,Beginner,10,0
7d22d242-54c4-4cc0-8f83-a5d52b533ce7,2026-05-14 22:55:51,Erika,49,FR,Для работы,Elementary,45,0
56d0cb9a-05be-4ba7-bfab-9aa8b870f7fb,2026-05-15 14:53:51,Brittany,48,BR,Для путешествий,Beginner,10,0
e1e9b677-fe23-4970-b2cd-a9cf31065089,2026-04-10 02:41:51,Anita,42,US,Для путешествий,Intermediate,120,0
91311ed6-c1a0-4e62-bacc-6a2d067f76f8,2026-04-22 22:34:51,Kara,53,DE,Хобби,Advanced,5,0
b382c5b9-e7fa-404d-aace-4b1436f3f9ba,2026-03-08 09:23:51,Tammy,51,IT,Для работы,Beginner,30,0
61673c31-4f96-4d0d-b720-7bea52bf7d52,2026-05-06 17:01:51,Cynthia,51,ES,Для учебы,Intermediate,90,1
ba32573f-77b5-458a-8e73-c1970b2f3037,2026-04-18 06:07:51,Anthony,19,IT,Для учебы,Elementary,10,0
22ac61ef-6cac-42c5-b560-c431297690e8,2026-04-29 19:10:51,Andrea,43,ES,Для работы,Advanced,90,1
c60c33e9-2a39-4dfe-9d2a-ea9524089634,2026-03-20 23:56:51,Kimberly,55,BR,Для учебы,Beginner,20,0
c8157b02-8d70-40bb-ad7f-b397313f05bf,2026-04-08 15:08:51,Christopher,48,BR,Для путешествий,Advanced,45,0
76e24a6b-310d-4d72-83ff-3fe10f6aa95b,2026-04-30 02:53:51,Judith,44,BR,Для учебы,Advanced,60,0
d9a8910f-68fa-4482-8c52-eba46f782d3e,2026-05-18 06:49:51,Brittany,39,RU,Для работы,Intermediate,45,0
2d19a733-3e8e-4caf-badf-fee015ff2a54,2026-03-15 22:55:51,Carrie,51,ES,Для работы,Elementary,10,1
dc4ce180-d488-4431-b227-c89219578e19,2026-05-17 06:55:51,Lisa,40,DE,Для путешествий,Advanced,15,0
37cfd026-10cc-4a32-b4fd-2bbb3095d094,2026-04-09 19:41:51,Katherine,45,IT,Хобби,Elementary,120,0
95e10093-977f-4667-8bc2-4144813b405d,2026-05-23 13:17:51,Erika,27,IT,Для учебы,Intermediate,15,0
4014b9ae-2ba4-4904-8eea-b4e29c3e7d0f,2026-05-26 19:00:51,Chris,50,RU,Для путешествий,Advanced,120,1
a78b4d9b-51c1-4928-a9d0-05a8ec3162ba,2026-03-14 02:53:51,Sandra,20,DE,Для работы,Advanced,20,0
d9ff1c4d-0446-4472-b943-dd485a867201,2026-04-29 11:16:51,Vanessa,25,FR,Хобби,Advanced,60,0
1f761b4d-4231-41c5-b854-a53b217fa088,2026-04-30 23:15:51,Amy,53,IT,Хобби,Intermediate,60,0
2431733e-5ed3-40be-a989-7aeffd26c70f,2026-04-07 17:30:51,Randall,41,BR,Хобби,Beginner,30,0
bf91ab24-5092-4a6f-84b2-7e2332bea532,2026-03-06 01:38:51,John,40,US,Хобби,Advanced,45,0
240904d0-b8eb-4537-a86c-8f685d5a55c0,2026-05-16 22:44:51,Daniel,21,FR,Хобби,Advanced,45,0
9d4cb0f9-5b38-4df2-a255-5d48867c12c8,2026-03-14 02:36:51,Aaron,39,RU,Для учебы,Intermediate,60,0
63ef1732-25dc-4e32-98ce-fb826332d139,2026-04-23 17:55:51,Adam,48,IT,Хобби,Beginner,5,0
97301080-d63e-436b-b78c-e10c17436ebc,2026-03-19 04:51:51,Lisa,45,FR,Хобби,Elementary,10,0
da6656c5-b960-4d0a-8531-049f9260c989,2026-03-27 10:04:51,Ryan,52,BR,Для учебы,Beginner,30,0
701b2d02-6fc6-4954-889c-1abbdebd8e0c,2026-03-21 14:51:51,Lawrence,40,DE,Для учебы,Advanced,5,0
601bc957-1e5f-402f-ae92-76c1dfd0cedf,2026-04-24 14:27:51,Thomas,16,ES,Для учебы,Advanced,15,0
4e70e074-c89f-4977-9bc8-1ff33c1f7c69,2026-05-18 22:51:51,Kelly,50,BR,Для путешествий,Advanced,120,0
1e00b96f-6ee6-4493-a4b7-a00ee2c4837b,2026-05-14 14:26:51,Neil,30,US,Для работы,Elementary,20,0
e659cca5-ece7-496f-aea8-a9f991a20bd8,2026-05-09 03:08:51,Aaron,24,ES,Для работы,Elementary,120,0
e3e6f831-bcd6-485a-9aa7-5dcf3b0d7290,2026-04-23 13:40:51,Tammy,21,RU,Для работы,Intermediate,120,0
64f16271-cb21-4011-9159-c3f36026bcdd,2026-04-25 06:51:51,John,31,BR,Для работы,Intermediate,5,0
76041299-2963-4c97-8f18-58e6907fe9a9,2026-05-02 15:21:51,Tonya,34,US,Для учебы,Intermediate,30,0
bbb8a006-9850-45ad-9002-0fc8dd094118,2026-04-19 22:25:51,Nicholas,53,US,Для путешествий,Beginner,120,0
1332ccee-17a0-4ff8-aba7-e59cc88ea096,2026-03-07 00:30:51,Heidi,55,ES,Для путешествий,Beginner,5,0
e307835b-158b-4562-ac62-4d9b27ca069f,2026-05-25 10:42:51,Juan,47,DE,Для учебы,Beginner,10,0
d9b2334e-c0d3-47cc-9eae-6c8ea29f2967,2026-04-30 06:05:51,Danielle,16,FR,Для учебы,Beginner,15,0
5aa27b8d-517b-4199-8e5e-50123da2066c,2026-03-31 20:48:51,Paul,52,BR,Для работы,Elementary,45,0
fb950d09-76e7-46d2-a93d-775cb55e3864,2026-05-16 01:04:51,Bradley,53,DE,Для путешествий,Elementary,30,0
9d9e68d7-8971-4cf3-8e65-4506689d9c38,2026-03-11 18:11:51,Lisa,17,IT,Для работы,Beginner,120,0
2b24bad4-0ee6-4977-9b2f-04964a898b02,2026-04-03 11:13:51,Elizabeth,30,ES,Для работы,Beginner,30,0
c5320158-25c1-4c8e-a067-bae46bf6b6f5,2026-04-06 04:02:51,Eric,37,IT,Хобби,Elementary,30,0
feb6c215-e1bc-40ef-9a08-d0011c5ca2dc,2026-03-29 03:43:51,Ian,51,BR,Для путешествий,Advanced,10,0
91daaefb-9650-43a9-9596-49054f8015b3,2026-05-09 08:24:51,Jennifer,31,DE,Хобби,Beginner,60,0
37a22ff3-8e8e-45b1-8299-92323e16c221,2026-04-04 09:38:51,Ryan,43,DE,Для учебы,Advanced,20,0
bf39b149-5ce6-49d7-a33d-a728c0dd90f8,2026-05-20 00:04:51,Hannah,36,FR,Для учебы,Beginner,30,0
bfec8fa6-75ac-465d-962d-39e268b9493c,2026-03-30 08:17:51,Vanessa,33,DE,Для путешествий,Advanced,15,0
6e4934e1-1ec6-47f5-a595-f6826ed40da4,2026-03-13 06:52:51,Stephanie,36,US,Для путешествий,Advanced,60,0
dd51679a-97f9-464a-b09d-37583ed8e313,2026-05-07 03:21:51,Tammy,18,FR,Хобби,Elementary,90,0
c1dd442b-cf7c-444d-adcf-ac1c32191a4b,2026-03-27 01:48:51,Shannon,51,ES,Для путешествий,Advanced,120,0
4aa47a26-199e-4c34-b7da-79498760700e,2026-03-19 05:01:51,Alexis,26,US,Для работы,Elementary,15,0
a0004912-e2cd-4e78-aba3-e2ff817c800a,2026-05-10 01:20:51,Justin,36,BR,Хобби,Elementary,5,1
566d1518-c086-4765-bfd1-1b9651804bca,2026-05-02 17:21:51,Daniel,40,BR,Для работы,Intermediate,10,0
dd90e925-8272-4d75-9169-ebf3699793ab,2026-03-26 20:34:51,Shane,55,FR,Для путешествий,Elementary,45,0
4b736159-ce25-46a3-bf4f-bcf64b0ba270,2026-05-01 23:31:51,Robert,55,FR,Для работы,Advanced,90,0
0750139e-1e8d-4882-8981-b6db438bcaca,2026-04-02 15:21:51,Jason,42,US,Хобби,Advanced,10,1
3e588b58-30d6-4243-b9b0-7021d2224703,2026-04-21 07:08:51,Sean,31,BR,Для работы,Advanced,90,0
90c2070d-f661-487b-a4a6-eccb1f1c3600,2026-03-15 06:56:51,Daniel,21,US,Для работы,Beginner,20,0
de137c5a-7a3a-4a77-b8f6-25b7f20a8b0f,2026-03-28 20:39:51,Keith,49,US,Для работы,Intermediate,120,0
12df37db-3c2a-4d45-9d25-70bcccd9b065,2026-05-24 04:59:51,Richard,46,IT,Для учебы,Advanced,20,0
ff5e59d0-ec06-4d70-83b6-ac9fde8bf67c,2026-03-09 02:21:51,Bridget,18,US,Для работы,Intermediate,90,0
69d078c4-46fa-40bc-866d-6a1557a47b27,2026-05-05 18:10:51,Jared,38,DE,Для работы,Beginner,45,0
ce9e9e41-7ecd-4cd0-a893-68c73d545caf,2026-03-26 20:57:51,Krista,50,BR,Для путешествий,Advanced,120,1
3ee5e103-d6b6-4b17-b484-b9a613959afd,2026-04-07 03:10:51,James,29,RU,Для работы,Advanced,5,0
422486f0-79b9-4787-8a94-e5108a6e93a6,2026-03-25 22:37:51,Joseph,37,BR,Для работы,Beginner,90,0
b58cbbd7-42dd-4b44-bb34-1af8e82fadf4,2026-05-05 06:07:51,Tracy,48,BR,Для работы,Elementary,10,0
bf7f64d3-72c5-44cc-b7c9-7006829a3c38,2026-04-07 22:44:51,Tiffany,35,US,Хобби,Beginner,10,0
39167ff7-7371-4626-b6d3-c5e51b148fa9,2026-04-19 18:57:51,Teresa,35,ES,Для путешествий,Beginner,60,0
f04a84cb-1b83-41b6-8321-2c795b6b94f6,2026-04-24 22:14:51,Andres,20,RU,Хобби,Beginner,60,0
9af97f69-544f-436d-82c7-9970e9e53bba,2026-03-08 19:31:51,Diane,36,IT,Для учебы,Intermediate,90,0
eef1f703-e575-4193-bea2-06dba0c9e7b9,2026-03-10 12:55:51,Thomas,41,ES,Для работы,Intermediate,90,0
b57752d0-b5fc-45d2-afb1-c04468bb3484,2026-04-13 18:48:51,Clifford,35,BR,Для учебы,Elementary,15,0
173564d3-72fd-4cc3-b43c-67a3b86f144f,2026-04-22 01:34:51,Adrian,19,US,Для работы,Elementary,120,0
bcbcbad8-38de-4cd9-b9db-6688d807348b,2026-03-18 20:58:51,Christine,35,DE,Хобби,Elementary,15,0
4b776c06-2767-4691-a90a-432aa8d6d76b,2026-04-18 21:36:51,Caitlyn,44,IT,Для учебы,Beginner,10,0
637ce726-8582-417c-80b1-2d3f9b94c459,2026-04-23 13:01:51,Sarah,41,IT,Хобби,Elementary,5,1
29b2d37e-e9b2-46fa-8a18-6a8c01a57e4b,2026-03-09 01:25:51,Jill,37,FR,Для путешествий,Advanced,10,0
41a42ae6-0549-4a44-9b02-0bed6902be8b,2026-04-10 18:15:51,Rhonda,41,US,Для учебы,Advanced,45,0
80aa2f79-693b-465a-84a8-bca7c6a46493,2026-03-04 12:18:51,Cynthia,42,ES,Для работы,Intermediate,30,0
b8399aff-9ca1-4d96-8da7-40c370fc38dd,2026-04-05 08:29:51,Robert,42,US,Для путешествий,Beginner,5,1
603cca6f-f49c-48c0-a56d-d1e67e96d5b3,2026-04-26 16:23:51,Sandra,48,IT,Для учебы,Advanced,10,0
e9417326-011a-409f-8020-b9a4b5c2bb20,2026-03-21 11:59:51,Anna,37,IT,Для путешествий,Advanced,45,0
57936bf2-e28d-467e-9777-efcd58493c61,2026-03-15 22:56:51,Eileen,22,RU,Для работы,Advanced,120,0
69946c0e-cf93-4294-afa8-4556a10737c9,2026-03-26 11:50:51,Jaclyn,38,BR,Для путешествий,Intermediate,15,0
4ade648c-71ff-4d16-8553-d2aa6e5c93e6,2026-03-19 19:41:51,Lisa,17,FR,Для учебы,Elementary,60,0
f37b5f7c-ed60-4dbd-96cf-11c240b3bfdd,2026-03-08 03:22:51,Sarah,30,RU,Для путешествий,Intermediate,120,1
f8123b52-d547-4e73-9bfc-91f6bf9961ed,2026-04-11 23:25:51,Sylvia,44,US,Для учебы,Elementary,90,1
d52a07fc-bc25-4774-b792-6d09e6263bc2,2026-04-28 03:19:51,Steven,28,DE,Хобби,Intermediate,10,0
df434dcf-6035-4dc7-bd1a-50059e84f121,2026-05-13 13:43:51,Cindy,48,ES,Для работы,Beginner,15,0
47969a1c-5e26-4b95-b34e-0815b6055162,2026-03-28 23:49:51,Nina,39,ES,Для работы,Advanced,10,1
1d79a751-2914-4897-91d9-b4c55a3bcbb6,2026-06-02 02:36:51,Ian,47,FR,Хобби,Beginner,10,0
24807731-2ca6-4117-b216-1b503327afaa,2026-04-26 16:33:51,Joshua,44,US,Хобби,Beginner,120,1
65bf8a57-249c-4e43-9163-48451de8ef64,2026-03-28 04:19:51,Jason,50,ES,Для путешествий,Elementary,30,0
9383a78a-2d93-4b5f-b87e-de920756b855,2026-05-23 16:20:51,Tommy,24,ES,Для путешествий,Intermediate,90,0
df3478eb-9707-409f-ba79-6bb95d45d055,2026-03-06 18:52:51,Marcus,47,ES,Для учебы,Beginner,15,0
102411fc-72cc-42bd-91ff-c7c7ddea247f,2026-03-21 15:47:51,Matthew,45,DE,Для работы,Intermediate,5,0
75b0ebd8-b627-4914-9ec7-8629e0ee535a,2026-03-09 20:57:51,Robert,27,DE,Для путешествий,Beginner,15,0
eb3e3dd3-88fa-4da6-8cda-b172bdf91bf4,2026-03-21 19:03:51,Megan,48,US,Хобби,Elementary,120,1
3c8777a8-8621-40aa-a1f2-ec9ee3b65511,2026-03-12 09:33:51,Tony,28,IT,Для путешествий,Intermediate,5,0
862d628a-b867-4492-9a78-9f32a03bb092,2026-03-28 16:38:51,Cynthia,29,RU,Для путешествий,Intermediate,45,0
9529ae38-cff3-45e2-9d4d-ea3d316cfd91,2026-05-09 23:47:51,Deborah,38,RU,Для путешествий,Beginner,15,0
14989235-cfd2-42eb-8bba-74f29ff32b27,2026-04-16 22:50:51,Dennis,25,ES,Хобби,Beginner,120,0
0f5b137f-12da-4026-906e-00b60fdc241f,2026-03-12 04:54:51,David,44,IT,Для путешествий,Elementary,30,1
cddb85db-5ff6-4170-9d1d-ef8fdf8e16ed,2026-04-02 00:10:51,William,17,BR,Для работы,Advanced,10,0
1c37f044-2ffe-411c-be1c-8069e062de90,2026-03-22 03:25:51,Deborah,19,RU,Для путешествий,Elementary,5,1
19d88bcf-c2a8-44f9-b7c7-ebef767dc998,2026-05-12 06:23:51,Mark,51,RU,Для учебы,Beginner,5,0
babd5745-4e18-4238-964f-b87f1d1cade7,2026-04-18 04:21:51,Amanda,38,FR,Для путешествий,Intermediate,5,1
93ab2396-fceb-4ad0-91ff-ad6dd07fb207,2026-03-26 03:24:51,Peter,18,IT,Для работы,Elementary,60,0
8dc0d9c3-9513-4754-a3f0-ef7b027a0c3c,2026-06-02 00:21:51,David,30,FR,Для работы,Elementary,30,0
5e22f7a9-5022-4b38-82a0-04704a96b49a,2026-04-05 12:39:51,Juan,37,ES,Для путешествий,Intermediate,15,0
d0d0a47f-9ee8-48f7-ab09-1c3d0a90f306,2026-03-27 05:22:51,David,19,IT,Для работы,Advanced,120,0
99229c63-b3ca-4af9-b3e9-156afbcbc809,2026-04-20 15:30:51,Thomas,37,IT,Для работы,Elementary,30,0
de441e9c-bfbd-4a88-a104-5b175910e479,2026-03-23 23:52:51,Michael,38,IT,Для путешествий,Advanced,20,0
f7db1278-84b2-4ca5-bd9a-8e7ffa782409,2026-04-25 11:41:51,Heather,22,RU,Для путешествий,Elementary,120,0
8d302e2c-ecb0-4e41-8c47-1efdf8bbc427,2026-03-31 09:45:51,Charles,33,RU,Для учебы,Beginner,90,0
7953364c-ef49-4062-befb-34ac77a1a619,2026-04-26 17:30:51,Katherine,24,RU,Для работы,Elementary,15,0
9d0d02b8-2430-4f53-9239-eef02582145c,2026-05-23 13:18:51,Peter,36,ES,Для учебы,Beginner,5,0
bdac9f53-19d2-4f5c-bc5f-35b6fcbc06e9,2026-05-13 22:56:51,Amy,19,IT,Хобби,Elementary,15,0
ced4de6d-6eaa-4d6e-9656-2d73b3e3bc27,2026-03-26 10:58:51,Hailey,26,DE,Хобби,Advanced,20,0
e3bc4aaa-ec32-473a-913e-287e4f5af5f1,2026-04-25 17:40:51,Kayla,39,BR,Хобби,Beginner,90,0
5ed04b64-a678-4af9-a04e-cbfee544dcca,2026-03-18 00:29:51,Rebecca,25,US,Для работы,Advanced,15,0
93841417-b7f9-4b1c-a041-6cf80a4532aa,2026-04-14 02:43:51,Daniel,53,DE,Хобби,Beginner,90,0
18bd3470-491c-4af0-88c1-e2a54e0f1763,2026-03-04 17:39:51,Lynn,40,FR,Для работы,Elementary,30,0
210773a4-572f-4083-9b05-e1430bf21f09,2026-04-14 06:25:51,Kathryn,32,US,Для путешествий,Beginner,30,0
dc33f9bf-f03b-4877-bd76-2e2eebed9f1d,2026-05-07 22:53:51,Haley,40,BR,Для путешествий,Advanced,90,0
b22371a7-5714-465b-b9fa-b3fdbe9c1a09,2026-04-15 00:46:51,Jason,54,US,Для работы,Elementary,10,1
7df744e9-1abd-4720-b68e-5f685bbf7699,2026-05-23 00:49:51,Linda,18,DE,Для работы,Beginner,30,0
a43120c9-8eba-4750-aa0d-8d0a67dd0ff4,2026-05-20 22:59:51,Eric,26,RU,Для учебы,Beginner,15,0
a8a95115-fa6d-477f-becb-1ebdc3a33b1c,2026-05-14 00:08:51,Joy,22,BR,Для работы,Elementary,30,0
4705f32a-0ab5-4ad9-9067-f40339306f73,2026-04-23 05:18:51,Maria,18,ES,Для путешествий,Elementary,10,0
70837d70-0e37-4e92-b51f-6d5baf42e2e9,2026-03-14 08:03:51,Blake,16,RU,Для учебы,Advanced,45,0
5c090bc4-e384-4d00-a696-0d81d1b20458,2026-04-28 06:23:51,Kristine,39,ES,Для учебы,Advanced,5,0
f6a7038f-a42f-4557-bea1-7c751400df54,2026-04-19 20:31:51,Keith,49,FR,Для путешествий,Advanced,90,1
4ad7275a-ca8f-430e-95e3-46a97d9711af,2026-04-16 23:12:51,Edward,49,ES,Хобби,Elementary,120,0
59ab1ec0-f01e-44bb-b3d6-c337dff09ac0,2026-04-29 04:14:51,Deborah,52,BR,Для учебы,Beginner,90,0
af68c5ba-a904-48dc-9415-808cc9ab5730,2026-03-12 04:15:51,Angel,21,ES,Для учебы,Advanced,120,0
2c8fd58f-6a6e-45fb-ab10-add6abd54183,2026-04-04 19:42:51,Laura,24,RU,Для учебы,Beginner,10,0
19cd046e-b3a3-4762-b673-3924bc51ba7f,2026-05-09 01:07:51,James,29,DE,Для путешествий,Advanced,20,0
ff778fef-46dd-4d1c-9608-be8ddac1f52d,2026-04-27 11:59:51,Nicole,38,US,Для учебы,Beginner,20,0
80517607-2248-43d7-8f24-0253e735eb73,2026-03-05 01:37:51,Thomas,39,BR,Для путешествий,Intermediate,60,1
c4418773-2f8d-4b36-98ba-7b9cee4bd6d0,2026-06-01 18:09:51,Raymond,52,RU,Для работы,Beginner,45,0
5651c88e-b272-47f5-ac64-58616bde8a96,2026-04-10 06:01:51,Angela,18,ES,Хобби,Advanced,15,0
16919efc-8e9a-4aba-b508-70ae947e5057,2026-03-10 11:18:51,Peter,36,RU,Для путешествий,Beginner,20,0
78613194-50c1-4a23-8071-6ac487007a09,2026-03-21 19:12:51,Alexandra,26,FR,Для работы,Advanced,60,0
b1692e33-71bc-454e-b31d-013de455e02c,2026-05-31 02:45:51,Daniel,24,ES,Для работы,Intermediate,120,1
375f870c-b07b-4c32-933e-3b569751e5aa,2026-03-15 16:19:51,Allison,51,DE,Для учебы,Elementary,10,0
6d5503a8-211b-4867-b071-272b36f866ba,2026-05-24 01:12:51,Jaime,37,IT,Для учебы,Advanced,20,1
cee9a59e-ec38-40cc-81eb-a4f1fa861f2d,2026-05-13 17:07:51,Katherine,21,ES,Для путешествий,Beginner,5,0
866413c6-1dfe-41e9-ad94-4546bbab5f6e,2026-04-29 05:23:51,Stephanie,42,IT,Для учебы,Intermediate,60,1
31b85f37-e434-4880-be80-b1a97576342d,2026-03-08 09:04:51,Crystal,26,BR,Хобби,Beginner,45,0
2ff42f92-5894-4c6e-9f7f-b0f9299add82,2026-04-08 05:04:51,Colin,42,DE,Для учебы,Beginner,15,0
6fe4707a-3e7f-4d7e-be53-a83cf461d521,2026-05-28 05:22:51,Abigail,19,BR,Для учебы,Elementary,10,0
7c49b366-fc21-4767-aa5a-a0a69e5ba7e2,2026-05-02 19:09:51,Christopher,37,US,Для работы,Elementary,60,0
ce66ef61-d1d9-44cb-8136-e0719ec14afe,2026-03-07 01:00:51,Michael,26,RU,Для путешествий,Elementary,5,0
b657bd92-198b-4e2c-baaf-20e179ffe315,2026-04-07 00:19:51,Andrew,39,RU,Для учебы,Beginner,10,0
e3669408-6d2b-401e-8865-79056034cee0,2026-04-04 08:38:51,Christine,32,BR,Для путешествий,Intermediate,10,0
5aa1d5ea-40f7-42f4-a6e9-38eee96631cf,2026-03-17 06:58:51,Kendra,38,FR,Для работы,Advanced,45,0
6567108d-6282-470c-8a27-38cfce1808b6,2026-04-18 04:00:51,Michael,47,BR,Для путешествий,Beginner,20,1
33bf32b4-154e-4d7b-ab5e-12ad2fb67b78,2026-03-25 21:22:51,Mary,34,BR,Для работы,Beginner,30,1
a07320f6-58c6-4bda-a256-935ade7b1ab6,2026-03-05 21:33:51,Justin,55,US,Хобби,Advanced,120,0
1ecc2789-2170-49a8-b067-204d70b1b33e,2026-05-29 07:59:51,Brian,32,RU,Для учебы,Beginner,30,0
89095db9-c76e-42bf-81d7-98d0f22d9076,2026-05-15 08:47:51,Melissa,30,ES,Для учебы,Intermediate,20,1
2489aeff-a12f-4e08-9813-e578d852cba9,2026-03-15 16:41:51,Russell,30,ES,Для работы,Advanced,30,0
e66f9b3c-6dc6-4cab-8dae-814b57c5ebef,2026-04-15 23:18:51,Randy,23,US,Для работы,Elementary,30,0
b16c5251-9602-498e-8d2c-545c142c44ed,2026-03-08 12:50:51,Dalton,22,RU,Для учебы,Elementary,20,0
5e81a9a7-910d-40df-9c5c-35b63aeedde3,2026-05-24 01:25:51,Stephanie,36,DE,Для работы,Elementary,120,0
29a145eb-12d6-4992-a2ce-09a7db849216,2026-03-14 19:49:51,Kathy,55,RU,Для работы,Advanced,60,0
96901ca5-c469-49e5-99d5-2641f179e641,2026-05-11 05:10:51,Margaret,21,US,Для учебы,Intermediate,15,0
8c95151d-7a3e-40e1-ab07-c799d6e96ef2,2026-04-14 12:12:51,Nicholas,37,IT,Хобби,Intermediate,5,0
ea02bb99-ec93-427a-a0a1-2ba57a61ef00,2026-03-29 09:16:51,Carrie,25,FR,Для путешествий,Elementary,5,0
65611683-d05b-48f8-b08d-1fc9594dcc98,2026-05-28 00:02:51,Phillip,54,ES,Для работы,Beginner,45,0
1e6b0718-c939-46ad-b6af-040c2a1e6eb4,2026-05-14 16:06:51,Rachel,22,US,Для работы,Intermediate,90,0
70e06fa0-7cf1-40cd-87e4-4bfa4c91e330,2026-05-03 09:26:51,Alice,28,IT,Для путешествий,Beginner,20,1
6a7d19f6-10a9-48d8-9101-c845c98ee5dd,2026-03-06 17:33:51,Patricia,25,RU,Хобби,Beginner,20,0
d057e76a-1876-421e-b855-c1bf365f187c,2026-05-14 23:35:51,Rachel,55,BR,Для учебы,Elementary,60,0
00b0511f-8b33-4c65-8cff-905793209e89,2026-04-08 02:03:51,Tammy,36,ES,Для работы,Intermediate,30,0
9215c3e8-94fb-4908-9695-1e053350849a,2026-04-22 04:33:51,Lisa,24,US,Для путешествий,Beginner,30,0
82ea143d-efe9-4d25-93a2-52acbbee8827,2026-03-21 07:52:51,Christopher,41,IT,Для путешествий,Elementary,10,0
212d9730-2af7-4bb5-86e2-501a26a43aa8,2026-06-01 15:04:51,Robert,27,ES,Для учебы,Elementary,60,0
251c7993-f3ea-4c45-9cc4-9883bb0216b5,2026-05-23 16:14:51,Joshua,32,IT,Для путешествий,Advanced,10,1
9a2b852f-9d5b-4cc1-846f-a53bc1301b7e,2026-04-29 15:21:51,Kevin,30,RU,Для работы,Intermediate,30,1
32b8d4e6-d89e-4dc6-ac9c-3aae2125c924,2026-03-30 06:28:51,Deborah,33,FR,Хобби,Beginner,15,1
a2b41f34-015f-4c9b-95db-a467ccc55f73,2026-03-10 17:03:51,Paula,51,FR,Для путешествий,Advanced,10,0
69301e39-e857-4fff-9fa3-346aa1214daf,2026-03-10 09:02:51,Susan,24,DE,Для работы,Elementary,20,0
c3ff2710-ec33-401d-81f3-ec12a066210b,2026-03-31 00:12:51,Timothy,26,ES,Хобби,Advanced,60,0
30242c6b-60a0-4596-84ee-2da68db8e43b,2026-05-20 10:04:51,Amber,34,US,Для путешествий,Intermediate,30,0
1fa343bf-3d54-4a0a-8c78-ba1b14f096c2,2026-05-14 22:18:51,Gary,22,RU,Хобби,Beginner,45,0
1879b5fb-ed57-4ae7-90ee-ae0f5dd57934,2026-06-02 03:55:51,Jennifer,30,BR,Для учебы,Elementary,30,0
d5365a46-465e-4e79-ada9-8a8190b757d2,2026-03-24 20:10:51,Wesley,42,ES,Для работы,Beginner,30,0
930565ff-4116-4734-8bec-017a2406618b,2026-05-11 05:02:51,Diana,44,FR,Хобби,Intermediate,120,0
7ec9a5d7-3b7c-4b00-a3f2-de0d7cd8e881,2026-04-15 03:18:51,Eric,38,ES,Для учебы,Intermediate,20,0
8ce92220-8442-4479-a64d-645137640286,2026-05-19 00:27:51,Kenneth,46,FR,Для работы,Advanced,60,1
ff5d517e-5995-4ad1-921d-71fc29a1db8b,2026-04-17 02:24:51,William,30,BR,Для учебы,Advanced,60,1
7bd6513b-3396-4102-8321-ce3eb5857880,2026-05-18 12:30:51,Wesley,48,DE,Для работы,Elementary,20,0
3713ccd5-5cc4-4806-bf85-c17634481598,2026-03-25 09:02:51,Dawn,44,BR,Для учебы,Beginner,60,0
ec8fb2e4-6fb0-44a7-8400-a5d6038e5c1d,2026-03-23 21:21:51,Joshua,25,BR,Хобби,Elementary,60,0
542263fe-c700-4a2b-9426-27897a39cb48,2026-04-27 00:46:51,Kenneth,42,IT,Для учебы,Beginner,30,0
01c7b105-0aea-4f85-9af7-0f9ad04a8c9b,2026-05-02 06:57:51,Jacqueline,51,ES,Для работы,Beginner,120,0
246dc7f8-9ede-4b79-8915-5b21fa844a82,2026-05-15 11:49:51,Mike,16,DE,Для работы,Intermediate,60,0
145364c7-cb69-4183-b32a-a9242c8edc89,2026-05-03 16:30:51,Katherine,26,DE,Для работы,Elementary,10,0
ea074bdf-3475-40e6-91c8-b293caa8dd19,2026-03-04 17:41:51,Nicole,16,ES,Хобби,Advanced,5,0
d944da8c-f87a-4de5-ad1c-c776495f5c43,2026-04-03 05:49:51,Matthew,42,DE,Для учебы,Intermediate,120,0
e42130a5-ba7a-4e7c-b5f2-6328b7147d6a,2026-03-11 20:53:51,Anthony,25,DE,Для учебы,Beginner,90,0
e4228400-ca75-4f4c-9419-e0c3f6cb9475,2026-03-15 04:59:51,Chelsea,42,ES,Хобби,Advanced,120,0
42d20996-8b61-43ac-85f1-846e60496b8c,2026-06-01 18:59:51,Tina,24,IT,Хобби,Elementary,60,0
63dee717-e6fa-498b-adfe-1c687f30db33,2026-03-26 06:10:51,Alexander,22,IT,Для работы,Advanced,60,0
4e4e7cee-e24c-4da7-adab-8494d103dd72,2026-05-02 05:42:51,Tracy,27,DE,Для путешествий,Intermediate,15,0
b1346058-0081-4764-b953-be8d656a86b4,2026-03-25 21:24:51,Sylvia,54,RU,Для путешествий,Beginner,10,0
a16b30f2-2b2e-4bc9-91b1-9f4432383f4c,2026-03-22 17:50:51,Mary,41,US,Хобби,Advanced,120,0
51b8c608-064d-4ffd-a6d6-cf42ebbf84f5,2026-05-02 07:27:51,Holly,19,RU,Для путешествий,Intermediate,120,0
2fba60fd-36f3-4b44-ab23-00b7c5fe9d02,2026-05-07 17:57:51,Keith,34,IT,Для учебы,Beginner,5,0
fa4125a5-645d-4305-80b9-c79bf2b2b0f1,2026-04-20 04:14:51,Caitlyn,40,ES,Для путешествий,Elementary,10,0
30ec4de9-b989-468f-933a-7b684f63232e,2026-04-29 20:15:51,Katie,35,IT,Для учебы,Intermediate,10,0
d538e00c-87c0-42ce-bf01-66b4d08b0e11,2026-05-08 15:34:51,Cindy,39,IT,Для работы,Advanced,20,0
ca76b5df-7d9e-4081-a3f0-3df241bf4331,2026-05-07 23:13:51,Joseph,46,DE,Хобби,Beginner,10,0
9514d8a8-2963-485c-9d71-09fb5bf6ec7d,2026-04-11 13:36:51,Caitlyn,36,RU,Для путешествий,Beginner,20,1
6153a470-839c-4e64-88fd-0a4492043fe8,2026-03-06 17:41:51,Erica,39,ES,Для работы,Intermediate,15,0
09776174-cae3-43a5-9b71-e94254bf0629,2026-03-13 06:32:51,Jeffrey,50,RU,Для путешествий,Beginner,120,0
a577f26c-9bee-4984-b9c3-91adc87f11b1,2026-03-08 21:41:51,Patrick,44,ES,Для работы,Advanced,30,0
38c0c0d8-9348-4af6-8297-4464a2fc7789,2026-05-30 06:21:51,Paul,18,IT,Для учебы,Elementary,10,0
5d198ea9-26f9-4b46-8974-0a2b2268965a,2026-03-04 17:08:51,Brian,48,FR,Для работы,Intermediate,10,1
4d15b418-2f2e-4ad0-afbd-de764aa9267c,2026-05-06 10:36:51,Christopher,23,ES,Для путешествий,Elementary,45,0
5586ddd6-ae69-4488-b965-5924bbb73e49,2026-05-30 04:13:51,Toni,45,FR,Для путешествий,Intermediate,30,0
4d3b014c-12fc-4013-bf6f-48ea654fe23f,2026-05-18 03:01:51,Amanda,27,US,Хобби,Advanced,15,0
340db564-cf95-4f84-a8a4-8bab88f586de,2026-03-25 04:07:51,Ray,46,RU,Для учебы,Beginner,5,0
00e66884-3753-4aeb-9c9b-f701ceb4458e,2026-03-14 00:54:51,Tracy,26,ES,Хобби,Intermediate,5,0
4930836a-dbd7-416d-bcb0-0ed20589fab4,2026-03-10 10:30:51,Matthew,52,RU,Для учебы,Intermediate,60,0
21d88467-bc91-46da-9513-f3565ba1df9f,2026-03-27 10:29:51,Christian,47,RU,Для путешествий,Intermediate,60,0
c14d86f6-1d98-440a-ae7a-ac793a17fc19,2026-04-22 06:47:51,Nancy,25,FR,Для путешествий,Beginner,30,0
82bede43-5a3b-47a6-b078-f6a7f5d5ba82,2026-05-29 01:13:51,David,40,BR,Для работы,Intermediate,120,0
fccb6ab9-d6c4-486f-b595-456aa27b4645,2026-03-19 10:10:51,John,23,DE,Хобби,Advanced,45,0
a6d23a4f-c746-4aba-bf9e-9b56f469cd1b,2026-03-09 21:22:51,Scott,52,ES,Для учебы,Advanced,60,0
0a6d16e2-46cd-49a3-9b83-37f1ff0ec0ec,2026-03-12 16:58:51,Julie,39,IT,Хобби,Advanced,5,0
9fd4e40e-fa2e-4fe6-ae3e-dcd2cb17e134,2026-03-09 00:13:51,Phillip,24,FR,Хобби,Intermediate,20,0
2fb4267b-b75c-4560-b403-30949791858d,2026-03-22 15:06:51,Katherine,43,ES,Хобби,Advanced,10,0
6ee3f228-55e2-4a49-8a18-21a9fc1c305c,2026-05-02 21:44:51,Michael,39,FR,Для путешествий,Beginner,45,0
45ae59d2-1049-4138-923e-22e69eecf630,2026-03-27 04:58:51,Cynthia,20,DE,Для путешествий,Advanced,30,0
f0f37829-e283-4fe5-9cc6-f433fccf475e,2026-04-22 09:49:51,Katherine,47,FR,Для работы,Intermediate,120,0
aaa22dba-49d3-43b2-b48c-bdb98f766a5e,2026-03-13 11:17:51,Stacie,16,FR,Для учебы,Beginner,60,0
01a02b1d-4112-4588-a7af-17dcecbacde1,2026-04-15 17:34:51,Desiree,49,US,Для путешествий,Intermediate,15,0
19b1b9b2-cf10-4e5a-8867-c9eee5057219,2026-04-15 09:13:51,Ann,22,FR,Для работы,Advanced,5,0
6c0aaac2-bd05-497d-8d06-854299e26d24,2026-05-04 00:41:51,Peter,34,DE,Хобби,Intermediate,120,1
1b21ea16-15a4-47c9-912c-d4eabadf8b23,2026-03-06 12:34:51,Sharon,38,DE,Для работы,Intermediate,60,0
f43f137a-5847-4878-99b4-d62ec1506986,2026-05-14 16:55:51,Mark,25,ES,Для работы,Elementary,60,0
9bff3b88-8c21-489b-a84f-0ca534c6d5bb,2026-03-19 07:20:51,Mallory,51,DE,Хобби,Elementary,120,0
08b20871-5448-4e68-b7f3-187b2256d977,2026-06-02 09:43:51,Melissa,55,FR,Для учебы,Advanced,10,0
77b20098-9c64-4b4a-9563-50d3a0a0ad0d,2026-03-12 01:33:51,Jeremy,21,DE,Для учебы,Elementary,15,0
2d35d8f1-6fa4-4733-93f7-e2f5aef7c497,2026-04-14 10:37:51,Andrea,54,FR,Для работы,Elementary,10,0
29013b10-a0b6-4277-baee-be5347c60a72,2026-04-08 00:22:51,Mikayla,51,IT,Для учебы,Beginner,5,0
2c019ee4-75fb-4c98-8282-8bd58d9313eb,2026-04-14 08:49:51,Andrea,19,ES,Для путешествий,Beginner,30,0
57a66e57-ffe9-4faa-bb65-d344ba986755,2026-05-13 00:03:51,Jasmine,43,FR,Для путешествий,Beginner,60,0
26cbf4d1-ef5e-4b79-956e-7dfc73cb5d9a,2026-04-26 17:21:51,Amy,20,BR,Хобби,Intermediate,5,0
2758bee2-07cb-45e4-9c54-81ce132db979,2026-04-29 00:35:51,Ryan,26,IT,Для работы,Advanced,5,0
1f11b8bc-a219-42dd-86f3-2353b0b54f3f,2026-06-02 04:35:51,Jermaine,46,DE,Для путешествий,Advanced,30,0
bc23a7da-f288-4691-935a-e7a0df89cce2,2026-04-18 04:08:51,Brandi,42,BR,Для путешествий,Elementary,10,0
1fc50a46-97e6-479c-bc7b-66b298594100,2026-03-06 08:23:51,Jeffrey,32,ES,Для учебы,Advanced,60,0
505cbc15-b37b-4285-a5a0-72ccffb2352c,2026-03-19 12:26:51,Samantha,18,FR,Для учебы,Advanced,30,0
fe11f585-ca5b-425f-a694-8d6cc83245b4,2026-03-04 15:19:51,Jennifer,28,RU,Для работы,Beginner,5,0
8749e329-8a4b-47f0-ae88-effb216c0da6,2026-03-20 18:39:51,Scott,32,DE,Для учебы,Beginner,10,0
e1f3b671-fed7-4848-962d-730d154566da,2026-05-29 23:33:51,Adrian,25,FR,Для учебы,Advanced,90,0
b62a7468-71fa-4cee-9a51-39244071f6a8,2026-04-27 02:50:51,Janet,39,IT,Хобби,Advanced,30,0
def21496-49ad-4a77-ac3d-bdefb478d0ea,2026-04-27 13:39:51,Tina,35,ES,Хобби,Intermediate,120,0
b61c164f-42b2-4747-91a2-47be001c0d97,2026-05-06 23:34:51,Ashley,51,RU,Хобби,Intermediate,60,0
f246579c-92f1-46b3-a8e8-c2970ef411e3,2026-05-02 02:51:51,Lauren,24,BR,Для путешествий,Elementary,60,0
12074f4a-6f10-4806-b590-55fd23b4fbc9,2026-04-19 06:45:51,Michael,50,IT,Для путешествий,Beginner,60,0
894e63a0-f05d-4bbc-9062-75fa8b43c71f,2026-05-09 09:26:51,Alicia,24,IT,Хобби,Intermediate,60,0
ffba2c41-7958-4af5-8acf-0cb4fc76c04d,2026-04-18 10:28:51,Tonya,51,RU,Для путешествий,Elementary,20,1
feb9a704-1603-4181-acaa-51adc023fe30,2026-05-23 13:10:51,John,46,IT,Для путешествий,Elementary,45,0
1ca3d4cd-de4f-4531-8e4d-e236fa73332d,2026-04-05 10:39:51,Andrew,53,RU,Хобби,Intermediate,5,1
b0f873c2-a357-414a-aeb6-16d5516c0b82,2026-04-14 08:31:51,Derek,25,DE,Для работы,Elementary,20,0
d1b485e8-807b-4bb8-a02a-ea1435f277ef,2026-04-05 09:46:51,Sara,47,US,Хобби,Advanced,10,0
a2ee05c5-6586-4872-bd65-a4d625bd4181,2026-05-13 01:47:51,Alex,19,ES,Для путешествий,Advanced,20,0
29889209-cabf-4124-9148-25c86e273906,2026-05-04 02:29:51,Justin,26,BR,Для учебы,Intermediate,5,0
74217286-d79f-4055-a02f-3f45ba683164,2026-04-11 17:36:51,Mark,48,ES,Для работы,Intermediate,30,0
1fdf20e6-f954-437c-8fde-d2af1cf5e552,2026-04-11 00:22:51,Sara,28,US,Для учебы,Elementary,90,0
e81b30aa-48b2-4c3d-aa29-df0fd2c3d7d0,2026-05-22 05:06:51,Julie,33,RU,Хобби,Intermediate,5,0
2cbe1ae7-cdf3-4485-a47e-c6a72f64e7d5,2026-04-06 09:44:51,John,55,ES,Хобби,Beginner,120,0
3206367f-d4db-46a2-bb45-b9285051bfd9,2026-03-31 13:21:51,Sarah,17,ES,Для путешествий,Beginner,120,0
16327f47-470c-4f62-a8a6-32a5b3a7ec1c,2026-04-26 00:16:51,Brenda,40,IT,Для учебы,Beginner,60,0
419bea54-757c-4ab7-a49d-0aa551893c53,2026-03-21 16:47:51,Jordan,44,ES,Хобби,Advanced,20,0
886ed895-d224-45e2-89ce-92032887d704,2026-03-18 01:11:51,Dawn,51,FR,Для учебы,Intermediate,30,0
c844e86c-848b-4c98-a7c2-ae1e13a5dad7,2026-05-28 19:46:51,Micheal,17,RU,Для путешествий,Elementary,90,0
e3dfec0b-59df-4168-bf8c-321d29217f5e,2026-03-26 13:50:51,Daniel,46,RU,Хобби,Beginner,90,0
297883f4-17f3-4d72-bd2a-ce9c5df1692c,2026-04-25 22:16:51,Tyler,51,DE,Хобби,Elementary,15,0
6077fd37-28b4-4330-be2d-e9006a805c61,2026-04-03 22:55:51,Hannah,30,ES,Для путешествий,Intermediate,45,0
60e88ae1-e575-4b86-81a8-9c4e555e6099,2026-04-28 21:28:51,John,33,ES,Для учебы,Intermediate,90,0
0994e32f-ad09-4c73-b632-041d8149668f,2026-04-08 18:27:51,Christopher,25,FR,Для путешествий,Elementary,30,0
20c94ff7-6c11-4d5e-816e-02f3c3d6a24f,2026-05-26 05:52:51,Taylor,21,IT,Для учебы,Intermediate,15,0
3335f43d-c678-4411-ad19-9895a480df1c,2026-04-19 20:59:51,James,53,US,Хобби,Intermediate,90,0
aa20d248-e9d7-4feb-8e62-e7ca075a0600,2026-04-23 14:59:51,James,55,RU,Для работы,Elementary,120,0
4d9fce02-3755-47ad-8b13-684bddec22d6,2026-04-01 23:28:51,John,40,BR,Хобби,Beginner,30,1
4917e22d-dd6d-4286-9ada-8aa46c873f14,2026-05-10 14:46:51,Justin,32,BR,Для путешествий,Elementary,20,0
16bb9e48-a47d-4840-ab1e-9bad9ae5dff1,2026-05-21 20:05:51,Lauren,37,FR,Для путешествий,Advanced,120,0
3a9c6da3-18a7-46bc-ac8c-03231cb25722,2026-04-30 06:09:51,Kevin,37,DE,Хобби,Advanced,5,0
fd60cb9f-9d8d-440e-a82e-a4cf68600f33,2026-03-10 20:24:51,Michelle,37,ES,Для работы,Beginner,120,0
be19b83d-b880-4c2c-a2e0-39492db755ef,2026-05-07 04:44:51,Dominique,39,RU,Для учебы,Intermediate,5,0
b22eec8d-9c95-4f03-a48b-7f970b3e195d,2026-03-23 06:51:51,Matthew,28,DE,Для путешествий,Advanced,20,0
da8261dd-c022-4aa1-9a19-80802fcff419,2026-04-22 09:46:51,Tasha,22,IT,Хобби,Advanced,120,0
ddfb67a5-5db9-4ddf-af23-c822c90465a5,2026-04-01 21:24:51,Timothy,38,BR,Для работы,Intermediate,10,0
fe210078-b8e0-4ace-a2d6-f01e64bba958,2026-04-26 14:33:51,Gabriel,30,US,Хобби,Intermediate,60,0
03fc79a6-3641-404d-8379-65d2403b11f5,2026-03-08 11:09:51,Glenn,34,IT,Хобби,Advanced,10,0
392caea3-42c7-43a0-9754-03497fbd6cbd,2026-04-10 14:26:51,Alexis,46,FR,Для работы,Intermediate,10,0
78868765-a95a-4b26-8aa4-8b193ba884b5,2026-04-28 18:33:51,Carmen,34,US,Для учебы,Intermediate,120,0
8eee68e2-a8c8-46b9-8e0d-8e7d5b277d69,2026-03-25 13:10:51,Elizabeth,48,DE,Для работы,Elementary,15,0
08fb255a-f005-449c-9135-cc60b185be17,2026-05-24 00:24:51,Drew,43,RU,Для работы,Beginner,20,0
98a07441-941d-4d09-bd68-140b5933887b,2026-03-20 17:27:51,Megan,46,RU,Для учебы,Beginner,30,0
8656e24b-3261-4955-a5b9-c94106af4bbe,2026-04-04 19:46:51,Jared,27,US,Для работы,Intermediate,60,0
02c8210d-c627-4213-b21b-326a43253ee1,2026-04-05 01:14:51,Chelsea,16,ES,Для работы,Elementary,60,1
33cd54f0-0d7b-4fd9-824d-41c314546b4e,2026-04-15 20:44:51,Sherry,54,RU,Для учебы,Advanced,120,0
cc2e0e2b-31fc-411a-8bb2-81b406ee6a84,2026-05-08 08:57:51,Mary,42,DE,Для учебы,Advanced,60,0
1b642c97-3c7b-4e80-9c0f-81e5245600e1,2026-04-02 23:16:51,Jennifer,26,IT,Хобби,Elementary,5,0
0e036f9f-50ae-472e-a3e8-7c87f84a6f09,2026-04-24 21:07:51,Scott,34,ES,Для путешествий,Elementary,45,1
620a7dcd-b24c-44f0-9bec-b9bc4ba3ad46,2026-03-14 10:47:51,Victor,43,FR,Для учебы,Intermediate,5,0
4d016292-316c-4762-b671-e7ada6a0d59b,2026-04-24 15:53:51,Mary,18,ES,Для работы,Intermediate,60,0
33954f2c-ebff-4ddd-9cab-3c65437bcdfa,2026-03-31 20:35:51,Mary,25,IT,Для работы,Advanced,45,0
3934699b-a06a-4b9b-b5e6-e3a5d60a1ce7,2026-04-05 20:00:51,Brooke,18,DE,Для путешествий,Beginner,120,0
08ee1b91-62d1-40f4-8ccc-f59a08145b33,2026-03-29 15:45:51,Erin,19,BR,Хобби,Advanced,120,0
c3fec3ca-cc28-42d6-be3c-f4e696afe1d6,2026-04-22 07:06:51,Jeremiah,39,BR,Хобби,Advanced,60,0
8fe4c2b1-e576-4a5e-9ee0-a079d6bc6a33,2026-04-23 13:22:51,Alicia,39,ES,Хобби,Intermediate,45,0
f598457b-33ba-4056-97c5-290aff93ce6c,2026-05-10 16:27:51,Pamela,44,BR,Для учебы,Elementary,30,0
658abf1e-bb1f-4b0d-845c-cb1c0742c325,2026-04-03 21:46:51,Christopher,35,ES,Для путешествий,Beginner,20,0
8347883a-ceec-47be-b11b-7d1d2d40d7b0,2026-05-09 02:40:51,Julie,36,IT,Хобби,Beginner,60,0
8530c115-e6bb-4d22-bea8-76cbbe77cf82,2026-03-08 16:44:51,Gabriela,53,FR,Для путешествий,Elementary,10,0
fea408c4-dc0f-4ba3-9aa4-be7c5fa186f7,2026-03-23 00:48:51,Brittney,32,RU,Для учебы,Advanced,20,0
271e1831-d88e-4c6d-9177-d3096f785da6,2026-05-01 11:10:51,Donald,43,RU,Для учебы,Intermediate,15,0
9fec3010-877e-4221-b731-559962b8aabe,2026-03-12 07:32:51,Erica,42,IT,Для путешествий,Advanced,60,1
0f6e813c-e9b3-469c-8fc3-45bb3fe7117a,2026-04-18 18:19:51,Kimberly,21,IT,Для учебы,Advanced,5,0
e77c2b9c-1120-4f13-8f55-669edbcb85ec,2026-05-14 13:00:51,Teresa,28,DE,Для работы,Elementary,20,0
39a1472d-74ef-4def-b576-a6b1720ef898,2026-05-07 11:26:51,Keith,29,FR,Для работы,Intermediate,30,0
756cf79c-ffb4-4d55-a949-0520d903df94,2026-03-29 06:45:51,Denise,21,US,Для учебы,Elementary,5,0
7c33bdb1-18d5-4953-8a57-16c25384faa1,2026-04-13 01:21:51,Amanda,51,IT,Хобби,Elementary,10,0
699adb73-fc48-43ba-a8ca-71a3d2cbfa62,2026-04-23 08:48:51,Elizabeth,53,FR,Для учебы,Advanced,5,1
8aa6fdae-f7fc-4289-9a1a-429a65ae8f73,2026-03-04 20:04:51,James,31,BR,Хобби,Beginner,60,0
63b312be-1db2-42d1-a209-767c7e1b470a,2026-05-31 17:45:51,Patricia,49,ES,Для путешествий,Elementary,15,0
b73d5857-a95d-413a-ac9f-8e663dbd4576,2026-04-08 00:58:51,Monica,36,DE,Хобби,Advanced,10,0
677ecfd9-35b2-46a7-a33a-d4176fac8793,2026-04-21 06:47:51,Billy,47,FR,Для путешествий,Elementary,15,0
b0ca8912-031a-4ffb-b8d9-8f8948a247cf,2026-04-06 05:50:51,Ryan,29,US,Для работы,Elementary,45,0
943950fd-775c-465b-80be-bbdbfc36ad56,2026-04-17 08:42:51,Juan,19,DE,Для учебы,Beginner,120,0
5ccf26ee-9391-4848-823f-7f3cb5290c3d,2026-04-29 07:47:51,Jennifer,17,RU,Для работы,Advanced,30,0
8f3b3fdd-160d-4080-bf6d-0feeaa7feb17,2026-04-16 01:03:51,Barbara,25,DE,Для работы,Beginner,10,0
5b89341f-e8b7-40b2-b856-14ebcdec3df5,2026-05-09 03:42:51,Christina,35,DE,Для работы,Beginner,45,0
ad19a851-751a-4889-89cd-d2ee7a8ace37,2026-03-27 13:56:51,Beth,30,FR,Хобби,Elementary,20,0
5668e070-f484-4b89-8091-81b21a97fa80,2026-05-02 19:07:51,Jason,55,US,Для путешествий,Beginner,90,0
81de4469-e6f0-4c8d-bfb4-6ff826206f71,2026-05-11 16:31:51,Jessica,40,RU,Для путешествий,Elementary,90,0
6b360661-8819-49c2-8877-fd6bf78043bd,2026-04-30 20:53:51,Brittney,19,US,Для учебы,Elementary,90,0
56e9b12f-a122-46e5-a782-b84f68359126,2026-05-01 07:45:51,Brian,36,BR,Для путешествий,Advanced,90,0
39a5452b-6153-46a2-b98d-2af20c74bf1d,2026-04-27 09:31:51,George,16,BR,Хобби,Elementary,120,0
85f10854-cd05-43ca-b07d-d0f6f977d3a9,2026-03-07 05:24:51,Vicki,19,US,Для путешествий,Beginner,60,1
648eeb47-27a6-409e-9bde-ad5c5a1c3b2e,2026-04-26 15:07:51,Robert,18,US,Для работы,Beginner,10,1
2d0f283f-52f8-42d5-93ff-aa7a58fc2de0,2026-04-24 20:50:51,Gerald,51,DE,Для путешествий,Elementary,90,0
71485edb-e83d-4ac7-9f1d-1fdd589dc673,2026-05-05 08:13:51,Harold,47,BR,Для учебы,Beginner,5,0
4d8e65c1-46bc-4867-b367-7fe9587aa65b,2026-05-10 09:12:51,William,28,BR,Для работы,Elementary,60,1
ca709f43-e5ce-4480-9389-e54a530a0b35,2026-05-28 13:31:51,Ashley,33,IT,Для работы,Elementary,20,0
3564bbd4-a090-437c-84c1-dd528970a5c5,2026-05-01 08:26:51,Patrick,26,BR,Для путешествий,Beginner,120,0
0cbcf78c-e619-4396-abaf-c9ef9729d947,2026-05-02 00:16:51,Ashley,47,DE,Для работы,Intermediate,15,0
d6f4f8d4-85d6-4962-a55e-47b540018470,2026-04-18 15:58:51,Kayla,46,BR,Для путешествий,Beginner,60,0
17dc3546-1c2b-4c42-a843-f2b94f702307,2026-04-06 16:41:51,Edward,47,ES,Для путешествий,Intermediate,15,0
fb24e443-1f8c-4a7b-b777-db565da6f5db,2026-03-05 18:39:51,William,55,FR,Для путешествий,Elementary,60,0
18d3b6b3-f452-4f60-af93-bb6a6e51e6db,2026-03-16 22:12:51,John,39,IT,Для работы,Intermediate,20,0
33050c0e-d2d0-4266-bf23-30f91170292d,2026-03-14 19:57:51,Christina,55,US,Для путешествий,Advanced,90,0
3deaf02d-e893-4b3c-862c-095deda25955,2026-05-09 15:03:51,Derrick,49,ES,Хобби,Intermediate,60,0
4f1a4384-5cd2-4d1d-9e00-098475459058,2026-03-30 04:06:51,Edgar,55,US,Хобби,Beginner,60,0
51d2037a-35c6-409b-ac26-a3a59e8c88b6,2026-03-08 22:21:51,Ian,43,ES,Для работы,Beginner,120,0
4f83da60-8302-4883-bc31-7d4058b98efa,2026-03-17 02:04:51,Diana,37,FR,Для учебы,Advanced,120,0
922084fa-4233-40b6-916b-cbf4a8bcee35,2026-04-30 17:27:51,Luis,51,US,Хобби,Intermediate,120,1
26a2c208-961b-4e64-82ff-3c01b6763e47,2026-05-16 13:00:51,Mary,21,RU,Для учебы,Intermediate,30,0
6eb7dbf0-8cdc-4ab4-8f4a-c7f813b76da5,2026-03-29 20:43:51,Lucas,49,FR,Хобби,Intermediate,120,0
441ec180-def2-45a3-9c8e-9bba24376c1e,2026-04-15 03:57:51,Thomas,45,BR,Для путешествий,Elementary,10,0
c9ae7a4f-938c-4abd-9d18-32593142f44f,2026-05-24 12:14:51,Sheila,37,RU,Для работы,Elementary,45,0
14a2e8bc-fcdf-42d1-86bf-1ccaae1a623c,2026-05-24 17:37:51,Krystal,23,ES,Хобби,Beginner,60,0
a9de034a-90c2-46ac-8633-11ff20bda9d4,2026-05-17 01:06:51,Brenda,50,RU,Для путешествий,Intermediate,30,0
c09c1180-8ff4-4ae7-92b4-afa196f5effa,2026-05-27 09:09:51,Jose,44,US,Для путешествий,Advanced,60,0
8a74a5f6-8d00-4aec-a9ca-ea30b9f414a4,2026-03-12 00:29:51,Kenneth,52,BR,Для учебы,Elementary,10,0
40b18b03-39f7-49aa-9dbe-1f48925446b5,2026-04-24 22:39:51,Donald,51,BR,Для путешествий,Intermediate,10,0
e167135e-f202-4075-8b40-ef1ac949f45c,2026-03-06 09:17:51,Ann,38,IT,Для учебы,Advanced,15,0
4fbc63b9-f186-4c2d-b0a2-5e18aa1c2dd3,2026-05-31 21:34:51,Evan,22,US,Для учебы,Elementary,60,0
9bd2e591-3802-4c67-bcf8-03a7ac33952e,2026-04-11 05:00:51,Michael,40,RU,Для учебы,Intermediate,10,0
60389ee4-a2c9-4d76-a828-c86f62f48b6e,2026-06-01 03:17:51,Christopher,55,IT,Для работы,Advanced,20,0
cd03289a-963b-4ffb-a6d3-7b958abfc6bf,2026-05-31 17:18:51,Tim,41,DE,Для работы,Elementary,10,0
9f98b6cf-de51-4f6e-a7e3-f587dd067de8,2026-04-20 02:12:51,Michael,30,IT,Для путешествий,Advanced,45,0
e9bca19a-188a-450a-8290-40e5ad22bd24,2026-03-30 00:05:51,Scott,31,ES,Для работы,Intermediate,30,0
946677f5-95b5-46a2-a999-d805093a6bc9,2026-05-19 05:11:51,Tracy,38,IT,Для работы,Intermediate,15,1
04e3abfb-4daa-4e92-bed9-b5ee55bfbfc5,2026-04-25 23:30:51,Eric,24,US,Для путешествий,Intermediate,90,0
6a8e9897-0d7d-49a0-919f-c010098d9fdd,2026-03-28 13:34:51,Tammy,18,BR,Для путешествий,Beginner,5,0
b2bbb114-7966-46b1-8f95-fe8d784c3a5a,2026-05-14 12:26:51,Brian,53,FR,Для путешествий,Advanced,90,0
8f63672a-b62e-4028-ad15-99e69c65d5e6,2026-05-25 09:08:51,Dakota,26,BR,Для путешествий,Intermediate,120,0
8992f85d-fccb-4bf5-a0af-16f0614a508c,2026-04-23 00:13:51,Cristina,20,US,Для учебы,Advanced,5,0
cb1a91d7-6f67-4210-80ae-cac6803bfd68,2026-03-18 04:28:51,Cassie,17,RU,Для работы,Advanced,30,0
6ce71680-be84-4bb7-9cf3-bec544d66a81,2026-05-21 12:41:51,Tyler,46,BR,Для путешествий,Intermediate,15,0
2036e313-860a-4a16-9a94-3a84ecef890c,2026-04-27 10:17:51,Caleb,27,BR,Для путешествий,Beginner,10,0
a0d2ec5f-3caf-4ae4-b41b-9dfd52dee76e,2026-04-29 22:18:51,Brent,35,US,Хобби,Advanced,120,0
d1531f51-3dc7-4ef3-a396-411d2bf15bfc,2026-04-03 09:47:51,Nicole,49,DE,Для учебы,Beginner,5,0
bb56cfb2-c691-4f67-a43a-3f1805c0a84c,2026-03-30 07:44:51,Sean,26,ES,Для работы,Advanced,5,0
c5ff1555-d41e-435c-8a89-40424929c2a0,2026-04-04 05:31:51,Spencer,53,ES,Для путешествий,Advanced,15,0
2a7b602e-7beb-4dc4-af67-2b04d67bf0c0,2026-05-23 23:28:51,Jennifer,35,BR,Для путешествий,Elementary,45,0
f16e4a8c-2542-47ee-8365-e857a53474b7,2026-03-17 15:24:51,Jasmine,16,FR,Для путешествий,Advanced,10,0
0fb57258-a603-44c4-87e6-11caf8ac39ec,2026-04-28 20:04:51,Danielle,39,US,Для путешествий,Advanced,10,1
e854fe86-b84e-488b-b98a-2ba8ff60f3a9,2026-03-25 06:27:51,Joyce,22,FR,Для путешествий,Intermediate,90,1
c3d6843e-3f4a-441d-ba32-4fa99c52c5da,2026-05-24 14:40:51,Ethan,37,DE,Для учебы,Beginner,20,0
b1b94745-6858-413d-9ca9-a40c26a6a087,2026-04-23 06:30:51,Jeffrey,51,IT,Для учебы,Beginner,5,1
4ad87183-4d46-4693-b096-af17d084de26,2026-04-01 13:54:51,Daniel,42,DE,Для учебы,Intermediate,30,0
e225cf05-1ada-4df1-9174-c9af36150fe7,2026-05-29 13:12:51,Kathryn,24,US,Для путешествий,Advanced,20,0
d2a3dcdf-cc3d-4f33-8ab8-81c80a651113,2026-05-19 06:36:51,Savannah,51,RU,Для путешествий,Beginner,120,0
a74b90db-d775-490c-97f1-a022ba3fc721,2026-03-06 19:59:51,Christopher,51,US,Хобби,Beginner,20,0
0b994838-ecbe-4e50-9c20-0857dd6cddf9,2026-04-25 21:30:51,Tami,33,IT,Для работы,Beginner,20,0
cecdbb0d-9108-4042-9468-f78268984c34,2026-05-16 15:55:51,Matthew,24,FR,Хобби,Beginner,10,0
715be163-39bb-417f-babc-5ede38ceb485,2026-04-22 09:21:51,Charles,45,BR,Хобби,Beginner,45,0
82a83a9e-35b8-42b7-baae-644d379f2da3,2026-03-08 13:36:51,Christopher,26,BR,Для работы,Elementary,10,0
ff2f7f9d-c7a5-4527-9025-5f9e7d333174,2026-05-04 18:45:51,Angela,19,FR,Для путешествий,Elementary,5,0
11f2f09c-cec6-43e8-95bb-06603b4905b5,2026-05-17 07:55:51,Deanna,45,FR,Хобби,Intermediate,5,0
af346cb6-9add-4f15-9678-0e5e5064306b,2026-03-16 20:23:51,Gregory,19,IT,Для учебы,Beginner,90,0
ef9eb3b5-7216-4aaa-ae05-f72124616217,2026-03-30 13:46:51,Eduardo,45,RU,Для учебы,Advanced,120,0
f40b3ddf-897c-4060-abf3-f2339f7ca966,2026-04-22 07:47:51,James,49,IT,Для работы,Beginner,5,0
8dcc878a-1273-41c3-a77e-815f25ebc270,2026-05-24 17:13:51,Jennifer,37,RU,Хобби,Advanced,30,0
cb6ace0b-69dd-44b3-98bf-4e71ea9fa786,2026-04-16 17:28:51,Vanessa,39,US,Хобби,Intermediate,60,0
73c5b601-13d5-4650-a251-04b853eaad1c,2026-03-08 04:15:51,Robert,22,RU,Хобби,Advanced,90,0
14b7b56e-d21a-4111-8c83-cab4a891b5e6,2026-05-13 15:02:51,Amanda,29,FR,Для учебы,Elementary,45,0
caf78c44-9b8b-4b19-8786-88aa65b11ccd,2026-03-31 16:18:51,Darrell,54,RU,Для путешествий,Beginner,15,1
2f220b68-39ad-4903-9797-a0db828b2e02,2026-03-26 16:24:51,Brianna,26,BR,Для путешествий,Advanced,5,0
e62acf49-3cc3-4ec8-9880-712161b20eda,2026-05-17 07:12:51,William,50,IT,Для учебы,Intermediate,90,0
066a41b7-eddd-4893-8650-e99f2bbfae9b,2026-03-10 03:00:51,Michelle,22,FR,Хобби,Elementary,15,0
0073c74b-2d28-4bad-8d62-bff51a638922,2026-04-09 14:03:51,Kara,21,FR,Хобби,Beginner,120,0
946638a3-7ee5-4933-9cec-0743a182c153,2026-05-14 00:40:51,Susan,31,FR,Для путешествий,Intermediate,10,0
17948570-48e5-42c8-9800-9d39d45594ab,2026-04-05 20:44:51,Matthew,52,BR,Хобби,Advanced,90,0
d12f3cd3-a83e-4d65-94a1-b3518373380e,2026-05-23 02:59:51,Johnny,28,RU,Хобби,Intermediate,30,0
29dddbf3-f4de-4c40-ace6-038e2ffa90a4,2026-03-27 18:13:51,Jordan,24,BR,Для учебы,Beginner,20,0
83944faf-6cf2-4f9a-bfbb-e834f04947b5,2026-03-14 15:35:51,Douglas,28,DE,Для путешествий,Intermediate,120,1
2cb99151-f6b4-4608-ac60-807ff120b188,2026-05-03 03:49:51,Sean,49,RU,Для учебы,Elementary,90,0
7d1613b9-a939-444a-b248-8d4daece1964,2026-03-25 06:06:51,Deanna,28,RU,Для путешествий,Elementary,120,1
2758ff8b-79b2-48a2-8c85-f9742e9f59aa,2026-04-08 01:17:51,Lori,33,ES,Для учебы,Beginner,120,0
8cbbd8c0-e173-438a-81a5-30e6f2d6f76c,2026-03-05 03:14:51,Christian,41,RU,Для работы,Intermediate,45,0
8dfe3510-fb28-4d67-b3eb-54ae6ba99cee,2026-05-09 11:28:51,Anne,32,ES,Для работы,Elementary,20,0
7a885d37-1b3f-478b-be5b-6e0876111bcb,2026-03-11 15:08:51,George,35,US,Хобби,Elementary,10,0
d07cb376-99e1-4dc7-a4c4-585263f44c5b,2026-03-19 22:06:51,Eric,51,RU,Для учебы,Elementary,10,0
8a645332-7370-44b8-8258-5c120d7cdc34,2026-05-01 16:44:51,Kelly,17,DE,Хобби,Beginner,5,1
65edd541-9010-4f2a-825c-50c464b53619,2026-04-20 10:37:51,Evelyn,23,US,Хобби,Elementary,120,0
68191edc-682a-409e-85f4-bc10e77ed4c8,2026-04-20 00:41:51,Traci,43,BR,Хобби,Elementary,90,0
0858a9f9-70fb-4252-b4bb-cf218e9f6bda,2026-04-11 23:00:51,Donald,21,DE,Хобби,Intermediate,90,0
ab368561-28dc-4f26-8ab7-ea219f19a2cd,2026-05-28 04:55:51,Cassie,25,BR,Для учебы,Intermediate,15,0
9ec6bd64-ce66-4ff7-a64d-572c610e70b5,2026-04-23 14:05:51,Max,31,BR,Для учебы,Advanced,120,0
ca0b555f-8099-425e-8a2b-fc81ee1f5683,2026-05-27 21:19:51,Daniel,29,RU,Для путешествий,Elementary,15,0
c893ca79-1a5c-45cd-8f0e-2c8a95d981d1,2026-05-10 15:30:51,Tracy,20,DE,Для работы,Beginner,60,0
1273acec-d891-4919-83d8-fe08545cac3d,2026-04-21 10:51:51,Kimberly,55,BR,Для путешествий,Beginner,45,0
5d164f5b-e28b-49fe-9286-bdea6fd73a3e,2026-04-09 22:51:51,Jeffrey,47,BR,Для путешествий,Beginner,45,0
a41cac2f-e3b5-4329-b798-4f29c83b8f54,2026-04-03 22:42:51,Andrew,35,ES,Для учебы,Advanced,20,0
326d6913-41dd-4c35-bde0-b784e83baa5d,2026-04-30 23:25:51,Angela,30,DE,Для путешествий,Elementary,20,0
c32cd71f-1c95-4cb2-b36b-38cb706bef25,2026-03-10 04:13:51,Christina,44,FR,Для работы,Elementary,10,0
60421dda-1edf-41d8-bd87-c016a534bdef,2026-04-02 18:43:51,Cheryl,51,RU,Для учебы,Intermediate,20,1
425c0a6c-e5a6-4c78-aef0-615421964a3c,2026-05-10 12:21:51,Tony,35,IT,Для путешествий,Elementary,120,1
aaa7305e-a93d-4176-9126-a281bb83a1ff,2026-03-11 14:02:51,Daniel,28,FR,Для путешествий,Elementary,120,0
a183f27a-1651-4e02-88a6-20e77cb78740,2026-03-19 08:52:51,Elizabeth,39,DE,Для путешествий,Elementary,10,0
ca691820-8cdd-4125-a43c-e0b864d774d7,2026-05-15 13:02:51,Natalie,22,FR,Хобби,Elementary,30,0
2dbd04a5-cd5d-42d9-b3b4-fb90795a97cd,2026-05-07 01:45:51,Tyler,26,ES,Хобби,Advanced,20,0
3838dc49-1176-45d3-9a0d-118219af8194,2026-05-14 02:55:51,Virginia,37,ES,Для путешествий,Beginner,90,1
7bad0825-7c0b-4fd2-b121-b231b4b535b3,2026-04-21 04:32:51,Deborah,23,IT,Для учебы,Elementary,15,0
3db0642d-b9c9-4488-bd89-eba8a5165816,2026-05-09 09:42:51,Michael,23,IT,Для работы,Intermediate,20,0
4d673ebc-799f-4a26-b852-9544f69d3a2c,2026-03-21 16:00:51,Emily,43,FR,Для учебы,Intermediate,5,0
cedb3cbe-f1ce-4c9d-80b4-0ce2d315c8aa,2026-04-16 16:42:51,Christopher,42,US,Для учебы,Beginner,45,0
93b44b24-5e31-47ce-aa01-2c6b2e7145f3,2026-05-12 06:25:51,Stephanie,50,DE,Для учебы,Advanced,30,0
23c2c568-2635-46a6-90fb-6aa5c14f0145,2026-04-29 20:27:51,Danny,41,BR,Для путешествий,Advanced,60,0
21dcf318-8e98-4469-9d0a-d30cd2cd39a2,2026-04-19 00:54:51,Adriana,43,BR,Для работы,Advanced,90,0
9b9a8548-670e-4637-81c5-128ae5069e7e,2026-04-05 21:20:51,Danielle,30,DE,Хобби,Beginner,30,0
c40cef3d-9856-4f51-b8d2-457c8c8c0629,2026-03-15 15:45:51,Sheila,24,RU,Для учебы,Beginner,15,0
8d59413b-ad70-48d3-9c4e-111279a1964e,2026-03-20 08:05:51,Brett,17,ES,Для учебы,Elementary,45,1
22cd987a-7bb4-41e9-85e4-12ec8a2dadc2,2026-03-07 10:47:51,Karen,45,RU,Для путешествий,Beginner,5,0
2add6ace-4796-4f2a-85d7-0b14b0834bfa,2026-03-20 09:18:51,Martin,47,US,Хобби,Elementary,20,0
2c18bab9-59b3-4b59-adee-1da657eb086a,2026-05-18 06:57:51,Jerome,44,IT,Для работы,Advanced,15,0
da3815f0-57c7-4e24-8a31-fd04faebe8eb,2026-04-20 05:29:51,Jeffrey,17,BR,Для работы,Intermediate,60,0
23e76057-7943-451b-af5f-f923e05ea55c,2026-04-30 18:40:51,Justin,33,FR,Для путешествий,Beginner,90,0
31053653-5395-4628-8521-dd1c2dee5cb8,2026-05-10 06:37:51,Brenda,35,ES,Для работы,Advanced,5,0
ee714f25-1911-443e-bd2c-e09130ad100e,2026-04-06 20:04:51,Jordan,29,RU,Для работы,Advanced,120,0
8b129b5e-69af-4840-a4cf-3649bec8f609,2026-03-27 05:57:51,Marcus,37,DE,Для работы,Intermediate,90,1
d1eef28f-5147-4e60-9264-5ff5d7c00b89,2026-05-21 07:05:51,Jonathan,34,IT,Для путешествий,Beginner,45,0
c132103e-ef60-4bde-9d36-dba5b7d0b019,2026-05-11 09:47:51,Laura,22,BR,Хобби,Beginner,60,0
c390d058-67f0-4af0-ae8e-3e8b81a2df96,2026-04-26 20:04:51,Adam,52,BR,Для работы,Elementary,10,0
c26e5de9-4f00-4b89-999a-b2e2f5faca6d,2026-05-08 02:59:51,Michael,41,DE,Для учебы,Elementary,15,0
0a16fabd-b8cb-4eb7-bb19-d496228a7b0e,2026-04-14 20:08:51,Brandon,28,BR,Для учебы,Elementary,5,0
70e26273-00be-4420-84df-27e9e4bbb075,2026-04-24 09:45:51,Anthony,47,RU,Для работы,Intermediate,30,0
d86f18dc-5a1f-4bdb-bb02-d9c376c2c088,2026-05-05 20:23:51,Debra,55,FR,Для учебы,Intermediate,30,0
f1394ad6-29d0-467c-84fa-56f5eb44dacf,2026-03-18 18:01:51,Peter,54,BR,Хобби,Advanced,20,1
0274f04b-b4dc-4ca0-a5a7-917cb8428fe5,2026-04-26 08:21:51,Courtney,41,US,Для работы,Intermediate,10,0
bd961e4b-d475-4bb5-8f10-78dfcc5c1ae4,2026-05-07 22:48:51,Diana,35,FR,Для учебы,Advanced,10,0
674b7351-7f5f-44b3-bc0c-957fe1f54887,2026-04-09 14:55:51,Joseph,16,ES,Для путешествий,Intermediate,30,1
637d6902-bedc-4706-8f8e-8797c905475a,2026-03-13 11:37:51,Melissa,30,ES,Для работы,Beginner,20,0
198b54ff-d49b-4920-9825-5d2774d1603c,2026-04-06 22:40:51,Teresa,19,IT,Хобби,Intermediate,120,0
cb41d2bf-e000-40bb-b920-b81a7d9a3b9e,2026-04-22 11:08:51,Rita,45,BR,Для работы,Beginner,20,1
c0c9d148-7b65-460b-a81f-26c6b3c432d9,2026-03-07 11:52:51,Kristin,40,RU,Хобби,Elementary,15,1
826bbc0b-2c24-4b4a-8e85-6472f77c3d76,2026-03-11 01:53:51,Christopher,42,IT,Для учебы,Intermediate,30,0
46a94714-2e2e-4c75-a032-898e721454c1,2026-05-17 18:42:51,Robert,45,BR,Для работы,Beginner,30,0
70e34e72-4117-41fc-b775-7a71c9f28217,2026-04-05 05:36:51,Abigail,19,IT,Хобби,Elementary,60,0
5287c2ad-7d21-4d19-981b-71f7ee5df5d4,2026-05-04 13:50:51,Amy,30,DE,Хобби,Advanced,10,0
0e2ac713-a8ca-4fdf-8d32-100b1a853c6d,2026-03-13 02:07:51,Lauren,44,FR,Для работы,Advanced,15,1
3bc9a51f-10ae-409b-b4df-a3ebbf9134fa,2026-03-18 22:26:51,Sharon,29,US,Для путешествий,Beginner,120,0
508a4e59-7881-4c44-8b94-6812dfbb4200,2026-04-26 12:24:51,Michael,39,ES,Для работы,Beginner,90,0
ea766f90-4fa2-4d05-8523-dc2d168b4ba1,2026-04-08 23:39:51,Kendra,40,US,Хобби,Beginner,15,0
f6f0a5be-8ad0-404f-9755-650bf6662b7e,2026-04-06 13:07:51,Nicholas,54,IT,Хобби,Beginner,30,0
cc6d807e-656a-493b-bff2-6b8305e2918a,2026-04-26 08:38:51,Emily,37,BR,Хобби,Elementary,5,0
2cf57378-b560-4441-a72e-f7ad726ff110,2026-05-02 22:39:51,Alexander,27,DE,Хобби,Beginner,20,0
5294fd65-9339-4a2b-8a5d-dfe3d6e56a1b,2026-04-29 15:49:51,Timothy,36,ES,Хобби,Advanced,10,0
74352a8a-d0c2-4726-9666-5d3b604da664,2026-03-21 13:07:51,Brian,47,IT,Для работы,Advanced,120,1
932fd6be-e176-4bbc-ac9f-d5a276cd4105,2026-05-16 19:15:51,Victoria,22,RU,Для учебы,Elementary,60,1
c7b83b2a-036a-41f1-9175-1776f7e6d800,2026-04-20 07:43:51,Jessica,45,US,Для путешествий,Beginner,5,1
83acd042-0df1-4c0b-95c5-143e45d2521a,2026-05-06 22:23:51,David,48,US,Хобби,Intermediate,30,0
2419be3c-c0ae-42c1-b86a-f2f2b4f1af7a,2026-04-01 01:12:51,Brittany,30,BR,Для учебы,Advanced,5,1
65c0a3a8-01d2-4f61-8140-b177ec50adbd,2026-04-26 21:42:51,Jason,55,BR,Хобби,Elementary,45,0
edee4f63-a167-4be9-a7f2-c02d65111a4a,2026-05-07 09:03:51,Rodney,44,US,Для работы,Beginner,10,0
0dbaa2a0-468a-41cd-b523-a5c12bca11f8,2026-05-17 12:32:51,Heather,25,IT,Для учебы,Beginner,15,0
4aaeaba9-3285-4480-ae03-49783fb40acb,2026-03-26 12:29:51,Elizabeth,27,ES,Для путешествий,Intermediate,60,0
c28f674c-77c8-4dd5-a3c4-ee441009131b,2026-04-12 10:23:51,Jessica,49,BR,Для путешествий,Elementary,30,0
cc723913-8056-4ddd-9abb-35b6dd719a49,2026-03-29 00:18:51,Jessica,43,IT,Хобби,Beginner,20,0
b410a74e-c8d8-4bd9-bd75-b8eac980955c,2026-05-22 01:27:51,James,32,FR,Хобби,Advanced,10,0
19bb457c-a209-4258-a45b-35f0b0cf5bce,2026-03-09 17:47:51,Kristina,35,DE,Хобби,Advanced,5,0
ec07f2d2-ac7a-4760-97fd-89a42453436e,2026-04-27 03:56:51,Barbara,30,ES,Для работы,Intermediate,60,1
0c1b4eb1-cfa8-4d88-a2ef-111a4173e02e,2026-05-02 09:10:51,Troy,19,FR,Хобби,Elementary,10,1
fd33afda-9221-4179-ae56-aa7c52cfaf03,2026-04-10 08:32:51,Makayla,28,FR,Хобби,Advanced,60,0
b1c579e1-52fa-4d6c-b4c0-22e5074061df,2026-04-22 11:55:51,Alexandra,37,BR,Для работы,Intermediate,30,0
20384858-672a-4e35-97ff-38f0070f4949,2026-05-05 23:42:51,Daniel,19,BR,Для работы,Advanced,45,0
e279b2b9-daf0-4d66-81be-9dae50ef9b12,2026-05-10 16:06:51,Yvonne,26,IT,Хобби,Intermediate,45,0
29865d6f-42e2-41cb-8a55-92da36ef9208,2026-05-26 21:24:51,Jessica,27,RU,Для путешествий,Beginner,30,0
f9fc6aa4-eb25-4890-a89b-9fb849abff86,2026-04-16 08:29:51,Marvin,22,ES,Хобби,Beginner,10,0
6de3666b-f124-4a37-a41a-f90563b22912,2026-04-05 10:40:51,Sandra,46,IT,Для работы,Elementary,120,0
5d30d999-05a1-40a0-a662-4f456c2ac814,2026-04-22 21:30:51,Michelle,45,DE,Для учебы,Elementary,90,0
5d5f93dd-91c9-48be-b939-b0c3dbd9b0f4,2026-04-03 16:56:51,Mark,31,DE,Для работы,Beginner,5,0
db95e796-f09a-4875-a25f-7c5d64428ba8,2026-03-27 08:12:51,Tony,40,RU,Хобби,Elementary,10,0
a4b350d8-a952-4f25-9b70-ac2b40c2396c,2026-05-20 05:12:51,Holly,32,ES,Для путешествий,Elementary,30,0
06393e8e-322f-402a-bd87-3293a460bd62,2026-03-06 06:45:51,Allison,47,BR,Для путешествий,Intermediate,5,0
1fe9bd67-12de-4391-873b-dd26e7ec4da1,2026-04-13 16:31:51,Patrick,17,FR,Для учебы,Elementary,45,0
e707772f-2142-40a7-81d3-3a819e067088,2026-03-06 04:37:51,Kevin,55,US,Для работы,Elementary,30,0
a7fce286-11d8-4586-849b-b677e10b1523,2026-04-11 16:49:51,Victor,52,ES,Для работы,Elementary,120,0
9cabdd1b-4dd5-4ef8-9e20-605927d8e896,2026-03-24 22:40:51,Raymond,53,DE,Для учебы,Elementary,45,0
f77bb698-e45b-4d2d-8027-ac997055618b,2026-03-17 11:30:51,Kelli,52,US,Для учебы,Advanced,120,0
204fe300-0f53-4235-9669-0d3c985cae22,2026-05-01 17:43:51,Sandra,41,ES,Для работы,Beginner,45,0
e54a9df3-3711-4d3e-9ce0-0c0d1c3c303a,2026-04-26 06:54:51,Travis,39,BR,Для работы,Beginner,60,0
ccf7a3a7-6676-4caa-b63b-f4d91c26d039,2026-04-26 09:38:51,Charles,43,FR,Для путешествий,Elementary,45,0
af3e96a6-246c-4b00-aa76-37db11649d41,2026-03-29 23:12:51,Lori,47,IT,Хобби,Advanced,20,0
e6fb927d-8a42-40fe-81bc-5022b3ba93b2,2026-03-24 05:38:51,Michael,40,US,Для учебы,Elementary,30,0
6576c516-f01a-42e6-9034-d460a49d2e6c,2026-03-06 16:00:51,Jason,51,RU,Хобби,Advanced,5,0
cd12b64a-6890-43b6-9cc4-901663b90a4d,2026-03-29 00:51:51,Steven,26,ES,Для работы,Beginner,30,0
c2bb4249-e980-41fc-b92b-658378ce9376,2026-04-24 18:14:51,Michael,41,DE,Для путешествий,Beginner,20,0
f3f465bb-54cf-4806-b856-441ffde73616,2026-04-21 01:23:51,Lonnie,54,IT,Для путешествий,Advanced,30,0
1b383050-4cf0-4912-b8fb-5083e3d7064c,2026-04-21 06:58:51,Emily,25,IT,Хобби,Elementary,90,0
80c5b86c-2b78-4775-9973-91a63aa8bca4,2026-05-09 22:46:51,Charles,44,IT,Для путешествий,Intermediate,90,0
60bc4748-c1a6-4c93-9f9f-d1ee6b8ebd9e,2026-03-23 17:14:51,Theodore,54,US,Для работы,Advanced,90,0
4a92718b-10f8-4ff5-83dd-f6abb7fbfd03,2026-05-18 10:33:51,Jack,28,BR,Для работы,Intermediate,5,0
67fa8f30-0b0c-4989-bbe6-38b044c17ace,2026-04-22 04:17:51,Chelsea,44,IT,Хобби,Beginner,5,0
fd03b3a9-9a1b-4d96-b384-2c68b82a0192,2026-04-17 07:16:51,Donna,23,DE,Хобби,Elementary,45,0
40466058-2143-4dd1-a2f5-ac006f48f1f3,2026-03-20 16:57:51,Amanda,50,US,Для работы,Advanced,20,0
a4432079-08ab-4568-9b6e-1fb10851afe8,2026-03-31 07:29:51,Suzanne,54,ES,Для учебы,Elementary,30,0
b9b63362-3e17-476d-80f7-72388feb0012,2026-03-20 20:28:51,James,52,US,Для работы,Intermediate,120,0
e3c0e901-a23e-4751-b096-0283f77377d1,2026-04-04 10:14:51,Michael,16,ES,Для работы,Beginner,120,0
c4824f66-0f31-4d81-8875-9858867216f4,2026-04-14 18:08:51,Corey,41,RU,Для работы,Advanced,20,1
38ed146f-3a29-4860-993a-3ae8e0da485b,2026-05-29 05:07:51,Andrew,33,IT,Хобби,Elementary,45,1
1f42bc6f-b3c2-4bdd-b82c-2c1f31b1d51b,2026-05-25 10:09:51,Paul,47,RU,Для путешествий,Advanced,60,1
928b8a7e-5380-4d1e-9b7f-591ba876d223,2026-05-22 02:03:51,John,26,DE,Для путешествий,Beginner,90,0
9c289cb9-7bf1-47b9-bdc6-9853d005107d,2026-04-17 08:43:51,Megan,22,RU,Для учебы,Advanced,90,0
32b23ddc-d4be-47c5-9acf-34481bb49ccf,2026-03-20 07:59:51,Mary,18,DE,Для учебы,Elementary,120,0
43053730-0c94-4836-9aa3-7c29913aeead,2026-03-06 22:36:51,Michael,41,US,Для работы,Elementary,20,1
21656754-6322-410c-9540-41e0a4712e2f,2026-05-04 07:28:51,John,40,IT,Для учебы,Intermediate,45,0
d431db6e-6aa4-486d-8517-ea2a77f35a7c,2026-03-21 00:52:51,Michael,41,US,Для работы,Beginner,10,0
35692873-b5fd-4dfb-88b7-cecb568b8ecb,2026-04-15 18:42:51,Deborah,37,BR,Хобби,Advanced,120,0
4e479c1f-3ca8-4bfb-8af9-dae65060685f,2026-03-26 12:08:51,Ashley,45,BR,Для работы,Elementary,15,0
5b8cf35b-3fd7-49d0-abfe-6b2c7d6ac924,2026-05-15 11:23:51,John,43,US,Хобби,Elementary,5,0
68a306c9-7183-4c83-aa3b-ef8d71531b2f,2026-04-06 14:37:51,Heather,52,BR,Хобби,Advanced,45,0
86ae31a1-7020-499e-945b-02fc375cbdf2,2026-03-12 14:52:51,Vanessa,27,FR,Хобби,Advanced,30,0
06c161ee-6d31-4d41-94a1-a267ef53f6c3,2026-03-08 17:16:51,Jessica,49,US,Для путешествий,Intermediate,10,0
694396b0-6e66-4195-9d82-3be9198c3517,2026-05-16 01:25:51,Dawn,23,FR,Хобби,Beginner,90,0
7d71216c-c645-42a8-855d-7f957152fd0d,2026-05-06 10:18:51,Frank,18,RU,Хобби,Advanced,15,0
ce26208c-aa2e-488e-ac32-118d4211cd37,2026-04-21 03:11:51,Andre,30,DE,Для работы,Beginner,60,0
60bb1576-84ce-444d-873d-142d3b60e7d0,2026-03-19 16:28:51,Jacqueline,43,DE,Для учебы,Beginner,45,0
48e12cec-2ce1-41a8-9cde-add10e805915,2026-04-25 20:49:51,Patricia,46,ES,Для путешествий,Elementary,45,0
8c7c944d-7779-46e8-bc32-6253f3340765,2026-05-30 17:51:51,Wendy,41,ES,Для учебы,Advanced,90,1
a9ca6399-4a63-4dad-a6b6-d5b12dad8abd,2026-05-31 19:57:51,Jennifer,52,DE,Хобби,Beginner,30,0
d04d0d06-4e70-44ad-acd6-550509191fb6,2026-03-30 07:02:51,Samuel,29,RU,Для путешествий,Beginner,30,1
101a594e-1c76-43fe-b29f-722898feaa09,2026-05-29 11:56:51,Charles,25,DE,Хобби,Intermediate,20,0
7a9e39fd-df47-4ac3-935e-bef17f6e409d,2026-03-22 20:25:51,Sarah,48,RU,Для работы,Intermediate,20,0
60901bd2-69d3-4c3f-9113-a7d25b5d9fdb,2026-03-18 07:42:51,Mathew,24,DE,Для работы,Intermediate,30,0
084ef534-e0ed-4cfd-b6fe-2c1a4505c8f6,2026-04-24 09:38:51,Patricia,32,FR,Для путешествий,Elementary,10,0
8ebe0fd0-b3f0-4a3e-ba69-b3f0de1809dd,2026-04-24 03:07:51,Chris,32,ES,Для работы,Beginner,45,0
619a3c97-949a-415b-b87a-d3e11c603de9,2026-03-05 06:33:51,Lisa,53,IT,Для учебы,Beginner,30,0
96cf892c-ebc2-41f2-a92a-a66a47f83dbe,2026-05-28 09:16:51,Crystal,47,ES,Для учебы,Beginner,20,1
e4ed2d44-5630-44f8-95c3-69ada0071984,2026-04-27 12:02:51,Christopher,48,BR,Хобби,Intermediate,10,0
cce7b4b7-2ea3-4915-a184-f81dc4d9013a,2026-04-29 17:11:51,Christina,42,BR,Для учебы,Intermediate,5,0
8f816983-3de8-421a-9b3d-2c0e9d59825f,2026-05-01 07:46:51,David,36,DE,Хобби,Intermediate,5,0
405d2dcd-20e1-42c6-9878-d708119963c6,2026-04-25 10:36:51,John,43,DE,Хобби,Intermediate,45,0
ce5e8803-c705-42a7-9caf-0ef56cda1abe,2026-05-19 03:44:51,Tina,18,DE,Для работы,Intermediate,120,0
4545e75d-27e7-4e4c-b273-09f699be6963,2026-04-18 01:14:51,Michael,21,DE,Для работы,Beginner,60,0
40bf33eb-18af-4178-a83c-6e051f2b72e5,2026-04-13 12:03:51,Bill,22,RU,Для работы,Intermediate,5,1
d08b4126-17b0-4790-a161-d38aea9cc02b,2026-05-12 22:59:51,Ashley,35,RU,Для путешествий,Beginner,90,0
c14ce049-82c4-4c25-9b0a-a6b129f6d2ae,2026-05-05 23:12:51,Jacqueline,42,RU,Хобби,Elementary,90,0
78e38f73-b6ba-4e5c-aaf9-ec16b4a73cd1,2026-05-14 21:50:51,Nicholas,26,FR,Для путешествий,Advanced,20,0
bf1454b0-33ef-4960-b57a-8d3ada7a5866,2026-03-20 13:39:51,Mackenzie,28,ES,Хобби,Intermediate,15,0
44fa0c0f-2523-44c8-ac62-7d523537e367,2026-04-23 21:09:51,Ashley,32,ES,Для путешествий,Beginner,20,1
9970fc8a-54eb-4f72-a294-defa166106c8,2026-04-17 15:31:51,Corey,38,DE,Для работы,Beginner,45,0
4c94bb68-36ca-4f44-be50-feec370b3113,2026-04-27 13:33:51,Amanda,16,US,Для работы,Advanced,5,1
12ed8560-34e9-4f37-9847-ce2132fd21dd,2026-03-09 06:52:51,Mark,49,RU,Хобби,Intermediate,15,0
1f4dd660-5b6c-4088-963f-d13f61055c6b,2026-03-07 19:22:51,Patricia,35,IT,Для работы,Beginner,45,0
066be707-ab18-4e02-80b6-65c06ba1d300,2026-05-12 13:20:51,Alex,30,IT,Для учебы,Intermediate,5,0
c2f7f100-e536-45cb-9897-50ecffbe2a81,2026-05-26 14:11:51,Tanya,21,ES,Хобби,Elementary,20,0
3273a93d-1c49-4c93-b6cb-d3a81643f494,2026-03-17 18:59:51,James,17,FR,Для учебы,Beginner,15,0
d1c59bb5-6222-43ee-9d48-56fa6f748928,2026-03-29 06:56:51,Amanda,24,IT,Хобби,Elementary,10,0
729f6cc7-1252-440b-890f-f6e122d2e148,2026-03-19 00:53:51,Reginald,30,DE,Для путешествий,Elementary,120,0
2cf628e1-ec71-49a4-ba79-dc535a2711b5,2026-04-02 10:51:51,William,22,DE,Хобби,Elementary,120,0
4ef72cd0-68cd-407b-b0ca-2e60f95ba2cc,2026-03-04 17:28:51,Kathleen,34,DE,Хобби,Intermediate,90,0
b45b9b27-edf3-4531-9ca3-7ad64af4b307,2026-04-05 01:09:51,Kimberly,18,DE,Для путешествий,Beginner,90,0
19c61e1d-6fce-440c-83f8-2872d688836a,2026-04-13 15:02:51,Jessica,35,DE,Для работы,Elementary,20,0
08f5a38a-0147-438c-9b1a-657b389b375a,2026-04-01 23:29:51,Marissa,19,US,Хобби,Intermediate,30,0
db6140dd-4df2-4c49-90e1-554f0e9cd989,2026-05-22 00:01:51,Steven,48,RU,Для работы,Beginner,10,0
429d4a7d-afaf-474f-aa54-59ac50c0e25c,2026-05-21 00:30:51,Timothy,54,BR,Для учебы,Elementary,90,0
0d172436-d9d6-452c-8297-d4d2a567ecaf,2026-06-02 08:23:51,Sonya,39,ES,Хобби,Elementary,20,0
8a7d42c6-2d33-4eea-80ca-a57be2d891f1,2026-03-31 09:27:51,David,26,BR,Хобби,Intermediate,60,0
b723e20f-9522-4cc2-ad6b-ac716190f145,2026-06-01 10:35:51,Pamela,30,DE,Хобби,Beginner,90,0
a89efa1b-c0c4-4c61-bad1-6d58305129b7,2026-03-26 13:38:51,Jermaine,51,RU,Для путешествий,Elementary,45,1
b0a93467-de0f-43f0-b849-d0d7a03a4797,2026-04-17 17:48:51,Joseph,36,DE,Для учебы,Beginner,10,0
bdf451cd-fae6-4d68-af1d-7509f14ff101,2026-05-20 03:46:51,Tami,26,FR,Для путешествий,Advanced,15,0
7ff1c449-3530-48c5-af5b-cf4383a5a649,2026-05-13 00:31:51,Steven,32,IT,Для учебы,Elementary,20,1
6c023b49-4acc-4869-afe7-812f0515c27d,2026-05-26 23:41:51,Lisa,23,FR,Для работы,Elementary,45,0
2005fa54-6a41-4b12-91fa-0ce0c9cce4c4,2026-03-07 08:38:51,Raymond,51,US,Хобби,Beginner,60,0
0470ea43-2b09-4fd7-b610-6fe5ec0530a4,2026-03-26 01:44:51,Laura,37,BR,Для работы,Beginner,5,0
e22131ca-b3cf-49b6-86a8-6b06b2a1b798,2026-05-31 02:44:51,Heather,29,ES,Для работы,Beginner,90,0
989bc4be-55cd-4522-8230-0f270068563a,2026-03-18 06:27:51,Steven,41,FR,Для путешествий,Advanced,90,1
dea4704a-362e-460d-8b47-bbed677021f7,2026-04-03 10:56:51,Stephen,36,BR,Для учебы,Intermediate,120,0
8357f23f-7e4d-4b2e-b166-1288512bff9e,2026-04-25 23:57:51,Donald,37,IT,Хобби,Advanced,10,0
b3683ee4-e893-4f7b-87ed-d6dab81e5b35,2026-03-05 11:37:51,Colton,31,FR,Для путешествий,Intermediate,10,0
e89e9d3e-4cd4-4478-b987-c8b87dbeac45,2026-05-23 02:28:51,Andrew,40,US,Для учебы,Elementary,5,1
00b7a233-111b-4010-9853-6e1b68f5bd8a,2026-03-24 10:17:51,Brandy,44,US,Для работы,Advanced,20,0
6a4b57a9-cdf1-48bb-af72-f24bf5c22787,2026-04-21 04:27:51,Thomas,42,BR,Для учебы,Intermediate,60,1
3c6e1da8-f38e-4555-8409-81e2f813d4ee,2026-05-16 01:28:51,Marcus,44,ES,Для учебы,Elementary,60,0
902357f4-8dc0-423e-8ebd-f9949b87e7ec,2026-05-29 13:31:51,Nancy,31,DE,Хобби,Intermediate,15,0
43e85652-4281-48aa-8ae8-ed0110092fea,2026-05-15 11:42:51,Brianna,22,IT,Хобби,Advanced,90,1
f70efd16-6799-4e32-90f4-19c6b4d31cc5,2026-04-02 01:00:51,Zachary,42,ES,Для путешествий,Intermediate,45,0
1d3bceab-5ae7-4b77-92ae-e83888e9e121,2026-05-31 13:51:51,Sharon,36,FR,Для работы,Elementary,60,1
134325d6-5128-47d6-9479-afd28ff72475,2026-03-20 02:17:51,Elizabeth,42,ES,Для путешествий,Elementary,10,0
211373ae-6e43-49b0-b7ea-643ee3678edb,2026-05-08 12:36:51,Jason,47,FR,Для путешествий,Advanced,20,0
766f8c29-283b-444a-b86f-5bc725b05541,2026-04-08 10:11:51,Andrew,40,BR,Для путешествий,Beginner,20,0
e979824f-d970-4a66-8d93-a1af17792d65,2026-04-23 17:45:51,Brianna,27,RU,Для учебы,Intermediate,5,1
77051080-7f00-437e-ab35-4f4b8e0b2dfd,2026-05-20 17:03:51,Robert,49,FR,Для путешествий,Elementary,10,0
56b7c55b-6738-47e7-9fe6-4afd59165ebd,2026-03-07 11:49:51,Lee,53,BR,Для путешествий,Advanced,15,1
f93412eb-9f92-492b-962f-7e997cf21767,2026-05-13 21:14:51,Stephanie,46,BR,Хобби,Advanced,120,0
6940d96c-0b47-464d-a5f9-1e709118b042,2026-04-05 08:20:51,Ryan,55,BR,Для учебы,Elementary,30,0
7584ccce-1d45-4d5f-a141-86e809730d91,2026-04-10 16:23:51,Laura,42,IT,Хобби,Beginner,90,1
27b6828b-4f8a-4542-ae64-7254902a6816,2026-03-25 08:55:51,Tiffany,18,BR,Для путешествий,Beginner,30,0
227c72d9-497e-4252-b99c-15f262583fcd,2026-03-14 16:38:51,Teresa,24,IT,Для работы,Advanced,60,0
321f2861-0c9d-49e8-9dd8-4e35c0ee0653,2026-04-08 01:33:51,John,29,ES,Для учебы,Advanced,60,0
62cbb2a4-1f92-428d-a9ba-4fda3d2677ab,2026-05-18 20:12:51,John,47,FR,Для работы,Intermediate,60,0
a31b260b-696a-41f2-80a4-81ce93eb2f3a,2026-03-13 03:40:51,Justin,19,US,Хобби,Intermediate,15,0
7775b414-99c3-4e33-a944-b65515bd049f,2026-05-12 02:37:51,Amy,51,ES,Для работы,Intermediate,90,0
75076c72-f1d2-4a0a-b635-c266c8e75de0,2026-05-12 10:51:51,Kelsey,36,BR,Для путешествий,Intermediate,15,0
2503b4a4-51da-4b19-b072-b43067e17ae4,2026-05-04 21:11:51,Keith,33,BR,Хобби,Intermediate,15,0
caf200e0-0952-4552-bdac-f1d63f40b895,2026-03-14 14:17:51,Dawn,42,BR,Хобби,Beginner,90,0
ceccc655-4f99-44c2-9bba-5a38d8881d4b,2026-03-18 21:34:51,Michael,46,US,Для учебы,Intermediate,20,0
e531f8b8-afac-48b8-be15-78acb3e5e41f,2026-04-13 13:41:51,Brandon,28,BR,Для учебы,Intermediate,15,0
9ad733de-309f-46b8-846f-583097f6fee7,2026-03-20 20:40:51,Victoria,21,US,Хобби,Intermediate,60,0
53adc008-c30c-4458-a951-dd96244b4ab1,2026-03-24 07:33:51,Brian,32,ES,Для учебы,Beginner,5,1
190ddf04-af0b-4563-9c7a-744ed585af99,2026-03-21 04:56:51,Julie,17,BR,Для учебы,Elementary,15,0
b73b293d-6d59-4902-8cdd-766a09d13ec3,2026-03-11 08:08:51,Rebecca,34,FR,Хобби,Elementary,5,0
472e59b7-a26b-48a9-a0c7-34d3a77795d5,2026-04-06 07:16:51,Jeanette,18,IT,Хобби,Beginner,30,0
2269c18e-03c6-49ce-a8f7-edbd3ff05f8a,2026-03-26 15:59:51,Eric,52,RU,Хобби,Intermediate,120,0
867c5a07-8ebc-4f15-9c3d-38119da02e14,2026-05-14 13:16:51,Jasmine,40,FR,Для работы,Advanced,120,1
b91541a1-ca7e-423a-9f02-7d5431db19b7,2026-04-19 00:45:51,Joseph,54,US,Для путешествий,Advanced,60,0
49bf6a0e-e4e3-4ab8-95e6-d59291fbe97c,2026-04-02 09:23:51,Richard,42,US,Для учебы,Beginner,15,0
101374fb-8046-49c6-927e-6b88d29f1985,2026-03-12 01:09:51,Stephanie,24,IT,Хобби,Elementary,20,0
5d93e5f2-0fb3-4ebb-b393-d18d1ca7fbae,2026-04-19 15:20:51,Brian,52,RU,Для учебы,Advanced,5,0
44b1d697-4c3d-4c76-a9c2-857abe34f896,2026-04-25 06:09:51,David,52,RU,Для путешествий,Advanced,20,0
c99966d1-8a19-4bc0-a13f-6c7df667f38b,2026-05-18 00:25:51,Scott,55,RU,Для путешествий,Intermediate,30,0
9a08a2fb-4061-419d-8cb0-087ed82cb380,2026-03-31 06:08:51,Andrew,18,RU,Для работы,Intermediate,30,0
ae18a65d-f825-4014-8188-737cc83ae2a9,2026-03-18 20:18:51,Sarah,38,IT,Хобби,Advanced,30,1
a662c70f-8bcd-43d4-bf7a-adc7161d0dcb,2026-05-17 00:47:51,James,22,DE,Хобби,Elementary,10,1
0522a226-bbca-4035-a35f-97ed67c40679,2026-03-12 21:13:51,Gregory,20,US,Хобби,Elementary,20,0
45ccea01-e8be-48c2-a5da-3cddae4c5f5a,2026-05-01 04:53:51,Christopher,24,DE,Для учебы,Beginner,20,1
e5f25cca-4382-4e43-b1b9-3567b4daff6d,2026-03-08 22:19:51,Lisa,29,BR,Для учебы,Advanced,30,0
478e903e-1070-4566-a44f-265eb81f4ee4,2026-03-11 10:54:51,Katherine,24,FR,Для работы,Elementary,10,0
2704dcc0-1c98-432c-b520-6f523191517c,2026-05-09 05:45:51,Tracy,47,FR,Хобби,Intermediate,60,0
9a25d60c-967d-4407-bcb4-a70ec10f91d1,2026-04-27 07:47:51,Tamara,53,ES,Хобби,Beginner,120,1
56da5e6f-df4f-4412-9155-f376bc72e6da,2026-04-15 12:35:51,Michael,41,DE,Хобби,Beginner,90,0
0a398a82-22e9-49ab-9632-b97a7ba8751f,2026-04-11 13:12:51,Aaron,53,BR,Хобби,Elementary,15,0
be77e01e-dae2-40f8-9c37-4a493d352183,2026-04-11 05:16:51,Tanya,53,BR,Для работы,Advanced,20,0
b24afda2-d04a-4049-a28b-7bf4293ad9b8,2026-03-15 19:26:51,Justin,55,US,Для учебы,Advanced,15,1
44e10ea9-2993-4578-aa26-bb2c9f137202,2026-05-02 16:01:51,Barry,49,IT,Для работы,Advanced,120,0
6164da2c-a64c-4d4e-b06b-22ca0f1580ab,2026-04-15 06:32:51,John,25,RU,Хобби,Advanced,120,0
e56ed96c-1374-485d-bd4b-49ea8bb49bcf,2026-05-09 11:27:51,Allison,33,RU,Для работы,Beginner,60,0
37b9599e-231c-4a6a-9d82-c93e011e5f85,2026-04-30 04:13:51,Denise,29,US,Для путешествий,Beginner,60,0
2441a173-a173-41cd-9609-fdd909978315,2026-04-22 07:56:51,Daniel,19,IT,Для учебы,Intermediate,20,0
d749ec54-cff0-4ab2-b0d3-62769254b728,2026-06-02 01:48:51,David,43,ES,Для путешествий,Intermediate,90,1
5c81c6ef-2d1a-437e-9a70-8e8a06430c29,2026-05-21 17:35:51,Edward,49,DE,Для работы,Intermediate,120,1
a5b5024d-ba01-42fe-96d5-3443e052513a,2026-04-22 01:59:51,Christopher,47,FR,Для путешествий,Advanced,60,1
0aa7c801-e24a-42ef-9f55-ccd8493e23f8,2026-04-09 13:14:51,Brittany,48,BR,Для учебы,Intermediate,10,0
4ca33035-0752-4e1d-8bc3-4415e0bb7d8e,2026-04-07 23:56:51,Deanna,54,DE,Для учебы,Advanced,15,0
8b05144a-fa32-42e2-a415-e53e48efa40d,2026-04-14 16:00:51,Shannon,21,RU,Для путешествий,Beginner,45,1
3f4be285-e58d-4396-b60a-ac11957af89d,2026-04-13 17:59:51,Ashley,31,US,Для работы,Elementary,10,0
cb81e0df-6594-4128-85f7-c38386dccd69,2026-05-09 04:53:51,Gloria,19,RU,Для путешествий,Beginner,30,0
7aefd44a-6b06-4e93-893d-d7a9df02da76,2026-05-11 15:05:51,Christine,38,FR,Для работы,Intermediate,20,0
b3fc74e3-1b57-49b2-aa32-9c388dd4cf9c,2026-05-24 05:11:51,Andrew,44,DE,Хобби,Advanced,30,0
8413c32f-a16d-4d10-91f8-d60af29f8dc4,2026-03-04 12:14:51,Monica,22,US,Для учебы,Intermediate,120,0
a37b408e-ecf5-46ac-a5bd-29be4c9557a3,2026-04-21 04:21:51,Jillian,38,US,Для работы,Intermediate,45,0
c96e3976-c223-4b5e-9d69-4ed3408ff7f5,2026-03-19 04:45:51,Robert,16,IT,Для учебы,Elementary,45,0
77a22ebb-cf3c-4283-a56f-94a4d6cc939a,2026-04-19 19:18:51,Lori,42,FR,Для работы,Beginner,90,1
c1c61ff0-4da8-4fcf-befa-51bb4ba48dfc,2026-04-14 06:20:51,April,30,ES,Для учебы,Beginner,45,0
da43bccd-e5ae-4479-a21a-6ecb53d83901,2026-04-29 13:14:51,William,51,DE,Для учебы,Advanced,45,0
03bb2717-51c8-4536-9349-b8913b31ea41,2026-04-25 17:46:51,William,27,DE,Хобби,Beginner,120,0
8981686e-b481-443e-a579-22e4ae5820af,2026-04-17 02:12:51,Tanya,33,ES,Хобби,Intermediate,15,0
615d2636-8098-40e6-a970-d38402b63d91,2026-03-27 07:07:51,Gabrielle,38,BR,Для работы,Advanced,90,0
da555610-f655-4ac7-b035-b76eaa38ca4e,2026-04-01 11:29:51,Jessica,31,IT,Для путешествий,Elementary,15,0
60c05eef-c005-4ced-a7c2-2bfa450d6a1e,2026-03-17 09:52:51,Tim,51,DE,Для учебы,Elementary,5,0
8630ab7a-3674-458e-9c47-7141b583e175,2026-04-29 13:15:51,Derek,30,IT,Хобби,Elementary,20,0
a6f88cdf-d04b-4534-b800-7739080dcc8a,2026-03-18 04:40:51,Andrew,44,BR,Для путешествий,Advanced,90,0
e1925b6c-063c-4797-a267-39705423b530,2026-03-29 05:35:51,Tina,33,IT,Для учебы,Advanced,60,0
ed31f5b6-ebb5-4d53-b3d9-3426037c05b0,2026-05-09 09:43:51,Nicholas,28,RU,Для учебы,Elementary,60,0
2e89bb7c-fa79-40dd-8d90-70094561ea5e,2026-05-24 12:54:51,Nicholas,35,DE,Хобби,Intermediate,90,0
9c9ad346-ceb1-4a0d-b4fb-46484febc9dd,2026-04-19 08:11:51,Tami,27,FR,Для путешествий,Intermediate,20,0
58d8e0be-99d1-475b-8015-2f2d6b90d387,2026-03-23 00:14:51,Samantha,46,BR,Для путешествий,Advanced,60,1
ba685863-2a3a-48f2-94f9-b5bf9581199c,2026-04-14 22:58:51,Mark,25,FR,Для путешествий,Elementary,45,0
20937884-f710-4392-9411-5c9882b5e5e9,2026-03-29 17:27:51,Sean,30,ES,Для работы,Intermediate,20,0
4e406cf4-7f5a-44c1-9d5d-45a66feb00fa,2026-04-14 21:44:51,Adam,18,IT,Для учебы,Intermediate,60,1
2e6d62be-7220-4604-9dbc-0aa3ec61c8df,2026-05-28 19:34:51,Bethany,33,IT,Хобби,Intermediate,30,0
899923ae-cdfc-4b13-8199-89c4753bb1c0,2026-04-11 01:07:51,Wanda,50,FR,Для учебы,Beginner,45,1
aa134322-dc1d-4307-b32a-a4ca0e9baec3,2026-03-08 19:22:51,Karen,18,DE,Хобби,Intermediate,20,1
86e0ac37-9064-442a-a3e2-a9229377fe64,2026-03-11 04:08:51,Dana,46,DE,Для работы,Intermediate,45,1
157221a2-b3f2-4854-a8b6-4233d8867d1a,2026-03-25 03:53:51,Melissa,50,IT,Для учебы,Elementary,45,0
c0f855d0-68ac-4c1b-82b6-106e670a9269,2026-05-12 23:38:51,Alvin,32,US,Для путешествий,Intermediate,10,0
307482bc-9e8a-4ee3-823c-8e52ac8b0a21,2026-05-26 06:45:51,William,50,IT,Для учебы,Elementary,5,0
feeb2830-bcc1-41fc-a5aa-9f0fb8a98bd1,2026-03-06 04:33:51,Aaron,41,FR,Для учебы,Beginner,10,0
ef045928-b360-4d7a-8c3d-ff189b27f3f9,2026-05-08 09:35:51,Rachel,28,IT,Хобби,Intermediate,120,0
e79180d4-254c-4466-a0e4-1017f524c6ad,2026-05-30 18:22:51,Gary,22,DE,Для путешествий,Beginner,15,0
7f9ea835-a44c-49f6-8e90-7cb6d11c759d,2026-04-19 14:01:51,Amber,50,ES,Для работы,Beginner,10,0
aa197548-ee0d-4e71-98e3-3d172c69f2d2,2026-05-27 03:52:51,Lisa,31,US,Хобби,Elementary,5,0
2f3b3905-7e78-4590-8b74-d8ff66d52275,2026-05-03 08:56:51,Scott,38,RU,Для путешествий,Advanced,10,0
c5318523-fb61-40b8-b942-6c2eb645bfdf,2026-05-26 02:37:51,Tiffany,34,RU,Хобби,Beginner,30,0
b93cad2b-a817-49c6-a03c-b0f57dd9d5a8,2026-05-22 14:38:51,Tammy,32,FR,Для работы,Intermediate,5,1
bd6dc7c4-7d12-45fd-bfe9-cb9da5ac06e9,2026-04-22 17:41:51,Joseph,25,ES,Для учебы,Intermediate,5,0
65b279f4-744e-4581-b960-0fa919801ca7,2026-04-17 15:30:51,Katherine,52,IT,Для учебы,Intermediate,10,1
70663ea9-1efa-4db7-9b8f-70c2e6f7ee14,2026-04-02 23:47:51,Amanda,42,US,Хобби,Intermediate,45,0
5c0edc83-29cc-4e76-991a-19a55f90ad8a,2026-05-16 06:36:51,Cory,55,FR,Для работы,Elementary,10,0
2d94eeee-c570-415d-b947-b8266c890bff,2026-04-06 07:39:51,Deanna,43,DE,Для работы,Beginner,120,1
a7235c6a-6b3c-45a9-9fe2-694c75e6d9f7,2026-04-26 22:27:51,Beth,47,BR,Хобби,Beginner,20,0
1d5dddf1-985f-44b4-9595-7c2b4dec4ea3,2026-05-23 05:02:51,Ricardo,38,RU,Для учебы,Intermediate,20,0
56882599-8cf2-48f2-bc96-14aeb377788c,2026-05-04 04:31:51,Amanda,52,FR,Для работы,Beginner,30,0
f8f6f989-1800-4c12-b08c-a1eb25fc4f7f,2026-05-06 02:29:51,Wesley,39,BR,Для путешествий,Intermediate,30,0
65faa9f0-ff10-48fb-9c73-12538f178f5d,2026-05-30 12:40:51,Kenneth,25,ES,Хобби,Advanced,10,0
72a2adf5-f110-4864-96d6-b168c12bd689,2026-05-08 03:34:51,Shawn,29,DE,Для учебы,Beginner,20,0
ece86cf2-ce98-4397-8e25-a92e40f8ae8e,2026-05-02 21:38:51,Darryl,35,BR,Для путешествий,Elementary,30,0
50ee4014-9331-41f1-b638-697fde9b0b92,2026-04-04 00:22:51,Tiffany,22,RU,Для путешествий,Elementary,20,1
9ffdecac-e966-42fa-ba51-66720faff587,2026-03-18 08:24:51,Xavier,49,IT,Хобби,Advanced,30,0
daf019f4-5854-4b80-b6c3-9ebff6a9faa9,2026-05-23 05:53:51,Carrie,23,BR,Для путешествий,Beginner,15,0
89e66395-ebc5-4aaa-959b-144996eac127,2026-05-27 18:55:51,Andrea,37,DE,Хобби,Beginner,45,1
fce18ad6-4f31-47c6-912b-9608aeffbf36,2026-04-18 17:23:51,Kristina,37,IT,Для учебы,Beginner,120,0
3d7d399f-e543-49b6-984b-7382136bf42d,2026-03-25 17:26:51,Valerie,39,ES,Для учебы,Beginner,30,0
c3ea999e-2723-42b9-8da8-4f25f07372f9,2026-04-07 04:06:51,Karen,29,FR,Для учебы,Elementary,5,0
5e0652e9-c987-4477-a610-b31607e0aea6,2026-05-28 21:49:51,Kathleen,50,IT,Для путешествий,Intermediate,120,1
5c9bd522-7a81-4dcf-8ba5-ca3d97bdf6fa,2026-05-15 03:41:51,Abigail,34,DE,Хобби,Intermediate,15,0
e2c0360e-665e-4c66-80e0-63c9ac683e56,2026-03-15 11:10:51,Nicholas,54,US,Хобби,Advanced,15,0
32e96fc8-e281-454d-bb6f-c91f51d93b15,2026-04-23 03:29:51,Emma,26,ES,Для учебы,Advanced,90,0
1361cc6a-49f5-4ace-91f1-0b9396be8a21,2026-04-24 12:08:51,Vernon,52,ES,Хобби,Intermediate,10,0
3709371d-fbaa-4410-be7a-6b2fe8a24880,2026-03-15 23:38:51,Amanda,25,RU,Хобби,Elementary,30,0
d421ec1b-ff46-4f1c-b5f0-21f98fc2c4ea,2026-04-21 19:25:51,Joseph,30,FR,Хобби,Elementary,120,0
e2d2a131-73da-4c16-b653-879858276215,2026-04-22 07:04:51,Gabrielle,47,ES,Для учебы,Advanced,90,0
c7cb4d24-0d47-4f55-b391-8e960ef49e48,2026-03-29 09:58:51,Daniel,40,ES,Для учебы,Intermediate,10,0
328338a3-7e49-4dff-8e6b-a9abba66db70,2026-03-20 11:22:51,Dale,16,DE,Для путешествий,Intermediate,30,1
42afa74b-ef95-46db-9607-ef7217dd779b,2026-05-16 04:52:51,Derrick,28,BR,Для работы,Beginner,90,0
41dba48a-25bb-4d6b-9013-83180d87a9ed,2026-03-10 05:31:51,Paul,41,ES,Хобби,Advanced,120,0
a1870dc8-c78c-4c11-bca6-d078e24fc824,2026-03-27 22:24:51,Dennis,35,BR,Для работы,Intermediate,45,0
063140a3-21df-46bc-af92-b46c2d9d5e53,2026-04-18 13:27:51,Donald,47,IT,Для учебы,Intermediate,45,0
4999919d-3c3b-4ff6-bc3b-0fd029a99b5d,2026-05-23 23:23:51,James,38,DE,Хобби,Advanced,60,0
ce8adddc-9b4c-4a88-87c8-4bcde3caf58c,2026-06-01 13:33:51,Maria,18,FR,Для учебы,Advanced,15,0
95587d26-249c-4d42-a546-5a541f91489d,2026-03-19 18:13:51,Robert,22,FR,Для учебы,Beginner,45,0
c9b4ed07-f5b3-4d94-9561-b577f5e8cf9b,2026-03-29 02:46:51,Gerald,34,IT,Для путешествий,Beginner,20,0
2855ef38-b36c-4c9c-a61f-0ce14bd87ad8,2026-03-19 09:08:51,Deborah,26,IT,Для путешествий,Beginner,10,0
e90bae44-3565-4a93-8137-00edefda0dbe,2026-05-09 00:16:51,Melissa,31,DE,Для учебы,Beginner,90,0
3cbfb995-880a-4048-8c9c-8d386f5ee962,2026-04-12 17:44:51,Alex,39,BR,Для путешествий,Elementary,45,0
eb1c0c96-9e20-46d2-9a00-3ff2d7a128fd,2026-04-06 22:34:51,Robert,39,FR,Для учебы,Beginner,20,1
6adcfebc-47d0-4f47-bcad-464162c1c39d,2026-05-05 06:37:51,Katie,38,IT,Для путешествий,Elementary,120,1
4cfc4019-264c-41a0-b4ab-249208fa0724,2026-03-09 01:09:51,Timothy,17,DE,Для учебы,Intermediate,120,0
8889972d-254d-49dc-8015-ea3886390b64,2026-04-14 00:00:51,Stephen,21,IT,Для путешествий,Advanced,20,0
79bf0d3d-3541-4c7e-9d55-cf9670e61bdd,2026-05-30 09:16:51,Karen,40,US,Для работы,Advanced,120,0
2969f614-c555-42af-99b9-7f489232c9cc,2026-05-21 04:27:51,Lauren,49,US,Для путешествий,Advanced,60,0
8695bfa2-46cd-4b9d-88e4-5316ce13cc96,2026-05-19 08:10:51,Andrew,34,ES,Хобби,Intermediate,15,0
ed3e28ab-1298-4531-9706-ee569529ad35,2026-05-28 05:36:51,Leah,48,FR,Для путешествий,Intermediate,45,0
57fc31c4-e334-4c7b-954b-367950eff684,2026-04-20 02:13:51,Alison,18,BR,Для путешествий,Elementary,120,0
46b0e500-b455-4dca-a35d-8eb55d25f5b2,2026-03-18 01:27:51,Maria,40,IT,Для работы,Advanced,5,0
56ea93c0-d717-47e2-8cf1-ea6f41e66b68,2026-05-06 10:18:51,Gregory,52,IT,Для путешествий,Elementary,45,0
4c726f83-b125-4770-9eab-7ef5ce21b92a,2026-03-24 10:09:51,Dylan,33,DE,Для путешествий,Beginner,30,0
9c236cd7-a38e-4da8-b61a-65dbb0a91b0a,2026-03-10 07:50:51,Richard,26,FR,Для работы,Elementary,60,0
b29663d7-e321-49a1-8e5b-3ca04f904202,2026-03-28 18:14:51,Samuel,53,BR,Для учебы,Elementary,60,0
259d3831-e996-412e-aae0-507c28a1fff9,2026-05-19 01:39:51,Audrey,34,FR,Для учебы,Elementary,30,0
30fef998-a3cb-4a2b-81e0-756804d3fbfa,2026-05-17 02:06:51,Molly,54,BR,Для учебы,Intermediate,5,0
49efdb68-f93e-4909-ae58-708266466d08,2026-04-13 13:03:51,Thomas,54,IT,Для путешествий,Intermediate,5,0
902ef43c-ec07-4fbd-9b7c-f15f3ae9ef8c,2026-04-08 22:27:51,Lauren,49,FR,Для учебы,Advanced,45,0
d4b7552b-add9-4a08-a1a1-157914d1bf84,2026-04-27 21:02:51,Adrian,22,FR,Для работы,Beginner,90,1
0f03a94d-7e07-40b4-8990-3e5473078557,2026-04-11 16:05:51,Jeffrey,46,ES,Для путешествий,Elementary,45,1
f24bdb73-8848-4ccd-bed4-8e26411fb1b2,2026-05-20 23:41:51,Lisa,54,DE,Для работы,Beginner,20,1
687bde4c-54c0-4a82-b888-36a1ffef2924,2026-05-06 15:30:51,Molly,48,RU,Для учебы,Beginner,120,0
7c72b256-6920-4bc9-b847-c3bc2354afc2,2026-04-12 15:25:51,Jill,26,DE,Хобби,Intermediate,120,0
9733986e-0d98-41b0-a3dc-58cd47e13d87,2026-04-25 01:49:51,David,48,IT,Хобби,Elementary,45,0
6bc71c04-c56e-4873-82e1-7b330d945da5,2026-04-28 02:25:51,Nancy,35,FR,Хобби,Advanced,60,0
3f00aca9-2ad2-46e4-b60b-7c486bbabfb6,2026-05-22 20:34:51,Kelly,18,BR,Хобби,Advanced,60,0
5c392c75-9d0b-4246-ad83-62c5c11b05c1,2026-03-09 21:35:51,Darin,55,US,Для учебы,Intermediate,60,0
51c5995c-1f63-43e1-9e76-9d336e35b88c,2026-04-16 17:30:51,Lisa,40,RU,Для учебы,Intermediate,15,0
098fa941-4c5e-44f5-ae10-eee4c1714aff,2026-05-07 01:29:51,Abigail,16,BR,Для путешествий,Elementary,20,0
eabc4d13-feab-44ee-b85f-49baf789bf14,2026-04-07 20:53:51,Beth,34,FR,Для учебы,Intermediate,10,0
7db11eb1-b1a5-4404-a394-d60014861c9c,2026-03-21 14:01:51,Michael,18,BR,Для путешествий,Advanced,20,0
59b3be6c-0237-46d8-9178-5fdced23fda9,2026-03-06 11:21:51,Vicki,48,DE,Для учебы,Elementary,5,0
c86d6268-7528-4448-9543-dba75c5197a6,2026-04-04 06:20:51,Amber,41,DE,Для путешествий,Advanced,90,0
962360c9-5dac-454a-a91f-653edda1a415,2026-03-18 11:53:51,Monica,29,RU,Для путешествий,Elementary,60,0
0d569271-9b7c-4419-b739-7222f3017490,2026-03-13 06:02:51,Julie,43,DE,Хобби,Elementary,45,0
73647c28-1ea4-4247-ad37-9178c6a0be30,2026-04-28 09:01:51,Wesley,18,US,Для путешествий,Elementary,120,0
452c3531-aabc-4e49-86d5-dbbf81b88f1b,2026-05-21 00:37:51,Melissa,50,IT,Для работы,Advanced,10,0
e27ea366-b1b2-4ebc-b4bc-56a24078c852,2026-05-20 20:37:51,Brianna,17,ES,Для работы,Advanced,15,0
504c7b7f-781c-48a1-b8fe-2f92c3649cae,2026-04-05 02:12:51,Debra,40,ES,Для учебы,Advanced,10,0
0fd960da-9fe0-49be-9cf5-a6616d36b876,2026-05-01 15:24:51,Destiny,19,FR,Для работы,Elementary,20,0
23267035-a29d-48db-8dcb-65453b6feca4,2026-04-27 18:46:51,Laura,25,BR,Для учебы,Elementary,60,0
63cbbedc-70a6-49ce-9ef4-f158cecd059b,2026-04-09 14:34:51,Robert,24,ES,Хобби,Intermediate,90,0
0b4541a2-42ca-47c9-a260-f325da46ff52,2026-04-27 08:33:51,Brandon,32,US,Для работы,Advanced,60,0
fb71b24e-7f82-4b5e-aea1-6b9dc77e7e7c,2026-03-10 17:45:51,Walter,55,RU,Хобби,Intermediate,60,0
19c40dda-246c-466f-ac47-ff08785369a8,2026-06-02 01:40:51,Jason,55,DE,Для путешествий,Elementary,45,0
db20c87d-2f36-487b-a335-7b4b9e01cbd0,2026-03-18 16:45:51,Justin,37,IT,Хобби,Advanced,60,0
01feb02f-c784-432e-adf5-ef89e3d0b46b,2026-04-23 16:34:51,Jessica,19,US,Хобби,Advanced,45,0
9a355a27-91dd-49fe-9282-1a081d656269,2026-03-13 11:52:51,Ana,27,ES,Для учебы,Elementary,45,0
1f7dbb21-f455-41ba-ac82-dca7b899b3be,2026-05-04 23:43:51,Anna,26,FR,Хобби,Advanced,60,0
a91007cb-e721-4756-ad17-494b864892af,2026-05-07 21:19:51,Shelly,28,US,Для учебы,Advanced,120,0
af442fb9-3c66-4c94-a1b3-cefdb67cfa9d,2026-03-28 09:15:51,David,39,ES,Хобби,Advanced,15,0
89706354-7b64-41b9-8539-4bc86abd744c,2026-05-16 22:26:51,Leah,45,IT,Для путешествий,Elementary,15,0
c4f3e888-65eb-4dc6-a8dc-db4e34af682b,2026-04-22 23:59:51,Rodney,23,IT,Для учебы,Intermediate,5,0
f37b5e34-8995-4b3c-a3bc-b5e105772a91,2026-05-16 16:24:51,David,28,ES,Хобби,Advanced,10,0
f2b545e1-d2c8-42da-abeb-5a822c8f0828,2026-04-16 06:05:51,Angela,49,FR,Для путешествий,Advanced,10,0
683bd9c6-31f3-4694-8f75-2128534d3661,2026-03-12 16:52:51,Stacy,55,BR,Для учебы,Advanced,15,0
8632108b-9f9a-4edf-90ce-c17ffe5af4a6,2026-03-19 12:09:51,Eduardo,25,US,Для путешествий,Advanced,60,0
3aed94d6-58f0-452c-8e93-8daaca0825a1,2026-05-19 21:39:51,Kelly,42,US,Для путешествий,Intermediate,90,0
32c42532-cbd7-4932-85dc-fdd05c9960ed,2026-04-21 09:14:51,Ronald,41,RU,Для учебы,Elementary,30,0
5c5e6478-2e63-4fc1-93f4-70c418353178,2026-05-16 22:41:51,Nicole,46,DE,Для учебы,Intermediate,30,0
119101ed-3e49-4796-8966-283af4769a15,2026-04-15 08:13:51,Cassandra,53,RU,Хобби,Intermediate,60,0
19397e6f-8bbe-4354-9c4b-44892c467563,2026-03-26 22:31:51,Billy,53,RU,Хобби,Advanced,15,1
2c9e000c-2aee-4b5a-93de-2587d47881c0,2026-04-22 19:48:51,Rebecca,20,DE,Для путешествий,Advanced,60,0
645d9b7b-f074-402a-8b12-7df3b9889abb,2026-03-13 20:55:51,Mary,20,IT,Для работы,Intermediate,45,0
e1d1e429-30e0-46e6-8ae9-c2d8ccc0632c,2026-05-26 18:10:51,Dennis,55,US,Для учебы,Advanced,20,0
0d14ac47-e121-46c1-93af-5645f4847cf5,2026-05-08 23:55:51,George,38,ES,Для работы,Elementary,5,0
52915020-7298-4830-9926-0742da1ad128,2026-03-05 14:11:51,Darlene,55,RU,Хобби,Intermediate,20,0
53b10f4e-d88b-4320-9837-0236649da2c2,2026-04-17 22:55:51,Rachel,37,BR,Для учебы,Elementary,15,1
3d6e1c83-947a-4a56-abd6-3843c0e9c019,2026-06-01 12:36:51,Rebecca,29,US,Для путешествий,Beginner,90,0
264e944c-345f-4783-8a27-6278dc5d0995,2026-05-06 18:25:51,Elizabeth,43,ES,Хобби,Intermediate,15,1
43a1244e-9857-43d8-8da9-313df6aef312,2026-03-22 20:19:51,Michael,32,US,Для путешествий,Beginner,5,0
abbe49a6-6189-4d63-96fa-d1db2fb5d6cc,2026-04-02 06:04:51,Michele,38,FR,Для учебы,Intermediate,5,1
95582f7d-0a17-4f98-aa07-24d623db6b4c,2026-05-22 11:36:51,Jacob,34,BR,Для учебы,Beginner,5,0
32826438-c578-4ee4-a9c2-8e562c03024b,2026-03-08 05:45:51,Rachel,20,DE,Для путешествий,Elementary,45,1
15d0aba7-c98e-473c-862d-8be04351bb15,2026-05-27 17:20:51,Oscar,25,FR,Для учебы,Advanced,120,0
b777bf1a-b146-4fc6-9846-da65309533df,2026-04-14 08:39:51,Carolyn,34,BR,Для путешествий,Advanced,5,0
8262d824-0ac6-418c-b153-e11268d612d4,2026-04-13 08:11:51,Frederick,36,DE,Для путешествий,Elementary,20,0
7e39dd96-fd8a-4e5b-bd68-087c10a94db7,2026-03-25 19:55:51,Joseph,20,RU,Хобби,Advanced,45,1
ebce39a0-6d09-4743-868d-98b2f2a35ed9,2026-03-16 20:28:51,Craig,46,BR,Для путешествий,Elementary,120,0
d0b5d996-5912-4d02-afbf-056de6fec6f9,2026-05-17 22:12:51,David,33,FR,Для учебы,Advanced,60,0
70cc3272-c40b-4d41-978c-bb76c68967eb,2026-05-08 12:57:51,Cindy,44,BR,Хобби,Advanced,45,0
392f93d8-64aa-4aac-bd24-ad6d782e4680,2026-04-22 00:42:51,Stephen,20,IT,Для учебы,Intermediate,10,0
f7c0579f-52a1-4eac-8dc3-c7fe308473e9,2026-03-08 07:02:51,Kimberly,27,RU,Хобби,Intermediate,10,1
8ff71cd0-a104-4e37-8cf7-16914c7e2160,2026-04-18 19:31:51,Justin,50,BR,Для работы,Advanced,20,0
17cbbeff-6772-48da-bf5d-a08b4afd7b2a,2026-05-27 07:59:51,Nathan,51,RU,Для работы,Intermediate,10,1
ba622d74-c068-4a33-a6d4-588a60c552b3,2026-03-07 22:21:51,Catherine,42,US,Для учебы,Advanced,5,0
4f067ec5-b7d0-46eb-ac2f-6ed7ce94e578,2026-05-03 21:58:51,Gary,25,RU,Для путешествий,Elementary,45,0
e2a00884-8a27-4198-8105-8db4ffff5841,2026-05-19 00:19:51,Amber,21,DE,Для путешествий,Advanced,5,0
b55a4921-b5da-4105-995d-8757fa1cfe52,2026-05-27 21:33:51,Kim,21,ES,Хобби,Advanced,30,0
fbdeb2a3-6d64-444a-8af4-2b0703e231dd,2026-03-05 14:50:51,Shari,49,ES,Для учебы,Beginner,5,0
92ee78c4-03a9-4675-a1aa-616dac1bb1d5,2026-03-07 17:44:51,Michael,29,RU,Хобби,Intermediate,45,1
c8bf7afb-6fbd-484c-9001-99a062df5e93,2026-05-06 05:19:51,Kimberly,37,RU,Хобби,Beginner,60,0
587955a9-7bb9-49dd-bb0d-7b2e28d2ac77,2026-05-28 22:01:51,Felicia,18,US,Хобби,Elementary,15,0
bec0637a-b7b9-41e9-9a0b-d1b9f5c7b6e8,2026-05-04 21:25:51,Angela,40,US,Для путешествий,Intermediate,10,0
b0b78512-c409-42d2-87ef-89551ee9b075,2026-03-14 17:13:51,Raymond,46,DE,Для работы,Intermediate,20,0
572a51f4-38cf-4789-a6a2-c1cdf6c470f0,2026-04-04 21:45:51,James,45,RU,Для путешествий,Advanced,90,0
8d75dfc8-91c9-4f2b-aa24-c61ce03ae14f,2026-04-01 22:57:51,Amanda,17,IT,Хобби,Elementary,5,0
0ca53844-1a20-422a-8198-9f05a2eaf4c2,2026-03-05 09:59:51,Alexis,47,FR,Хобби,Intermediate,60,0
50f708f4-09ce-4997-abcc-c42fee801a68,2026-04-08 08:00:51,Ashley,30,ES,Для работы,Intermediate,5,0
08e04f4d-f99a-4322-85b7-19e63e7fd458,2026-03-11 02:06:51,Shirley,19,DE,Хобби,Advanced,5,0
e0c9636c-098f-4360-8d38-098e008473ec,2026-04-28 23:06:51,Erin,23,ES,Для путешествий,Beginner,120,0
e7bdf076-c1f0-4534-a4c7-8ef3d21d4d98,2026-05-23 17:11:51,Miranda,24,ES,Хобби,Intermediate,120,0
ed061001-fefe-4427-995a-9c7bd7cfe6f6,2026-03-04 20:09:51,Sandy,35,DE,Хобби,Intermediate,60,0
ec593f23-2906-45b7-8b54-f4f76f12ee31,2026-05-12 23:25:51,Eileen,24,BR,Для учебы,Advanced,90,0
8f8cc874-0b18-458c-9299-e861d0b4dcb1,2026-05-27 14:13:51,Jenny,42,DE,Хобби,Intermediate,15,0
b2cc3e43-45ec-49a3-9e5e-26d549513fe9,2026-03-05 08:53:51,Christopher,16,ES,Хобби,Advanced,5,1
6ed3c69a-0cb0-436b-b350-efbde9fa4227,2026-05-17 19:51:51,Jessica,48,DE,Для путешествий,Advanced,20,1
5dc4b5aa-0c3a-4116-ac88-a946c6044656,2026-05-24 15:53:51,Kimberly,50,BR,Для работы,Intermediate,20,1
60086154-c6b3-461b-80db-a11b4a216cac,2026-05-15 00:40:51,Kelly,42,IT,Для путешествий,Elementary,15,0
ef7642ef-bb8e-44ed-a087-a68aa48f55dd,2026-04-20 20:25:51,Vanessa,27,RU,Для работы,Intermediate,30,0
9097d86a-c2c8-499a-aede-e4b5cd230d88,2026-05-07 11:49:51,Jacob,24,IT,Для работы,Beginner,15,0
0acc7024-c11f-4e7b-ab1f-704824dea802,2026-04-25 18:04:51,Paul,51,ES,Хобби,Advanced,120,0
c4cc736a-9a43-49d7-9a1f-1da50f3b0857,2026-05-26 23:44:51,Cheryl,23,DE,Хобби,Advanced,30,0
614ba978-8e3b-4245-a562-27665640d209,2026-04-25 00:25:51,Jessica,52,BR,Для учебы,Beginner,120,0
616fb64c-fbb4-49d2-aa67-a9c2affb8fbf,2026-03-24 15:25:51,Crystal,26,ES,Для работы,Elementary,120,0
a3bd96f4-b388-4d2c-a318-5e9c7c2055a2,2026-04-30 22:54:51,Tyler,50,DE,Для работы,Intermediate,20,0
b2866c18-8050-4a6a-99dc-e0c2e5ded7f4,2026-04-28 02:15:51,Natalie,46,ES,Хобби,Advanced,20,1
51586c35-16bd-42e4-a1c2-7ebfce3043a3,2026-05-07 03:03:51,Jimmy,25,FR,Для путешествий,Advanced,5,0
06099c91-1f1b-4fec-8f03-804554da6625,2026-03-27 20:05:51,Rick,55,IT,Для работы,Intermediate,20,0
207c137f-a64a-4560-985b-c12c62b5b940,2026-04-29 05:08:51,Mary,29,IT,Хобби,Elementary,120,0
11c68eec-0754-4fde-9cfb-5f2a2a53937d,2026-05-26 11:08:51,Angela,43,FR,Для путешествий,Advanced,10,0
056939bb-3e3d-491e-9104-3c1c8bcdebfe,2026-05-30 19:20:51,Andrew,53,ES,Хобби,Beginner,15,0
f90ce4ba-0487-417e-b639-436882849eeb,2026-05-25 08:46:51,Joshua,44,BR,Хобби,Advanced,120,0
966397be-9cc0-42aa-8758-88fe6dd1e94d,2026-05-29 07:01:51,Lauren,32,FR,Для работы,Elementary,5,0
f6d706eb-25fb-4455-949c-3ba34c63a4b6,2026-03-28 13:04:51,Matthew,44,ES,Для путешествий,Beginner,90,0
65377e3b-4efa-4e90-85d6-ecf126eaf2cb,2026-03-27 16:18:51,Jennifer,22,FR,Для путешествий,Advanced,30,0
76401a10-5e8b-41c5-a08b-74cfc1eb7861,2026-05-23 20:39:51,Nicholas,29,ES,Хобби,Beginner,10,0
291bef9d-8eb2-42f6-a236-73370ef28f50,2026-03-10 13:57:51,Isaiah,48,IT,Для путешествий,Beginner,90,0
75ebf7f2-27d4-46b5-af8b-022ba5c1fa5b,2026-04-12 15:42:51,Bryce,52,US,Для путешествий,Elementary,5,0
e42432f7-f00a-457e-816d-a66788a0431f,2026-04-29 15:11:51,Garrett,34,US,Для работы,Advanced,45,1
ab097f62-f46b-487d-b49c-754a47767cfe,2026-03-06 15:19:51,Bridget,53,US,Для путешествий,Intermediate,15,0
cae0c4ea-420d-4d3a-a1e7-b22ce6a85535,2026-04-07 15:08:51,John,21,FR,Для работы,Intermediate,10,0
e638dab6-6d61-43a9-8669-417c67a1e229,2026-04-06 11:22:51,Brad,36,RU,Хобби,Beginner,15,0
ffe6d492-6ab8-4896-9d8a-c3e01d520a78,2026-05-15 21:09:51,Emma,35,US,Для путешествий,Beginner,90,0
48e7a545-930e-4a5f-91aa-3e03573d4b95,2026-03-31 03:12:51,Gary,36,ES,Для работы,Intermediate,5,0
f7e0c0a8-2e39-40c1-ba39-234c59344a10,2026-03-09 01:57:51,Stephanie,49,BR,Для учебы,Elementary,120,0
9b721249-8d2b-4f2c-bcdd-acd784cbbaf7,2026-04-19 02:33:51,Margaret,32,DE,Для путешествий,Intermediate,90,0
0496131a-48cf-43de-a44f-807d5334812f,2026-05-20 07:50:51,Paige,50,US,Хобби,Beginner,5,0
d1f1239f-fc7b-4eb6-a222-5c5e30635ac2,2026-05-15 14:43:51,Robert,20,ES,Для учебы,Advanced,30,0
1ac2d85d-bf27-4aeb-802e-e142bf8e54e9,2026-05-21 20:34:51,Jessica,28,BR,Хобби,Advanced,30,0
913b5310-8a84-4422-a1a0-fbab11e60a0d,2026-03-16 19:09:51,Austin,24,FR,Для путешествий,Elementary,20,0
22bd0b5c-698b-4c57-9026-341d892ce022,2026-03-30 11:51:51,Christopher,50,IT,Для учебы,Beginner,120,0
5b3cca56-7b2d-4201-aa83-32787fb1491e,2026-05-21 18:12:51,Latoya,21,US,Для путешествий,Beginner,45,0
4f6d471c-0644-4c8f-bfef-33c4de26ec18,2026-03-29 04:33:51,Matthew,17,BR,Для работы,Beginner,30,1
80cb83cb-6f21-48d3-9c40-d4b12e8c172b,2026-04-30 10:24:51,Christina,45,FR,Для путешествий,Intermediate,15,0
3327da3a-92f5-471d-a5c4-c55276f2dd37,2026-05-07 01:44:51,Candice,33,RU,Для работы,Advanced,10,0
570c3ae7-ef09-4630-9697-7503b272ccab,2026-03-29 00:23:51,Paul,18,ES,Для работы,Elementary,45,0
7390b046-3e22-4b20-a3ad-2219aa7ea773,2026-03-13 03:07:51,Claudia,19,US,Для путешествий,Beginner,10,1
3e7be3cf-38a8-4d2f-b110-37cb08a8713a,2026-03-19 10:38:51,Daniel,17,DE,Для учебы,Beginner,120,1
7f9b7660-e220-4f86-946d-e8b95945ee77,2026-03-29 19:52:51,Mary,27,US,Для путешествий,Beginner,120,0
b01057be-4604-4c6f-8ffd-6912c4144749,2026-05-04 03:17:51,Joy,48,US,Для учебы,Advanced,10,0
6fc3c4ab-51cd-4560-ae9d-988bf2b67ed8,2026-03-17 02:48:51,Laura,38,FR,Для путешествий,Advanced,15,0
90d601c1-4f53-452e-877d-107010d484dd,2026-05-23 09:29:51,Ruth,38,RU,Для учебы,Intermediate,20,0
4cccd2d4-930c-486c-baa7-09c56506601a,2026-04-18 13:07:51,Olivia,43,BR,Для путешествий,Beginner,5,0
8a2e3975-20f6-46b0-ab1f-611f148402d3,2026-05-09 09:23:51,Anthony,53,RU,Для работы,Beginner,120,0
b3f8d6bd-7918-4fcc-b83b-8a0193641113,2026-04-01 07:39:51,Megan,36,DE,Хобби,Intermediate,10,1
bc21deef-2d31-4fe2-b9d7-d404253575a1,2026-04-06 01:07:51,Kelsey,41,IT,Для путешествий,Elementary,90,0
60c5d8f3-ee14-422d-9825-befb8847aff0,2026-05-14 16:31:51,Carol,23,FR,Для путешествий,Elementary,20,0
e0c5929d-87a6-4f8f-be83-ddebd85efff6,2026-04-21 02:15:51,Glen,24,BR,Хобби,Intermediate,5,0
1a092404-1d59-4a3f-8332-7dd989da88f2,2026-05-31 13:16:51,Nicholas,17,BR,Для работы,Advanced,30,0
5aacbfad-6bbc-4b9d-abc3-b9b58e03436e,2026-04-08 19:55:51,Lorraine,33,DE,Для работы,Elementary,5,0
2a0f8a15-6f5a-4041-80c8-962e60c39138,2026-05-05 18:37:51,Tracy,31,BR,Для работы,Beginner,60,0
a1c9f27f-a904-4dbd-811d-435b6e4f5778,2026-03-24 14:16:51,Jessica,51,BR,Для работы,Beginner,5,0
daf66c3e-6e61-4464-b52a-e8474c42eee2,2026-03-17 05:25:51,Lisa,53,DE,Для работы,Elementary,30,0
2f4c7023-8bd5-4174-bc0e-31dc6e769f2d,2026-03-11 01:03:51,Kara,46,IT,Для учебы,Intermediate,45,0
57e93deb-f7b9-4cfb-bb35-ecd5a22cb881,2026-03-09 12:29:51,Edward,45,IT,Для путешествий,Intermediate,20,0
0f291d73-16b0-43b8-b3d0-42f16edb875c,2026-05-07 09:10:51,Antonio,41,IT,Хобби,Intermediate,20,0
32a0b279-04f5-44e8-9905-6b26a16780e5,2026-04-10 04:00:51,Jessica,18,IT,Хобби,Advanced,60,1
40f2ff5d-b1d2-46e6-a641-2a998596eedb,2026-03-09 07:10:51,Mark,46,RU,Для путешествий,Advanced,5,0
16a1a310-7597-44a2-b77d-d95b35a3bed7,2026-04-08 22:27:51,Chelsea,46,RU,Хобби,Elementary,60,0
0e230c23-c0b2-4bad-be73-fb6dd6205cce,2026-03-14 07:43:51,Jacqueline,49,RU,Для работы,Advanced,15,0
cf8e9954-a016-403c-acef-5876e6c9c1c4,2026-04-11 13:20:51,Patricia,33,RU,Для учебы,Advanced,30,0
eb0fae88-4578-41dd-b3c3-705d02074aba,2026-03-18 02:18:51,Brittany,49,RU,Для работы,Advanced,20,0
1dc9e209-8e63-4b18-afab-3b1b5a8120a9,2026-05-21 16:13:51,Jason,22,US,Для путешествий,Beginner,20,0
852662ef-e457-4f78-b8c5-3c8df7f72720,2026-05-07 06:46:51,Holly,18,ES,Хобби,Advanced,10,0
35ac73c8-0fa0-4c83-a99e-4381949349a6,2026-05-06 08:16:51,Michael,49,RU,Для работы,Advanced,20,0
85be48bd-fa9d-4661-bd0b-2fd3968c91f2,2026-03-24 12:51:51,Amy,47,IT,Для работы,Intermediate,20,0
e3023b9d-d089-42be-ab5a-33ebb94abd98,2026-04-08 16:27:51,Kyle,21,DE,Хобби,Intermediate,120,0
e057362e-a0ca-4f87-980f-584a76ca25c1,2026-03-20 07:49:51,Cheryl,41,ES,Для путешествий,Elementary,45,0
177d1180-dda3-479d-9941-28273058f0dd,2026-05-11 01:06:51,Scott,39,DE,Для путешествий,Advanced,45,1
8f2942ba-4caf-459f-a97d-700ccda50cdb,2026-05-22 00:56:51,Joanne,18,FR,Для путешествий,Elementary,90,0
b79bdafd-6f53-4f8e-b3bf-bac4d7f3ec5e,2026-05-21 21:28:51,Brad,23,BR,Для путешествий,Elementary,10,1
057117ad-3fbe-4747-a10f-23f79b1075df,2026-03-14 14:49:51,Shaun,17,BR,Для учебы,Beginner,45,0
00061d86-87ea-4aa1-86ac-d7cab170eb22,2026-03-16 16:15:51,Tracy,54,IT,Для путешествий,Elementary,20,0
8f37e6ad-c968-4281-b566-4b69a796972f,2026-03-12 11:13:51,Jenny,43,US,Для учебы,Elementary,5,1
64afd55e-47c5-43f0-911a-7674aa33d27d,2026-03-14 13:41:51,Debbie,37,ES,Хобби,Beginner,45,0
7dc0a23e-8819-4fc3-a888-93514018c311,2026-04-02 04:49:51,Jessica,38,BR,Хобби,Beginner,120,1
a999915e-3acc-4a31-b42e-acb333ec9dba,2026-03-18 11:05:51,Angela,25,US,Для учебы,Advanced,5,0
fb3f0498-6a5b-4822-817d-ae3aa8d71120,2026-04-02 17:21:51,Dylan,32,US,Хобби,Advanced,90,0
a8efe54e-bbce-491e-b346-c0e60c41178e,2026-05-10 01:37:51,Cindy,43,US,Для учебы,Advanced,30,0
9b8eff36-ddcb-4429-b27a-0ecff87bd2e2,2026-05-31 23:09:51,Meghan,23,FR,Хобби,Elementary,20,0
45b713cd-00be-42c5-89e5-92e7686ef330,2026-05-08 14:06:51,Gail,34,BR,Для путешествий,Beginner,120,0
70dc4c79-60e1-4dff-a2da-c5c856df1b10,2026-05-13 13:01:51,Lauren,24,ES,Для учебы,Beginner,90,0
4372a324-8482-45ee-ae6c-5b5795816868,2026-05-17 11:48:51,Scott,33,IT,Для работы,Advanced,5,0
ab249871-91f7-41ed-ad27-1a6023e6a88d,2026-03-24 18:52:51,Joshua,45,BR,Для учебы,Intermediate,30,0
89d78469-9438-44a5-bda6-a387a5f49d89,2026-05-22 01:09:51,David,48,ES,Для работы,Intermediate,45,0
d52128d4-d784-4b88-a7c5-3fac307b12b0,2026-04-21 00:31:51,Robert,25,US,Для работы,Intermediate,120,1
4fba4aa5-a531-4fd7-bb62-102c1f420e2b,2026-03-04 21:57:51,Elizabeth,46,US,Хобби,Elementary,20,0
34d42ba3-da36-4f94-8293-e14121a3e7d5,2026-04-06 11:41:51,Barry,47,BR,Для работы,Advanced,120,0
14c3ee16-70df-48b1-97e9-9be08c57e449,2026-03-26 03:45:51,Todd,19,DE,Для работы,Elementary,30,0
5c41540c-ebcc-4d98-8b59-85a34adc7e7a,2026-04-21 11:27:51,Michael,38,BR,Хобби,Advanced,120,1
934d2b01-c8c1-4f84-ad05-5495c174ff95,2026-05-16 02:18:51,Michael,45,US,Для работы,Advanced,90,0
422b6075-4ded-4395-8bab-1f0c4fd52d72,2026-05-06 02:35:51,Cole,42,RU,Для работы,Elementary,120,0
e1f56c3a-da3c-4560-a30f-901ceb97041c,2026-03-15 11:53:51,Kayla,22,FR,Для учебы,Elementary,45,0
7d660691-7b17-4de1-8c32-44a119789751,2026-03-09 05:57:51,Nathaniel,35,DE,Хобби,Beginner,20,1
cb853e28-18ca-4035-86e6-66f8c33aeabd,2026-05-13 22:03:51,Jessica,53,FR,Для работы,Beginner,45,0
14d53258-5b79-433f-b281-f5f0ab1edda1,2026-05-16 09:17:51,John,24,DE,Для путешествий,Advanced,30,0
53b540dc-5e54-4850-906e-2f509bf4c8e8,2026-04-03 05:11:51,Edward,39,BR,Для путешествий,Intermediate,60,1
a6fd33ee-ab46-4299-9341-240752763f89,2026-04-14 07:45:51,Christopher,30,BR,Для учебы,Beginner,45,1
b9207937-b5d9-4138-9233-4dd0ae9ad4a2,2026-04-10 12:07:51,James,35,US,Для путешествий,Beginner,20,0
b4cf6e05-37e2-49a9-8d8a-500b4cb8f794,2026-05-02 20:06:51,Amy,21,RU,Для учебы,Elementary,20,1
62fb0183-73ba-4e2d-adb7-f715f9a15932,2026-04-10 01:05:51,Jeremy,42,ES,Для работы,Advanced,5,0
9521762b-aa9d-4ff9-a3aa-0f991f2dda41,2026-04-09 01:28:51,Amy,30,BR,Для учебы,Advanced,90,1
64c8c8ab-6807-4d7e-8d44-db36f4bc6859,2026-04-03 23:21:51,Kevin,18,BR,Хобби,Elementary,20,0
18df87d0-64b1-49bd-9eef-07a275b656ee,2026-05-10 20:50:51,Loretta,25,DE,Для учебы,Elementary,120,0
2c6872be-05cd-41ca-87b6-07a152453d6b,2026-05-29 23:48:51,Margaret,28,IT,Для работы,Beginner,120,0
076d1d97-0b9f-4254-84f8-2149c5e9c9f8,2026-05-28 10:56:51,Clinton,23,IT,Для путешествий,Beginner,60,0
ed1896b8-f8a4-445e-9dfa-2fe88a383e7d,2026-04-23 16:16:51,Breanna,17,IT,Для путешествий,Beginner,45,0
1046ab9a-c655-49f1-82a6-e97a56ef7f5a,2026-03-09 07:48:51,Laura,32,FR,Хобби,Advanced,20,0
a9a2b585-99b2-4315-83e9-a90c686e2eed,2026-05-24 15:55:51,Ashley,28,BR,Хобби,Intermediate,5,0
89b6315a-cbb4-4942-a229-900188010eae,2026-04-20 20:00:51,Patricia,46,DE,Для работы,Elementary,120,0
b9f96b61-ba87-444f-957c-1b58959262e6,2026-05-27 23:56:51,John,55,US,Для работы,Beginner,10,0
749f3950-1ad3-4ea8-85ac-0092682df9af,2026-05-03 05:31:51,John,52,RU,Для путешествий,Intermediate,45,0
d5e3451c-b66a-410d-994a-1e8ae74cbfb6,2026-04-15 19:41:51,Michael,39,DE,Для путешествий,Advanced,30,0
3136c895-1791-4b97-b900-a54a651cddc1,2026-03-31 19:22:51,Ian,19,ES,Для путешествий,Intermediate,30,0
a6ef54d6-30bd-440e-8737-fa5dec82f064,2026-05-15 08:04:51,Carol,46,ES,Хобби,Advanced,120,0
f9abc436-b73a-4314-b0e9-304b15097c75,2026-04-18 12:56:51,Kyle,54,ES,Для путешествий,Intermediate,30,0
f6056e44-df39-47c2-9ad5-72cd07a284bd,2026-03-18 09:21:51,Darrell,28,IT,Для учебы,Elementary,15,0
10db4268-2b33-4085-bf89-389e646d746b,2026-03-17 04:25:51,Scott,29,ES,Для работы,Intermediate,60,1
9b5abc67-a8cd-42c6-8379-47a09b5e0c83,2026-03-20 00:43:51,Kyle,31,US,Для работы,Advanced,10,1
27ba904e-a8d8-4842-8277-37c490d482b1,2026-05-31 17:33:51,Bryan,41,BR,Для работы,Beginner,45,0
08732a5e-817a-488d-b66d-b411282f90dc,2026-05-25 23:49:51,Barbara,51,BR,Для учебы,Beginner,20,0
be3a53a7-bc0f-4dfd-a516-666c59b30c66,2026-05-08 15:53:51,Sara,33,ES,Для путешествий,Beginner,120,0
9863cb3d-61e2-42f4-a403-14293a309414,2026-05-01 08:45:51,Dylan,50,US,Для учебы,Elementary,10,0
f48bfbbc-e998-4eb2-adc4-93ee751672b7,2026-05-21 20:45:51,Susan,46,IT,Для путешествий,Elementary,120,0
fe1f6ea6-be29-4d46-ad98-2471156171f9,2026-04-24 08:51:51,Eddie,25,RU,Для путешествий,Elementary,30,0
0cc239c4-bbf2-424b-b9dd-10d93daa1a91,2026-04-05 11:49:51,Connie,34,IT,Для работы,Intermediate,90,0
7558a111-5a1e-4371-b01b-6dee2cf8f677,2026-05-08 12:30:51,Eric,40,DE,Хобби,Beginner,20,0
0e33a7e8-5e49-4f20-95b2-c22100c2ecee,2026-04-02 16:13:51,Lisa,23,FR,Хобби,Intermediate,120,0
2e63aa11-0935-479a-b95d-e8437a14ab17,2026-03-20 14:35:51,Kimberly,53,ES,Для учебы,Advanced,45,0
9f5d1824-fbc6-4eb3-a948-155c71043281,2026-05-24 07:40:51,Matthew,51,US,Хобби,Intermediate,5,0
c5cd4984-da9d-42ad-bcc1-8fc09e4f8638,2026-05-08 23:13:51,Robert,50,RU,Хобби,Intermediate,45,0
12070add-0bd1-4efd-a4a3-285eebae1116,2026-04-02 03:36:51,Mark,26,BR,Для учебы,Intermediate,15,0
0b795ee7-20cf-47db-a83f-8e3319002e57,2026-03-12 07:24:51,Eric,49,FR,Для учебы,Intermediate,60,0
365c11ff-46f7-4c40-aba2-73271e25879a,2026-04-30 17:07:51,Stephanie,38,BR,Для учебы,Advanced,5,0
03a36f88-6a3c-499b-910f-7f1ae6a3a090,2026-04-23 05:22:51,Regina,37,BR,Хобби,Advanced,5,1
00a90719-8bfd-4f66-8463-6fc8e0af4f22,2026-04-10 22:47:51,Kelly,33,IT,Для путешествий,Elementary,10,0
5e4a0b2e-e5e1-4442-b161-fca64d33fc4c,2026-05-07 08:07:51,Marco,38,DE,Для учебы,Elementary,20,1
87750629-a0ea-4f4c-952e-d08d8f13d50f,2026-03-26 11:09:51,Donna,35,IT,Для путешествий,Beginner,5,0
bd73a19b-3e53-4b87-908b-8f2b1232aaa2,2026-03-26 18:54:51,Brandon,30,BR,Для работы,Intermediate,30,1
b47fa2bb-ab2c-427b-a6c3-991c5225765a,2026-05-12 22:24:51,Cody,28,US,Для путешествий,Intermediate,10,0
27127f04-d85a-4500-bf86-be0818d73455,2026-04-26 10:50:51,Deborah,29,FR,Для работы,Beginner,60,0
5182be41-96af-4da4-bb0e-47c2400f3145,2026-05-13 10:46:51,Joseph,34,ES,Для работы,Advanced,20,0
72b290de-4446-4697-8409-70906faf2057,2026-04-29 07:09:51,Michael,23,US,Для работы,Beginner,45,0
fca137c3-e006-4446-b34d-adbe852a3bca,2026-03-05 10:29:51,Paul,55,DE,Хобби,Intermediate,20,0
d4feb1ec-cc44-42df-af3a-4c13552cb263,2026-03-06 08:45:51,Zachary,50,BR,Для учебы,Elementary,15,0
604ab5e5-62f8-47c2-a562-ba99e749dd69,2026-03-13 06:34:51,Jon,49,FR,Хобби,Advanced,20,0
671bbaa7-997e-4558-b0ff-1626d4866794,2026-04-18 14:44:51,James,23,BR,Хобби,Beginner,120,0
2b7029c5-10b0-4dbe-899a-f07288150c97,2026-03-12 12:57:51,David,35,ES,Для работы,Advanced,90,0
a45dfb48-f271-4da1-962b-23aa25856543,2026-03-18 19:15:51,Calvin,16,FR,Хобби,Intermediate,15,1
598bd6bb-1c8c-41b8-be06-ce7569c010dc,2026-04-24 15:05:51,Donna,50,US,Хобби,Elementary,10,0
b18792de-b6b7-4723-bdc4-bae31908f080,2026-05-01 23:09:51,Diana,53,DE,Для путешествий,Advanced,120,0
9b11b982-b277-4f7f-980d-96edf956326d,2026-04-11 07:15:51,Ashley,48,US,Для работы,Elementary,60,0
39a4dd56-f0c5-4cbb-95b1-2f823779efe5,2026-05-30 19:05:51,Donna,39,ES,Хобби,Intermediate,5,1
6eb050bd-95ab-4d0e-b752-d0f41ddea300,2026-03-13 01:42:51,Rebekah,50,US,Для путешествий,Advanced,10,0
7be8a5c7-f270-436e-90c7-50c5366a0714,2026-04-06 15:00:51,Justin,50,RU,Для учебы,Beginner,60,0
de6b95e5-e42d-438c-88e2-df7f54b35bc7,2026-05-10 17:07:51,Brandon,52,BR,Для путешествий,Elementary,15,1
8e23cd87-ea75-465a-9267-304472d5321d,2026-03-17 01:40:51,Dan,45,IT,Для путешествий,Intermediate,90,0
76021990-3c7e-4326-a5b6-e1919e51bdca,2026-05-06 16:02:51,William,49,DE,Для учебы,Elementary,45,1
e7922dca-44a4-4275-9471-040a1dabb734,2026-03-12 00:02:51,Troy,48,ES,Для учебы,Advanced,30,0
474e7177-eff9-40c3-93b7-741d3d0d383a,2026-04-03 23:10:51,Patricia,18,RU,Для работы,Beginner,10,1
147d8bb0-2651-4f3c-a35d-08cfe544b005,2026-05-04 02:57:51,Samuel,29,FR,Хобби,Beginner,5,0
ba3f815c-6940-4429-9b4f-9a1b45b10e39,2026-04-15 02:56:51,Scott,44,US,Для путешествий,Intermediate,10,0
c5b97ada-b180-4727-890c-ad65061e0589,2026-05-16 10:05:51,James,42,ES,Хобби,Intermediate,5,0
9f08569e-066b-4d83-92f3-70650901e19d,2026-05-19 14:34:51,Kimberly,55,FR,Для путешествий,Advanced,45,0
3c4a84e1-f36b-4b9e-92ed-37f26474b9c5,2026-05-06 18:14:51,Carlos,20,ES,Для работы,Elementary,30,0
17b66d8d-f1ad-40f4-886a-87357c5e3f4b,2026-04-12 09:43:51,Amy,55,RU,Хобби,Intermediate,30,0
bf179db5-0404-4901-ab4a-2c32c6de2335,2026-04-11 23:19:51,Denise,52,RU,Хобби,Beginner,120,0
8a9a5a8d-784a-432d-bf7b-8891909f792e,2026-05-25 00:23:51,Lynn,54,IT,Для путешествий,Beginner,15,0
12187a65-2630-4dcb-8623-6737caeebbcc,2026-05-17 01:56:51,Christina,54,US,Для путешествий,Intermediate,90,0
79894c35-fe56-471e-a218-d01ea1ebc834,2026-04-28 17:58:51,Jeffrey,41,BR,Для путешествий,Intermediate,45,0
af5354fc-1ba9-41f1-806b-4fa0cb9b5f72,2026-05-12 22:48:51,Jennifer,38,ES,Хобби,Beginner,60,0
2774b392-ec2a-483f-a03b-d95f96c8a0a9,2026-05-29 20:20:51,Benjamin,50,BR,Хобби,Beginner,30,0
046ddaa1-7f8f-4fe5-bb47-cbefa7756a89,2026-04-09 08:17:51,Charles,23,FR,Для работы,Elementary,120,0
2b350b6d-c798-4fa8-8fd3-69d9d8259c6f,2026-04-04 03:12:51,Tina,30,US,Для учебы,Elementary,120,0
52d58c9d-eb6e-4854-94f9-3dbf44ee2495,2026-05-05 07:22:51,Levi,40,FR,Для учебы,Beginner,45,1
b2bfed6d-5221-4710-a7d1-4a3d0218b94e,2026-04-04 13:41:51,Tara,50,IT,Для путешествий,Intermediate,30,0
ed84596d-9c5f-420d-aa86-6e0cb65cb62f,2026-03-13 20:57:51,Vincent,35,BR,Для работы,Beginner,45,1
25e83ee0-40ec-47b2-a74f-2b7bf38c70da,2026-04-28 16:58:51,Kathy,47,IT,Для путешествий,Beginner,10,0
1e9d4c92-b38f-4ad0-ab29-1de551618593,2026-04-08 00:30:51,Danny,54,US,Для работы,Elementary,45,0
a0b0f294-5773-4990-a486-91abe843a3b8,2026-05-04 04:11:51,Janet,54,US,Для путешествий,Elementary,120,0
b92e77d1-7f35-4ffe-b16e-08e09df823e9,2026-03-14 11:34:51,David,23,RU,Для работы,Elementary,45,0
f00a68ae-4a6e-4465-a232-5d428d650383,2026-04-15 07:49:51,Jacqueline,22,DE,Для работы,Advanced,30,0
7773ec14-9374-424f-aaca-736bf9b538f4,2026-04-24 22:22:51,Patricia,34,US,Для работы,Beginner,20,0
aae62913-5d75-412c-99e0-ee6c79ab5be7,2026-05-16 16:23:51,Roger,54,IT,Хобби,Elementary,30,0
2b6bb3c7-685d-4c01-b1a9-473b5a56b02a,2026-03-25 22:57:51,Charles,33,IT,Хобби,Beginner,90,0
b08d7d47-48db-4d60-b697-346b2f3778c5,2026-05-07 23:32:51,Christine,27,US,Для работы,Beginner,15,0
aac0ea5c-a496-4768-9846-2395e5c706df,2026-03-25 03:15:51,Tammy,45,US,Для работы,Advanced,60,1
7317d019-e9da-4de5-b7e9-e7646145bdc9,2026-05-05 15:37:51,Jonathan,43,RU,Для работы,Elementary,90,0
462f9b76-e0e5-4de4-8dc6-3dc3b55c7c63,2026-05-23 22:24:51,Heather,37,FR,Для учебы,Intermediate,30,0
262c9444-2367-46f6-98bc-ffa7a5b3e4a7,2026-03-19 16:03:51,Ashley,52,ES,Для учебы,Advanced,120,0
84a3c373-4fb8-427a-98bd-959562426f1c,2026-05-18 17:22:51,Amy,41,ES,Хобби,Advanced,120,0
9e3136a0-cafa-4940-9c20-8c7803724fdc,2026-04-02 19:14:51,Jose,48,RU,Для путешествий,Intermediate,15,0
ac8f851b-c339-4a8f-b6b4-92809400a2a3,2026-05-05 04:38:51,Kathryn,45,DE,Для работы,Intermediate,20,0
6afb6d47-edd5-42d4-b2f6-7206c0f8d3cb,2026-03-31 11:24:51,Paige,26,FR,Для учебы,Advanced,120,0
51265e9f-316d-4247-8c5e-9104570511a9,2026-06-01 16:04:51,Elizabeth,20,BR,Хобби,Intermediate,20,0
794b1682-3291-4efb-93e9-079a7d453210,2026-05-19 00:58:51,William,18,IT,Хобби,Beginner,30,0
c3273ece-6584-44c7-b65c-c95476f7dc36,2026-03-15 22:35:51,Katie,32,IT,Для работы,Elementary,90,0
50e18195-6fdc-4379-b980-6e223f07e552,2026-04-25 02:57:51,Sharon,41,RU,Для путешествий,Advanced,120,0
301f4722-9468-47df-9a99-d079c893e977,2026-05-19 14:48:51,Vincent,52,FR,Для работы,Advanced,20,0
6dba76b2-ae85-4831-8064-15f7415b2f6f,2026-05-02 22:04:51,Tristan,48,DE,Для учебы,Beginner,30,0
4bcaa0a2-0a62-478a-ad90-b55aa728c0c1,2026-03-16 16:03:51,Penny,48,DE,Для учебы,Elementary,90,0
d9f07493-0f7a-4cf8-91ce-839ff21da7b8,2026-05-02 02:58:51,Emily,28,RU,Хобби,Intermediate,5,0
482e2cba-e599-4d81-844f-a3a77ef18978,2026-04-15 08:47:51,Matthew,16,RU,Для учебы,Elementary,15,1
3cc953d2-31d0-4806-b810-56fe9b29da14,2026-05-23 13:47:51,Hector,33,IT,Для работы,Advanced,90,0
6fc9e109-6513-4a65-9e74-0d56da1152e1,2026-04-28 04:06:51,Kimberly,41,RU,Для учебы,Advanced,10,0
d0fa087d-738c-4d47-a09a-4b0825a96aa9,2026-06-01 05:59:51,Lindsey,31,ES,Хобби,Elementary,5,0
b6ec2a72-c078-41b3-967c-7ece139cffda,2026-05-27 04:56:51,Kathryn,51,BR,Хобби,Beginner,45,0
09feced4-d3c4-4dba-8e04-ef3bcec0ddc7,2026-05-27 12:13:51,Crystal,29,RU,Для путешествий,Advanced,45,1
98b563a6-d661-4b46-8e31-abcb7b598bed,2026-04-24 20:37:51,Amanda,31,RU,Для учебы,Intermediate,20,0
1d4d1336-25b6-4e66-acb7-f05ee8683a3e,2026-03-15 09:52:51,Jennifer,49,FR,Для путешествий,Elementary,45,0
88a69529-387b-4265-a153-4887219f3be8,2026-05-06 11:49:51,Brian,25,RU,Хобби,Advanced,20,1
3a71358e-8d37-4aa8-9cb2-3e0dee6d26c3,2026-04-30 21:06:51,William,23,US,Хобби,Intermediate,120,0
36d7d1ed-193d-4df3-b3be-0db1581d4181,2026-04-05 09:07:51,Cheryl,22,FR,Для учебы,Beginner,60,0
f3701ffa-ef47-4ee5-9c1d-fd0ab42c37f2,2026-05-19 17:18:51,Sean,44,RU,Для работы,Advanced,10,0
344b719f-84f2-4365-acc9-4f31a01888ff,2026-03-09 14:59:51,Danielle,42,ES,Хобби,Elementary,15,0
6fea7254-8ced-40be-89e5-cf72d84cbf66,2026-05-21 23:32:51,John,45,BR,Для работы,Intermediate,90,0
c51599cf-b337-465b-aac9-80394d8ae863,2026-05-13 10:05:51,Kaitlin,28,RU,Хобби,Advanced,30,0
67afdfa6-d566-4ae1-8011-6263e4d5403f,2026-05-24 06:06:51,Elizabeth,40,RU,Для путешествий,Beginner,45,1
ef78baee-47b0-4001-b0a0-3daa390fa012,2026-03-15 22:20:51,Toni,34,DE,Хобби,Elementary,30,0
f4a9fafe-cf0c-4da6-8a0e-db22dbdb45a2,2026-04-04 16:24:51,Michelle,24,ES,Для работы,Intermediate,90,0
23cb5a8c-f87e-4bcd-9332-ec3bf9196027,2026-05-15 09:01:51,Donald,28,BR,Для путешествий,Advanced,45,0
d7b50c0f-6e77-479b-b9ee-c3f4c3d884dc,2026-03-23 04:13:51,Kimberly,18,RU,Для путешествий,Beginner,45,0
65d3ddf2-2a33-4830-b0db-382c7b52a42b,2026-05-04 14:22:51,Ronald,54,DE,Для учебы,Elementary,45,0
05aff275-09ec-47cd-9ba8-ad853ce761a5,2026-04-26 05:28:51,Edward,51,US,Для работы,Elementary,60,0
7f7233c7-f883-413e-92d6-b9f83addf58e,2026-03-12 08:41:51,Sandra,34,DE,Для путешествий,Advanced,120,0
5bf4a802-27e0-48ad-929b-d734bf78cae0,2026-03-16 21:46:51,Jacqueline,52,FR,Хобби,Elementary,10,0
c9b9a832-b2a5-447b-9402-b008994c0cce,2026-04-01 15:37:51,Kevin,16,US,Для учебы,Elementary,10,1
4a2d2105-5d7a-4239-b37c-2beeb3a3ad17,2026-03-27 18:49:51,Shawn,44,BR,Хобби,Beginner,90,0
55b1f789-390f-4dbf-9d90-85329935d0da,2026-05-14 13:18:51,Randy,38,DE,Для работы,Advanced,45,0
8ae42b51-0fb7-4292-8c72-78e2817e332d,2026-04-13 06:41:51,Scott,47,FR,Для работы,Intermediate,30,0
9140e499-a4cf-4e81-9403-454859c6284b,2026-05-09 02:40:51,Samantha,53,RU,Для учебы,Elementary,45,0
fdcfdd72-07a2-4d4e-b5ca-abd352731289,2026-05-06 21:04:51,Dean,34,IT,Для работы,Intermediate,20,0
86a1a2bb-1691-4088-950a-b3556858eaf8,2026-05-06 05:52:51,Ray,22,FR,Для путешествий,Beginner,20,1
cf58c82f-3077-44d5-b66c-136be022f2bd,2026-03-12 07:30:51,Holly,20,IT,Хобби,Elementary,120,0
12b9cce4-a70b-4a18-ad5b-794e0a4720fc,2026-04-01 07:21:51,Scott,45,IT,Для работы,Intermediate,5,0
380ae2e2-b316-4d7a-8285-5e0c351bf195,2026-03-18 18:20:51,Gregory,17,ES,Для работы,Advanced,60,0
211f453d-b6a5-4228-9396-3e8f18853045,2026-04-12 03:53:51,Kristen,25,FR,Для путешествий,Intermediate,30,0
84d06ede-d5e9-4e25-b56b-37dcdd682bde,2026-05-01 04:42:51,Heather,32,FR,Хобби,Elementary,20,0
45c344e7-909b-4c63-8bd6-7f8cd532efba,2026-04-29 23:03:51,Jody,53,DE,Для работы,Beginner,120,1
def48f99-b85f-4208-a732-154f26ec6294,2026-04-20 15:36:51,Geoffrey,54,FR,Для работы,Intermediate,60,1
2a79305f-e47b-4dbb-b5fc-9ca766ef10e8,2026-05-06 22:24:51,Ronald,34,DE,Для работы,Elementary,120,0
facd95ba-c434-4a7a-b6c8-b42ee139c4a6,2026-04-05 02:24:51,Tiffany,48,ES,Хобби,Elementary,30,0
75a70f80-d05b-4624-ba46-30913da3ad39,2026-03-30 21:37:51,Melinda,53,FR,Хобби,Beginner,45,1
4fe04494-e9c6-425c-b49a-d2db3bce0dcc,2026-04-03 07:16:51,Christopher,35,IT,Хобби,Advanced,5,0
14f3f55b-423e-4c27-a84c-1c3cb2e888a2,2026-04-27 08:12:51,Erin,36,US,Для путешествий,Beginner,15,0
404cad00-249c-4c3f-8d25-52ee3dd1bad5,2026-05-04 03:57:51,John,33,RU,Для учебы,Beginner,120,0
cc41956d-a57c-44cb-810e-a782f951729c,2026-05-18 15:38:51,Joseph,40,RU,Для учебы,Elementary,45,0
53fda37f-2dad-47b4-a1d2-4609ad78eb03,2026-03-16 03:43:51,Susan,33,DE,Хобби,Advanced,45,0
978bb856-e31e-4f8e-ae12-e282935bfba6,2026-04-27 02:11:51,Christopher,39,ES,Для путешествий,Elementary,45,0
103bfe81-ecec-47ff-bcfc-639bb74d4dfa,2026-04-26 17:23:51,Johnathan,21,DE,Для учебы,Beginner,45,0
5cb5ada7-b373-4375-bcdd-fe899c03c6cd,2026-05-16 13:37:51,Taylor,40,BR,Хобби,Advanced,30,0
51af282e-fc3a-4024-8ff3-c270c107ed64,2026-03-07 17:42:51,Ryan,54,BR,Хобби,Beginner,45,0
011aea50-a80e-46a3-a70b-76cc06c1381f,2026-03-05 09:17:51,Kenneth,50,RU,Для путешествий,Advanced,15,0
6833cbdd-b400-4e7f-913f-75491cd24d0d,2026-03-11 14:35:51,Gerald,43,BR,Для путешествий,Elementary,20,1
e3a53e1c-be11-4c5c-9b47-bc7815bd0e6a,2026-04-21 09:41:51,Alejandra,34,BR,Для работы,Beginner,10,0
fa60a19f-fa91-467d-945f-163be632a61c,2026-05-17 12:15:51,Caroline,26,RU,Хобби,Advanced,10,0
e53c1ab3-0837-4871-9de7-92c00fc8641b,2026-05-08 16:12:51,Victor,25,IT,Для учебы,Elementary,45,0
6353663d-2655-45aa-bf8d-41574d01b7c7,2026-03-17 11:09:51,Brian,45,BR,Хобби,Advanced,45,1
aba71217-d576-4e12-bd83-9d20bef0e608,2026-03-20 17:51:51,Madeline,30,ES,Для учебы,Intermediate,90,0
fdbdd261-ac29-4da2-9922-2a982c9813c6,2026-05-29 00:14:51,Jesse,36,ES,Хобби,Intermediate,5,0
494d029f-110e-4461-80f0-82a4aeb2f782,2026-03-06 18:36:51,James,54,IT,Для путешествий,Advanced,120,1
0a35e62d-05c0-45e3-b273-18bcadf50630,2026-05-29 23:59:51,Robert,25,ES,Хобби,Advanced,5,1
eaa41487-8edb-42ee-bb8d-1bf4e94f7976,2026-04-08 10:21:51,Kirsten,52,US,Для учебы,Intermediate,30,1
39dfdb91-f0be-463f-a250-88a52b72431c,2026-05-03 04:14:51,Cynthia,54,ES,Для работы,Intermediate,60,0
80c1a62f-6759-4446-a2d8-bf23c514fed4,2026-05-18 16:12:51,Angela,31,US,Хобби,Intermediate,10,0
eca3ffce-6509-476b-84c6-aa541c172185,2026-03-09 15:43:51,Stacy,53,IT,Для учебы,Beginner,10,0
8dc8d8ef-31d4-4c1c-a2e7-11b75808e0d0,2026-03-17 21:51:51,Henry,43,US,Для учебы,Elementary,30,0
991d627d-78da-4e39-b66e-f17b24206047,2026-04-14 18:25:51,Caleb,55,DE,Для учебы,Advanced,5,0
c35f28bc-99a4-40f9-8839-91f5a2f68291,2026-04-05 13:32:51,Kenneth,31,IT,Хобби,Beginner,15,0
b78a06a9-7d4a-425a-b2a7-74ca62585427,2026-05-22 05:57:51,Nancy,53,IT,Для работы,Intermediate,45,0
f8cc7ea3-285f-4591-9f73-c954da619158,2026-05-02 03:40:51,Marissa,34,RU,Для путешествий,Beginner,5,0
e56473ab-301e-41fa-a014-c7d466a1e6b4,2026-05-25 09:55:51,Justin,29,DE,Для работы,Advanced,60,0
c54fbc5e-6290-412d-9755-77a92f8619da,2026-05-16 12:06:51,Debra,52,US,Для путешествий,Advanced,15,0
e23d012a-1d54-4bd7-a3eb-4123c4593086,2026-03-15 05:31:51,Carl,31,DE,Для работы,Elementary,5,0
f0773137-33bb-4102-a899-c1119748bcdb,2026-05-05 21:51:51,Megan,41,RU,Для учебы,Advanced,90,0
b918bd97-dfb8-4c10-a9a9-9087430d9999,2026-03-18 14:12:51,Amanda,25,US,Для путешествий,Intermediate,45,0
8cc00bca-da01-48c9-b414-c5c0562ad8b8,2026-03-11 15:53:51,Abigail,37,ES,Для учебы,Intermediate,15,0
f086871e-d88d-4d10-86ce-71b7699cc359,2026-03-08 23:54:51,Brian,21,IT,Для учебы,Intermediate,60,0
dd231754-6d67-4de7-866e-b43b45373ad2,2026-03-29 21:40:51,Valerie,52,BR,Для работы,Intermediate,5,0
fb2754d1-6b84-4972-a0a1-6670c170139a,2026-05-26 01:10:51,Lauren,40,DE,Для работы,Beginner,120,0
2f91b7ce-019c-4c43-abc1-ecf83723d828,2026-03-11 08:57:51,Hector,44,BR,Для работы,Advanced,60,0
a00e9efd-3b90-4f3c-82e1-df3b19d0f078,2026-03-25 18:23:51,Michael,40,US,Для путешествий,Advanced,30,0
7dfe5405-6ec5-4f87-85bf-e9873344bde6,2026-03-24 06:40:51,Lisa,36,IT,Для работы,Intermediate,60,0
120602c0-9815-4306-b940-b347015a2ce8,2026-04-13 18:46:51,Carla,19,ES,Для работы,Elementary,120,0
60c63120-8045-4263-bcdf-cc75c93bba70,2026-05-02 23:55:51,Curtis,53,FR,Хобби,Elementary,120,0
3c6df89d-550a-4969-9fce-30c0f61c7cba,2026-04-29 15:18:51,Angela,54,RU,Для путешествий,Intermediate,60,0
4a28adc3-1e61-46ee-9d66-8e3fc79c5938,2026-04-03 21:02:51,Jason,38,BR,Для учебы,Beginner,20,0
ed6c701f-a60b-413d-a376-3b450ad0311e,2026-05-03 13:30:51,Jerome,34,RU,Хобби,Advanced,120,0
cabc023f-bed0-458f-b91a-32a85fa5e662,2026-05-23 16:14:51,Emma,28,FR,Для работы,Elementary,45,0
9f5677a4-4e5d-4b5d-9e4a-5d15c71fa231,2026-04-20 22:07:51,Joy,52,ES,Хобби,Intermediate,30,0
4f9a30f6-72b0-48b7-b1cc-dedd560dbe37,2026-04-14 20:21:51,Katherine,49,US,Для путешествий,Elementary,10,0
4db1dd7e-ef50-4aea-9c93-a13f662ee912,2026-04-22 19:16:51,Joseph,48,DE,Хобби,Intermediate,90,0
4f9a367e-7c48-4911-890d-fbd8afee9c84,2026-04-29 11:56:51,Julie,44,FR,Для путешествий,Advanced,45,0
61c031ae-771f-451e-b992-de7523ef30d5,2026-03-28 03:35:51,Nathan,38,DE,Для путешествий,Beginner,15,1
8e02469c-148c-4e02-986a-6e83686b4c2d,2026-05-08 09:58:51,Jeanette,50,FR,Хобби,Beginner,90,0
eb31b454-5337-4f4f-847b-e20b23a4eb4b,2026-05-24 21:39:51,Lori,51,RU,Для работы,Intermediate,10,1
baedbdc4-9fcc-409c-b715-7496bfa8f2c5,2026-04-27 21:39:51,Ashley,40,IT,Для учебы,Beginner,120,0
4119c8bf-47d0-4985-81a2-e5517492ea02,2026-05-18 22:16:51,Phillip,30,FR,Для учебы,Beginner,30,0
a1cdb371-0bfe-4c8c-9c50-aeeab9ab95d1,2026-05-02 21:53:51,Andrew,43,RU,Для работы,Beginner,30,0
197f4476-3728-47ef-bca1-5381823af064,2026-05-05 18:20:51,Timothy,48,ES,Для работы,Advanced,120,0
3d624192-c777-4db8-ab14-b369bcd68184,2026-05-29 10:46:51,Sharon,49,ES,Для работы,Elementary,90,1
a05c168b-08f9-4560-95e9-9608983b7e2f,2026-05-20 09:34:51,James,52,RU,Для учебы,Beginner,15,0
9720cdc4-69ad-444e-b68a-e3880320ecc4,2026-05-14 10:59:51,Thomas,24,US,Для работы,Elementary,10,1
f3e7a9ce-757f-4087-976a-c98e4ba9c4c4,2026-03-19 16:15:51,Kevin,48,ES,Для работы,Beginner,10,0
2fb6b7af-c7ae-4e7a-aff2-07991a1495b8,2026-05-24 13:37:51,Rhonda,54,FR,Для учебы,Intermediate,120,1
14ac1fa5-0bce-4fe6-8076-7a51415c05f2,2026-03-22 09:38:51,Jose,23,DE,Хобби,Intermediate,45,0
eecbc4ba-57c0-4a50-ad2d-d83461c44345,2026-04-01 08:33:51,Dominic,26,ES,Для работы,Elementary,120,0
7bf17e37-0561-405a-8355-884a5e424d86,2026-05-19 18:29:51,Brian,20,DE,Для учебы,Elementary,10,0
146ea6ee-75b2-4804-ae64-2415d63f8961,2026-05-26 14:53:51,Bryan,38,IT,Хобби,Beginner,90,0
154b91d1-16d7-4faa-a9bd-b61d46044a8f,2026-05-11 01:27:51,Kimberly,35,ES,Хобби,Advanced,10,0
a097f2b8-474a-4eb2-a7f4-2cae1911fcf6,2026-04-27 10:18:51,Tracy,21,IT,Для учебы,Beginner,5,0
021240a6-0ef8-4066-a0ea-4fd32e69143a,2026-05-31 06:34:51,Brian,44,RU,Хобби,Intermediate,90,0
0ae815c6-5b56-45de-bce4-1f61cf31d976,2026-05-20 08:27:51,Micheal,52,DE,Для работы,Intermediate,15,0
0824c842-80f7-430c-ba35-739590dcef59,2026-05-14 01:46:51,John,48,DE,Для путешествий,Beginner,120,1
eb66b483-17fd-4c13-b206-280c0ba1c68d,2026-05-02 05:01:51,Timothy,22,RU,Для путешествий,Advanced,45,0
d3d16a8a-3ff8-43a2-b5b2-60e91949680e,2026-04-10 21:50:51,Michael,37,FR,Для путешествий,Elementary,30,0
61fff21e-6cb1-4b2a-ac58-fead3000d9e2,2026-04-04 23:36:51,Maria,34,RU,Для путешествий,Elementary,5,0
5ea1430a-9a82-4ab1-9af8-c1155122c1f5,2026-05-30 01:41:51,Nicole,42,DE,Для работы,Beginner,90,0
91b456dc-b765-4cda-8d86-b5706514b797,2026-03-24 22:01:51,Eileen,47,DE,Для путешествий,Beginner,30,0
338b7b30-ef2b-4153-9c29-007a0a21cc60,2026-04-06 13:23:51,James,30,DE,Хобби,Elementary,15,0
32c3c0fc-febf-4779-a745-07b878e0f2be,2026-04-21 09:14:51,Scott,20,DE,Для работы,Advanced,30,1
efa9536e-d642-44ac-aa0c-c7d6e4e5a5fa,2026-04-15 01:57:51,Dennis,37,FR,Для путешествий,Intermediate,5,0
011c6f76-c8d1-4ce8-a331-09dd6dea08d2,2026-04-08 09:04:51,Michael,47,ES,Для работы,Intermediate,30,1
9d5528e8-bcd5-4df6-9c4f-a6d555f35a0a,2026-04-28 11:35:51,Anthony,29,DE,Хобби,Beginner,20,0
a75d8d9a-327e-4c81-b46c-68c5b1f26782,2026-03-10 01:00:51,Elizabeth,39,DE,Для учебы,Beginner,10,0
7a0dbd35-e9f1-4092-b6ba-4dfbe234c774,2026-04-10 18:30:51,Alicia,24,FR,Для учебы,Intermediate,90,0
4542dd89-5f6c-43d7-97cd-539f248d85fb,2026-05-30 15:48:51,Suzanne,54,ES,Для работы,Beginner,10,0
470e9586-aff5-4d37-bda0-86f1e310db93,2026-05-22 19:02:51,Lisa,48,ES,Для учебы,Intermediate,120,0
198c3b12-22ec-4bad-b08b-68c33026532c,2026-03-08 13:16:51,John,34,RU,Для путешествий,Elementary,15,0
dc5918a7-b9a5-4a92-b391-8b691796ad1f,2026-04-16 23:22:51,Sarah,18,US,Для путешествий,Intermediate,45,0
48207fa4-2c4b-4f94-8de8-97a46dc153c2,2026-05-27 14:32:51,Anna,41,US,Для путешествий,Advanced,15,0
4a761564-2507-4d0d-90ed-b789b1609524,2026-04-21 09:56:51,Michael,55,BR,Для путешествий,Advanced,45,0
82228799-3ed6-4c1a-bf4f-aeb59c07db96,2026-04-13 18:10:51,Patricia,18,DE,Для работы,Intermediate,10,0
c227efad-fbdf-424f-800d-8a5baf42bfc6,2026-05-14 01:18:51,Cynthia,32,US,Для путешествий,Advanced,5,0
84ea189a-4ccf-4a6f-88ac-cb2c795ab8a5,2026-04-11 13:09:51,Colin,51,IT,Хобби,Elementary,120,0
ee64683b-34cb-45a5-ac3a-211b41c38bff,2026-04-01 10:58:51,James,43,ES,Для путешествий,Advanced,20,0
7cb16664-f9d3-400a-b658-531dfcf60414,2026-03-04 11:23:51,Chris,35,BR,Для работы,Elementary,30,0
3ba836cf-bb2c-429e-8c26-f9ff2c4d2b0e,2026-05-24 11:59:51,Christopher,47,ES,Хобби,Intermediate,90,0
289b13aa-679a-4e77-af91-b2248e8d6469,2026-04-30 14:47:51,Jessica,32,RU,Хобби,Beginner,90,0
1545ce56-5d00-405e-b35a-1b024b72b985,2026-05-02 17:25:51,Dustin,44,RU,Хобби,Beginner,5,0
41441098-8f2b-47df-99a2-4f768902e58a,2026-05-01 16:19:51,Candice,16,US,Хобби,Beginner,20,0
a812e7cf-2a5d-47aa-9aee-12a4a5741a91,2026-04-11 16:09:51,Joseph,45,DE,Для учебы,Advanced,60,0
456fcdba-7953-49c8-a7b6-09739499d435,2026-05-04 09:25:51,Cindy,46,RU,Для путешествий,Intermediate,60,0
d788abcd-bf81-4473-85b9-ca048f5cd92e,2026-03-22 03:49:51,Scott,19,US,Для путешествий,Advanced,15,0
8ef751ec-9571-47c7-8088-335c371da819,2026-03-24 06:35:51,Patrick,24,RU,Для работы,Advanced,45,0
6068c484-a3a4-454b-a9e1-6ff473af2f7e,2026-03-04 19:18:51,Antonio,31,ES,Для путешествий,Beginner,90,0
44733ade-d141-4f63-be36-0415ec9f4907,2026-04-22 15:36:51,Jose,40,BR,Для учебы,Advanced,60,0
16d96ce7-89c1-4632-bbfd-a5101b493660,2026-03-13 15:59:51,Debra,19,BR,Для работы,Beginner,120,0
952b7472-470b-405c-97f7-0f57949d0472,2026-05-26 06:51:51,Dana,17,FR,Хобби,Elementary,10,0
50a820a0-bcf7-41bd-a365-2c2f58dd6378,2026-04-21 13:13:51,Timothy,51,FR,Для учебы,Beginner,20,0
b740afd5-308a-4985-a575-b2b246421cb0,2026-05-08 00:02:51,Ashley,50,ES,Для путешествий,Beginner,5,0
a8104a64-663a-4337-a269-c84dae648b72,2026-05-18 16:00:51,Catherine,17,US,Для работы,Elementary,20,0
0f82a47c-d7bc-4ee1-b6e9-b9149896d00d,2026-03-05 08:26:51,Nicole,37,FR,Хобби,Beginner,45,0
5b0317e6-111d-4cb5-a502-fb379a283db4,2026-03-16 20:40:51,Micheal,27,BR,Для учебы,Advanced,10,0
43f8aa57-d96c-4f1b-a6bf-8d668a8f4e2e,2026-04-23 21:17:51,Becky,23,US,Хобби,Beginner,20,0
c0dcadcb-4d64-4ae2-bda3-bbabe678dcd0,2026-04-16 02:50:51,Eric,24,RU,Для учебы,Intermediate,20,0
015a3ec7-5a29-4b2d-8908-195af62bdeee,2026-05-16 18:56:51,Peter,26,ES,Для учебы,Elementary,15,0
aed26bc7-88bd-4e70-a5fb-7078544509f6,2026-04-20 22:46:51,Jennifer,18,DE,Для работы,Elementary,10,0
8056d88c-a863-4a89-9f00-f6cd04091875,2026-04-08 08:17:51,Patricia,42,ES,Хобби,Advanced,90,0
dfc02c9c-a1ff-4a0f-84c9-c904cad14a31,2026-04-15 22:36:51,Matthew,20,BR,Для учебы,Elementary,120,0
8c5e0ad1-0ec4-4883-b30c-1c964fc7dd9c,2026-04-02 09:26:51,Michael,53,DE,Для путешествий,Intermediate,10,1
e600039e-3c30-442f-bdf0-b767e1131391,2026-04-30 20:24:51,Bailey,43,DE,Хобби,Advanced,5,0
defeb4c4-eb6f-428d-99e9-acacc8ec0861,2026-05-07 10:38:51,Todd,18,RU,Для работы,Elementary,5,0
791088ac-dc47-46a5-beb5-f68b8d39207c,2026-05-04 14:10:51,Robert,28,ES,Для путешествий,Beginner,15,1
36c73e92-f286-4cd6-ab9a-328655d47022,2026-03-08 18:39:51,Jason,21,BR,Хобби,Intermediate,30,0
61c05337-b1b9-4e99-a8ec-272e3dc1842a,2026-05-11 00:59:51,Brian,33,US,Для путешествий,Intermediate,90,1
b1026756-a6ab-4976-aa97-5d3638edc480,2026-05-17 12:49:51,Dylan,42,DE,Хобби,Intermediate,90,0
cc07d6e4-4bc6-4454-8c90-5d7e8e6a674d,2026-04-24 22:23:51,Joseph,22,US,Хобби,Intermediate,5,0
c7559226-ed64-4d9a-acde-91719b2cca2e,2026-05-07 21:46:51,James,18,FR,Для работы,Beginner,60,0
fce6658d-2b6d-4e69-8440-a5ccd65bac37,2026-03-25 23:49:51,Cindy,53,RU,Хобби,Beginner,20,0
236af058-3d5b-4569-9010-b50674de18bd,2026-03-20 02:18:51,Nancy,32,BR,Для работы,Advanced,15,0
8c7c5611-855a-4d18-a81c-01e0561be80a,2026-03-11 14:08:51,Blake,33,DE,Для учебы,Advanced,15,0
ab8ebbc5-ee0d-49cb-be9f-20c54f8e873f,2026-04-06 20:34:51,Bridget,30,BR,Хобби,Advanced,10,0
4c7d86fa-7de1-4641-a5aa-836e8e642bbd,2026-04-01 17:33:51,Ivan,28,BR,Для учебы,Beginner,45,0
b9f20e1b-8de8-4ff9-841b-ac352ded6ff2,2026-03-25 07:20:51,Jacob,46,US,Для работы,Elementary,20,0
e46d9a82-fead-4fc3-946d-e5079c820882,2026-04-29 22:54:51,Sierra,30,US,Для путешествий,Intermediate,60,0
6bce7216-169b-4b60-9d10-79249eac7189,2026-04-09 04:17:51,Jacob,55,IT,Для работы,Advanced,90,0
b51d4626-4be5-49d7-8506-10801059f161,2026-04-16 01:49:51,Benjamin,25,US,Для работы,Intermediate,120,0
07fdd15b-bb4e-400d-96c1-aae234008412,2026-03-04 22:13:51,Heather,49,DE,Хобби,Advanced,15,0
92fef464-9c32-4e4a-8db7-292f402e3894,2026-05-28 16:59:51,Candace,26,FR,Хобби,Advanced,10,0
42f91a9a-fdfa-4e21-bb90-fc5a4c45c0db,2026-04-23 11:21:51,Ronald,49,DE,Для работы,Intermediate,30,0
118ed5d0-4d04-4806-aa46-e130a29bd065,2026-05-14 18:19:51,John,53,ES,Для учебы,Intermediate,45,1
a1288d68-2694-48fd-a583-d0a8e33c2ce1,2026-03-29 15:43:51,Timothy,34,US,Для учебы,Beginner,45,0
41dbd9eb-2ea9-412c-a93d-81b299c6941d,2026-04-25 21:44:51,David,18,IT,Для путешествий,Beginner,45,1
a4830ed4-1ccf-49a4-affc-7a192814e655,2026-04-04 12:18:51,Charles,53,ES,Для работы,Advanced,90,1
67546929-0e89-4c93-b6dc-266c0df28146,2026-04-11 00:39:51,Lisa,32,ES,Хобби,Intermediate,20,1
29434466-3efb-48b1-85e4-2fc6cd222c2d,2026-04-15 07:54:51,Anna,20,DE,Для путешествий,Elementary,20,0
f753c2d7-c8b3-42ef-8bd4-c77ed88bef4b,2026-05-24 02:32:51,Madison,51,BR,Для работы,Beginner,60,0
2d3a2a18-2eb4-4d15-9911-74c68022e6cc,2026-03-05 10:42:51,Tammy,46,IT,Для учебы,Elementary,60,0
6b571548-175e-4535-be1a-ba660ec90523,2026-03-18 17:23:51,Jessica,36,BR,Хобби,Advanced,20,0
f925663f-9bac-4c9a-aced-4f708c4876a9,2026-05-27 18:14:51,Jason,35,RU,Для путешествий,Advanced,120,0
80edd06e-c60b-478d-8b67-a5d1693455b2,2026-05-24 11:30:51,Darlene,41,ES,Для учебы,Advanced,5,0
13dca4b2-6901-483d-b9e6-a6f552840677,2026-04-09 10:33:51,Kelly,39,DE,Для учебы,Elementary,20,0
f9355cf7-0410-4584-b0f4-5b1d8191f76f,2026-05-31 14:20:51,Vanessa,17,FR,Хобби,Intermediate,30,0
c0739e81-e2ad-4fc5-b257-abfc9f0f1f22,2026-03-04 18:52:51,Samantha,20,US,Для учебы,Elementary,15,0
9c65056f-4247-418a-8257-05af1ee13f8b,2026-04-06 12:58:51,Jordan,36,FR,Для работы,Elementary,60,0
838e2c6f-e435-44ec-ada1-9f0224b476a6,2026-04-03 22:15:51,David,44,RU,Для путешествий,Beginner,15,0
bd1317af-91d1-4727-85f5-fcca260f01ce,2026-04-26 15:15:51,Elizabeth,16,IT,Для работы,Advanced,15,0
1622f5a7-26e4-4668-8840-045fa0d0cbe9,2026-05-06 04:07:51,Devin,41,DE,Для учебы,Elementary,10,0
9249faa9-c866-4326-8599-af62727fb92e,2026-03-16 01:55:51,Kenneth,25,FR,Для путешествий,Elementary,20,0
b7404894-87c2-4ac2-a158-656302538db2,2026-03-11 10:34:51,Gregory,30,RU,Хобби,Beginner,45,0
7dcddf0e-5c0b-428d-9414-1cb25bf2b7c7,2026-04-30 09:23:51,Kathryn,29,BR,Для учебы,Beginner,60,0
1331f7b7-b5f1-494d-a0c6-7f5067a16459,2026-04-20 10:44:51,Russell,39,IT,Для учебы,Intermediate,60,0
84fdc735-640f-48c4-9095-28ad3290379b,2026-05-17 17:26:51,Stephanie,21,FR,Для учебы,Intermediate,5,0
9c107a31-41d7-4a1e-8557-6d6c67fc0c22,2026-03-30 23:29:51,David,53,IT,Хобби,Beginner,20,1
3a2194be-5d09-4050-8506-f1c8ca55f2bc,2026-04-27 22:05:51,Michael,17,RU,Хобби,Intermediate,10,0
129d634a-0d68-45cf-9552-74ce419897c1,2026-04-14 14:12:51,Sandra,35,US,Для учебы,Beginner,90,0
de6c06db-d6b9-4831-a6a3-4c0291aca30d,2026-05-18 06:44:51,James,29,IT,Хобби,Elementary,30,0
b9b99e72-dcb4-466e-86de-d930cb7a93b1,2026-03-21 11:49:51,Nathaniel,28,BR,Хобби,Beginner,30,0
c3141572-ed87-4e5f-8c3a-7320d7814eff,2026-04-06 00:39:51,Caroline,54,BR,Хобби,Advanced,5,0
05a5fbfb-d6bc-4f9b-a47f-3939fdfb7289,2026-03-31 07:22:51,Paul,34,US,Для учебы,Advanced,45,0
bc2b0b42-a825-46ba-be6b-def949471b59,2026-05-04 04:38:51,Brooke,45,RU,Для путешествий,Advanced,20,0
64b214bc-da8a-400c-b50a-49f90592a89e,2026-05-30 18:33:51,Alexander,46,ES,Хобби,Elementary,5,0
922d992d-0ecf-479c-a2e5-41e3b500625f,2026-03-04 21:20:51,Wesley,20,US,Для путешествий,Intermediate,15,0
5ae51d16-09a2-4fdc-bb09-967939eec285,2026-03-16 18:56:51,Nichole,37,US,Для учебы,Intermediate,120,0
1a85c13a-7279-49e0-8118-6a1443811b9b,2026-04-24 02:03:51,Lisa,45,BR,Для работы,Elementary,10,0
21764a39-54bd-4f78-aa39-7cc2564ac710,2026-03-31 22:00:51,David,34,US,Для учебы,Beginner,5,0
38d7d089-39f1-4102-8a23-25652270777f,2026-04-21 09:43:51,Joann,19,FR,Для путешествий,Beginner,120,1
8ded6a4e-166d-4538-8e8f-e0f362c81c12,2026-04-25 19:06:51,Nicole,27,US,Для работы,Beginner,60,0
b923f004-4159-46c5-a526-7b8461ab44e0,2026-04-23 23:01:51,Kevin,22,IT,Хобби,Advanced,120,0
097430da-24f6-4111-b74d-b27ab5796e23,2026-04-06 13:33:51,Tonya,19,DE,Для учебы,Beginner,120,0
583aca2b-91a9-4359-af13-7bf27e61b69f,2026-05-01 02:38:51,Laurie,52,ES,Хобби,Beginner,10,1
e145945a-eb21-42bd-aada-a609dea6c051,2026-05-05 22:47:51,Nicole,23,RU,Хобби,Elementary,30,0
8398998f-76f2-4cbd-bc34-0e730c5033c0,2026-05-10 09:24:51,Tracy,50,BR,Для путешествий,Elementary,15,0
abcf8572-1199-418d-9d6d-437fd7b2498f,2026-06-01 22:29:51,Hannah,23,RU,Хобби,Elementary,120,0
f73f85df-1850-4080-96b6-f44f87a47e2d,2026-03-05 07:16:51,Nicholas,22,BR,Для путешествий,Advanced,90,0
c6a79f26-5c17-4399-a885-7827c6d07d06,2026-03-18 01:19:51,Kathleen,24,IT,Для путешествий,Intermediate,5,0
edb4fd2a-b244-4d71-9493-eb61bb687086,2026-05-25 03:06:51,Kara,54,US,Для учебы,Elementary,45,0
81cddd83-2013-4be3-8366-e0d453be2925,2026-05-30 19:18:51,Jason,51,DE,Хобби,Elementary,20,0
dc3780e4-7cd5-47a0-9dc1-0fd7d2006d9c,2026-05-10 19:22:51,Michelle,28,RU,Для путешествий,Elementary,45,0
19de168d-434e-4b9e-b27c-baa221e9a0a3,2026-04-05 20:54:51,Christian,30,RU,Для учебы,Elementary,90,0
e0618b14-cf90-4718-bf95-a509ae283f77,2026-03-14 05:17:51,Valerie,55,ES,Для путешествий,Elementary,90,0
ca88fad1-a28b-4dfb-a878-c5dfcad1ba1b,2026-03-20 22:39:51,Heidi,36,BR,Для учебы,Elementary,5,0
aaa8f283-5b9d-4386-a009-d8681e74e968,2026-03-23 10:57:51,Roberto,42,FR,Для учебы,Elementary,120,0
c91c97ed-d6d3-4476-9730-bd611281f1d0,2026-03-16 23:32:51,Amber,45,US,Хобби,Advanced,45,1
e61798d6-a890-4f27-bd75-7741d5ab0667,2026-05-07 20:00:51,Craig,35,US,Хобби,Advanced,10,0
6df2e663-d53e-4136-8897-e76f9908d2a5,2026-05-25 11:38:51,Charles,49,US,Для учебы,Elementary,60,0
f61da453-23e3-47d8-826c-541f7aafd0e2,2026-03-26 17:51:51,Joseph,35,ES,Для учебы,Intermediate,30,0
90b0840e-474e-4c6d-882f-510215fde571,2026-05-20 00:59:51,Christina,45,ES,Для работы,Elementary,10,0
58274c3c-e330-46ee-956f-67c8ffa5ce78,2026-04-10 15:41:51,Melissa,42,RU,Для путешествий,Intermediate,45,1
868d59d7-0217-4498-860c-a189ba39b690,2026-03-07 07:52:51,April,41,IT,Для работы,Intermediate,45,0
0799d727-8680-4a0a-9553-76eaa4a0e3bb,2026-04-17 11:51:51,Douglas,43,RU,Хобби,Beginner,120,0
30a3756c-f117-4608-a547-2491fe165c40,2026-05-03 17:50:51,Danny,45,ES,Для учебы,Intermediate,45,0
b38a9722-bed8-45c7-92c3-c98b0775b5b1,2026-04-02 23:40:51,Ruben,43,IT,Хобби,Elementary,120,0
b9c4059c-3b42-46c5-aec7-98ef7dd1b9ba,2026-03-15 08:39:51,Brian,16,BR,Для работы,Elementary,10,0
e9f56698-ed17-4800-8b5c-7b521feb4482,2026-03-28 06:06:51,Adam,52,RU,Хобби,Intermediate,60,0
2540b7d4-5185-4244-8b5e-fbce4b800079,2026-03-24 19:59:51,Joshua,33,IT,Хобби,Elementary,5,0
343ea927-546b-4c41-b247-909bb09fc6c6,2026-04-09 04:40:51,Timothy,27,BR,Для работы,Intermediate,30,0
52f8107b-bbbf-4edf-8492-c7dad8a743c1,2026-03-07 05:41:51,David,27,ES,Для путешествий,Advanced,60,0
afb8f0ef-fe78-47e8-bdfe-e64dfab55bc5,2026-05-01 21:50:51,David,50,US,Для учебы,Beginner,10,1
07d0d630-335f-4e03-b73a-63c13cce0002,2026-05-19 07:30:51,Crystal,45,BR,Для учебы,Intermediate,20,1
3cd65e67-52f0-48c0-9426-aabdbc0bd070,2026-05-12 19:43:51,Aaron,48,DE,Хобби,Beginner,60,1
92269302-0d76-4c2e-9e1a-a7fc0c4084bc,2026-04-21 22:42:51,Kelly,50,ES,Для работы,Intermediate,15,0
9cf14a5b-fef8-41a9-b7f8-84e67cff3935,2026-03-22 14:32:51,Cheryl,49,US,Для учебы,Elementary,10,0
3bc47137-9506-4d71-950d-4c1effcb41be,2026-04-15 02:46:51,Christina,51,IT,Для учебы,Intermediate,20,0
99aa5886-56a3-4b18-9a1b-575f237a6a42,2026-04-15 07:12:51,Michael,42,RU,Хобби,Intermediate,20,0
9a39a3aa-a69c-48b0-8268-bf754ef7af08,2026-04-13 06:12:51,Michelle,38,ES,Для путешествий,Intermediate,45,0
d9528c5d-54b9-4766-9945-51dbcdc60803,2026-03-15 03:44:51,Angela,27,BR,Для работы,Intermediate,45,0
2fe52acf-a08e-4523-96d2-ab180de05289,2026-03-21 18:53:51,Jason,29,DE,Хобби,Beginner,90,0
b245ca7e-dda3-475b-8a8e-c2716daa713d,2026-03-18 20:30:51,Robert,49,IT,Для работы,Elementary,5,0
0c12096c-2ee4-4177-aebf-268b3b2ea113,2026-04-27 15:22:51,Jennifer,53,BR,Для учебы,Elementary,120,0
a7607c8c-62ac-44f6-bb5e-3703a0c791a1,2026-05-04 12:52:51,Michelle,25,IT,Хобби,Beginner,90,0
6a267641-84c1-4ae4-a277-e7cf61c033d4,2026-03-20 07:35:51,Carrie,37,FR,Для учебы,Intermediate,120,0
e192d8bf-11b9-4cb2-b769-d238090e36f6,2026-04-09 01:23:51,John,33,BR,Для работы,Elementary,60,0
aa646037-3af3-4fe4-8688-82013e72b7fe,2026-05-09 04:18:51,Melvin,18,BR,Хобби,Beginner,30,1
0a50c064-5021-47d7-a57e-4d64be76eaf2,2026-04-20 16:21:51,Phyllis,36,US,Для учебы,Beginner,60,0
9a441227-2ec5-4963-879d-99b792467579,2026-04-11 04:22:51,Christopher,45,US,Для учебы,Beginner,10,0
80e9e13a-fd1c-4175-88de-eedafc80128a,2026-05-03 03:13:51,Marvin,25,US,Для путешествий,Advanced,20,1
d1f09aea-c0c1-42cc-82ff-92865a0f7e14,2026-05-01 11:04:51,Katie,38,IT,Для работы,Advanced,20,0
786b83af-f86d-4c8e-bb1a-b060a240870e,2026-04-03 13:46:51,Gregory,18,BR,Хобби,Intermediate,30,0
e4081bea-73dd-4dea-bc48-5b6965b0f626,2026-04-19 08:58:51,Stephanie,44,RU,Для учебы,Elementary,45,1
cd99951b-bb4b-4c73-8857-81a8b67d32c4,2026-03-20 20:31:51,Jennifer,47,US,Для учебы,Advanced,10,0
9a7f1b2e-674a-49a6-9977-6747a400d7b8,2026-04-29 06:04:51,Lisa,16,US,Для учебы,Advanced,10,0
f0f57a19-5061-4066-965f-6eda88b990c6,2026-05-03 21:45:51,Ricky,18,IT,Для работы,Beginner,30,0
790452d5-958f-4044-bc8e-dd66a0a10be2,2026-04-25 10:22:51,John,44,DE,Для учебы,Beginner,5,0
1151c2a1-e44a-4c6f-bd4d-2a4b3667e464,2026-04-18 20:12:51,Carolyn,30,US,Хобби,Elementary,10,0
1b3b6632-811f-4725-829f-4ead78d70141,2026-05-19 15:29:51,Chelsea,43,ES,Для учебы,Advanced,90,0
ac99915d-fe23-4beb-a3dd-7b352df907e0,2026-05-08 02:49:51,Daniel,26,ES,Для работы,Beginner,60,0
32594f56-7dca-4d45-b23c-9903b31364d2,2026-03-29 11:38:51,David,40,DE,Для работы,Beginner,20,0
7490f91d-503b-4398-8324-791610c3744e,2026-05-03 23:46:51,Samantha,17,ES,Для учебы,Beginner,45,1
0f595b83-512e-4f81-87d8-8b764b903e3b,2026-05-29 23:13:51,Eric,42,FR,Для путешествий,Beginner,60,0
76fb67ba-9e0d-41f7-b880-2fb15d8f43b9,2026-04-24 03:41:51,Melanie,18,BR,Хобби,Elementary,5,0
c638c537-a15c-4d98-9e32-8cdd133ddbd3,2026-04-14 09:51:51,Amanda,48,ES,Хобби,Advanced,15,1
588fcd29-c4dc-426b-92da-047a50c6d484,2026-05-24 18:40:51,Linda,43,IT,Для работы,Advanced,15,0
6d787dcd-8fed-4422-a053-4caa2fd0d636,2026-05-20 03:25:51,Donald,53,US,Для путешествий,Elementary,45,0
e80b8cf9-749a-497e-9598-f4837e916142,2026-04-04 18:04:51,Jessica,41,US,Хобби,Beginner,15,0
62c2c698-5ffe-4f80-9210-e24d97e485ad,2026-04-04 09:01:51,Carmen,20,RU,Для учебы,Elementary,15,1
31cccd3b-3e5f-4b55-aa28-4e0c05ba0a52,2026-03-17 18:46:51,Sarah,35,US,Для учебы,Beginner,60,0
93c1fe24-6156-4440-a383-3d6989aaa359,2026-03-18 04:14:51,Karen,48,RU,Для работы,Beginner,5,0
10174adf-4484-4583-8257-a0417f2c0f08,2026-03-20 04:43:51,Emily,16,US,Для учебы,Intermediate,90,0
0dec3726-2e42-458c-bdb6-2caaa3f7e9e3,2026-03-07 07:16:51,Sherry,41,IT,Хобби,Advanced,60,0
cf4fbe15-e77f-49ca-a341-b99d00e40bce,2026-03-30 03:42:51,Hailey,22,RU,Для учебы,Intermediate,20,0
65544119-7a4f-4e71-989f-9001ae2ef2b7,2026-05-08 00:19:51,Stephen,48,FR,Для учебы,Intermediate,5,0
1306c579-63bc-4d8b-9e39-27e31519e5f5,2026-05-17 17:04:51,Katherine,28,ES,Для работы,Beginner,20,0
7ffcfd7e-9c3f-4249-bc47-73bd2f86a366,2026-03-07 02:33:51,Hannah,16,US,Хобби,Beginner,10,0
a7276a68-44f5-45dd-ad89-fc91e9db8856,2026-04-17 17:07:51,Kristen,22,RU,Для путешествий,Intermediate,10,0
afba7874-5e5e-4df3-8ab1-4b0a860f4ac5,2026-04-03 16:11:51,Marcus,21,FR,Для путешествий,Beginner,20,0
b4d95b45-e0c8-4a15-a2e0-b4c1a362a4d5,2026-03-29 12:18:51,Dawn,53,RU,Для путешествий,Advanced,60,0
8f17d976-6aea-454f-9de5-82268dd90f5b,2026-03-26 04:11:51,Cathy,46,IT,Для путешествий,Advanced,60,0
ce68efe1-e65e-4013-81d3-8c0ea5a01a60,2026-04-18 15:38:51,Michael,25,DE,Хобби,Advanced,45,0
904af7af-41ab-429c-a4ab-bc0244044a0e,2026-05-19 23:27:51,Tony,27,FR,Для учебы,Elementary,45,0
93a055bf-fd7c-4bef-b8c5-b3a3d1a681a9,2026-05-10 20:15:51,Hannah,54,RU,Хобби,Intermediate,5,0
ff2ce964-bbd9-46a8-be5a-ba7811960667,2026-05-22 22:49:51,Jesse,47,IT,Хобби,Elementary,5,0
c14b2a69-2b1d-478b-b66d-0df59a2e018a,2026-04-15 11:14:51,Ian,52,US,Для путешествий,Intermediate,15,0
d8694650-0474-43bf-9cfd-431a85230a6d,2026-05-26 11:10:51,Brittany,26,ES,Для путешествий,Intermediate,15,0
c3df4481-bd82-4ff9-bfe4-c85fe45a3ba0,2026-05-12 07:21:51,Thomas,38,FR,Для путешествий,Elementary,20,0
460fb511-fdca-48bf-ab90-c50f88de7bb9,2026-05-01 11:47:51,Timothy,23,IT,Для учебы,Advanced,60,0
9003d584-6a77-4524-99db-408e5ea0f238,2026-05-10 14:26:51,Rachel,38,US,Для работы,Elementary,90,0
a60a8418-7fed-4413-bc72-9022e5eef809,2026-05-04 11:42:51,Beverly,31,RU,Хобби,Beginner,10,0
69ad9e3f-2c9c-46f8-8d53-ea10c4929254,2026-05-20 01:24:51,Margaret,44,DE,Хобби,Beginner,45,0
9d641fca-ea5f-4107-863b-394f7c803523,2026-04-12 09:45:51,Michael,33,DE,Для учебы,Elementary,5,1
3329e283-61e5-405f-8f33-56b01c06285d,2026-03-25 19:09:51,Jonathan,27,BR,Для путешествий,Beginner,30,0
f6e72787-d776-464a-980f-e080919209dc,2026-05-15 02:30:51,Kevin,35,BR,Для путешествий,Elementary,5,1
afbf569d-9eaa-488d-bf6a-b4908305dd24,2026-05-13 16:20:51,Christopher,43,RU,Для учебы,Intermediate,120,1
bd008c0a-09b2-4b6d-b18d-fe1ab3d467c8,2026-05-13 01:13:51,Rhonda,33,DE,Для работы,Intermediate,20,0
57529be4-d5cd-4321-a158-28ab05d379fe,2026-03-25 21:27:51,Brandon,18,RU,Хобби,Advanced,20,0
de3d0dc6-0b6b-4844-95f9-e847b67971c3,2026-05-13 08:48:51,Amanda,37,BR,Хобби,Elementary,15,0
a0f820db-abfc-4420-8414-3f64f53a7fa8,2026-05-01 01:43:51,Lisa,29,IT,Для работы,Intermediate,5,0
78df5980-e806-406b-86b4-584193f4c95a,2026-03-11 01:36:51,Lisa,29,ES,Для учебы,Advanced,45,0
be4dacdc-b5b8-4174-b08a-0c4e30ebb7b7,2026-05-12 23:08:51,Joshua,16,IT,Хобби,Advanced,120,0
3b289e25-368e-4ac7-b6be-e0a4e23ee051,2026-06-01 18:08:51,Ana,36,BR,Для учебы,Elementary,120,0
56d48067-d27e-4bbb-a0f9-931b7248ea42,2026-05-29 15:38:51,Paul,39,FR,Для работы,Beginner,60,0
347ca64b-f926-431e-91f1-249fc5fd4b7d,2026-05-30 23:59:51,Jonathan,47,BR,Для учебы,Advanced,45,0
fbcc67aa-d030-4c60-b308-86d8c92be5ee,2026-05-05 22:24:51,Todd,23,FR,Для путешествий,Intermediate,30,0
b767b1f2-7b68-4bf5-ae8a-1b9e7348c594,2026-04-04 02:50:51,Hunter,35,ES,Для работы,Elementary,15,0
accbfd8e-5e33-43c1-a719-d330f578e499,2026-05-22 02:09:51,Jennifer,52,FR,Для путешествий,Advanced,30,0
70e404ee-5713-47cc-8cf9-3142cd759631,2026-04-23 03:37:51,Pamela,35,ES,Для работы,Advanced,10,0
0397ef7d-bf76-426b-89fe-858966fd9317,2026-03-22 11:50:51,Joseph,48,BR,Для учебы,Beginner,20,0
a884fbe2-ed0b-4646-8e00-e882cb7ea4f4,2026-04-10 19:15:51,Veronica,16,RU,Для путешествий,Beginner,15,0
ad8b1968-1904-46c3-aeba-65c5f4890860,2026-04-30 21:24:51,Donna,46,US,Хобби,Intermediate,10,0
66a112ba-24d4-4367-bd9b-210aa95a8645,2026-05-21 15:31:51,Bethany,29,IT,Для работы,Elementary,15,0
f4c07a64-aba9-41b0-be7f-1c78045f06f9,2026-04-22 03:21:51,Stephanie,19,BR,Для работы,Advanced,30,1
b2bd0f34-eb4f-402b-9ae5-8c043af6bd9e,2026-05-14 01:45:51,Samantha,37,US,Для работы,Elementary,30,0
1b7c4f0c-1d40-4d42-bb13-2f515bf11356,2026-05-05 10:55:51,Gary,24,US,Хобби,Beginner,90,0
ce525cbc-380e-4ec0-a664-895fdd1f480f,2026-03-05 18:10:51,Daisy,28,IT,Для путешествий,Elementary,10,0
f5df8402-edde-4d5d-85b5-0346b1b09897,2026-05-21 23:30:51,Mark,20,ES,Хобби,Beginner,10,0
1fa1bdea-5bbd-40b8-95cc-df1a28bf464d,2026-05-31 03:10:51,Patrick,40,FR,Для учебы,Intermediate,60,0
e328b1b8-b2db-46d6-8053-b4afe7afb1f6,2026-03-11 12:29:51,Douglas,41,US,Для работы,Elementary,120,0
d12b1ba2-c9c4-4a77-86f2-7154f6e9185f,2026-03-13 20:48:51,Matthew,38,FR,Хобби,Elementary,10,0
ebf1dd66-8562-4bc2-9adf-d9817a6fb347,2026-03-27 02:43:51,Morgan,38,ES,Для учебы,Advanced,30,1
4d2ef056-257c-4386-92fb-1c70ceeeef72,2026-04-06 08:38:51,Karen,35,BR,Хобби,Intermediate,120,0
625cf0d6-5087-4a38-b2a1-c598097d13a0,2026-03-13 07:26:51,Eduardo,42,ES,Для работы,Elementary,5,0
5e806ca8-18a8-45ee-95a2-82352382bf49,2026-03-20 19:59:51,Barbara,37,BR,Хобби,Intermediate,15,0
b79b6cae-30e7-4f64-8b40-355481441305,2026-04-02 07:02:51,Michael,41,DE,Для учебы,Beginner,90,0
16166373-efdd-4c6c-ac86-245da49b2385,2026-04-23 06:06:51,Jessica,49,US,Хобби,Intermediate,5,0
84b9a9f0-f894-4e9d-8fd8-65803c75be58,2026-05-30 05:46:51,Trevor,41,FR,Для учебы,Advanced,120,1
5aef9cac-5a03-43dd-a597-05a793cb481d,2026-03-08 09:42:51,Mary,47,FR,Для работы,Elementary,45,0
8107b50d-b82b-4d35-8f4c-e2f045845403,2026-04-09 17:34:51,Victor,35,RU,Для учебы,Elementary,120,0
e6327e8c-2eb6-4c57-b4ca-d3c5775cd386,2026-03-17 12:25:51,Lance,19,IT,Хобби,Beginner,120,0
5a718023-c8ca-4f8e-910b-4c1ed3cf8bc1,2026-05-03 05:36:51,Michelle,55,IT,Для учебы,Intermediate,60,0
83ad5f98-9554-4d71-8cbf-e93f0219922c,2026-04-07 03:06:51,Laura,36,FR,Для учебы,Beginner,5,0
cb62d69b-59a5-446b-a64a-8ab7948cba08,2026-03-26 22:20:51,Randall,55,DE,Для учебы,Elementary,5,0
860a8be6-0887-4733-b9db-4d78e8b8e8e8,2026-05-08 21:44:51,Albert,50,FR,Для работы,Advanced,5,0
c3b068c5-435a-4764-8745-70b73acb1828,2026-05-02 16:40:51,Devon,49,IT,Для учебы,Elementary,20,0
9dba4ca6-2ea5-4d1e-8fc4-4abe70b41ff2,2026-04-25 21:52:51,Tracy,30,ES,Для учебы,Advanced,5,0
2615722f-e11a-4011-806e-aedcf2f0ffd7,2026-05-25 03:12:51,Erica,40,US,Для работы,Elementary,60,0
4c9d05b5-dd1d-465d-a1bf-6e7a381c6fec,2026-03-17 23:50:51,Nicholas,27,US,Для работы,Beginner,30,0
9a70395d-1a47-4586-8dcd-024130906d78,2026-03-12 06:52:51,Danielle,24,RU,Для работы,Intermediate,15,0
2d08ee41-bea2-4fa4-b847-476321e42b0d,2026-03-09 13:36:51,Suzanne,55,IT,Для работы,Intermediate,30,1
98f45025-9472-43f0-8183-d702a0b9220e,2026-03-15 14:00:51,Robert,37,BR,Для работы,Intermediate,60,0
b6890880-9fcf-4114-a52b-c994d25e5866,2026-03-05 13:00:51,Nicole,25,IT,Хобби,Intermediate,15,0
d8f74130-e78f-4e35-bb68-d5401c09be45,2026-04-27 18:47:51,Brett,23,ES,Хобби,Advanced,5,0
725dea6f-043b-4eac-839b-7f522cac9e59,2026-05-15 17:52:51,Robert,20,RU,Для работы,Beginner,15,0
1864018e-2a00-410a-b6fc-0be6c0ce6f31,2026-04-25 17:45:51,Jamie,47,ES,Для учебы,Elementary,45,0
7091b4d5-6f7b-44df-be2a-ccff6b904877,2026-03-05 16:30:51,George,51,FR,Для учебы,Elementary,60,0
dd12232c-05b8-45a3-ae15-39e6f89d9653,2026-04-16 16:07:51,Austin,32,US,Для работы,Advanced,45,0
328cf01b-d0bc-46c7-9bfe-ea595a9275f8,2026-03-28 17:38:51,Jennifer,39,RU,Хобби,Beginner,45,0
34dee30b-fed2-4dde-a73a-91b4f1876926,2026-03-11 20:16:51,Jessica,38,IT,Для учебы,Elementary,120,0
8d86d50a-1b2a-4f8a-953b-74c50ca41dee,2026-03-28 01:44:51,Mark,50,ES,Для учебы,Elementary,5,0
d68906bb-d1ec-4332-925f-b681cf9a5b49,2026-04-22 19:29:51,Jason,16,RU,Для путешествий,Beginner,10,0
85c6695f-3410-4dfb-a930-df3280e2b12b,2026-03-31 12:04:51,Justin,49,ES,Для учебы,Advanced,90,0
d4833d71-6ae5-4015-b4d0-1469d455fc86,2026-03-20 14:11:51,Zachary,41,IT,Хобби,Intermediate,120,0
cd470a28-bcd1-4cc4-8ead-5dfb8edeec26,2026-04-11 18:30:51,Colton,46,US,Для учебы,Advanced,15,1
9bab9b9d-e3aa-4615-a3b6-eacdc4f7b984,2026-03-28 03:00:51,Elizabeth,37,BR,Для работы,Intermediate,120,0
505ab30e-aa32-451e-b69b-c1c3b0432de6,2026-04-03 13:21:51,Jack,16,ES,Для учебы,Beginner,20,1
9755fa7c-1f8d-42d7-be90-f75f7103cccc,2026-05-25 01:46:51,James,49,RU,Для учебы,Beginner,60,1
b47c5d7a-c17c-4dbf-8da0-985c24744c2f,2026-04-02 05:54:51,Juan,30,DE,Для учебы,Beginner,15,0
06bf8c27-3920-4463-852f-cf3c18073be4,2026-05-28 08:09:51,Kristine,17,BR,Для путешествий,Beginner,5,0
7e51774c-bae0-4311-bf3d-63d554b7255a,2026-04-12 04:22:51,Terri,47,US,Для учебы,Advanced,120,0
77618e2f-62dc-4146-8745-4c86687bd804,2026-04-08 13:39:51,Bradley,44,DE,Для путешествий,Elementary,10,1
b004d204-69b8-4b78-94b8-5b97baa7e490,2026-03-19 15:56:51,William,43,ES,Хобби,Advanced,45,0
5f9e5598-cae5-4957-8625-ecf13261011f,2026-05-29 13:50:51,Raymond,43,RU,Для учебы,Intermediate,30,0
eac7fc8d-f9cd-4ab7-9284-208fd5ab1929,2026-05-07 02:48:51,Troy,27,FR,Хобби,Beginner,15,1
ee6359ff-7ebe-4ece-b7da-fc5faed4a6d5,2026-03-12 13:27:51,Angela,35,US,Для учебы,Intermediate,60,0
88dfe945-17ab-423e-b09e-34813ef44ba0,2026-05-29 16:57:51,Michaela,18,DE,Для учебы,Advanced,30,0
7070aa0a-8b6e-423d-ab8b-30e4d556d282,2026-04-06 22:15:51,John,50,FR,Для путешествий,Advanced,120,0
82010291-e320-4abc-b9a9-693533912e7e,2026-05-24 14:27:51,Mario,45,BR,Хобби,Beginner,45,1
cc9b7e44-348f-43f0-b402-56f1a56cad40,2026-04-19 18:37:51,Deborah,47,US,Для путешествий,Intermediate,15,0
1dfa8940-0a9c-496f-b64e-acf0eb8a8c7e,2026-03-21 21:48:51,Cassidy,51,ES,Для работы,Elementary,10,0
62234811-52a2-4916-add6-0a3b10e07082,2026-05-12 21:18:51,Erin,54,US,Хобби,Intermediate,15,0
82aa92a6-ffe2-4501-ad8b-65899c134043,2026-03-31 23:01:51,Michael,44,DE,Для путешествий,Advanced,90,1
70c5302d-a5ba-4bdb-91ee-ae9ce41e78ad,2026-05-10 06:25:51,Travis,17,FR,Для учебы,Elementary,90,0
3812cb80-a54f-4e05-851c-64bef38fa368,2026-04-18 01:28:51,Jamie,23,FR,Для работы,Intermediate,5,0
79316f64-1b37-49eb-80f3-d0219489301e,2026-05-28 07:18:51,Ashley,36,FR,Хобби,Elementary,45,0
156e0fcc-7c73-4238-b6c8-d1315a7f9d96,2026-04-15 07:55:51,Heather,24,RU,Для работы,Beginner,15,0
8d58469f-15f5-46aa-a838-140901eab8ac,2026-04-01 12:45:51,Peter,50,FR,Для работы,Intermediate,10,0
30fe9f2a-4f22-4eb0-8ba6-81b5a44fabe3,2026-05-17 06:03:51,Harold,46,RU,Для путешествий,Beginner,10,0
7e2dce60-878d-44a7-aab3-2718fc0707c2,2026-05-09 09:20:51,James,34,US,Для работы,Elementary,45,0
fe573765-a59c-41bd-909f-8611070846ec,2026-05-18 19:24:51,Jesse,39,US,Для учебы,Beginner,15,0
4b4c001e-8289-45d8-a4fe-1a44c93c84ec,2026-04-14 17:20:51,Denise,52,ES,Для работы,Beginner,5,0
9c4f566d-0d97-47bf-b942-c867ae56b315,2026-05-12 21:34:51,Alexander,38,BR,Хобби,Advanced,90,1
37132780-d4b9-42b4-9f0a-a4ac3f8e20e3,2026-04-01 19:20:51,Ebony,20,FR,Для путешествий,Beginner,120,0
2023c9df-2d7c-4574-aea5-d02e2f1d3358,2026-05-25 21:52:51,Peter,32,FR,Для путешествий,Elementary,120,0
5d874e7a-1ef6-4d5d-8e47-64348e415198,2026-03-31 04:08:51,Jillian,25,DE,Для учебы,Beginner,10,0
2ce829d2-6cf6-4223-8c33-4770211e4a45,2026-05-03 18:10:51,Austin,46,ES,Для путешествий,Intermediate,20,0
cdaa4de8-8de1-492b-9c58-59e5b303aa45,2026-06-01 17:38:51,Krystal,34,IT,Для путешествий,Beginner,45,0
147bf202-624d-4c3a-854c-3501d600af03,2026-03-21 00:03:51,Robert,16,DE,Для работы,Elementary,45,0
c60ab264-8eb7-4993-801b-50187fe5c598,2026-03-11 19:24:51,Julia,34,US,Для работы,Elementary,15,0
0dd33810-8427-4b4e-86f6-1d01955c988d,2026-04-13 02:54:51,Tiffany,31,DE,Для работы,Beginner,30,0
fc473e12-1bbc-4e05-b5ff-f8786e8ce7da,2026-04-29 07:01:51,Paul,41,FR,Хобби,Intermediate,60,0
e90bbc5f-1e78-45b7-bbdd-844ed7e81dc3,2026-05-07 11:28:51,Shelly,40,BR,Для путешествий,Beginner,10,0
ae9e4ee5-e41a-4553-a63b-48249cfaffae,2026-04-06 18:22:51,Anthony,25,IT,Хобби,Beginner,90,0
4ceda446-a9af-47ae-9487-b8a641d8369b,2026-04-17 08:09:51,Matthew,22,FR,Для учебы,Intermediate,20,0
5c26cf0d-6274-435e-bbdd-56c548fc2a21,2026-03-28 13:00:51,Elizabeth,37,IT,Хобби,Elementary,10,0
8c34bd16-f502-4177-85a1-54b7f663a58e,2026-04-23 04:37:51,Chelsea,21,RU,Для путешествий,Beginner,5,0
a31d621b-68a0-43e1-a823-a50ac3351697,2026-04-24 08:15:51,Nicholas,23,FR,Для путешествий,Intermediate,15,0
2fac1252-f18d-42ce-94b9-8767dfe21fca,2026-03-27 05:10:51,Danielle,51,IT,Для работы,Beginner,60,0
e25f1007-65c7-42b1-a305-1b6a6ed4a240,2026-05-16 01:44:51,Denise,16,RU,Хобби,Intermediate,60,0
05348f3d-7f7f-4b86-a5e8-9ea9230ad29a,2026-04-10 13:05:51,George,53,US,Для учебы,Advanced,5,0
2e1399bd-f35b-46ba-872f-3b6e350e4756,2026-04-16 06:45:51,Jeffrey,34,DE,Для учебы,Elementary,120,0
6f54ea5b-2ff8-4659-a694-1739478c48f2,2026-03-07 18:57:51,Christine,25,FR,Для путешествий,Intermediate,60,1
5f337558-f785-41c5-8132-59aeadbe58c5,2026-04-14 15:33:51,Randall,49,BR,Для учебы,Elementary,30,0
54d65cdd-8122-4f3a-ae58-c3b0227f57a7,2026-04-03 07:26:51,Nicholas,21,US,Для путешествий,Elementary,15,0
b1d57b07-e629-425f-bd19-206853d218a6,2026-05-13 17:10:51,Kelly,31,RU,Для работы,Elementary,45,0
3f1b53f4-0ac0-4187-9e19-4ca3179226c7,2026-04-28 21:21:51,Daniel,41,US,Для путешествий,Beginner,5,0
0925ebde-4ac0-4f68-a78b-8b60bb5ff5cc,2026-04-29 01:09:51,Tammy,26,ES,Для учебы,Intermediate,60,0
6bf19eb5-11d8-4974-badc-6654411e5fb5,2026-05-16 08:06:51,David,55,RU,Хобби,Elementary,90,0
5c40837e-6603-4b75-9055-b3fd89fc6ab0,2026-05-27 19:46:51,Kevin,43,FR,Для путешествий,Beginner,20,0
1f7d013a-fb75-49a4-a9f0-da284a77f384,2026-03-17 13:31:51,Alex,24,US,Для работы,Beginner,5,0
a4529814-4299-46b9-8693-c5bdf6b832f4,2026-05-14 19:38:51,Theresa,55,US,Для учебы,Intermediate,15,0
381acd5e-f5ec-48a0-96c3-df20f843eadb,2026-05-10 05:42:51,Lisa,18,US,Для учебы,Advanced,20,0
73574f85-2475-4206-8a9c-87412321e530,2026-05-15 05:33:51,Vanessa,44,BR,Хобби,Advanced,120,1
3d979b17-5731-4dfb-9876-4ce400656aae,2026-03-10 16:39:51,Matthew,52,FR,Для работы,Elementary,20,0
f9c9d83e-fa06-484f-8e1c-edeeb41f7e8c,2026-05-14 15:33:51,Christine,45,RU,Для работы,Intermediate,60,1
1e426b4f-b25e-4dce-9789-e85675e3f6f8,2026-05-25 15:14:51,Lauren,22,DE,Для работы,Beginner,45,0
d8ae5664-572b-4e8b-b4f1-e9b6ccb32caf,2026-04-22 08:16:51,Jessica,23,DE,Для работы,Beginner,10,1
1d8cff43-f7b4-4b07-a8a9-76e9625a1f15,2026-03-18 02:10:51,Donald,44,DE,Для путешествий,Advanced,30,0
86ad14dc-4f84-4601-85c2-38dae115c2ed,2026-04-22 03:35:51,Rachael,22,BR,Хобби,Intermediate,30,0
2348c65f-1b82-4a4d-a604-d0f808d73e2b,2026-05-28 10:39:51,Michael,43,IT,Для работы,Beginner,120,0
dfba719f-030f-45d0-8b06-ca7d6eea6c76,2026-05-21 15:04:51,Olivia,47,FR,Для путешествий,Advanced,45,0
7eea427c-48c7-42a4-89b4-93cbc3c626a6,2026-05-16 15:44:51,Evelyn,38,RU,Для путешествий,Intermediate,45,0
ea506ca8-03db-4a60-b6ac-8b3a9ec110fb,2026-04-02 08:29:51,Joanna,37,ES,Для учебы,Elementary,90,0
a0b11134-7df7-4d39-99fe-5461cb570a37,2026-03-25 14:48:51,Nicole,20,DE,Для учебы,Elementary,20,0
ed4a6ec1-9e82-4d2d-b519-6eeb18eca2e8,2026-05-01 20:29:51,Maria,35,IT,Для путешествий,Advanced,90,0
141d36b3-010b-4946-a1d7-41f7f26a6eff,2026-03-26 21:16:51,Patrick,31,DE,Для работы,Advanced,30,0
675cea63-955a-46ba-a764-40236788eb05,2026-04-11 07:02:51,John,41,DE,Хобби,Beginner,60,0
3ccaafce-8f09-4f11-8374-68bcb751f102,2026-05-08 17:39:51,William,55,RU,Для учебы,Intermediate,90,0
e0b306bc-15d8-421a-a10e-37ae83435003,2026-05-20 14:12:51,Stephanie,23,ES,Хобби,Advanced,10,0
3e9a2522-01a1-4930-ab33-b5c70492d171,2026-04-07 13:26:51,Nathaniel,53,FR,Хобби,Elementary,45,0
ccb09b4a-05c2-4ba2-afae-830c84a48570,2026-04-18 07:35:51,Elizabeth,47,RU,Для учебы,Advanced,20,0
22217792-14df-43a7-a1bb-0c09ea4c413e,2026-04-18 10:21:51,Cameron,37,IT,Для путешествий,Advanced,5,0
60397493-7f3c-45b1-a43b-a3009e149ec6,2026-04-14 19:48:51,Lisa,33,RU,Для работы,Intermediate,45,0
54fce7b9-acd5-487d-89c6-eb4df8a17447,2026-04-19 16:28:51,Scott,40,ES,Для учебы,Beginner,90,0
cf1854af-c326-4250-b0b6-92cfa0831b12,2026-03-27 10:32:51,Alicia,37,BR,Для путешествий,Beginner,60,0
3bc1bcbb-5d5c-4eff-9c97-3440e2ad667f,2026-05-07 07:16:51,Elizabeth,21,US,Для путешествий,Intermediate,15,1
af8069f6-7a8b-438b-8706-c6df947072d3,2026-04-13 11:04:51,Ronald,29,RU,Для работы,Intermediate,120,0
60d966ee-2eb5-4f04-b10e-a2746d58e216,2026-03-10 09:10:51,Melissa,55,IT,Хобби,Elementary,15,0
ff95817c-b7b4-407d-8fa9-43115ff00629,2026-04-10 02:35:51,April,40,US,Для работы,Intermediate,30,0
48104b3d-11f7-4b6f-a3ba-fffb15c63f6b,2026-03-12 11:33:51,Mary,32,RU,Хобби,Beginner,30,0
47a493b0-ae38-43d9-923b-cb9158b76f79,2026-04-21 19:05:51,Melissa,27,BR,Для путешествий,Intermediate,10,0
6322c634-0798-4666-8bcf-c0daba5c5590,2026-04-03 12:48:51,Michelle,21,ES,Для работы,Advanced,90,0
736658e0-db6c-409b-a2ad-cd0195ebe168,2026-03-28 02:18:51,Drew,26,BR,Для работы,Elementary,10,0
ec73f1b0-8d04-4df5-a110-524781283fe8,2026-05-18 09:53:51,Hayley,44,ES,Для путешествий,Advanced,15,0
8665928d-6fca-4e9b-b4d6-43c2106d29a5,2026-04-03 17:16:51,Lauren,27,BR,Для учебы,Intermediate,60,0
525ec782-76ef-448f-8ad7-02be4e9ead35,2026-04-13 00:19:51,Tony,50,DE,Хобби,Beginner,120,0
b37eb442-3ae3-4dae-8cc1-744d6ca4891e,2026-04-19 23:50:51,Thomas,27,US,Для путешествий,Advanced,45,0
df773012-66f7-471f-a9ec-6951429e6bcc,2026-05-20 14:53:51,Gregory,30,US,Хобби,Elementary,60,0
9da1ebe3-3738-4533-8a6f-01f49ff6c052,2026-05-05 06:42:51,Pamela,44,ES,Для путешествий,Elementary,15,0
29c9476b-19a3-4743-ab3c-b73b9f9bc354,2026-05-10 04:22:51,Michael,43,DE,Для путешествий,Intermediate,15,0
7af67372-bb7c-4a08-a368-d80561dcb9a3,2026-04-22 00:10:51,Billy,17,US,Для учебы,Elementary,120,0
085bf079-e511-4efe-8e17-bf84da52af1e,2026-05-26 04:21:51,Samantha,51,FR,Для работы,Elementary,20,0
e14ea932-2068-44ee-8dea-bdd4f8c0eba8,2026-04-08 04:45:51,Catherine,47,US,Для путешествий,Advanced,45,0
042c07e3-1f99-4912-8430-f32ee48532ee,2026-04-04 12:23:51,Ashley,17,US,Для учебы,Elementary,10,0
6a626b0a-7f5a-4834-817e-3d9d17a16de4,2026-03-09 12:22:51,Steven,34,ES,Хобби,Advanced,10,0
0c5f6443-1b30-4511-b245-2a92a5bb1e6a,2026-03-21 12:32:51,Scott,40,US,Хобби,Beginner,60,0
b094ad43-4d43-4ac5-9326-9fe32bdcb889,2026-04-09 11:23:51,Richard,38,RU,Для учебы,Advanced,30,0
93618fe7-37cd-49b2-a7f9-6b46a59fdc43,2026-04-25 22:37:51,Adam,38,US,Для работы,Beginner,5,1
273da206-0474-4875-a879-cb7a0277914a,2026-05-16 05:33:51,Tyler,24,RU,Для учебы,Elementary,10,0
4654197c-fa4f-45b1-af20-06d9b8c256cb,2026-03-19 00:25:51,Gabriel,52,DE,Для работы,Intermediate,60,0
ffcfbf9d-3ea6-44b3-891e-a8985ecf63d6,2026-04-08 19:45:51,Stephen,49,RU,Для учебы,Intermediate,5,0
db12b0cb-80ef-45b9-9d6a-2af8a9dea2e2,2026-03-05 04:11:51,Michael,17,DE,Для учебы,Intermediate,45,0
d87abe07-6aaa-4e63-9bcd-b83168e3a22d,2026-05-21 23:36:51,Debra,40,US,Для работы,Intermediate,5,0
69f92a74-1958-4400-95a8-23ae4631d5d3,2026-04-19 09:09:51,Cheryl,19,DE,Для путешествий,Advanced,45,0
1b7486ab-ef87-459b-a059-b213feadcd50,2026-05-23 03:58:51,Joyce,19,BR,Для путешествий,Advanced,10,0
94382c17-2f00-449b-a9d2-b63f38a73b54,2026-03-28 04:57:51,Nathan,32,US,Хобби,Elementary,15,0
8d4c5789-fc9e-42ac-ab10-cddcdac7c8c7,2026-03-15 18:45:51,Janice,47,BR,Хобби,Intermediate,5,1
4f7634a4-420e-4d32-9200-94d326d3ff99,2026-05-01 17:39:51,Cynthia,23,ES,Для учебы,Elementary,90,0
b6be4650-b073-4fcc-bbe7-b142097de1a5,2026-03-30 08:32:51,Elizabeth,52,DE,Для путешествий,Advanced,45,0
fc62830c-3f07-42e0-868b-24c900a14cc0,2026-05-27 13:58:51,Jacob,37,US,Для путешествий,Beginner,60,0
ba2d490c-a47e-4664-8b27-f3161a6e7c61,2026-05-04 23:32:51,James,45,FR,Для путешествий,Advanced,120,1
1b2a7ef3-d544-4cbe-b0ae-ba49eb9b1a7d,2026-03-06 02:57:51,Jennifer,40,FR,Для путешествий,Advanced,45,0
29d30318-96df-40a4-a916-5b1f6e565cc6,2026-03-13 10:23:51,Tanya,22,BR,Для путешествий,Beginner,45,1
dcaa2e96-ba23-4d00-87ae-bb2e631a8ac7,2026-03-13 22:22:51,Susan,47,US,Для путешествий,Beginner,5,0
0db04b3c-03cb-4017-92db-1cb93964546d,2026-03-21 05:13:51,Leslie,17,BR,Для учебы,Beginner,120,0
9f8177b2-fbb2-4d31-bd08-986c6d1fd4d7,2026-03-13 07:38:51,Kevin,17,DE,Хобби,Beginner,20,1
47fca560-c783-473d-a905-d0f70a3f7766,2026-03-19 02:35:51,Roberta,24,DE,Для учебы,Beginner,45,0
0660a004-24d9-4a78-81ec-974d2b182df5,2026-05-19 16:25:51,Manuel,55,FR,Для путешествий,Elementary,15,0
d704bef8-bb08-4ac5-914b-9b37a09fb9f8,2026-04-25 05:48:51,Billy,42,FR,Хобби,Elementary,5,0
318df3ec-d2f8-49b8-b536-ad549f1d0aaf,2026-04-06 13:22:51,Ronald,45,RU,Хобби,Intermediate,60,0
09468a24-83ee-4ab0-adc5-a7b094a01f28,2026-06-01 02:37:51,Erica,33,RU,Для учебы,Intermediate,120,0
0946089d-2ba1-43a2-b955-ccc113fafd92,2026-03-09 01:19:51,George,43,DE,Для учебы,Advanced,30,0
e29aa887-bebe-4ddb-b8fe-c254e11a4299,2026-05-07 15:52:51,Tracy,21,BR,Хобби,Beginner,90,0
1d2e7813-0003-4f09-99b6-c6a168ddc433,2026-04-13 01:16:51,Kenneth,36,FR,Для учебы,Elementary,20,0
1878e2a2-c861-4ede-895b-6565d14a7442,2026-03-29 02:30:51,Angel,39,ES,Для учебы,Beginner,60,0
d8d84895-8518-45d0-991d-fe00cc0d3f25,2026-03-28 12:30:51,Elizabeth,53,FR,Для путешествий,Elementary,15,1
1b857db1-b6d4-4e24-8009-1da432f15aa1,2026-04-09 19:59:51,Edward,22,ES,Для учебы,Beginner,15,1
ed2300d3-e44b-40a6-80e0-54a98b32ab83,2026-04-22 00:09:51,Alison,51,US,Для учебы,Elementary,15,0
fee2a06f-1ef3-4d3b-9915-14444a3fda61,2026-04-07 14:14:51,Yvonne,39,ES,Хобби,Advanced,10,0
8f142201-d2b3-4c0e-855a-d9642206a4ab,2026-04-23 22:37:51,Laura,52,IT,Для работы,Beginner,90,0
bb3485c2-2fbf-462f-9f90-4bae92be8197,2026-03-19 03:51:51,Jimmy,16,US,Для путешествий,Elementary,10,0
2decccdc-e234-4111-b870-1d5e98d091ad,2026-05-15 09:28:51,Jason,17,ES,Хобби,Advanced,10,1
2003b03b-7dab-456a-a95e-92f54e38be6e,2026-03-17 00:14:51,Christopher,54,ES,Для учебы,Elementary,60,0
a86359c9-b800-4ee3-a666-d29562117510,2026-04-26 19:22:51,Elijah,46,FR,Для путешествий,Advanced,90,0
74af1e3d-222c-4f79-ae10-73f65424b039,2026-04-03 16:02:51,Christopher,54,IT,Для учебы,Intermediate,30,0
fe0b1188-490f-42e3-8ac1-2ecbbfb4303f,2026-06-02 00:10:51,Brian,26,ES,Хобби,Intermediate,120,0
6f0c2f8e-4eb3-4c13-923d-1f93907553bb,2026-03-25 07:53:51,Ryan,16,ES,Хобби,Intermediate,30,0
eb230e4a-d725-4d15-a0ef-33f4f08b9e66,2026-04-04 03:41:51,Janice,38,ES,Для работы,Elementary,60,0
5d97d2e0-7cfe-4d76-9902-76137e125e42,2026-04-15 04:32:51,Benjamin,47,ES,Для путешествий,Elementary,15,1
b1dac62f-ffed-4eda-bd06-668c0872a34a,2026-05-03 00:17:51,Darlene,44,FR,Для учебы,Intermediate,20,0
f5cef349-2728-45d1-999f-389d951bc4c7,2026-04-15 16:05:51,Brandon,39,FR,Для работы,Advanced,45,0
77cfec02-c266-4d52-b097-38a13b016f9e,2026-03-08 09:07:51,Jennifer,25,FR,Для работы,Elementary,90,0
ce3eaa15-e269-4644-99d0-3a7ac663a849,2026-04-21 09:22:51,Alyssa,44,IT,Для путешествий,Intermediate,60,1
1387035e-3a68-491e-bf1a-2eac489da658,2026-05-08 00:57:51,Randy,46,BR,Для путешествий,Elementary,90,1
30dbdc5c-d552-49f4-b1f7-e6e811103a1e,2026-05-05 07:46:51,Paula,48,ES,Для путешествий,Beginner,45,0
ff47472c-cfbc-4234-bd55-18c500dfd4d5,2026-05-17 12:46:51,Matthew,19,ES,Для путешествий,Beginner,30,0
98a44203-98e5-4c22-86dd-48f59fe98e0c,2026-03-15 04:25:51,William,28,ES,Для учебы,Advanced,10,0
6549be94-a37f-4303-afd8-9f71688b6cde,2026-04-08 05:00:51,Kelly,27,DE,Для работы,Elementary,15,0
0db1d1e6-d625-4407-9fdb-ffd7568dc3f3,2026-03-27 08:52:51,Jonathan,19,US,Хобби,Intermediate,45,0
11c394e0-fdb5-41b3-9bda-2b52ea0c2d3d,2026-04-15 04:13:51,Jordan,42,RU,Для путешествий,Beginner,120,0
df81d049-c540-4e5c-9b41-daa2f662440e,2026-04-30 09:13:51,Jennifer,20,FR,Для учебы,Beginner,15,0
43cff443-b5cf-4fd3-8ed9-9c284e1c87e1,2026-05-28 02:50:51,Scott,23,ES,Для работы,Intermediate,5,0
6c7222c5-824d-46cb-bf20-e2c79512fd3c,2026-05-23 23:13:51,Karen,47,FR,Для работы,Intermediate,45,0
a6ba01af-ef8e-405d-8e0c-e96dc96ec391,2026-05-05 13:39:51,Daniel,16,DE,Хобби,Elementary,90,0
1e794fe5-512f-4700-9f75-2ee1a478428d,2026-05-03 21:42:51,Sarah,44,IT,Хобби,Beginner,120,0
3ddbee17-6e6b-4996-bb1f-64ba4df1dac4,2026-05-21 14:44:51,Kathleen,39,IT,Хобби,Intermediate,20,0
61e669dd-65fb-4c17-aae8-06647d4f2aaf,2026-05-18 23:31:51,Henry,34,IT,Для учебы,Elementary,60,0
ae0a52d5-3ceb-49b0-9e6d-9dbdf5e0419e,2026-04-08 17:09:51,Kimberly,20,DE,Для работы,Advanced,45,0
0849e128-6526-402e-b3d7-6a75f47ea429,2026-05-22 08:21:51,Jaime,16,FR,Для работы,Beginner,15,0
14ed661d-cded-4ba5-bb1a-dfcf62d59167,2026-05-11 14:06:51,Manuel,17,DE,Для учебы,Beginner,10,0
40932175-ba3c-4cf7-9033-dc88c1e56b50,2026-05-03 07:14:51,Chloe,32,RU,Для работы,Advanced,90,0
9b850220-29ee-4e3c-9ffa-5ae50b445b24,2026-04-17 22:19:51,Mary,36,DE,Для работы,Elementary,30,0
a4b908c5-32bb-43a2-8020-dc8045769298,2026-04-29 19:08:51,Megan,41,DE,Для путешествий,Beginner,45,0
d8bda577-f5a7-4547-91a5-c36af6806360,2026-05-08 21:23:51,Dennis,46,DE,Для учебы,Beginner,10,0
be5f88e2-1451-49e6-8d70-723f5d2a8d89,2026-03-21 07:57:51,Sandra,19,BR,Для учебы,Beginner,60,1
7fd23845-21b6-43ad-b59d-9bfb42fec0bf,2026-04-13 23:52:51,Sarah,49,US,Для учебы,Intermediate,45,0
3e74c9d3-c452-4dc6-baba-3869a32fe464,2026-04-14 02:22:51,Cassandra,32,DE,Для путешествий,Intermediate,5,0
9a591404-9ffb-478e-a3e4-bffd5ff4786c,2026-05-23 22:11:51,Brandon,48,RU,Для работы,Elementary,30,0
df720cd5-bf5a-4f87-bcb8-127a00b7908a,2026-03-12 16:28:51,Heather,17,DE,Хобби,Elementary,15,0
07c6c95f-9735-4212-a34c-01fab927fe2b,2026-05-19 17:54:51,Tyler,19,US,Для путешествий,Intermediate,30,0
826cac06-105a-4b7d-af8b-e4328bb5f672,2026-03-29 23:31:51,Cindy,49,BR,Для путешествий,Intermediate,120,0
56654657-ebd7-40a7-9701-f72b70e1a971,2026-04-04 03:34:51,Michael,32,US,Для работы,Beginner,90,0
e958a601-c24b-45d4-8100-f2609bbcc645,2026-05-15 12:23:51,James,30,US,Хобби,Advanced,5,0
32e7bfeb-16fb-4bdc-814c-d92b3831cd4a,2026-05-02 02:22:51,Scott,37,BR,Для работы,Advanced,120,0
71c40d6f-a314-4501-9a07-6621ca87a764,2026-03-26 05:45:51,Kelly,47,DE,Для учебы,Intermediate,10,0
d27aeccc-df3a-4365-a221-1975b15beb33,2026-05-10 01:29:51,Glen,22,FR,Для путешествий,Advanced,45,0
5008c18f-c67c-4aed-877d-1ddc9f2413f4,2026-06-01 11:16:51,Karen,24,US,Для учебы,Advanced,60,0
3aec2b89-a44f-4897-b81d-ead43d2ab02a,2026-06-02 04:46:51,Mark,22,DE,Для учебы,Intermediate,90,0
9a064578-24c3-4446-be7c-874754c728e5,2026-05-06 16:22:51,Seth,28,US,Для работы,Advanced,5,0
27658ec1-26c1-4903-9d09-2cbfd1d2ba31,2026-05-26 07:22:51,Norman,21,DE,Для работы,Beginner,120,0
93fa07b5-efb2-43a8-8400-34341625ef1b,2026-05-29 00:39:51,Melanie,42,FR,Для учебы,Intermediate,45,0
d469bba9-e6ce-4c40-9563-a997ccad9b55,2026-04-18 22:20:51,Ricardo,54,ES,Для работы,Intermediate,15,0
e0f272b5-bf23-4a65-a20e-0091d8965212,2026-05-28 10:17:51,Trevor,19,ES,Для путешествий,Intermediate,120,0
1b635a02-0f2a-4b08-9fbb-28ea5e5ef421,2026-03-20 01:46:51,Monica,55,US,Для работы,Advanced,20,0
a87f7ab7-52bf-4c50-9550-6e751283a194,2026-05-23 22:36:51,Jennifer,25,DE,Хобби,Intermediate,10,0
6214a424-013c-48ee-9303-e9b058f753e7,2026-05-11 09:20:51,Erin,17,US,Для работы,Advanced,120,0
cd8321e4-9ef0-4131-bd0e-3e616cb6c06f,2026-04-09 13:20:51,Christopher,45,BR,Для путешествий,Advanced,120,0
bbddfa11-c945-46d0-9403-cabcfd13c85f,2026-05-05 19:45:51,Robert,46,FR,Для путешествий,Beginner,90,1
65b36f0e-0524-42e9-ae80-401d80fa6878,2026-03-28 01:46:51,Christopher,16,BR,Хобби,Beginner,15,0
0da17857-a6d4-4f26-b989-f9860ac1ac34,2026-05-09 06:32:51,Michael,35,BR,Для учебы,Elementary,5,0
4682c76c-a774-40cd-bdfa-1d68de4a8731,2026-05-20 18:43:51,John,51,DE,Хобби,Elementary,90,1
821ffc28-f7dd-49c4-a8f5-08fcf7d84030,2026-04-30 20:32:51,John,32,US,Для работы,Beginner,45,0
8ae552d4-dc10-4fb4-afa4-e0210e2221a2,2026-03-24 15:38:51,Courtney,24,BR,Для путешествий,Beginner,60,0
2ab74101-1dcf-44a7-8073-4687ed33ae97,2026-05-01 08:30:51,Maria,55,ES,Для путешествий,Intermediate,90,0
9fc790c7-94f0-4b65-8ebf-7aa9a3570acd,2026-03-28 00:44:51,Timothy,26,RU,Для учебы,Advanced,5,0
48c2494f-883e-4fd0-bfe1-11bc6159fd61,2026-03-05 12:22:51,Mary,31,IT,Хобби,Beginner,60,1
a9ddbacc-e912-4c3e-8257-811bddf3269f,2026-04-02 03:45:51,Jonathan,41,BR,Для путешествий,Intermediate,20,0
05bb4dff-edbc-4f86-95f1-5e5c215633de,2026-04-17 07:38:51,Joseph,20,FR,Для работы,Beginner,45,0
ae3f5ce5-c361-4315-8f7b-5d191bef13e6,2026-05-05 05:04:51,William,41,RU,Для работы,Intermediate,30,0
bb127f6f-dcf8-4699-b048-167f906e98d6,2026-05-28 08:14:51,George,50,ES,Для путешествий,Intermediate,20,0
36870469-f479-4566-9b90-3037ca58e4fe,2026-04-04 03:54:51,Natalie,46,ES,Для работы,Intermediate,15,0
e6d16110-7aac-408a-a24e-93060ac0a832,2026-04-27 23:00:51,Glen,50,FR,Хобби,Intermediate,90,0
6a50f879-f023-47e3-8176-8213c92882aa,2026-04-19 04:36:51,Maria,25,DE,Для работы,Intermediate,30,0
06a7c349-e6c1-4931-935a-3f3b05d3dd81,2026-05-19 08:03:51,John,39,IT,Для путешествий,Elementary,15,1
9e91dbd2-d1f8-4dbf-9249-95be3e598973,2026-05-26 06:29:51,Robert,41,DE,Для учебы,Beginner,60,0
05ded435-0cae-442e-859e-63eeddd1ddfc,2026-04-05 13:17:51,Julie,32,BR,Для работы,Elementary,45,1
54a726e6-dfe7-4e0d-9a0e-e50021c0283a,2026-04-04 08:24:51,Nancy,48,US,Для учебы,Beginner,120,0
92732a38-5345-447b-a650-ca0c87c25bea,2026-05-10 20:12:51,Candace,31,BR,Хобби,Elementary,20,0
f11a802b-4821-41ca-9f9f-f5c6ef4b81bb,2026-04-11 13:44:51,Lauren,39,IT,Для путешествий,Elementary,20,0
7f8ab6c3-c0f6-43bf-a046-e105900b15fb,2026-05-21 02:37:51,John,35,US,Хобби,Elementary,10,0
0e9655f8-5d97-4c50-a46a-5e45b429a8d4,2026-04-01 10:23:51,Martin,43,IT,Для путешествий,Advanced,90,0
979da723-7f75-4ce4-87d3-d32e545c0641,2026-03-15 16:56:51,Timothy,54,IT,Для путешествий,Intermediate,60,0
2926f513-d0b2-455d-932e-409a7ea970dc,2026-04-13 23:04:51,Bryan,36,ES,Хобби,Elementary,5,0
9c4f59ab-ed01-471d-8346-feabb7b5f803,2026-03-23 08:43:51,Ethan,45,RU,Для работы,Advanced,5,0
8a49860a-4dfe-4c20-b7a3-1c487797f0a3,2026-03-15 04:57:51,Larry,17,ES,Для учебы,Intermediate,90,0
4e3f95bb-750c-42dd-aa52-d41b19982cf6,2026-03-15 08:02:51,Sarah,46,DE,Для путешествий,Beginner,90,0
471dac81-37df-45af-9bfc-539fc3ad2dfe,2026-04-20 23:31:51,Mary,22,FR,Для учебы,Elementary,5,0
1ddcf527-ff99-48f3-9f7f-4b20f84f5869,2026-05-02 18:17:51,David,49,ES,Для работы,Intermediate,15,0
8c76dce1-e034-4e81-845f-f964a3a8f6d8,2026-03-13 06:54:51,Lisa,30,RU,Хобби,Elementary,20,0
9e43cb27-e22b-47dc-945f-839b07090bc9,2026-05-19 13:30:51,Brittany,38,BR,Для работы,Intermediate,60,0
2fb029cf-709d-46be-8ded-52cfc66cc42f,2026-05-23 13:21:51,James,54,US,Для путешествий,Elementary,30,0
022badc4-fcd1-4bca-a609-bf7d44104e30,2026-04-11 07:50:51,Abigail,55,RU,Для путешествий,Beginner,30,0
41b77d4c-2037-4d26-9e12-285312342c14,2026-05-18 08:38:51,Kayla,19,IT,Для путешествий,Beginner,90,0
4269de52-9507-4176-af7a-b8f214796fea,2026-03-20 20:58:51,David,16,BR,Для путешествий,Elementary,20,0
3003a861-deac-4eec-85c9-69bbc4ea5cce,2026-05-22 13:56:51,Marcia,37,IT,Для работы,Beginner,120,0
8cf7835b-5c02-47db-b629-88f35fb8b28a,2026-05-17 13:00:51,Mark,33,BR,Для путешествий,Elementary,10,0
09758736-5e50-414b-8173-6388a122fd66,2026-05-27 00:10:51,Noah,17,FR,Для работы,Beginner,30,0
1107238c-1bcf-4918-b23d-d1b2d3fadf4c,2026-04-05 17:12:51,Alicia,51,ES,Для путешествий,Elementary,120,0
ed41c009-7574-4c87-a623-cfc7f2264503,2026-05-18 12:23:51,Brenda,48,BR,Для работы,Advanced,120,0
4f880914-acae-458d-aa4c-8398af9101dd,2026-03-07 18:09:51,Kevin,21,FR,Для учебы,Elementary,10,0
12d55961-96b0-4af1-81e9-735d6735800f,2026-03-13 17:08:51,Marie,34,ES,Для путешествий,Elementary,45,0
1c46e02d-ade0-4184-b610-694180f386c7,2026-03-15 07:07:51,Diane,50,US,Хобби,Elementary,45,0
fe50c1e0-25a0-464a-ba82-f36203c184fa,2026-05-27 15:07:51,James,43,BR,Для учебы,Beginner,30,0
8b28fa9f-5c6d-4c1e-aae9-c626bb0404ca,2026-03-26 14:31:51,Hannah,28,RU,Для путешествий,Elementary,30,0
1fec5731-436e-4814-8ae9-d12f27bb7132,2026-04-13 03:18:51,Lori,17,RU,Для работы,Beginner,120,0
1006c579-78d4-499d-a225-fa1c8d410186,2026-05-01 17:19:51,Ronald,44,US,Для учебы,Advanced,45,0
2080c2d4-0ea7-4617-8913-67fe78e71fe9,2026-04-25 04:23:51,Jeffrey,43,RU,Для работы,Advanced,90,0
1019ebb8-48b7-49f2-a2f9-0e6d2512b3cc,2026-04-06 12:29:51,Juan,17,ES,Для путешествий,Elementary,60,0
29fb9976-b831-4648-9e70-486b55d0dfeb,2026-05-09 23:59:51,Lauren,21,RU,Хобби,Intermediate,45,0
c543fe6f-b3a0-4ce5-82b4-a04237143691,2026-04-27 07:47:51,Cassandra,33,IT,Для путешествий,Beginner,5,0
4de83457-d0cd-467d-bfad-3f9059c192f5,2026-03-05 18:37:51,Roberto,28,BR,Хобби,Beginner,5,0
cf995713-0d67-4c83-8ad2-f174f704850f,2026-04-11 12:41:51,Kelsey,51,DE,Хобби,Elementary,120,0
c4c8213b-fcbe-450f-859e-4937472c9a9a,2026-03-12 21:25:51,Erika,45,US,Хобби,Intermediate,120,0
a8221ae0-0f62-49fd-b38a-698be959b4dd,2026-03-28 16:54:51,Jeffrey,55,RU,Для работы,Advanced,120,0
e58b807f-98af-498e-9128-2fa075397c3d,2026-03-13 19:35:51,Michael,21,BR,Для работы,Advanced,30,0
9f88d467-75d8-4ccb-a606-281eac6ef0b3,2026-03-19 04:58:51,Robert,42,US,Хобби,Beginner,90,0
55d018de-38df-47fe-8fa0-110caf3674bf,2026-04-08 19:24:51,Linda,33,RU,Хобби,Elementary,10,0
43db0794-f45f-4e87-80d1-7f0e17916d6b,2026-05-19 15:31:51,Dennis,38,BR,Хобби,Beginner,45,0
b79bf709-8a01-471b-9e35-01d778b88833,2026-04-14 00:01:51,Donald,24,BR,Для работы,Advanced,5,0
e00f108f-0d84-454b-89f4-a8ceebcdeddd,2026-03-14 23:10:51,Ann,21,DE,Для путешествий,Beginner,10,0
6c9909ab-85c9-4e00-b006-2e2c2d564359,2026-03-06 19:44:51,Ashley,41,US,Для путешествий,Intermediate,60,0
2c0c39a7-70a3-47ff-9e54-a86eda517b1b,2026-03-11 02:50:51,Jennifer,18,RU,Для учебы,Elementary,120,1
bc15a765-30cb-4849-8a52-316352cfba62,2026-05-13 09:37:51,Christine,44,US,Для работы,Elementary,10,0
46743225-a70a-4caa-93c9-d693aedbe05e,2026-05-16 07:28:51,Howard,45,BR,Для работы,Elementary,5,1
ff64e146-d47a-4185-a472-a735436915f0,2026-04-11 16:53:51,Jessica,49,BR,Для работы,Intermediate,20,0
7f713009-c6b5-4152-beab-12000cc24359,2026-05-23 03:59:51,Alison,17,DE,Для учебы,Beginner,60,0
3ed3425a-1c06-4a4c-88c9-2a7e39308c83,2026-05-18 14:31:51,Deborah,29,RU,Для путешествий,Beginner,90,0
d943c7b0-7c43-4c7a-9870-a3e47559eb86,2026-05-11 00:40:51,Kristine,50,IT,Для работы,Elementary,120,0
c1ce5227-e905-43f9-aa1a-c3c1047e9605,2026-03-13 16:29:51,Nathaniel,44,BR,Для работы,Beginner,60,0
23f3bb2d-ed4f-4ce5-98ee-0b2ff23d497b,2026-04-23 09:04:51,Rebecca,49,BR,Для работы,Beginner,60,0
00b96949-392d-411f-8040-945b43bd8fb0,2026-04-08 03:10:51,Stacy,54,US,Для путешествий,Elementary,5,0
85a26361-a5fd-4f0a-9d0c-c1f452751cb1,2026-05-11 01:38:51,Dillon,23,FR,Хобби,Elementary,45,0
f9d484bd-cf41-4bd3-8ad9-a45669b64d22,2026-03-09 13:19:51,Raymond,34,IT,Для путешествий,Beginner,45,0
898bcbae-241c-42c2-b5a7-b2216ed40eec,2026-03-16 10:58:51,Amanda,28,RU,Для путешествий,Elementary,30,0
c8e20930-b575-48fd-b8c9-55e0026e3fd1,2026-03-23 23:50:51,Benjamin,47,RU,Хобби,Beginner,5,0
8005491b-e179-4335-b6b0-ed73e8a21d39,2026-03-26 12:05:51,Marcus,23,FR,Хобби,Intermediate,15,1
ea9df0a4-1d4f-4d53-bfbf-09fcb651ead2,2026-03-07 22:02:51,Joel,52,DE,Хобби,Intermediate,5,0
fbc844df-f242-415d-9309-beb3c84438d1,2026-06-02 05:27:51,Jasmin,30,FR,Для работы,Advanced,45,0
47041093-bafc-41c8-a7bf-ee4abe21d7ad,2026-04-24 10:51:51,Kevin,49,US,Для учебы,Beginner,20,0
304a5421-9ef9-4d38-87da-3cea55a171e0,2026-06-01 14:08:51,Dawn,51,BR,Хобби,Advanced,15,0
1e74f06e-7191-4e6e-8a97-be42df87dcf4,2026-04-28 19:27:51,Ann,33,BR,Для учебы,Elementary,45,0
be97fa03-a123-4200-b898-6ed2e4802658,2026-03-12 15:24:51,Tina,54,RU,Хобби,Beginner,10,0
cc1fc7b1-704c-4951-babf-fd7249d79abf,2026-03-27 14:58:51,Krista,23,ES,Для работы,Intermediate,20,0
cb9f0dbc-b920-4b1c-908c-ff2ee667c0cc,2026-04-12 20:40:51,Stephen,44,BR,Для учебы,Advanced,90,1
20c105c3-d1f2-44a7-ac79-21b5a442b838,2026-05-15 15:48:51,Nicole,39,IT,Для путешествий,Advanced,45,0
344f8048-9fd3-4a15-a87c-759748300c57,2026-05-06 22:25:51,Rhonda,26,IT,Для учебы,Elementary,15,0
8a6e7f11-e9bb-4221-b647-f871fa1ef049,2026-04-17 18:35:51,Gina,17,RU,Хобби,Intermediate,20,0
b4011c9b-0f53-4716-a1ea-ddaf8379329e,2026-03-10 14:37:51,John,27,FR,Хобби,Intermediate,15,0
c8d2baf7-c215-493a-8403-5b10dbd7140a,2026-04-30 21:55:51,Sandra,50,US,Для путешествий,Intermediate,10,0
ffbd270c-4acd-4d16-924b-e3ca601b849c,2026-03-30 12:26:51,Robert,22,US,Для работы,Advanced,45,0
7f20ba70-9682-4519-ae81-db1aab930ca5,2026-03-14 15:01:51,Lisa,28,FR,Для работы,Beginner,10,0
af4b5362-579d-483c-ac4f-cb4552ee5652,2026-05-30 10:05:51,Lori,27,IT,Для работы,Elementary,45,0
77d648ce-6e9d-4ecd-be5a-a7ca4526889c,2026-04-23 04:33:51,Sara,18,US,Для работы,Beginner,5,0
de3141a5-066a-412d-85c2-7c4175c69fa4,2026-04-22 10:42:51,Benjamin,38,IT,Для работы,Elementary,120,0
1c78b6ea-388e-44f5-994d-00d0b08a6979,2026-03-04 18:58:51,Monique,21,ES,Для путешествий,Advanced,45,0
3dc31eea-7b6f-4d59-9acc-9dfe7e154dba,2026-03-15 13:14:51,Eric,33,US,Для путешествий,Advanced,120,0
355e7559-5634-4a60-a730-d7466e49743d,2026-03-24 01:33:51,Michael,41,RU,Хобби,Intermediate,60,0
fed8dc55-3a14-459a-991a-3ce115bee03f,2026-04-03 12:05:51,Steven,21,ES,Хобби,Beginner,45,0
d66c1ef0-bac8-4b62-ae2e-b3fef829dd01,2026-03-14 16:26:51,Juan,41,BR,Хобби,Advanced,15,0
69695aef-4c91-4978-a2c4-8f6a2de3616d,2026-04-23 03:51:51,Billy,40,ES,Для учебы,Beginner,45,0
cf61b810-8df5-43af-bf52-64af662d9c46,2026-05-17 14:30:51,April,26,RU,Хобби,Elementary,45,0
afb5afac-c901-416c-9f3d-fafda07fda2a,2026-03-29 11:10:51,Jeffrey,29,US,Для путешествий,Elementary,120,0
229cd0a8-4dd9-4653-9417-4da15ac2a003,2026-03-07 15:28:51,Todd,25,FR,Хобби,Elementary,10,0
a09154d4-33a2-4ca2-a9a6-c559c19f3af6,2026-05-08 01:06:51,Amy,53,BR,Для работы,Beginner,5,0
e611ef0f-c9b4-48e0-9aa9-a442d25f8eec,2026-05-13 08:02:51,Meghan,18,IT,Для учебы,Beginner,20,0
4fe5c573-ff8d-4ad9-afb2-06ed44b31343,2026-04-08 15:57:51,Jonathan,22,DE,Для работы,Beginner,15,0
02ab1100-1869-4ed6-8d00-351c50368f43,2026-04-13 21:52:51,Sydney,27,IT,Для работы,Intermediate,120,0
576d8af8-9593-46c1-9f14-c79f06966966,2026-04-10 22:35:51,John,54,DE,Для работы,Beginner,15,0
09e6bd1f-f9fc-4b75-b869-37d02df559d9,2026-05-16 14:29:51,Thomas,46,BR,Хобби,Advanced,90,0
4dbf2f4c-4cc8-4ffb-99fa-ce852e2128ff,2026-05-28 23:11:51,Maria,55,IT,Хобби,Intermediate,120,0
49998140-1372-4809-a892-f97881ab88b4,2026-05-21 09:05:51,Brian,40,FR,Для работы,Elementary,60,0
3e2565ea-7982-4300-a1b0-23ed6e8d7233,2026-03-31 08:41:51,Kristin,16,US,Хобби,Elementary,30,0
4a3b4ae1-2c4e-41f2-bff6-9117b37d4e31,2026-04-26 08:13:51,Michael,18,FR,Хобби,Beginner,30,0
08bb820c-4573-4d51-853d-30613598ae9b,2026-03-31 10:24:51,Paul,36,DE,Для учебы,Beginner,10,0
b0d221d5-7771-4f12-90ca-45b7b725e7dc,2026-03-29 05:09:51,Elizabeth,54,FR,Для путешествий,Elementary,120,0
ea938c58-34e9-46e8-92bb-92b99ca99f53,2026-03-04 17:43:51,Linda,51,ES,Для учебы,Beginner,5,0
7c654332-d799-4492-ae48-17aa97d60453,2026-05-07 23:57:51,Sue,43,ES,Для путешествий,Elementary,15,0
3c09069a-15d5-463e-a37c-24df7effed2d,2026-03-18 19:08:51,Brian,39,FR,Для учебы,Beginner,120,0
66afdf1d-7e7b-486e-84db-889d1c88fe3c,2026-03-16 15:43:51,Melissa,20,IT,Для путешествий,Beginner,30,0
8ebb59af-c84f-4415-96d1-aaa24d548bdc,2026-04-18 07:52:51,Victoria,43,DE,Хобби,Elementary,5,1
268abe01-5ca5-4377-9249-89ba51797858,2026-03-10 05:48:51,Rose,48,FR,Хобби,Intermediate,30,0
0bbe3ccb-8c07-4440-aae7-55b1aff7f7bd,2026-03-12 17:51:51,Brian,45,DE,Для учебы,Intermediate,45,0
0a409156-30a7-4591-8b11-9af40324cefd,2026-03-20 02:53:51,Susan,51,ES,Для путешествий,Beginner,60,0
a8f5c240-a451-458a-ae6b-7b65f30cf0de,2026-03-05 07:52:51,Katherine,41,IT,Для учебы,Advanced,20,0
ff6529e8-a15b-4586-961a-ef9a7ee8eb8f,2026-05-06 12:37:51,Jamie,46,FR,Для работы,Elementary,20,0
ef10b590-a695-41c6-9d49-36ec10f40255,2026-05-02 15:19:51,William,54,BR,Для учебы,Advanced,30,0
405409f9-c98e-47f6-87eb-f37c2754a6ae,2026-05-08 10:54:51,Mario,35,ES,Для учебы,Beginner,120,0
e7db27ae-ec76-4ea9-aac8-b984a15a6907,2026-04-10 15:46:51,Shane,55,IT,Для путешествий,Advanced,30,0
e964b7e0-5ec8-4c50-b308-ca34c7f0ee13,2026-04-28 09:03:51,Diana,28,RU,Для работы,Beginner,20,1
2db27e23-fcde-41fb-8553-0ca3797e18bb,2026-05-02 22:45:51,Eileen,48,ES,Хобби,Advanced,10,0
450d077e-a7c8-4ab4-b71b-bdf0e1f031f0,2026-04-05 09:19:51,Janice,16,IT,Для работы,Intermediate,60,0
59d25829-803a-4aa0-be3c-357d45fe455c,2026-04-27 09:37:51,Rachel,16,IT,Для путешествий,Intermediate,90,1
7c85cd55-55f6-4c1b-9ecf-51a949cf668f,2026-05-17 00:04:51,Tim,18,ES,Для путешествий,Intermediate,45,0
1715a8fd-3730-4b86-b6f2-1f9ed9a7bc92,2026-04-21 15:22:51,Margaret,48,FR,Хобби,Intermediate,10,0
8ddb6016-a6d5-4fd1-9e6a-8e1219f153c8,2026-04-26 04:47:51,Peggy,49,ES,Для путешествий,Elementary,10,0
e0a27e9a-e6f1-4a92-bc38-96b7b39cdc33,2026-05-23 14:08:51,Warren,35,BR,Хобби,Beginner,10,0
bb53394a-8a0f-4ae4-9d92-4a515ab754de,2026-03-22 04:49:51,Donna,23,FR,Для учебы,Beginner,10,0
112fe263-862a-4075-a6fc-ff3a0a6e5570,2026-03-24 16:21:51,Robert,36,BR,Хобби,Elementary,30,0
ce58bc22-5d6e-423f-9e8a-675d8d85b804,2026-05-02 05:12:51,Kathleen,39,BR,Для учебы,Advanced,30,0
b15902f1-8158-45d1-98b6-2a2168300f80,2026-03-05 10:23:51,Marilyn,44,US,Для работы,Beginner,60,0
9165efcb-5cfc-4281-9012-1cc0f7dd7900,2026-03-31 12:00:51,Cynthia,47,DE,Для работы,Advanced,120,1
2ca8a7e3-02fd-45f5-ad5a-41c0d6d52441,2026-03-06 05:44:51,Carl,50,FR,Хобби,Advanced,10,0
d7697dbd-a8ba-4bdf-a4f6-68f6bb247dae,2026-03-20 11:13:51,Dwayne,45,ES,Хобби,Elementary,10,0
b27cc21c-d971-44fe-a3d9-586bf81825f4,2026-04-26 20:35:51,Natalie,43,US,Для учебы,Elementary,60,0
10a18c04-21b6-4101-9098-43d655347652,2026-04-25 03:52:51,Justin,34,RU,Для путешествий,Advanced,45,0
9317ff5b-6e21-4730-9295-e09cf0179758,2026-04-30 15:10:51,Troy,19,FR,Для путешествий,Elementary,60,0
7e08320e-5f01-4255-9961-017a7a34d3d0,2026-04-21 10:49:51,April,38,BR,Для работы,Intermediate,60,1
8658ce0b-d7db-4c10-a093-c4b60a2dd98f,2026-05-15 03:20:51,Larry,22,US,Хобби,Intermediate,5,0
c019aed2-dd5b-46eb-8aab-c92cf300ed7a,2026-05-24 20:47:51,Jennifer,52,RU,Для работы,Advanced,10,0
3e7a42e0-4098-4404-9e01-b191826e379a,2026-03-17 15:28:51,John,37,FR,Для путешествий,Intermediate,45,0
6504e5ae-4a6f-4260-8feb-9ea096168aae,2026-03-09 17:10:51,Ana,41,FR,Хобби,Intermediate,45,0
916fdffd-e606-4b4e-8450-9d72f98b64fe,2026-06-02 04:45:51,Samantha,44,US,Для учебы,Elementary,90,1
0689aa83-1a7f-4323-8cdd-48206ccd5f09,2026-04-20 08:20:51,Jesse,33,US,Для учебы,Beginner,120,0
9b4e1b0a-9987-4594-ae99-a07fa81f430e,2026-04-05 04:33:51,Robert,34,IT,Для работы,Intermediate,45,0
691c2ecd-87f1-4270-a2f0-3c9517813c6c,2026-05-05 21:21:51,Stephanie,49,IT,Для работы,Elementary,5,1
0d0ca0cb-3fd9-4ca4-a4b7-0cfca5217590,2026-03-23 19:00:51,Daniel,17,US,Хобби,Beginner,45,0
eadf51cf-102c-4f0e-8f34-8acc271173ad,2026-03-25 18:29:51,Alyssa,51,FR,Для работы,Beginner,20,0
271cdebd-2950-4cb5-a292-02b090b3e900,2026-05-09 11:37:51,Annette,18,IT,Хобби,Intermediate,120,1
a843d968-afbf-4094-b404-f689dafff319,2026-04-13 19:34:51,Angel,27,DE,Для путешествий,Intermediate,5,0
03c994be-b901-4742-8a2d-8cbc48a70963,2026-05-06 02:07:51,Nicholas,36,FR,Для путешествий,Advanced,15,1
02a08cd8-15f6-482b-aa70-416c9fb05308,2026-03-10 22:41:51,Jacob,33,DE,Хобби,Beginner,120,0
ce6f1b0c-035a-45a7-89a8-8afdd95d89dc,2026-05-30 07:38:51,Amber,27,DE,Хобби,Intermediate,60,0
c98a2973-1894-45d6-9ade-db612e3e4902,2026-05-19 22:46:51,Austin,30,RU,Для работы,Elementary,5,1
394770da-f974-4813-a4c2-9c036bc3c1b8,2026-03-04 16:30:51,Seth,42,BR,Для работы,Elementary,120,0
52ff2fba-0120-40ad-b133-f708f78538c4,2026-05-19 07:36:51,Deborah,46,DE,Для путешествий,Beginner,30,0
1113992b-0549-4023-a615-fee8130975b0,2026-05-12 18:32:51,Joseph,30,US,Для работы,Intermediate,30,0
322f6cc5-d40c-49dd-a5b5-e81a2dbbaa68,2026-03-20 11:28:51,Anthony,43,US,Для работы,Intermediate,15,0
f056f89f-0dc2-49c7-bd58-ba448de1f89a,2026-04-24 00:49:51,Anne,32,DE,Для работы,Elementary,60,0
945ff43d-d7b5-4192-96aa-6e9d2cccfa68,2026-04-14 13:06:51,Mary,35,DE,Для учебы,Intermediate,120,0
58a533ed-1354-48f1-85d0-7591a5b9da25,2026-05-31 18:07:51,Derek,49,BR,Хобби,Elementary,45,0
794d76c3-a615-42a6-9bf6-f05da2693760,2026-03-24 18:06:51,Rachel,46,IT,Для путешествий,Elementary,15,0
d4c8104b-0d51-45ff-9d0f-e94ead64d2e2,2026-04-05 09:01:51,Robert,44,US,Хобби,Beginner,10,0
6af0beb7-38c3-430f-bf23-08a384de04c6,2026-03-28 17:34:51,Robert,46,US,Хобби,Beginner,10,0
3a071510-872b-4aa6-951c-2c4cc82df4b9,2026-05-31 18:38:51,William,26,RU,Для учебы,Beginner,45,0
ea328687-9dbc-414b-9630-6718a09697ab,2026-04-01 22:34:51,Morgan,33,DE,Хобби,Intermediate,10,0
44575f6c-c0a5-4c1c-90dc-c23bc2662c49,2026-04-29 08:37:51,Victor,37,BR,Для путешествий,Beginner,5,0
d484d33f-413e-467c-96e8-7aa5cac15326,2026-05-16 04:04:51,Jeremy,54,IT,Для работы,Intermediate,30,0
9dcb5b61-a26f-40f5-9d09-a8d19203057b,2026-03-19 10:58:51,Joseph,19,US,Для путешествий,Beginner,45,0
c6561c7a-f29f-4b27-b0cf-1fe8981ec327,2026-04-06 11:37:51,Adam,22,ES,Для путешествий,Advanced,45,0
699c9bde-7d5c-4fd8-96a9-afb74f4b3777,2026-03-07 09:29:51,Cesar,19,ES,Для путешествий,Advanced,60,0
8ec3edb4-5282-4597-9adc-74f51a7fb912,2026-04-10 19:07:51,Jeremy,17,BR,Для работы,Elementary,10,0
a2a061fc-9037-48a5-b298-57fe3432e0e3,2026-05-30 05:20:51,Rick,25,US,Для путешествий,Intermediate,90,0
ba76dd1d-d463-407b-ae6f-1e3bda9bc0b5,2026-03-04 16:46:51,Yvonne,31,BR,Хобби,Advanced,60,0
8163d507-bd77-4972-9af8-080021626543,2026-05-21 16:24:51,Nancy,25,IT,Для работы,Beginner,120,0
4578ad2a-606b-4d15-90ab-a811626eb0d4,2026-05-12 08:53:51,Andre,41,US,Хобби,Beginner,10,0
e9a80462-7237-4237-bc99-f3c29a3f0a7a,2026-05-14 09:59:51,Leroy,37,IT,Для путешествий,Advanced,90,0
c40eed99-fccc-4dcf-a6b7-fa8f05771891,2026-03-15 20:10:51,Justin,44,ES,Для учебы,Elementary,5,1
50f29825-5315-4979-a8cc-b0ca7c2be742,2026-04-15 20:46:51,Gina,46,BR,Хобби,Intermediate,20,0
34bd144f-e004-4472-b18a-2649c01893d2,2026-05-11 08:22:51,Carol,18,FR,Для учебы,Advanced,90,0
4d62079c-9364-4003-b79c-15d3a36f0144,2026-05-25 10:54:51,Curtis,36,US,Для путешествий,Advanced,45,0
44f02169-d54e-43be-b69f-48a2ec4f74e4,2026-04-22 23:57:51,Justin,52,ES,Для работы,Intermediate,10,0
808bb65e-b747-4552-9930-aa309d63ae85,2026-03-07 00:40:51,Daniel,46,BR,Хобби,Elementary,10,0
e59c9a75-8e97-4f33-8c29-42a47c6f9fde,2026-03-09 11:24:51,Cassandra,41,BR,Для работы,Beginner,120,0
657fff17-1065-4a9c-834c-9ea901a680d3,2026-05-24 17:44:51,Sonia,49,US,Хобби,Intermediate,45,0
caa17011-afea-474f-86b0-6e6fbc6d59fd,2026-03-26 05:47:51,Lisa,29,US,Для учебы,Beginner,15,0
3e7549ce-8d42-40f7-90cf-f404fd50988b,2026-04-21 01:12:51,Gabriel,34,RU,Для учебы,Intermediate,20,0
654a2219-96fc-4471-9f2c-6cd8df2c16af,2026-05-25 10:41:51,Ariel,41,ES,Для учебы,Intermediate,15,0
f100e9e8-a854-455e-b7c7-08636d458058,2026-04-17 18:35:51,Scott,50,BR,Для учебы,Beginner,10,0
5d7b1798-6f7f-4aaa-b106-2852ac2d0d27,2026-04-22 22:55:51,David,46,RU,Для учебы,Advanced,15,1
2b09642f-9a48-4cf2-ac0f-614e1078ec14,2026-04-12 16:27:51,Sarah,35,FR,Для путешествий,Advanced,5,0
3b07f2c2-4870-4128-b127-85fb7945d345,2026-04-04 20:13:51,Brian,44,IT,Для работы,Elementary,15,0
09849373-c2e6-4584-9f44-ce11598b808d,2026-03-09 16:14:51,Jeffrey,52,BR,Для учебы,Advanced,120,0
d51e0ca4-5126-4e99-a432-13e1ba7f314a,2026-05-28 20:32:51,Tracy,48,RU,Для работы,Elementary,5,0
313465ae-0aa7-48ad-8404-d373fa49e92e,2026-05-03 23:39:51,Cory,17,RU,Хобби,Advanced,20,1
0c0b3f9e-14c4-4457-87e6-1603dfa4fab0,2026-05-28 02:51:51,Juan,43,FR,Хобби,Intermediate,30,0
b98ea44d-9638-4f6c-981f-3e28b78f9d04,2026-03-31 16:25:51,Kevin,21,DE,Для учебы,Beginner,45,0
bd5b0854-3f25-44a3-848f-d7499c8909cf,2026-05-31 00:25:51,Danielle,37,US,Хобби,Elementary,60,0
96555801-3cf1-4cc2-a6fb-102459e0d637,2026-03-22 10:27:51,Shawn,30,US,Для путешествий,Intermediate,30,0
cd9eb3b8-c717-4358-85e4-d7032c221877,2026-05-31 11:14:51,Jason,23,FR,Для работы,Advanced,90,0
ba5cf7c8-d3db-4a34-b2c6-790831ffddfd,2026-03-12 04:48:51,April,52,IT,Для работы,Intermediate,10,0
9bbbd86f-64b2-470a-8456-e8dd538ade9a,2026-04-19 23:46:51,Chelsea,21,ES,Для учебы,Advanced,15,0
0e787c14-f73b-473e-85ad-c233ffce51e9,2026-04-17 12:24:51,Michael,31,US,Для работы,Advanced,30,1
47f82588-e266-4217-b6f7-b12b4f413b7c,2026-04-30 18:20:51,Amy,51,US,Для учебы,Intermediate,15,0
8707bde5-2edb-4e2e-8fbc-3ad7695a8ebb,2026-03-24 03:07:51,Charles,52,RU,Для учебы,Advanced,45,0
e774922e-7ad6-4d11-9945-ac40312361ec,2026-05-24 22:49:51,Stephen,18,US,Хобби,Advanced,60,0
c71f6d9e-27e2-4f8d-a9cd-d4cba5a20338,2026-03-28 01:03:51,Clinton,19,ES,Для учебы,Beginner,30,0
9076ab6c-fb7b-4334-a041-04e960b340f1,2026-03-16 07:04:51,Ethan,37,ES,Для работы,Intermediate,45,0
f2c86922-fd18-428c-a4e4-dff9028a833b,2026-03-27 00:23:51,Joy,16,IT,Для путешествий,Elementary,90,0
34e52afc-5428-4701-81c9-5e5dbf18fe11,2026-05-27 16:47:51,Debra,37,RU,Для путешествий,Advanced,20,0
bfffc8fd-77ce-414f-a705-c7d46529960c,2026-05-25 08:01:51,Andrea,19,RU,Для путешествий,Elementary,10,1
9b51723f-6130-49c3-a992-b68ccfc1534b,2026-04-04 10:58:51,Susan,50,FR,Для учебы,Advanced,120,0
828f67b4-11ac-463c-aaea-390ebbe531c4,2026-04-18 10:18:51,Kenneth,41,IT,Хобби,Intermediate,60,0
89daaece-c5bc-4393-86f6-221c2cad5d5b,2026-04-24 15:43:51,John,19,RU,Для учебы,Advanced,20,0
b2fbd006-5b55-4e01-acc6-66926f88c816,2026-05-17 05:17:51,Nicholas,31,RU,Для работы,Elementary,30,0
b85c2056-fe4c-4d04-8072-339f5f40a34f,2026-05-10 15:57:51,Andrew,16,BR,Для путешествий,Beginner,5,0
0dadc6a6-a363-41e4-aac0-06ae736ef497,2026-05-07 01:33:51,Kimberly,20,FR,Хобби,Beginner,10,0
0a2d7f55-fb57-4380-a381-18f0419c48ff,2026-05-18 05:13:51,Christopher,30,RU,Для учебы,Intermediate,30,0
3abdb8e8-3812-4974-91c0-51e60041f1af,2026-04-18 15:21:51,Jeff,30,BR,Хобби,Advanced,30,0
c465a012-504f-4387-8624-7c8ee7f82f2a,2026-03-18 09:29:51,Kevin,40,ES,Хобби,Beginner,15,1
2ed54fd4-249c-49a8-814a-6b9fb93eabe5,2026-05-19 04:17:51,Taylor,25,FR,Для учебы,Advanced,45,0
780fa130-2690-4082-bfe5-6a7a77c60bf4,2026-05-22 04:01:51,Debra,17,DE,Для учебы,Beginner,90,0
82ae2770-03d6-4da3-815b-4b120004a6f6,2026-03-15 22:54:51,Brendan,43,US,Хобби,Intermediate,15,0
376fc2a2-41da-4d0c-b825-8a99d9751015,2026-04-20 07:14:51,Andrew,30,ES,Хобби,Beginner,90,1
167c1523-b09f-4c9e-922b-47dafea66da0,2026-05-04 22:41:51,Deborah,29,US,Для учебы,Elementary,20,0
09e5ebb1-81f3-44de-880a-0654f825ed0d,2026-03-09 23:15:51,Daisy,30,RU,Для учебы,Beginner,60,0
be1e81c9-bbd9-4645-99a7-2a8f6ede8df8,2026-03-25 09:17:51,Kristen,18,DE,Хобби,Beginner,10,0
fbf8c99d-2040-4fda-9fce-4b2cc69eb79c,2026-04-10 10:44:51,Sara,39,FR,Для учебы,Elementary,60,0
a7bce026-108b-4602-9927-bab851c557ba,2026-05-01 04:43:51,Christina,45,IT,Для учебы,Beginner,60,0
2c475592-25bc-4cdc-8d98-69ffad9e6305,2026-03-24 23:16:51,Alejandro,39,DE,Хобби,Beginner,20,0
6bbf412b-1044-4d6d-96b9-f71b77571bfe,2026-04-07 07:20:51,Jennifer,28,FR,Для работы,Intermediate,15,1
e509aa8a-3233-49e1-a381-245e2b9064e2,2026-04-12 00:11:51,Miguel,38,RU,Для учебы,Intermediate,90,0
e2916d72-b95a-45c9-9cd7-5fde4479fc9e,2026-04-17 12:21:51,Jason,19,US,Хобби,Intermediate,30,0
6b656993-7d52-4236-8749-fabf1433bf49,2026-05-30 10:43:51,Tina,18,FR,Для путешествий,Advanced,20,1
cd55c13f-08f1-4f6c-a987-1a48d7562a84,2026-05-12 08:09:51,Miranda,22,BR,Для работы,Intermediate,45,0
4c2176c1-5d86-41b5-8c14-8e0bb02aa796,2026-05-01 16:56:51,Kayla,49,DE,Для путешествий,Beginner,5,0
46233a8d-6722-40c3-8590-9eccb5952b55,2026-03-24 02:42:51,Marcus,54,BR,Для работы,Elementary,60,0
abdc36d1-ee14-472a-b2b3-e625f6209d2c,2026-03-21 14:37:51,Rose,28,RU,Хобби,Elementary,90,1
77ac4bce-e745-4649-a6bf-d6c3a0b61c58,2026-03-10 08:26:51,Amanda,53,US,Для путешествий,Advanced,15,0
d4121ec2-a07e-41d7-b4f7-482c8acd6886,2026-03-31 00:02:51,Paula,17,BR,Для работы,Intermediate,60,0
3803e313-be7d-4e44-be18-62db51c65e38,2026-06-01 20:54:51,Daniel,28,DE,Для путешествий,Intermediate,20,0
58ddad38-2481-4073-94d7-f19efadcebdd,2026-04-22 17:27:51,John,47,US,Для путешествий,Intermediate,15,0
0dcf89bb-9e6b-4c9c-81d5-95268bb59a3e,2026-04-22 09:49:51,Crystal,35,DE,Для учебы,Elementary,90,1
89328f18-97c1-44f0-8e1f-51df3a102184,2026-05-28 12:38:51,Henry,24,RU,Хобби,Intermediate,15,0
17df31b6-6087-409e-839f-405c08a9d0ec,2026-05-12 09:57:51,Blake,18,BR,Хобби,Beginner,15,1
ca2dbc22-cd08-4085-b5bc-b00448761d45,2026-05-26 09:13:51,Alexander,23,IT,Для работы,Beginner,60,0
347c8969-3976-4a32-8e7c-427844ec7727,2026-04-21 11:31:51,Lindsay,42,US,Для учебы,Advanced,120,0
5a6eb178-5605-44f5-b963-16d745518b7d,2026-04-15 12:48:51,Melissa,37,DE,Для путешествий,Elementary,45,0
d41b7d67-a59c-4703-ae9d-50e63729bfb5,2026-03-04 14:26:51,Whitney,52,RU,Для работы,Advanced,30,0
e264f0aa-90e7-4a8d-8acc-cc5defa8be7a,2026-03-15 16:42:51,Catherine,23,ES,Для работы,Intermediate,10,0
5273b30c-259b-4288-8eb1-a7fe1fa27b2a,2026-03-05 03:45:51,Susan,44,US,Для работы,Beginner,120,0
58ff04f8-5c96-4bed-bf87-3c77f6285d43,2026-04-04 04:11:51,Morgan,20,ES,Для работы,Elementary,10,0
ed278e09-a7db-4268-9a63-e2880b977aef,2026-03-30 04:59:51,Tammy,22,IT,Хобби,Intermediate,15,0
e4f3010c-09ae-481e-9c59-31c0b8f9334b,2026-03-25 16:42:51,Samuel,20,RU,Хобби,Elementary,15,0
213b8a15-7441-4591-a420-3c8a6aabf45b,2026-04-19 01:10:51,Victoria,20,RU,Для работы,Elementary,15,0
b9678400-3a1d-4dff-ae12-9acd700832d2,2026-04-19 10:12:51,Jaime,25,IT,Для путешествий,Advanced,20,0
ba69ff26-b0bd-480b-98d8-064473a3c4dc,2026-03-20 03:15:51,Brian,23,FR,Для работы,Beginner,15,0
62665613-5ca1-4d81-a2f4-be83c1d4e22a,2026-03-18 02:20:51,Lawrence,48,DE,Для путешествий,Elementary,15,0
f04e6124-4452-4102-aa67-af8f6087e0e0,2026-03-12 22:36:51,Paula,22,RU,Для работы,Beginner,120,0
bd580dd3-4b42-4a6e-861b-0bd418d9fb36,2026-04-24 19:37:51,Amanda,39,FR,Для учебы,Beginner,45,0
7936d972-970d-4b56-8ca1-6192f39614cf,2026-03-25 13:04:51,Devin,52,DE,Для путешествий,Intermediate,15,1
48778338-fbd3-4ad8-82ff-fed986f72acc,2026-05-30 01:31:51,Willie,43,IT,Для работы,Beginner,10,0
ee32b22c-4bff-4231-9880-62e65b7338e6,2026-06-01 23:20:51,Douglas,31,BR,Для учебы,Beginner,20,0
07351b5d-9881-4007-a420-7a059ae9c181,2026-05-19 23:21:51,Rose,31,ES,Для учебы,Advanced,15,1
9647fb74-37b8-4081-aa42-b93f2c6dadb0,2026-05-14 20:28:51,Karen,23,US,Для учебы,Intermediate,45,0
975be32a-867c-45b8-a3dc-9b65ce6ac4c1,2026-04-27 19:11:51,Christopher,40,IT,Для путешествий,Beginner,45,0
8e2ee17a-adc3-479e-a9fe-25d4f5d9e305,2026-03-09 09:55:51,Shirley,29,BR,Для работы,Elementary,15,0
83b5ff64-1230-42e1-8cbb-e23c1a276686,2026-03-19 23:05:51,Tommy,45,FR,Для путешествий,Elementary,5,0
6bd42051-927f-48af-a096-ad63b524fc38,2026-03-09 16:51:51,Abigail,26,ES,Для работы,Beginner,20,0
a6692ecd-44cc-4bad-9a1d-7326908736a1,2026-05-14 19:10:51,Hannah,16,FR,Для путешествий,Elementary,90,0
502b9355-8086-42bf-9f3c-7ed85b9e30ac,2026-05-07 00:53:51,Mark,53,US,Для работы,Elementary,20,0
9310f26c-2509-4341-b647-95b6f0751281,2026-05-03 22:28:51,Amanda,22,FR,Хобби,Elementary,20,0
c4c83d15-622f-4a5c-ab3e-2c3adb797906,2026-05-02 00:44:51,Brittany,44,FR,Хобби,Elementary,20,0
0f37374d-9026-4bc7-b6d3-46465293e85b,2026-03-29 20:14:51,Tabitha,46,FR,Хобби,Intermediate,120,1
75918f75-4741-48ed-95af-796f401f3c73,2026-04-30 17:33:51,Brian,16,BR,Хобби,Intermediate,60,0
01227651-4435-4e6c-b104-c791c8a1d9c0,2026-05-02 10:46:51,Christian,20,IT,Для учебы,Beginner,45,0
4ad5a752-e036-43eb-89a0-5a6a3ef3bda4,2026-03-21 11:09:51,Jennifer,41,US,Для учебы,Elementary,10,0
fb2b19be-ed08-427a-a7be-71104f886391,2026-05-23 15:01:51,Maria,24,US,Для путешествий,Beginner,30,0
458bf8c3-ed70-49f9-908d-1d811653ee22,2026-05-10 06:28:51,Colleen,27,BR,Для работы,Elementary,60,0
d66310e3-1649-4a07-a2e5-131cb40cb8d5,2026-03-24 18:15:51,Tanya,22,FR,Для учебы,Intermediate,45,0
fc2fb433-0958-4ef5-a6cb-49aa42511ddd,2026-03-10 20:08:51,Taylor,30,FR,Хобби,Intermediate,45,0
094055dc-7a9a-4e18-890d-4b6accb1c913,2026-04-26 20:58:51,Ana,17,FR,Для учебы,Advanced,15,0
b5fbee1e-a979-4265-9214-137d2dee116a,2026-05-18 20:01:51,Rebekah,47,US,Для работы,Beginner,60,1
99bf0485-c88d-4f8a-84d8-86699c31c2c6,2026-04-23 20:55:51,Paula,47,BR,Для учебы,Beginner,45,0
a90e1122-f4ce-4535-83d2-bdb71bad04e6,2026-05-03 11:22:51,Dominique,24,FR,Для работы,Advanced,20,1
e1ecdaa2-c763-4108-a038-cc0aeac38235,2026-04-06 10:30:51,Benjamin,47,IT,Для работы,Beginner,45,0
8df1d02e-b936-4f8a-af04-de4489f73027,2026-03-23 08:29:51,Alexis,32,ES,Для работы,Advanced,45,0
a2002b38-824f-476e-928b-eddf16a1a5da,2026-04-10 00:15:51,Lisa,27,ES,Для работы,Advanced,60,0
df7a3e00-8863-4551-aa25-396b87bdcfc7,2026-05-13 22:59:51,Rebekah,35,DE,Хобби,Elementary,60,0
72b873e7-18ff-442d-9699-0c5e147ec601,2026-04-18 08:46:51,Kelly,18,BR,Для путешествий,Elementary,5,0
ac4ad923-93e7-4bf6-ad4e-f7764261b636,2026-05-16 21:27:51,Kathryn,46,BR,Для учебы,Elementary,60,0
feb13409-ae5d-49c1-ae41-678f705e09e6,2026-04-30 11:13:51,Judith,17,FR,Хобби,Intermediate,90,0
6523975e-e394-48bc-a224-b8832447f753,2026-03-07 02:34:51,Paula,36,RU,Для путешествий,Beginner,20,0
a980ed0c-7c93-4283-b6bb-b66a27a9de67,2026-04-19 02:45:51,Jeremy,43,ES,Для работы,Intermediate,45,0
3038bed2-9940-4af1-b7df-fee44abb9f47,2026-05-03 12:06:51,Kaitlin,33,BR,Хобби,Advanced,90,1
302500dd-b9ca-468f-b80c-8c3059fdabe4,2026-05-28 22:51:51,Ashlee,37,DE,Для путешествий,Intermediate,45,0
296d02c1-05e1-4dd5-bee7-f35b936c78b7,2026-04-26 23:29:51,Scott,46,US,Для путешествий,Advanced,30,0
2cb8d193-9ab6-4184-a568-538be20ddaa5,2026-04-22 07:39:51,Kristin,47,IT,Хобби,Intermediate,90,0
bd7c366c-0790-4e7d-b7c1-b0fa37873432,2026-03-26 09:04:51,Alicia,27,BR,Для путешествий,Intermediate,5,0
6327728b-1acd-4ee5-855d-828aa9797d79,2026-04-24 17:13:51,Elizabeth,34,BR,Для учебы,Intermediate,15,0
738fc650-adc0-445f-81da-b1a577c8c381,2026-04-17 12:18:51,Cheryl,45,BR,Для учебы,Advanced,60,0
e6fc7cdd-ef62-427d-9184-35f2d5d07190,2026-03-14 13:08:51,David,53,DE,Хобби,Elementary,30,0
70230c2d-7dfe-44dd-a06e-a74440246a9a,2026-05-30 11:29:51,Sheryl,43,RU,Хобби,Beginner,90,0
7351534f-c094-49aa-b2df-d09485cb4a7c,2026-05-16 07:32:51,Kevin,47,FR,Для путешествий,Beginner,5,1
d5e39ed7-7f5b-4a23-a172-5eecb3d78eb1,2026-03-27 15:46:51,Jason,41,US,Хобби,Elementary,120,0
b8b352a0-ce8c-4f44-8c3a-579cb9933bd4,2026-03-18 05:37:51,Miranda,23,ES,Для путешествий,Elementary,10,0
fce21d64-2280-4304-be3f-12ae469da4f5,2026-03-26 16:15:51,Ronald,53,RU,Хобби,Advanced,10,0
dd2a6f2d-242e-4b2b-9d9b-44e13c79b6a1,2026-04-24 17:28:51,Peter,53,RU,Для путешествий,Elementary,5,0
90c60b0a-79a8-4753-a92e-affd27e876c8,2026-03-04 18:42:51,Leslie,21,BR,Хобби,Advanced,60,0
abd464ff-200d-4a52-b864-40b12d39b367,2026-04-15 12:58:51,Jimmy,25,RU,Для работы,Elementary,15,0
1b03e8ba-fb0b-4f84-b9ee-3a76af7f5d97,2026-05-11 17:47:51,Peter,54,RU,Для путешествий,Intermediate,10,0
106086ee-f92d-4ed7-b2a8-edb97a8c9629,2026-03-04 18:02:51,Christine,17,RU,Для работы,Intermediate,5,0
d6cb9640-b025-4a6b-9613-dbad4546c91f,2026-04-10 19:35:51,Shelley,52,RU,Для путешествий,Elementary,10,0
57704079-e01d-4751-872c-b1fc5fbd5d57,2026-05-15 21:43:51,Elizabeth,47,FR,Хобби,Elementary,5,0
4fdb2c2b-ad34-45fd-8b9c-69f9070578fb,2026-04-18 07:08:51,Darrell,18,ES,Для работы,Advanced,60,0
abb86300-0bba-4501-9ea5-e58565a4e0b6,2026-06-01 07:47:51,Amanda,38,US,Для путешествий,Intermediate,10,0
69604ada-b395-44b9-a99d-00aba580f1e5,2026-05-07 10:19:51,Paula,28,ES,Для работы,Advanced,30,0
cacd66b8-2764-44de-8ed6-e143618c4b76,2026-05-24 18:45:51,Connie,29,FR,Для учебы,Beginner,5,0
d697d319-f9e8-492c-a226-ec23ca0a0d63,2026-04-17 16:39:51,Brenda,21,BR,Для учебы,Advanced,90,0
40dd7372-918f-4b87-9dc0-ed306c83b68d,2026-05-10 08:09:51,Allison,49,US,Хобби,Intermediate,10,0
ae1a5e26-4a4d-4976-a426-f8eca679e0a5,2026-05-27 09:20:51,Gina,38,IT,Хобби,Intermediate,45,1
6f2eae6f-1e07-4ea0-8cf5-0010f2989468,2026-05-30 08:24:51,Hannah,16,DE,Хобби,Advanced,10,1
fd6c6a60-7346-42bb-8689-0c8bdb8a1763,2026-04-26 10:34:51,James,19,US,Хобби,Beginner,15,0
c4fd0fd8-1d1d-41e0-9d48-bf4deb42cd39,2026-05-01 01:29:51,David,28,US,Для учебы,Advanced,5,0
77271a27-bada-49b1-afa4-6022c9694b3c,2026-04-07 06:39:51,Sheila,45,US,Хобби,Advanced,5,0
da694852-8bfe-472c-9c27-b4377cae164f,2026-05-15 13:54:51,Steven,44,RU,Для путешествий,Advanced,10,0
6a3d2e28-6353-4fc8-b90f-4f9f8372b5f4,2026-05-31 09:16:51,Tamara,33,ES,Для работы,Advanced,10,0
7ec8b584-42a5-4e85-82e0-8c592686ea29,2026-03-18 19:01:51,Matthew,29,ES,Для работы,Elementary,20,0
bf9e3a2f-9742-47cf-823b-2a9d1b0d0799,2026-04-12 04:37:51,William,33,IT,Для путешествий,Advanced,120,1
c8eabd67-0553-4a36-a1b9-17e13a64d894,2026-04-23 23:01:51,Carla,53,US,Хобби,Advanced,15,1
e83c566f-b07d-4d6c-922c-b834ef496f70,2026-06-01 17:45:51,Brittany,36,FR,Для работы,Advanced,15,0
0fe92dc8-d4e6-4675-8426-961f724eff74,2026-04-08 00:32:51,Amy,19,ES,Хобби,Elementary,10,0
d4d7db9b-95e3-44f3-b435-11aab709e4bb,2026-05-27 03:10:51,Nicole,50,RU,Для путешествий,Advanced,120,1
8c4f8fa0-6f47-40dc-844f-f01d47e1c0b0,2026-04-06 02:39:51,Lacey,38,US,Хобби,Advanced,120,0
ec0b35e0-f83f-4b19-a069-bd3a43feed64,2026-03-09 14:09:51,Dakota,27,FR,Для учебы,Beginner,120,0
1f25fd93-043f-4c03-9b1c-4327e1b5e462,2026-04-18 02:00:51,Sarah,20,RU,Для учебы,Beginner,30,0
1beeb5c6-dc80-47ca-a050-7f7b50a1fc18,2026-05-13 21:50:51,Amy,32,IT,Для работы,Advanced,120,0
a65c9aa8-93b2-4b67-8dd3-258234e081b3,2026-03-31 20:41:51,Jodi,46,DE,Для учебы,Advanced,30,1
e9c992b6-0801-4a00-82eb-19f5c7288624,2026-06-01 16:19:51,Christopher,20,ES,Хобби,Advanced,120,0
f0fcf083-db1f-4a21-b27d-caee92019e86,2026-04-18 04:43:51,Travis,20,FR,Для работы,Elementary,60,1
292432a0-2104-43c7-ae97-c31f0bf64895,2026-05-09 11:27:51,Margaret,48,US,Для работы,Advanced,120,0
26d51476-88bf-4324-9e71-81ac843c7459,2026-04-23 16:56:51,Lawrence,18,RU,Для путешествий,Elementary,45,0
58527a50-6aeb-4a32-b128-205259e16f49,2026-04-30 03:02:51,Erik,21,FR,Для работы,Intermediate,10,1
596b7af3-05ef-4a67-99a5-04b5feb01f61,2026-03-13 09:59:51,Megan,45,RU,Для учебы,Elementary,90,0
911a3993-b30c-40a5-9b8a-4ad68cfaf24d,2026-03-08 07:08:51,Kim,33,FR,Хобби,Elementary,15,0
83898d89-c87c-486e-8b9b-fde4d207cea7,2026-05-30 22:35:51,Amy,37,ES,Хобби,Advanced,60,0
f26e36bc-d308-4795-8609-bef07c9f4e79,2026-03-22 08:21:51,Anthony,36,FR,Хобби,Intermediate,20,0
41c827cd-386d-4f30-914a-f6cb49f19e9d,2026-05-25 11:56:51,Amanda,23,BR,Для работы,Advanced,120,0
aca9ff92-f661-4a4d-b4f0-ea3e5867fcae,2026-03-26 20:37:51,Robin,22,IT,Хобби,Elementary,20,0
dced8d7e-ba6c-4a2f-83dd-d38e5f1ebd9b,2026-04-18 02:36:51,Nancy,19,BR,Для работы,Beginner,15,0
34c33e88-50f5-4281-bcc7-5f4a880a2471,2026-04-05 04:31:51,John,45,IT,Для работы,Beginner,45,0
585de459-77e6-4a14-92c3-566ca7608668,2026-03-31 01:20:51,Paul,28,FR,Для работы,Intermediate,30,0
a2f9e271-5fe9-478f-8d9b-fbb7169aac86,2026-04-25 08:07:51,Dylan,23,IT,Для учебы,Advanced,30,0
8856430b-f4fd-43e8-ad41-2804b0404928,2026-06-01 16:36:51,Michelle,51,BR,Хобби,Advanced,90,0
40ab2ec8-d918-4613-ad90-4cbeb7e0c9be,2026-05-25 14:39:51,Mckenzie,26,US,Хобби,Intermediate,20,1
80f614a2-6b56-43d6-ba2d-df1f7dbafe5b,2026-05-21 04:54:51,April,39,US,Для работы,Intermediate,60,0
a6edcb8f-2740-4d71-a99c-85558da4ab38,2026-04-21 16:00:51,Edward,25,RU,Для работы,Advanced,45,0
5cff4d6c-a01f-4475-8e62-0811eee2993f,2026-04-22 21:35:51,Zachary,43,BR,Хобби,Intermediate,5,1
f6977efe-ccc3-4446-bc64-71e0149e323f,2026-05-17 07:22:51,Isaac,28,ES,Для путешествий,Advanced,45,0
e0732942-679b-404b-8365-796d9cdfc46a,2026-03-08 22:34:51,Michael,29,FR,Для учебы,Elementary,10,1
d4fa1b74-90f9-47fa-9958-7aa50e66c70e,2026-05-15 08:38:51,Michael,22,FR,Для учебы,Advanced,5,0
6aa883f1-a2db-42ed-a508-42511f1a8408,2026-03-20 22:44:51,Thomas,53,DE,Для путешествий,Advanced,20,0
d0367906-5f5e-498e-93c0-f387cda007d9,2026-03-15 06:41:51,Sarah,21,DE,Для путешествий,Advanced,10,0
a5d9dcbb-49c6-4381-a1ac-24600d5188bf,2026-05-24 04:00:51,Amy,16,US,Для путешествий,Intermediate,10,0
9426e776-a20e-4e63-a095-bd1f60b2c309,2026-05-15 15:55:51,Joseph,48,RU,Хобби,Elementary,90,0
a0b7fb97-a45f-4a90-b0ea-a549e8ae1992,2026-05-27 05:56:51,Thomas,51,BR,Для учебы,Intermediate,15,0
29a15e3a-d9c7-4199-a2d9-1a06069bebad,2026-04-17 18:55:51,Benjamin,48,DE,Для работы,Intermediate,90,0
f7105da2-fe15-4296-84a8-45f21cff766d,2026-03-19 13:39:51,Susan,17,FR,Хобби,Beginner,20,1
e90aac6d-47c1-4c60-a7b8-0cf7040419b1,2026-05-14 09:49:51,Lauren,20,US,Для работы,Intermediate,30,0
315b416e-1d54-4609-ae82-db75fb68791a,2026-04-15 20:58:51,Steven,54,BR,Для работы,Beginner,5,1
c29dd7b9-6b4f-46ba-9e15-f17de4e22148,2026-03-28 05:26:51,Rachael,33,RU,Для учебы,Advanced,90,1
4d024aa7-de06-4eb5-9217-383eb932ef1f,2026-03-29 22:18:51,Ryan,52,RU,Для работы,Beginner,5,0
a9f414bb-b619-4e77-9255-0b5dc7769945,2026-04-06 02:25:51,Amanda,17,ES,Для путешествий,Elementary,10,0
2d02c260-f8de-4ab6-bb7f-3412195a2084,2026-03-13 19:36:51,Tanya,38,FR,Для учебы,Advanced,45,0
5817d9dd-d8e3-49f0-a1e4-a609d03b2579,2026-05-30 23:55:51,Jennifer,23,FR,Для учебы,Elementary,45,0
ef58d817-2910-4e96-acd9-c5f6950ce8f2,2026-04-28 03:15:51,Christian,38,IT,Для путешествий,Beginner,5,0
cc524d2e-4239-4765-a740-c9aae72d5f9d,2026-05-17 07:17:51,Nicole,48,ES,Хобби,Intermediate,90,0
f04db249-c492-4aa1-af26-ab7f38be7146,2026-04-19 06:40:51,Martin,36,IT,Хобби,Advanced,20,1
234fc02c-73dc-4fcc-b728-f7f01b31084d,2026-04-01 07:07:51,Alicia,52,US,Хобби,Elementary,45,0
53ced44a-c732-4af8-9834-e5315f888a1e,2026-04-07 18:49:51,Zachary,18,FR,Для учебы,Advanced,20,0
64c110e4-877b-4125-9f02-b9d9db626f6d,2026-05-29 18:18:51,Gene,50,US,Для путешествий,Beginner,20,0
a8026133-545e-4a87-99b3-f3b8ac2ce1ed,2026-04-05 04:31:51,Jill,46,FR,Для учебы,Advanced,5,0
008ce01f-fc48-443a-915d-8f10a98cc5d7,2026-05-04 11:18:51,Max,41,US,Для учебы,Beginner,10,0
acaa1d66-d363-4c74-9d69-e58554b3138c,2026-04-19 02:17:51,Matthew,26,RU,Для работы,Elementary,90,0
51e70693-d9e8-4b45-a74f-fc03e62f2958,2026-04-09 14:01:51,Stephen,19,IT,Для работы,Advanced,15,0
928f6fed-b174-4083-a41f-f0635da955e7,2026-03-25 00:01:51,Laura,17,IT,Для работы,Elementary,5,0
86b8283e-e160-48c6-97c9-5d1e1f5cf557,2026-05-10 23:18:51,Tammy,45,FR,Хобби,Advanced,15,0
676454b7-88da-48f4-abf5-70854ae70a5b,2026-03-13 14:40:51,Nicole,22,US,Для учебы,Elementary,20,0
c431b436-f1e9-4dd2-86ce-4f9a158a49e7,2026-05-20 23:43:51,Eric,41,DE,Для путешествий,Advanced,5,1
27c7dd85-9cd4-4fe8-9973-47edad22a827,2026-03-29 06:30:51,Amber,37,ES,Хобби,Advanced,10,0
5b510bcb-032f-42e4-9487-54d767b6c652,2026-04-13 06:22:51,Andrea,51,US,Для учебы,Advanced,90,0
ad909180-d59d-4cac-8590-b4aa7d5e3112,2026-05-03 06:21:51,Brittany,43,RU,Для работы,Beginner,90,0
522f9c2c-0774-47f5-a207-d85cd7d7a273,2026-05-14 07:35:51,Paul,21,BR,Для учебы,Advanced,120,0
3d249b71-8162-43ac-992e-fa3174d6922f,2026-05-10 11:59:51,Marissa,22,BR,Для учебы,Elementary,10,0
bb692d63-60bc-4bc7-8000-5ff0150b0b95,2026-03-05 23:08:51,Jeffery,50,DE,Хобби,Beginner,5,0
6800fede-1e16-4753-8c26-af10b8392039,2026-03-29 20:06:51,Jamie,43,DE,Для учебы,Beginner,10,0
7531524f-c6fc-4b7c-b228-c31cd8f67286,2026-05-27 09:50:51,Chelsea,28,DE,Для путешествий,Intermediate,60,0
47560fce-12e5-443c-b260-64bc76a7a504,2026-04-25 05:42:51,Dillon,19,US,Для работы,Advanced,10,1
a7c5360d-8175-4f63-8723-cefaabbd1782,2026-05-20 05:25:51,William,43,ES,Для работы,Elementary,10,0
6e2327d1-8dbb-4e29-8440-4ac42b3f32ed,2026-05-17 16:38:51,Roberto,42,US,Для работы,Intermediate,10,1
85bdfbb7-79f6-44e1-9a28-2ff81350635b,2026-05-30 10:10:51,Jonathon,40,US,Хобби,Beginner,120,0
a9a8c221-c036-416f-aa08-d5eea64be543,2026-03-13 18:15:51,David,53,FR,Для работы,Advanced,20,0
2eef59d1-3a10-4741-9e02-d3ea6f910596,2026-05-28 04:10:51,Tara,19,DE,Для учебы,Elementary,20,0
22882e43-76b7-42f8-90f9-4be7262d600c,2026-04-30 14:37:51,Joshua,17,US,Для путешествий,Intermediate,45,0
7e48451e-e411-4ff3-bbcd-99bac44fcbf5,2026-04-06 18:06:51,Makayla,25,US,Для путешествий,Elementary,45,0
e26946c1-ea94-4532-8a50-3a0a16615518,2026-03-19 13:33:51,Erika,40,ES,Хобби,Beginner,60,0
c23dc751-70ed-4c69-b17d-9c605a8223f2,2026-03-21 08:20:51,Peter,45,FR,Для учебы,Elementary,45,0
a58f7496-acb1-4be7-bd60-7b8b8e876846,2026-03-29 16:54:51,Lauren,39,DE,Для учебы,Intermediate,15,0
f980c696-e914-4606-9a1d-bd1312c5e656,2026-04-15 16:09:51,Melissa,17,BR,Для путешествий,Beginner,5,0
2c321f5f-3fa7-4a4d-8336-e973ad320ca2,2026-03-12 06:43:51,Isabella,42,ES,Для работы,Elementary,45,0
18999cd5-3427-4b5a-8ec9-73159b7a2099,2026-05-31 10:07:51,Matthew,39,DE,Для работы,Beginner,45,0
78df4f89-f833-4198-83b7-0fa5e784d269,2026-05-24 10:05:51,Susan,51,RU,Для работы,Advanced,10,0
276804d2-8d5d-49e5-9c60-b69053bab75d,2026-03-14 05:20:51,David,41,RU,Хобби,Beginner,10,1
3f22f1c4-7d26-436e-80c1-2454037c6326,2026-05-23 12:34:51,Mark,52,RU,Для путешествий,Beginner,30,0
dd36e386-032c-4905-a7c7-6e40088afc29,2026-04-25 00:10:51,Jody,24,IT,Для учебы,Elementary,90,0
8301b3a8-e878-4f09-b87e-927b7087ade4,2026-05-29 20:53:51,Derrick,52,ES,Для путешествий,Intermediate,15,0
d001c82f-fbc0-4cdc-a994-40db7cfa114e,2026-04-16 15:57:51,Dale,52,DE,Хобби,Elementary,15,0
1892ae7b-d420-46f2-9dc6-fdb0aff4e493,2026-04-02 22:57:51,James,24,IT,Для работы,Intermediate,45,0
d0afb23a-c383-46ca-acc4-a8af3ce7b262,2026-05-15 18:10:51,Lance,24,FR,Для учебы,Beginner,15,0
8f4b309e-2857-4edf-a0f1-5ced8a41f43e,2026-05-24 01:28:51,Taylor,53,FR,Для учебы,Intermediate,60,0
e8d8cf9f-ec98-40d5-8c50-8c899873fc82,2026-05-15 07:20:51,Sarah,50,DE,Для работы,Elementary,30,0
4c8a0ecb-3825-4bae-b075-4374ee09ae7c,2026-03-17 20:26:51,Michael,30,RU,Хобби,Elementary,5,0
5c4a53f3-41bb-4dca-8904-f43c47a9971a,2026-04-12 04:06:51,Christine,51,US,Для работы,Beginner,60,0
e541650e-ebad-4842-a262-47a0c356a857,2026-04-28 14:06:51,Michelle,55,ES,Хобби,Advanced,5,0
f2afeabd-5354-43a2-9be6-30d9711c29ba,2026-03-10 13:53:51,Lori,31,ES,Для учебы,Beginner,20,0
462ce4a2-243d-4f1b-b2d9-a37fede62be1,2026-04-08 04:47:51,Kristin,25,DE,Хобби,Advanced,15,0
9b82d122-86ec-47f4-9c45-4ea002b67460,2026-05-11 02:18:51,Jill,31,RU,Хобби,Intermediate,10,0
521b6504-3742-4c9d-8b3d-b92ce66f32d4,2026-03-16 05:23:51,Charles,32,RU,Для путешествий,Intermediate,30,0
5bb3813c-af04-40b0-a8b5-36e3bcbe6786,2026-04-08 03:51:51,Todd,25,DE,Для работы,Beginner,5,0
19f19a7a-e915-4e36-8373-b81fa75c3588,2026-05-12 01:35:51,Marissa,34,FR,Хобби,Elementary,20,0
4987a06c-cc1b-4299-94ce-795aa1a9448d,2026-04-02 11:13:51,Lisa,31,BR,Для учебы,Advanced,120,0
cf8ef992-e1a4-49cb-bfdb-5a9cc2de129c,2026-04-06 16:17:51,Kevin,23,RU,Для учебы,Intermediate,120,0
aa67486e-f42c-4c5d-b303-aceaa6d8e724,2026-03-06 03:42:51,Ebony,47,US,Для путешествий,Beginner,20,0
d2754104-a966-49a4-be73-ad300d0d8e80,2026-05-19 05:59:51,Lucas,51,US,Для учебы,Elementary,5,0
2561e0bd-3cec-437e-915f-4a805cba4ca9,2026-04-08 00:59:51,Gina,49,BR,Для учебы,Intermediate,10,0
74f4ecf4-4a84-496a-a28b-f6a15fbc4fdf,2026-03-13 21:05:51,Marco,51,RU,Хобби,Advanced,10,0
7f0eaca9-221e-4dce-8235-6786a16de014,2026-03-29 23:31:51,Yvonne,33,FR,Для учебы,Beginner,90,0
01c5d2a0-4a2d-4b45-8f8f-6ca5107329c4,2026-04-12 01:27:51,Lee,33,DE,Для работы,Beginner,60,0
8a793e7d-641b-426c-900d-6b905715a2f3,2026-05-23 13:19:51,Jeremy,52,BR,Хобби,Beginner,120,1
99ad225d-c319-4314-af61-c04816e53def,2026-05-04 14:33:51,Jesse,54,BR,Для учебы,Advanced,15,0
5bcc6b1e-b3b9-4d6a-bfc0-cef91f001287,2026-03-08 02:47:51,Kaitlyn,47,RU,Для работы,Beginner,5,0
067db720-5bc9-44aa-a428-52e7b51e75bc,2026-03-24 23:08:51,Larry,41,IT,Для путешествий,Advanced,90,0
5538e388-9608-40a5-9f8a-2a6eb7b821c6,2026-03-04 13:37:51,Cassandra,16,ES,Для учебы,Advanced,10,0
c6cb2faf-5baa-41b8-9711-f4b78feff5a7,2026-03-18 06:16:51,Christopher,33,BR,Для работы,Intermediate,5,1
ab1d4707-3881-4a81-ae81-420e39123f89,2026-05-14 06:47:51,Lance,50,ES,Хобби,Advanced,90,0
025c73ee-5d1e-48f4-bbc5-d486625956c2,2026-05-20 22:18:51,Jorge,27,ES,Для учебы,Beginner,10,0
2171f66b-1d61-4892-b0b5-62e478725b88,2026-03-09 01:08:51,Mary,49,US,Для работы,Elementary,10,0
a6f68736-43b2-41fc-a1c5-0493ccb20269,2026-05-07 14:42:51,Catherine,49,FR,Для путешествий,Beginner,30,0
bfce6898-5c20-4c7d-b48e-4c0215a763e8,2026-04-01 01:56:51,Kelsey,32,FR,Для путешествий,Advanced,30,0
c1b74081-caf1-4e13-8159-b59b8d78a5e2,2026-04-26 09:48:51,Jeffrey,16,FR,Для работы,Elementary,45,0
0c2bb4fe-10b4-4a0b-8bab-eb35aa84f78c,2026-05-04 07:10:51,Elizabeth,35,FR,Для работы,Advanced,90,0
103aff78-9cc2-4a22-a511-7e987384d2e3,2026-05-07 00:07:51,Anita,19,RU,Для работы,Beginner,90,0
f7cfff29-68f4-4ff8-a2d5-2cb6574a374b,2026-04-08 22:33:51,Julian,29,FR,Для путешествий,Beginner,60,0
e98ca14a-112c-4533-ba15-8b6d7deacdfd,2026-03-08 01:29:51,Tammy,40,RU,Для работы,Intermediate,5,0
a6abcdaf-1fce-400a-98dd-f0a90d17fb4d,2026-04-23 09:00:51,Jose,24,DE,Для учебы,Advanced,120,0
cdd68565-cfa2-4507-8b0c-c95f4aa1d083,2026-03-09 19:27:51,Andrew,42,US,Для путешествий,Advanced,45,0
cc4ac207-3c5b-453f-aee7-e0a6da9ab751,2026-05-20 19:34:51,Kevin,49,DE,Для путешествий,Advanced,10,0
1f63f3a0-efe6-4ba4-9644-8fa12aaf15a7,2026-03-18 14:30:51,Christopher,44,FR,Для работы,Beginner,5,0
ad94e401-573b-40a3-b3bf-b2cae4ee88b0,2026-03-06 07:28:51,Sandra,43,DE,Для работы,Advanced,60,0
18193215-be83-4aca-958a-fdc6638dd4b2,2026-04-28 11:45:51,William,17,US,Хобби,Advanced,120,0
6b52673a-71e4-45b3-bc4b-8fd646b25034,2026-04-28 04:37:51,Jeffrey,40,FR,Для путешествий,Advanced,20,0
7d84d064-21c1-461b-9e86-f6da3fe1f535,2026-05-11 05:54:51,George,18,ES,Хобби,Intermediate,90,1
e0a10b45-e368-49b6-9645-2d0214e71c49,2026-03-27 08:55:51,David,41,DE,Для путешествий,Intermediate,10,1
29a057ef-498f-4352-865b-bf33fdefd88a,2026-03-25 08:40:51,Sharon,54,RU,Для путешествий,Intermediate,90,0
98df1e94-c923-4c77-a459-33d8ff006409,2026-05-11 16:31:51,Abigail,36,IT,Для работы,Intermediate,5,0
f749ba92-7495-498b-ae87-0d4c14e86433,2026-03-22 17:44:51,Brian,42,RU,Для учебы,Beginner,30,0
be82d7a7-0b65-451a-bf0c-1e1e4278df02,2026-04-24 00:06:51,Veronica,49,DE,Для работы,Elementary,90,0
e237a5fd-c174-4430-ba12-5314026df60c,2026-04-04 02:53:51,Sarah,20,RU,Для учебы,Advanced,15,0
fec33838-b114-4671-9864-68f07ae4d638,2026-03-25 00:08:51,Richard,27,DE,Хобби,Beginner,10,1
1da24c71-05a5-4e88-8d4a-fd5b6217c905,2026-03-07 10:24:51,Donald,39,ES,Для путешествий,Beginner,120,0
bc701b46-7af3-4a89-a0bd-900c5c2ac8ed,2026-04-20 22:32:51,Maria,16,DE,Для путешествий,Beginner,90,1
8bdd8656-4621-428e-8b62-62e24bf5b7c7,2026-05-12 01:30:51,Justin,26,RU,Для путешествий,Elementary,60,0
483e67e6-2993-4583-acbb-2390b496eb2d,2026-05-05 18:30:51,Patrick,24,DE,Для учебы,Advanced,45,0
0fd43e72-b334-4884-bdab-4ef3e3b8d35c,2026-03-27 17:29:51,Gabriel,38,IT,Хобби,Intermediate,5,0
07314439-a517-488a-98db-0333b7c18744,2026-06-01 06:00:51,Theresa,24,ES,Для работы,Intermediate,15,0
ab389f9e-0e70-4521-b920-e25222dec5b0,2026-03-27 03:40:51,Frederick,47,RU,Для учебы,Elementary,45,0
a172838e-ab22-4308-8b23-9e1158e538fb,2026-04-27 15:17:51,James,54,US,Хобби,Intermediate,20,0
9a6d6628-170b-4cd2-ab56-6fc686e6d3f3,2026-05-21 23:39:51,Lisa,28,US,Для путешествий,Elementary,90,0
1eade6c8-91ec-4f08-84e9-9627b9c62d92,2026-04-14 12:28:51,Margaret,44,BR,Для учебы,Advanced,20,0
fa6ed33a-46b4-4208-846d-8d35ac0d184b,2026-04-02 02:12:51,Joshua,27,FR,Для путешествий,Elementary,45,0
29634132-8ed7-4c20-8dc1-cd6299e0f144,2026-04-09 23:15:51,Amy,48,US,Для путешествий,Advanced,10,1
9edcd473-b465-46cb-a4ca-3baa166875e3,2026-03-30 11:28:51,Tina,22,FR,Хобби,Elementary,30,0
e162b0cc-fbce-4921-a238-deb9e379ba16,2026-04-16 18:33:51,Gary,19,RU,Для путешествий,Beginner,60,0
c21c69b9-ca16-416c-9057-ba195aeb73bf,2026-04-08 02:41:51,Kylie,45,RU,Для путешествий,Intermediate,5,0
f903ecf2-cc83-47c1-998e-d1f16a684adc,2026-05-01 00:36:51,Gabriel,27,FR,Для путешествий,Intermediate,30,0
d30a367c-80a2-412c-a678-0897c697856c,2026-03-21 08:40:51,Evan,33,US,Хобби,Advanced,60,0
41700f96-2258-42d1-9933-09cc5378f8c3,2026-05-28 08:21:51,Dale,31,US,Хобби,Beginner,120,0
853bcc2b-7640-450d-b285-caf46443585f,2026-03-30 00:41:51,Patricia,23,DE,Для работы,Intermediate,5,0
0d2f1a7c-cadf-4144-a4fb-cd2d61170f67,2026-05-03 02:52:51,Paul,25,BR,Хобби,Advanced,45,1
80fab4aa-e7c9-4633-9135-47c1f7d05a95,2026-03-31 07:33:51,Kelly,41,FR,Для учебы,Advanced,120,0
983ab8c8-871f-4fb4-b7bd-fd05f771104e,2026-04-16 20:29:51,Steven,35,DE,Для работы,Beginner,90,0
8400d146-a527-4b5e-9dc8-b243498e8a0e,2026-05-08 20:37:51,Melissa,41,RU,Для работы,Elementary,10,0
ffe5a2f3-65f6-4866-ac8e-bdce4cfc74f1,2026-04-05 09:51:51,Michael,54,FR,Хобби,Elementary,10,0
421a9fec-107b-4626-9dfa-7811f6fe7264,2026-03-17 13:24:51,Dennis,31,IT,Для путешествий,Beginner,120,0
774dd653-1fc7-4fb9-8626-3e54dca6963c,2026-04-20 06:30:51,Brian,39,IT,Для путешествий,Beginner,10,0
f6215a23-0a36-426c-b307-f95bcc7f08e9,2026-04-26 19:24:51,Casey,31,BR,Для учебы,Intermediate,20,0
3dd2bd62-f540-4858-97e9-050cb6568f22,2026-05-22 18:31:51,Wesley,55,ES,Для путешествий,Advanced,90,0
f5d43da5-1216-4ea1-abd9-998bb1f2cd8c,2026-05-06 15:16:51,Jerome,43,BR,Для работы,Intermediate,20,0
228008db-8639-43a1-8fc2-0609d824c59e,2026-04-23 16:12:51,Patrick,35,IT,Хобби,Beginner,20,0
7de50343-b6aa-4651-ba47-b68663414114,2026-05-04 18:36:51,Keith,53,DE,Для учебы,Elementary,15,0
5d295911-f9c3-45b5-a995-00af170fc4ce,2026-04-22 08:50:51,Alexandra,27,BR,Для путешествий,Intermediate,30,1
4a9d46d9-d251-4752-a14e-70f3ebb0d768,2026-04-19 19:19:51,Olivia,25,BR,Для учебы,Beginner,45,0
e645c98d-3580-4583-82ef-2edb7b4f6ce8,2026-03-29 12:08:51,Morgan,23,DE,Для учебы,Beginner,45,1
51a2b16a-78aa-4a06-854a-44ff73874d0a,2026-04-22 23:10:51,Brianna,21,DE,Хобби,Beginner,10,0
91e47d9c-9450-490d-9d7c-1af8780a1d95,2026-06-01 20:03:51,Sharon,51,IT,Для путешествий,Advanced,120,0
eff80df6-a72b-421c-9c1b-e741159cfe83,2026-03-08 19:29:51,Robin,37,DE,Для работы,Intermediate,120,0
45addf98-09dd-4604-b159-9d905ef853a3,2026-05-31 19:29:51,Christopher,33,DE,Для работы,Elementary,45,0
142a3751-8f30-4d4b-bbaa-030e5ba855b1,2026-03-26 22:39:51,Travis,30,RU,Для работы,Advanced,20,0
ad49f7d0-7064-4ea8-85dc-8fd6e7e6229b,2026-05-12 02:34:51,Aaron,35,IT,Для работы,Beginner,30,1
9c20ac6f-31cf-4c86-9c7d-9b028f5ce7be,2026-04-11 18:08:51,Bethany,29,IT,Для путешествий,Elementary,90,0
c23c2b42-c39a-4b9c-a127-a3ffe04cea15,2026-05-16 10:15:51,Megan,21,IT,Для учебы,Elementary,15,0
de600597-edca-42be-b1c4-d9d96f434b22,2026-04-13 08:13:51,George,39,BR,Для путешествий,Advanced,10,0
21105ac9-fda5-4802-bf47-6f70e58d8ab3,2026-04-28 11:53:51,Ryan,50,ES,Хобби,Elementary,45,0
7fbdac46-348b-497f-ba44-c652b7ca08fa,2026-04-24 05:14:51,Alexander,47,BR,Для путешествий,Advanced,15,0
0055e165-21d8-4eb4-8dba-7b604b161f31,2026-05-06 21:25:51,Nicole,21,ES,Для работы,Beginner,30,1
bfedf097-1d76-47c1-9629-2b971ba92b1f,2026-03-18 04:22:51,Tracy,25,US,Для работы,Intermediate,20,0
d755bcff-044e-48e4-8b3f-fc1f0e434266,2026-04-09 10:16:51,Brenda,16,FR,Для учебы,Elementary,30,0
ac1d0179-317d-4e35-aa72-28dc587d4fa9,2026-03-30 20:42:51,Ann,38,FR,Для работы,Elementary,120,0
9a3c5d98-868c-47b5-baa7-a9f3325a07e5,2026-05-10 00:45:51,Michael,35,RU,Для путешествий,Beginner,15,0
2add9f33-a586-4518-8b8a-a83a717b2a10,2026-03-22 10:15:51,Johnathan,37,FR,Для учебы,Elementary,90,0
60fe83e7-1b33-4906-bbab-44560f1fe740,2026-05-01 18:11:51,Matthew,16,DE,Для работы,Intermediate,60,0
1e45d783-2fd0-4835-b87d-a0a187f5715d,2026-03-23 05:02:51,Robert,53,ES,Для учебы,Intermediate,120,0
c9831934-0d56-4212-a220-e919e626076a,2026-04-08 04:20:51,Karl,33,ES,Для учебы,Beginner,10,0
f9e20256-f10f-4c16-a303-c1795862e342,2026-05-07 03:32:51,Robert,20,ES,Для путешествий,Elementary,15,0
2147f98f-bf30-4ea8-ba0d-77e5e2806b57,2026-04-24 22:43:51,Antonio,36,RU,Для учебы,Elementary,15,0
2f59f63d-f5a5-47fa-aca8-a2fefaed71cb,2026-05-18 05:14:51,Jeff,33,BR,Для работы,Beginner,45,0
d49720ec-49a1-4881-8705-a59da71bfe73,2026-04-25 05:01:51,Christopher,23,BR,Для учебы,Advanced,15,0
2ecaa2d0-97ed-4e23-81d4-94bf0a530498,2026-04-02 22:39:51,Tanya,34,RU,Хобби,Beginner,5,0
913e7dd9-f3ee-4112-a2f9-43e20142442a,2026-04-15 11:19:51,Emily,25,BR,Хобби,Elementary,30,0
c521f016-cf22-4dd7-a2ac-0fe6c24d3cb9,2026-03-06 05:23:51,Laurie,36,IT,Для работы,Advanced,45,0
8d32aa62-bbf3-4a2e-bddf-5dad75b2c47d,2026-04-22 20:53:51,Melanie,16,BR,Для путешествий,Beginner,90,1
903dba77-eacc-4e39-ae65-34903973af05,2026-03-09 16:06:51,Lydia,23,FR,Для учебы,Beginner,120,0
3ba94e19-09ff-489b-a16e-3bc53f59c3b7,2026-04-14 07:02:51,Christopher,53,BR,Для работы,Elementary,10,0
30891a36-4ca4-40f3-8aa5-5ea70934bb12,2026-04-07 19:26:51,Robert,20,DE,Хобби,Advanced,5,0
56580c2c-a262-4662-ad09-b37ee8a91bc8,2026-03-21 15:34:51,Craig,52,IT,Для путешествий,Advanced,90,1
17211e02-df5c-4f81-b01a-cf340825d552,2026-03-19 15:34:51,Michele,16,IT,Для работы,Elementary,10,0
c50b0367-6194-4049-adb4-300c3cf285eb,2026-04-13 12:59:51,Amy,24,IT,Для работы,Intermediate,20,0
d59bc15a-c9fa-40f7-b7c8-ed8cfc81ffe1,2026-04-10 00:59:51,Francisco,39,RU,Для учебы,Beginner,90,0
94e2d9fe-08b1-4252-84f7-06df2fa672df,2026-05-20 21:19:51,Sean,45,ES,Для работы,Elementary,90,1
be7af2c4-72c8-48e0-967f-a00f2cb264fa,2026-05-13 16:25:51,Michael,52,US,Хобби,Beginner,120,0
b50905a4-ffa1-4996-af1d-61fee4848ec8,2026-05-13 03:45:51,Patricia,27,BR,Для работы,Advanced,20,0
1850e50c-2cab-461c-9ee3-a4c050a48c4d,2026-03-13 03:46:51,Mia,29,ES,Для учебы,Beginner,90,0
ae7edc70-2377-4eb9-8870-66090d2bbd37,2026-03-27 23:36:51,Jennifer,38,BR,Для путешествий,Beginner,60,0
5020df25-363c-473d-9bb5-7e6e6e136568,2026-05-23 12:02:51,Emily,41,BR,Для путешествий,Intermediate,60,0
dd183cf2-b60a-4ae2-9c31-a3bab0f24bbd,2026-06-01 18:15:51,Sean,48,US,Для работы,Beginner,5,0
b66037cd-a951-4eaa-92fa-9f828a22c996,2026-04-17 22:23:51,Patricia,55,DE,Для путешествий,Beginner,45,0
10ab07f7-0a59-45c4-bab4-496a8c2e6499,2026-04-10 22:35:51,Cindy,27,US,Для работы,Elementary,45,0
39b989c6-e088-4e02-9762-3ae9e28988b2,2026-03-27 08:47:51,Dillon,35,BR,Для работы,Elementary,45,0
c9079f1f-b393-42c5-a8a4-e0b8e4722724,2026-03-21 07:05:51,Justin,26,DE,Для учебы,Elementary,90,0
be5d8953-f07c-48a1-9039-53eca279e1fa,2026-03-23 14:56:51,William,55,BR,Хобби,Advanced,15,0
6be11f99-51e3-4b71-bd2f-67497a5dca5e,2026-04-23 19:13:51,Stephanie,50,FR,Для работы,Advanced,45,0
c1d589b5-6a04-4a36-aee6-d3ad6706a9c2,2026-03-17 21:17:51,Andrew,43,ES,Для работы,Intermediate,15,1
df2c36b2-8378-4b40-adbc-68498b25905f,2026-05-23 06:52:51,Christine,42,ES,Хобби,Elementary,15,0
7fa76b6c-c657-4457-a707-1b25cf1d5c36,2026-04-19 18:08:51,Christopher,51,FR,Для учебы,Advanced,45,0
f1caee04-7ddd-454b-a00b-f3e66a8366e4,2026-06-01 18:15:51,Jonathan,55,BR,Для работы,Advanced,20,0
ef10903a-2013-409d-9c5c-fd080137d3e3,2026-05-01 17:47:51,Brandon,37,BR,Для путешествий,Elementary,30,0
3d90b862-9d96-40a6-af84-5af2190dcd74,2026-05-23 23:51:51,Sean,46,US,Для учебы,Beginner,60,1
8e0810ac-6bd3-4869-9477-c04ac777f147,2026-05-23 11:10:51,Olivia,17,IT,Для учебы,Advanced,10,0
58a1dadf-f764-4928-a46a-915496514384,2026-04-20 11:55:51,Catherine,22,ES,Для учебы,Intermediate,60,0
75ec14f2-88e9-4550-9f19-b72ea3e9eeb8,2026-03-27 14:38:51,Daniel,40,IT,Для путешествий,Advanced,15,1
244d8858-08ec-4074-a5f9-4f5c8c217ab3,2026-05-12 19:45:51,Alyssa,17,ES,Для учебы,Beginner,120,0
205c83be-f282-4f60-b8d7-b0776d450627,2026-05-30 10:48:51,Claudia,17,US,Для путешествий,Advanced,45,0
b5c7e0e0-fd85-4baf-affd-4eb8c65c144f,2026-05-12 20:14:51,Vanessa,40,BR,Для путешествий,Elementary,20,0
a6b410f9-80d6-442a-85b7-712778098c06,2026-04-26 04:00:51,Evelyn,40,DE,Для работы,Intermediate,90,0
53ada48e-0dec-4180-b9d3-20020e03b815,2026-03-12 01:03:51,Nancy,37,RU,Для учебы,Beginner,5,0
9d9cc108-6b5f-4d92-bd18-3f0729f19f63,2026-04-26 18:21:51,Lance,50,IT,Для работы,Advanced,10,0
56f064f8-79b6-412c-b49d-f010e8f58a37,2026-03-21 02:29:51,Aaron,41,ES,Для путешествий,Beginner,45,0
a8fd731f-35ca-427e-a5f5-4f05d0770202,2026-03-09 18:46:51,Brittany,16,RU,Для учебы,Elementary,5,1
19e0524d-a2ba-4cdf-98f5-37f984c474f6,2026-05-17 08:05:51,Dwayne,21,IT,Для путешествий,Beginner,60,1
ad78ec60-7c30-4722-a10c-cfd2c5f0d7aa,2026-03-24 17:25:51,Reginald,16,DE,Для путешествий,Elementary,10,0
8790c6a4-f96a-4804-8e0a-15b63e71d842,2026-03-17 20:59:51,Brian,55,FR,Для учебы,Elementary,30,0
c39927d5-91ba-4763-b256-5786ebba53c2,2026-04-04 17:35:51,Sean,32,RU,Для учебы,Elementary,120,0
edd066ff-7bf8-43b9-ab68-87507c8f402b,2026-03-09 09:36:51,Donna,36,FR,Для путешествий,Advanced,45,1
e9f59707-0276-4551-a8a8-81a37870b4b6,2026-03-12 23:21:51,Kelly,49,BR,Для работы,Advanced,10,0
0ef90232-137a-4a9f-a156-65177ca1c7c7,2026-05-19 00:04:51,Joel,16,FR,Для работы,Beginner,30,0
08d770c2-3789-49e9-b8dd-5c017c13cdf0,2026-05-24 02:44:51,Leslie,49,IT,Для работы,Intermediate,60,0
8204b520-dff8-47d6-abe2-e3c5568fb870,2026-03-07 09:07:51,Kimberly,20,DE,Хобби,Advanced,120,1
27305473-35e3-4e73-92b9-d825b1dd7db1,2026-05-21 20:19:51,Jennifer,18,IT,Для учебы,Intermediate,60,0
1952e39f-ac10-4768-9b77-cf395d8cdbb5,2026-05-17 14:49:51,Johnny,41,RU,Для путешествий,Elementary,120,0
62003474-3a6a-4a28-89bc-2648be8d8635,2026-05-05 07:56:51,Austin,55,DE,Хобби,Elementary,30,1
5e86e942-8b82-4df1-b3c9-265f345dd074,2026-05-16 17:56:51,Pamela,25,DE,Для путешествий,Elementary,5,0
9f3f447a-a7fa-43da-97cc-abc7f45ad1a7,2026-03-14 16:07:51,Marc,55,US,Хобби,Advanced,60,0
35c1f114-9b86-427b-922c-2a3f71e5b031,2026-05-21 00:37:51,Troy,30,ES,Хобби,Intermediate,10,0
9d44ce1a-3607-4aaa-a462-c924c3a1624e,2026-04-19 08:19:51,Randy,22,ES,Хобби,Intermediate,60,0
b42ebecb-0a89-48d5-ba39-6d1f6286ae1a,2026-03-22 08:34:51,Erika,52,RU,Хобби,Elementary,60,0
2d9606e7-24bf-4d79-9ff0-98dfe78265d2,2026-05-03 19:23:51,Charles,50,RU,Для работы,Advanced,15,0
0bbdb046-deee-4e9a-9c4b-737dd48de7ed,2026-05-31 10:23:51,Ryan,16,DE,Для путешествий,Intermediate,15,0
72ec7d64-f8d3-4fc6-87ae-930b4b08f1b5,2026-05-17 16:00:51,Julie,43,ES,Для работы,Elementary,5,0
e2797c9c-6735-4e01-8db1-1300180b49e1,2026-03-16 13:08:51,Cody,38,DE,Хобби,Elementary,90,0
4fc3bd58-eb94-43f6-b038-eded045c9b34,2026-03-09 19:47:51,Allen,19,ES,Для работы,Advanced,120,0
8d6575d2-4271-47bb-bd5f-301993bc2f29,2026-05-09 16:16:51,Jeffrey,50,BR,Для работы,Intermediate,10,0
94e8a12d-38a3-4b72-b849-de3f79b4ef2e,2026-04-15 14:15:51,Steven,50,BR,Хобби,Advanced,20,0
77270dc6-914c-4d96-b79d-9f50b939602b,2026-05-03 17:07:51,Cory,25,ES,Для учебы,Intermediate,15,0
e3e5e2e2-b2c3-40ed-ad60-3ab390591049,2026-03-16 22:29:51,Daniel,20,BR,Хобби,Advanced,15,0
d7cea445-de57-4998-abde-b13ae37d7b66,2026-04-29 12:33:51,Sara,33,FR,Для работы,Intermediate,5,0
0fc60a78-34c8-4746-8e33-36ab34cda6e2,2026-05-08 17:45:51,Benjamin,43,BR,Для учебы,Intermediate,30,0
ec8926da-8408-4159-b1ca-cacc9118ed41,2026-03-05 18:42:51,Julia,35,RU,Для учебы,Elementary,20,1
5128646e-84b3-47f6-be79-de8c477567cd,2026-03-06 09:22:51,Daniel,31,US,Для путешествий,Advanced,120,0
19ac1e27-409e-4fbf-b197-5a31436af2ef,2026-04-21 13:34:51,Nathan,53,BR,Для учебы,Beginner,5,0
e2b42ebf-5112-49d0-be23-a39d0885cc5b,2026-03-21 10:04:51,Alicia,18,ES,Для учебы,Beginner,15,0
bed841ff-153a-4dfa-99a4-e001fd654c6c,2026-03-14 10:23:51,Howard,22,BR,Для путешествий,Elementary,10,0
8fcbc907-8a6e-41df-8d2f-44bba767b7c0,2026-05-17 06:59:51,Andrew,53,BR,Для путешествий,Intermediate,10,1
ec789a56-f889-4567-a60e-d7a5fe1c4de4,2026-04-26 22:03:51,Cheryl,52,BR,Для работы,Elementary,30,0
12ece23c-d0c6-4202-b64e-847f360d887a,2026-05-29 03:16:51,Kelly,19,FR,Для работы,Elementary,10,0
3d09d66c-4ff1-4704-8b80-fd17323c1010,2026-05-31 23:32:51,Andrew,24,DE,Для учебы,Intermediate,45,0
73347299-a944-498d-9eb4-0154d72d69a3,2026-03-19 17:10:51,Maria,20,IT,Для путешествий,Advanced,10,0
2a19fd91-56c2-4bd5-aaf4-1534aef679b5,2026-05-29 06:39:51,Kyle,19,DE,Для путешествий,Beginner,10,1
169c95fa-2f9d-4620-bb65-640a580d6374,2026-03-29 13:52:51,Russell,19,FR,Хобби,Advanced,90,0
7b029648-a183-483c-840f-8d0a7a45fd44,2026-04-21 12:54:51,Lindsay,52,FR,Хобби,Beginner,10,0
b0c32a7a-e2e7-43d0-b1e6-e065d2e40104,2026-04-03 10:31:51,Brian,37,RU,Для работы,Beginner,20,0
b81e917d-5786-4abd-8390-5a18d3ed24e2,2026-05-10 07:43:51,Joseph,47,RU,Для работы,Elementary,45,0
9c48b127-6603-4abd-8884-ff4d031ad340,2026-04-01 00:13:51,Brooke,19,RU,Хобби,Elementary,30,1
5182b863-b585-44f0-99a2-bde31fd174b8,2026-03-14 16:37:51,David,25,IT,Для учебы,Intermediate,120,0
b473f480-be6f-4380-ac57-1659551ef43c,2026-03-15 12:23:51,Sally,37,US,Для учебы,Beginner,90,0
832857f5-99e7-4e73-8580-2c15f9fcaf8d,2026-05-03 15:38:51,Adam,40,DE,Хобби,Elementary,5,0
05bd1e01-ea43-4acc-85b9-16ea7287d055,2026-03-27 12:52:51,Crystal,17,DE,Для учебы,Intermediate,20,1
606ef588-545e-4344-a4f7-7cd478227fb2,2026-04-03 03:31:51,Katherine,39,RU,Для учебы,Advanced,20,0
e8dd3c8f-7f52-4e52-86b7-24aa4a381b94,2026-03-14 05:38:51,David,47,IT,Для путешествий,Elementary,10,0
97fae525-73e8-4435-8f22-a98b72b0befa,2026-05-21 07:47:51,Teresa,47,DE,Для учебы,Beginner,5,0
060511c9-d555-4718-9e46-72b04df690fc,2026-04-07 17:54:51,Tammy,29,BR,Для путешествий,Advanced,45,0
6587c963-de6e-4c31-9850-da1bdb3cf220,2026-05-31 18:53:51,Richard,29,ES,Для учебы,Advanced,15,0
259072fa-1515-43e8-93fd-bf17f3ea5b61,2026-05-22 12:43:51,Angela,34,RU,Хобби,Beginner,15,0
e52eab11-456a-4e87-9c4b-53014f7c467a,2026-05-10 06:38:51,Amy,24,FR,Хобби,Intermediate,20,0
24765edd-e305-449c-95dc-ad9f0f73b5d2,2026-03-25 11:28:51,April,45,IT,Для путешествий,Elementary,10,0
c6f16f10-e976-44a9-9b09-688d4db54b0a,2026-04-30 09:16:51,Leslie,46,BR,Для учебы,Intermediate,90,0
7a23f31d-faa1-40a3-971a-98e2b4f3e71b,2026-04-30 14:59:51,Douglas,45,IT,Для учебы,Elementary,90,1
b81de063-8783-4f07-8820-b9c49b8bd3e0,2026-04-30 22:34:51,Charles,42,FR,Для работы,Beginner,30,0
a05f37fa-1ac0-4408-972e-15d6310c4252,2026-04-17 19:36:51,Shawn,40,IT,Для работы,Intermediate,10,1
b1dd4810-7e6c-4e6f-92a1-0fe82fcb9afa,2026-03-04 21:09:51,Joshua,18,US,Для учебы,Intermediate,15,0
0a287e60-b1de-44d8-9f62-54db4d4ef9d5,2026-05-21 20:34:51,Joshua,46,BR,Для учебы,Elementary,20,0
b91f7408-c739-4801-b718-ff5c344f1c74,2026-04-04 15:34:51,Daniel,45,IT,Хобби,Intermediate,30,0
8c8c824f-c36c-45b1-8aeb-594152a07b3b,2026-05-30 18:53:51,Sherri,20,DE,Для работы,Beginner,15,0
84f3e757-94c0-4460-a43e-9e16ecb004d4,2026-04-27 11:18:51,Christopher,34,FR,Для путешествий,Advanced,120,0
69d5c039-faae-420a-b8d0-ddc0ed5da287,2026-03-29 03:44:51,Sara,38,BR,Хобби,Elementary,5,1
7e9e9dd7-847d-4106-b751-1db793cbdb8c,2026-05-20 01:21:51,Justin,51,DE,Для учебы,Beginner,5,0
899a1a34-1d61-42a3-8f7c-f748b1e7f2ff,2026-05-05 15:20:51,Deborah,51,FR,Хобби,Advanced,30,0
c5affa47-505e-487e-8f17-b4b09f0f0220,2026-03-05 06:37:51,Phillip,39,IT,Для путешествий,Elementary,90,0
37e5d501-4232-4a4b-a61e-93d2c149800e,2026-03-10 16:46:51,Timothy,54,FR,Хобби,Intermediate,10,0
fb318152-7e05-48e8-b87a-9ff39802675b,2026-05-10 08:41:51,Gerald,20,ES,Для учебы,Intermediate,60,0
bb5df387-b7e1-4cca-b2bb-c9ce22c4d5df,2026-03-24 19:40:51,Cody,16,RU,Для путешествий,Elementary,20,1
bb9a6880-b5da-475a-a696-806f69d04abc,2026-05-05 05:51:51,Amber,44,BR,Для учебы,Elementary,10,0
165f04b1-d5bf-461f-9949-8d5cc273b5eb,2026-03-20 06:42:51,Robert,38,DE,Для путешествий,Elementary,20,0
6e011851-2687-40c3-8e61-4c94f1249ecb,2026-04-02 23:54:51,Suzanne,51,RU,Хобби,Intermediate,15,0
4e190e59-06f5-4f70-9587-a18d04af5dd1,2026-03-27 12:38:51,Deborah,55,ES,Для работы,Elementary,30,0
0803bcf2-0d69-492f-a122-df087a943008,2026-05-06 00:01:51,Nancy,39,FR,Для работы,Elementary,30,1
f1b553b8-fe75-4aaa-9c39-0ba611f9e453,2026-04-22 15:17:51,Lisa,25,RU,Для работы,Advanced,30,0
c976a878-9a0c-4c3c-9fd4-74e0205049b6,2026-03-14 04:06:51,Zachary,44,US,Для путешествий,Advanced,5,0
5865adb7-67e2-479a-bfa8-6c0a2f151be6,2026-03-31 02:29:51,Melanie,36,US,Для учебы,Elementary,15,0
170f2d17-8f99-4f3f-83c3-ee65ca426c42,2026-04-25 04:29:51,Matthew,20,BR,Для работы,Elementary,60,0
95998165-d4ff-43a9-9fa6-5d34fe9ec5cf,2026-05-20 04:51:51,Kenneth,31,ES,Хобби,Advanced,20,0
e15e8c51-cc08-4da2-a23e-08a8d34b7127,2026-05-08 17:37:51,Tracy,38,BR,Для учебы,Elementary,10,1
29d5e8e4-e780-46e9-8fb7-8fa6d2ee56c3,2026-03-14 09:54:51,Laura,35,US,Для путешествий,Elementary,10,0
a5643656-d4aa-42ff-a59b-1fadb869bdbb,2026-04-05 21:49:51,Nicholas,37,IT,Для учебы,Intermediate,60,1
27e655c6-adbb-4cd6-bf6b-6078f4df889c,2026-06-01 14:04:51,Benjamin,17,ES,Хобби,Elementary,120,0
06bc7a76-f296-4311-a623-d6309d0eee3b,2026-06-02 00:49:51,Joseph,25,DE,Для учебы,Beginner,30,1
7ba88ac9-46f6-4098-8c56-7f893fab4bb7,2026-04-30 03:35:51,Francisco,36,RU,Для путешествий,Beginner,15,0
a2716ad2-6049-47c0-bdcc-66b4e71aa56b,2026-03-27 23:39:51,Steven,53,DE,Для учебы,Elementary,5,0
cda88bb2-445b-4d89-90b7-dc467b0cee98,2026-03-18 13:56:51,Christopher,19,IT,Для работы,Advanced,20,1
c5690570-0d46-4f62-9660-48750cd3d0d4,2026-03-15 14:33:51,Logan,53,FR,Для учебы,Beginner,60,1
b4ca68b2-4117-49e4-a3d7-4cc1ef17e58d,2026-05-28 03:10:51,Destiny,55,ES,Для работы,Advanced,10,0
c733fce2-2352-45b7-aa5e-d42092e22f1d,2026-05-02 17:55:51,Roy,34,ES,Для учебы,Beginner,30,0
d1d6a59d-d1e0-4adc-8719-a475bee8f455,2026-03-23 03:10:51,Patrick,19,BR,Для учебы,Elementary,120,0
d102c0ca-6519-424e-9944-54d58f0f91b4,2026-03-09 22:40:51,John,20,ES,Для путешествий,Elementary,45,0
af5e94d6-6882-41a8-beaa-46ba28cde199,2026-03-08 22:02:51,Jeffery,54,ES,Хобби,Intermediate,90,0
dfdf2fcd-2230-4abd-9d2e-99d474c58810,2026-03-13 20:49:51,Michael,49,FR,Для работы,Intermediate,45,0
feb6569b-25cb-4719-b281-2ae250bb2533,2026-04-21 14:15:51,Taylor,28,BR,Для учебы,Elementary,60,0
b48c060c-7ce0-44ee-b3ab-220366e1dcd6,2026-04-07 10:04:51,Bradley,31,ES,Для учебы,Beginner,120,0
a01ab1f3-8ce4-43cf-a804-40ed380b35d3,2026-05-19 13:54:51,David,40,DE,Для путешествий,Beginner,10,0
498ffc2c-b3d9-41d8-b8a2-b0da0272f94e,2026-03-15 10:37:51,Jason,33,DE,Для учебы,Advanced,120,0
764d0c84-b543-4eee-b431-b1eb036f0310,2026-05-31 00:15:51,Eric,53,FR,Для учебы,Advanced,5,0
ee85e7db-9f1a-41f5-acc8-06d7b028da08,2026-04-27 00:12:51,Monica,47,FR,Для работы,Elementary,60,0
3eb30cae-b663-469c-bd94-df13feced439,2026-05-01 11:13:51,Katherine,28,US,Для учебы,Advanced,5,0
6733ec43-4f0a-4fa9-a447-fe7770671db7,2026-05-01 12:24:51,Paul,50,RU,Для путешествий,Intermediate,90,0
82e58ffa-3537-4b26-acc3-d8724dce81d9,2026-05-09 05:57:51,James,41,ES,Для путешествий,Advanced,60,0
370b8fe9-3065-40e7-bbb9-575ca32b7677,2026-05-10 22:48:51,Miranda,29,FR,Для работы,Elementary,90,0
fba15c69-9864-40a9-a65e-30646f367e76,2026-06-01 14:00:51,Joshua,28,BR,Для учебы,Elementary,120,1
da7a6b4b-3a4f-4081-8771-28dcd92226c8,2026-04-26 22:45:51,Robin,17,DE,Для работы,Elementary,45,0
1ead0824-5e55-4005-91a8-3ae8380a5ce9,2026-03-08 22:51:51,Heather,16,RU,Хобби,Advanced,10,0
747c62bb-297b-4348-8d77-2173e16c6231,2026-03-18 23:19:51,Joan,43,US,Для путешествий,Elementary,10,1
219cb540-2498-4cef-a5a2-1d00237a676a,2026-04-26 02:13:51,Curtis,18,DE,Для путешествий,Beginner,45,0
ae139c51-5ac6-4e29-a615-6db5f87118ef,2026-04-06 14:22:51,Adam,24,FR,Хобби,Beginner,60,0
07df0c33-cf60-45d7-af0e-e6755a063bd1,2026-04-01 17:42:51,Sarah,29,BR,Хобби,Intermediate,15,0
93f1d755-aec7-4f30-b0f8-52f60a4ef035,2026-04-15 18:47:51,Melissa,21,RU,Хобби,Elementary,20,0
d8303c43-6baf-4e17-8f86-49c4712a9f6f,2026-03-12 10:33:51,Jane,22,US,Для учебы,Advanced,30,1
ee527a4e-08e6-4544-8c8c-48a81fca9d09,2026-05-27 22:06:51,Janet,39,BR,Хобби,Intermediate,120,1
9fe8c228-ccbf-4d40-ad57-0b29453c25c4,2026-05-06 22:00:51,Michelle,27,RU,Для работы,Intermediate,15,0
96956ba7-8129-42b3-ba41-74361d75738b,2026-03-06 14:36:51,Christine,16,RU,Для путешествий,Intermediate,20,0
6073d407-1357-4e2d-9294-8732daab85d8,2026-03-12 21:46:51,Shane,34,FR,Для путешествий,Beginner,60,0
bef07b4e-04de-43eb-a48d-285753183b07,2026-05-30 03:46:51,Andrea,37,FR,Для учебы,Elementary,15,0
b43ada28-2df7-49e7-93fb-d7de90b82a4a,2026-04-30 10:45:51,Victor,39,RU,Для путешествий,Intermediate,120,0
8a0c4a9e-baea-4db6-b970-9b394d6438c0,2026-05-01 01:36:51,Kristina,34,DE,Для путешествий,Beginner,120,0
20931e83-a27c-4d43-9b11-e82ac970ba37,2026-06-02 06:42:51,Shannon,19,ES,Хобби,Advanced,90,0
a7fd5a4f-cd49-4562-89fd-95581cf6fa21,2026-04-06 00:49:51,Brianna,35,DE,Хобби,Beginner,120,1
244d8e88-92fb-45d9-b5fe-2d5cd2515654,2026-05-22 06:09:51,David,32,DE,Для учебы,Beginner,20,0
e7090b6a-e01e-4670-8a91-27515d46d749,2026-03-21 01:27:51,Brian,30,FR,Для учебы,Intermediate,30,0
e054ce8d-dc30-4c6b-b71e-fd1678e56672,2026-05-07 00:04:51,Scott,41,BR,Для учебы,Elementary,15,0
f8198e68-c87d-451c-ba2a-f731426a7cce,2026-03-07 17:12:51,Melissa,45,RU,Для путешествий,Beginner,20,0
b73aaa02-8769-493f-9a10-eca60e704080,2026-05-23 22:24:51,John,53,RU,Для путешествий,Elementary,5,0
e7171f59-b524-4a8d-921a-b44b4f6571e5,2026-04-12 12:21:51,David,46,IT,Хобби,Elementary,5,0
d26f7242-a3da-470e-8386-fd039edaa786,2026-05-15 16:45:51,Amy,49,FR,Для учебы,Intermediate,5,1
fa085ba8-85ca-4bab-9f0c-5066c1253320,2026-03-31 17:43:51,Chad,52,IT,Для работы,Advanced,30,0
2d945f33-32be-44ae-80df-e370f3f0f994,2026-03-27 17:57:51,Clarence,41,RU,Для учебы,Intermediate,30,0
ef6372e6-c5f3-4344-b37d-70c74ae56ef7,2026-03-14 10:52:51,Shane,35,FR,Для работы,Advanced,60,0
219af65e-5bfc-45d3-a9dc-e273b6ab042d,2026-05-15 21:26:51,Kenneth,45,US,Для работы,Advanced,120,1
bbc27389-0aed-40f7-963d-8138cfb6e491,2026-03-28 04:59:51,Jane,22,US,Для работы,Elementary,15,0
fad8c3d2-2324-4123-9d57-60e9b6486592,2026-03-06 03:01:51,Stephen,21,US,Для путешествий,Beginner,5,0
507214cd-9736-49f8-b7ff-ca020c548356,2026-03-06 06:45:51,Christopher,34,BR,Хобби,Elementary,20,0
df17c205-44fe-4593-9068-5c7c59bf16f0,2026-04-14 09:52:51,Rachel,24,DE,Для путешествий,Elementary,20,0
7606fb7f-29f4-4204-82a7-0af19011c193,2026-04-03 08:49:51,Dylan,29,BR,Для путешествий,Elementary,30,0
bd8b85ab-3b5a-43ce-a18a-b763f6ef9ea4,2026-03-07 02:39:51,Gregory,25,DE,Для путешествий,Beginner,5,0
b69bf3c6-d0d5-4793-a5f7-fbf1c22e6838,2026-05-31 19:24:51,Rachel,50,IT,Для учебы,Advanced,45,0
454eea79-e7bf-470d-ab89-0d7b5acc46d3,2026-05-22 18:35:51,Angela,21,FR,Хобби,Beginner,15,0
08f63132-3ccd-4d32-a46a-4859894a73a2,2026-05-03 13:00:51,Dennis,42,RU,Для работы,Beginner,60,0
aedb4a40-9ee1-4622-84e6-7769eb0e981e,2026-05-05 10:01:51,Anthony,47,FR,Для работы,Intermediate,20,0
02578c94-cc55-456b-a2cc-ed02c2920964,2026-04-01 01:34:51,Hannah,34,BR,Хобби,Advanced,60,0
94510c70-0931-483c-ab47-d58cdc383c73,2026-04-19 23:00:51,Curtis,29,IT,Для работы,Beginner,5,0
ea0c1bfd-30d9-4fe6-9b76-96e7861b8ada,2026-03-31 02:57:51,Sandra,49,DE,Для путешествий,Beginner,60,0
f3dd263e-a034-4bc2-ab4a-e02239ec740c,2026-05-31 23:01:51,Kimberly,45,DE,Хобби,Advanced,15,1
4d9241b4-fdf3-42d9-b3e7-cb407e0a3848,2026-05-21 16:13:51,Blake,18,BR,Для работы,Advanced,10,0
044fa7ea-07b7-4b91-914c-11764c4e9755,2026-05-16 19:09:51,Stephanie,22,US,Для учебы,Advanced,20,0
88defc6e-6e76-432f-bfef-63572697f06f,2026-03-15 19:06:51,Ronnie,54,RU,Для работы,Intermediate,60,0
1c61b87c-5299-410f-9bb1-3384d3ed0228,2026-05-20 06:08:51,Carla,40,RU,Для работы,Intermediate,10,0
dcef0ebf-a7c3-422d-86d2-2e7d4a912739,2026-04-15 21:24:51,David,52,FR,Для работы,Elementary,45,1
de79b6ee-06b3-46c0-a4f5-416d928d2346,2026-05-19 18:44:51,John,49,US,Для работы,Beginner,60,1
4736a18b-f20a-4df0-b0e2-5adc76ba81c4,2026-04-20 12:45:51,Thomas,45,FR,Для путешествий,Advanced,15,0
63f141c5-079c-4d3f-aa35-61dec481d5a2,2026-05-02 20:37:51,Douglas,51,DE,Хобби,Advanced,60,0
1a7d1b85-65ff-4678-a97c-412518bc2ec5,2026-04-23 11:56:51,Patrick,41,BR,Хобби,Beginner,90,0
a1dac995-334f-4d72-bc3a-f7eea7dd988b,2026-04-15 10:49:51,Christopher,50,DE,Для работы,Beginner,90,0
0e8055f8-f412-4453-9e4e-e4187cc98e44,2026-05-10 16:05:51,Kiara,24,DE,Для учебы,Beginner,15,0
11fd143f-393b-4854-8d3a-5cf92e1b6fcc,2026-05-28 05:53:51,Jeffrey,34,BR,Хобби,Advanced,60,0
b58b884c-d4cc-49cf-b419-c3e689f11def,2026-05-09 15:58:51,Karla,46,FR,Для учебы,Intermediate,20,0
9ef06514-96d4-4214-b1b7-889ccebbfb3f,2026-04-19 01:12:51,Christina,38,DE,Для работы,Beginner,20,0
e870c023-13e0-4675-84da-73b4f206808b,2026-05-07 09:00:51,Charles,41,IT,Для учебы,Elementary,30,0
cf7af880-419d-485f-9515-13d4c129cfa4,2026-05-11 20:28:51,Dean,27,RU,Для учебы,Advanced,90,0
467512b5-1cd8-4282-8fb3-03ecf650bda3,2026-03-05 12:15:51,Paul,27,IT,Хобби,Elementary,45,1
f7806567-4ff0-45de-9e78-50a0aa551577,2026-03-18 03:26:51,Nathan,48,RU,Для учебы,Elementary,15,0
d0ef9f98-3455-41d4-8995-d0c4add0e213,2026-04-22 03:47:51,Ian,44,IT,Для работы,Intermediate,45,0
f0101ff5-41f2-4ae0-b4f5-fd25d31a0a31,2026-04-06 19:32:51,Jeffrey,36,DE,Для учебы,Beginner,20,0
b92d95f8-db45-4e5a-b887-cd5639691490,2026-05-26 20:26:51,Christopher,40,IT,Хобби,Advanced,90,0
b22a6b82-bba2-469d-9998-7c5e92b12cbd,2026-03-11 04:00:51,Brooke,30,RU,Хобби,Advanced,10,0
e602101a-98e6-4d39-b60a-3d12b42f9d93,2026-05-26 19:01:51,Kenneth,50,FR,Для путешествий,Intermediate,5,0
eb509d9a-aaf1-43f3-8a19-aa723510db4b,2026-05-24 15:53:51,Ian,34,US,Для учебы,Intermediate,10,0
d0dc2784-bf12-4657-b4e3-d0a61f40e3c2,2026-04-03 01:44:51,Tammy,44,US,Для работы,Beginner,10,0
9f4327db-bc45-426d-b615-d339a9bfb2d2,2026-03-20 23:18:51,Devin,27,US,Для учебы,Beginner,10,0
84cca7a7-481a-4da1-8504-fe8f7c41167c,2026-03-09 09:52:51,Joshua,22,US,Для путешествий,Advanced,15,0
b8dd0103-63a2-4696-9fbc-6c297f49466e,2026-04-13 09:45:51,Charles,36,ES,Для учебы,Beginner,10,1
a958d97f-14c6-4190-94d0-55b3c859f38f,2026-05-29 03:35:51,Jason,33,DE,Хобби,Beginner,60,0
d936636f-1ffc-46c1-bdba-9e9bb716b905,2026-03-20 20:37:51,Wendy,29,US,Для учебы,Advanced,60,0
1fe9bb60-6f35-41bf-8236-9490862311dd,2026-04-21 10:52:51,Katie,45,DE,Хобби,Intermediate,20,0
0ff6e5aa-798b-4ea0-b819-e049e32262ff,2026-03-06 16:28:51,Anna,45,ES,Для путешествий,Advanced,90,0
30892aa8-0a75-4f66-8ee0-e4921de714c4,2026-03-12 10:16:51,Miguel,17,US,Хобби,Advanced,20,0
baf9cbf8-c9e1-4ed7-a286-4c60d8c6cc79,2026-03-22 07:58:51,Jesse,19,ES,Для работы,Beginner,45,0
ca62bcae-d00a-4e06-83ba-3668885ac1a0,2026-03-28 14:24:51,Patricia,42,FR,Для путешествий,Advanced,45,0
8669838b-185c-4d30-8d34-65de56d7d9ed,2026-03-08 09:13:51,Erin,23,RU,Для работы,Intermediate,10,0
bf71cb4d-8a5f-47d0-869c-e60971bad0e5,2026-05-25 16:36:51,Matthew,17,BR,Для путешествий,Elementary,45,0
755be8f6-f308-4110-8916-0d46dce5feee,2026-04-14 11:28:51,Rebecca,34,BR,Хобби,Elementary,120,0
18744194-f11a-415b-83f5-a0589533e4c7,2026-04-11 21:05:51,Christopher,27,BR,Хобби,Intermediate,90,0
dc3fe7b4-1001-4185-8123-8800b1abe346,2026-05-28 10:25:51,Alisha,23,IT,Для учебы,Beginner,20,0
ce27e705-feb0-4030-85dd-a69273da421a,2026-05-26 04:51:51,James,52,DE,Для работы,Advanced,30,0
784d783e-c5e3-4591-9d8f-f441f816e42e,2026-04-14 23:06:51,Cathy,47,ES,Для учебы,Beginner,90,1
bcdc4c2b-87bf-440d-9e74-65c0f38eafe0,2026-05-27 15:52:51,Debra,16,FR,Для учебы,Elementary,90,0
23341f75-a691-479e-b6ec-9233caf5694d,2026-04-24 23:30:51,Cheyenne,23,US,Хобби,Beginner,15,0
e0f509f4-b6ae-4e5f-a635-3cc732a31155,2026-04-27 21:27:51,William,37,US,Для учебы,Elementary,5,0
dd747c83-7d80-4241-bde9-232076884bfd,2026-03-27 19:37:51,Matthew,51,US,Для путешествий,Intermediate,30,0
e2bfb202-974a-4a26-b395-49940fafd662,2026-04-25 07:55:51,Rachel,43,BR,Для путешествий,Beginner,10,1
4c367a43-2168-4c85-9b73-af2434fa611a,2026-05-21 04:46:51,Larry,37,US,Для учебы,Advanced,5,0
99801c04-4a1e-46ed-bc30-a9ae93fd81c7,2026-05-14 03:51:51,Lindsey,42,US,Для работы,Beginner,60,0
65ad8de7-3801-4db5-923b-7486d8b82fb7,2026-05-29 03:32:51,Michele,27,RU,Для учебы,Intermediate,30,1
7e8b9769-bd68-4ae9-84cc-e9c29e5c7163,2026-05-03 02:03:51,Maria,39,US,Для путешествий,Beginner,5,1
f8fa9914-0e7a-4dda-9048-66acb8300a78,2026-05-29 23:42:51,Cindy,31,FR,Для учебы,Elementary,15,1
6fdcde4d-f829-47f0-8488-9d378a4dd5dc,2026-05-12 23:13:51,Leslie,52,DE,Для работы,Advanced,10,0
16785a65-182f-4ba3-b3d2-3538114bc862,2026-03-12 15:21:51,Brett,52,US,Для работы,Intermediate,10,0
154f51c1-0af8-4aed-8426-c11018abc5c1,2026-05-05 04:43:51,Erica,51,IT,Для работы,Elementary,120,0
f5e15937-cbdb-4402-8a5a-55d5c13ce0a9,2026-04-01 21:14:51,Jessica,18,FR,Для путешествий,Advanced,120,0
e7de473c-67a6-4c85-97f6-9dbfe47cdfbf,2026-04-06 18:26:51,Joan,25,DE,Для работы,Elementary,20,0
36ed0a07-46ff-407c-b552-ee1796d5f43d,2026-03-25 12:50:51,Olivia,41,RU,Для путешествий,Advanced,60,0
c648ed73-4dad-4f5a-9663-4e2bcdffc25e,2026-04-23 15:53:51,Madison,26,US,Для путешествий,Advanced,30,0
ec7ed6e0-217c-4f67-bdd0-ce0c92b7e1ba,2026-05-21 04:41:51,Joann,28,IT,Для учебы,Intermediate,5,0
c34db5d7-be71-4883-afd6-a5d885b214bf,2026-04-14 23:43:51,Jerry,53,FR,Хобби,Elementary,60,0
7c263845-6793-4f93-94af-8a77a4097c31,2026-04-13 09:57:51,Kevin,20,DE,Для работы,Advanced,120,0
3b1a91a4-bda1-4ca6-9df7-93eae67ada35,2026-04-10 21:40:51,Jeremiah,20,FR,Хобби,Elementary,45,0
02835e10-ed36-4e07-b89e-da2542279605,2026-05-18 07:07:51,Ashley,43,DE,Для учебы,Elementary,20,0
6bc4b581-a55f-482e-9256-13dabf9ef1d2,2026-03-18 10:24:51,Amanda,39,IT,Для путешествий,Elementary,60,1
ce60014a-a367-4b51-a84a-5e42354302b2,2026-04-04 21:59:51,Eric,34,IT,Для работы,Beginner,20,0
86000112-fff4-490c-a55b-29648719faf3,2026-03-31 04:25:51,Kevin,16,DE,Для работы,Elementary,120,0
d6887ab4-aa14-4b46-9fc7-82d44871e40c,2026-05-04 04:05:51,Nicole,39,ES,Для работы,Elementary,45,0
25113b74-28fb-4a76-ac47-dd9a07430190,2026-04-20 20:16:51,David,38,ES,Хобби,Advanced,15,0
511bed2f-bbf2-45c1-987a-d275a1a58eb8,2026-03-06 19:30:51,Shelly,46,ES,Для путешествий,Advanced,45,0
1739b74f-fdb4-447f-947e-bdd7607657be,2026-03-09 08:54:51,Donna,50,RU,Хобби,Elementary,10,0
c796ce76-f7bd-48a9-b732-feaf3c026524,2026-05-30 03:21:51,Mary,54,BR,Для учебы,Elementary,15,0
2748bcd0-7b55-427b-9684-b1cd23ec75ae,2026-05-28 11:18:51,Julie,22,DE,Хобби,Elementary,15,1
0f926386-30ef-47b4-bb41-c60986e06497,2026-05-01 03:38:51,Jennifer,17,DE,Для работы,Intermediate,60,0
84ade34f-451b-4149-8def-1524fd4bc0cb,2026-05-07 21:08:51,Savannah,41,RU,Хобби,Beginner,20,0
a6c89966-1597-4b0b-9dff-f4a9306fb692,2026-05-13 09:37:51,Tammy,43,BR,Для работы,Elementary,90,0
e6707fd7-8d32-4dcf-ad8f-eb9e06286930,2026-05-10 18:38:51,Joel,19,RU,Для работы,Elementary,15,0
280c5ab8-70a7-42f7-b7ae-e1c666cb3866,2026-03-26 17:28:51,Jason,29,BR,Для работы,Advanced,20,0
0e751ec8-5109-47c4-947f-6acd033743a0,2026-03-25 17:42:51,Joseph,52,DE,Для работы,Beginner,5,0
48abddec-69df-461c-8e07-f60645ca8053,2026-05-17 10:22:51,Claire,17,US,Для работы,Beginner,90,0
ec5b2d22-6736-41e3-9cd6-b6565bb4f89e,2026-04-10 09:23:51,Brittney,55,US,Для путешествий,Beginner,45,0
2178feea-df6e-445f-bd64-080042b87f1b,2026-04-09 19:45:51,Jody,19,ES,Для работы,Intermediate,15,0
bf4059f6-2ce1-4408-bcad-8373da7a308b,2026-04-01 12:19:51,Brenda,26,RU,Хобби,Intermediate,5,0
001d6ec9-7e26-46f4-b2f9-361930690540,2026-05-02 16:35:51,Sabrina,48,FR,Для учебы,Elementary,15,0
83da8cbd-de7a-4811-9b2c-9c963e5e8385,2026-05-09 22:59:51,Paul,25,US,Хобби,Advanced,120,1
37a401b6-5177-47f0-8201-8f2d5f884272,2026-05-09 22:38:51,Ryan,36,FR,Хобби,Elementary,20,0
f7d966a5-22b9-47e4-a82a-45c2bee01014,2026-03-06 16:29:51,Sean,55,ES,Для учебы,Advanced,90,0
9dc5633b-8fe8-4d50-a1c5-b1ee5cf9f4b1,2026-04-07 01:12:51,Douglas,40,DE,Для работы,Elementary,15,0
70defa0c-5631-4c54-94c5-1b7e66b1cfc8,2026-06-01 18:52:51,Michael,26,DE,Хобби,Intermediate,60,0
bcfb63a6-f6d1-469e-836d-8909b232b91f,2026-05-31 03:28:51,Edward,29,RU,Для учебы,Beginner,45,0
c1d8a081-ac2b-4e00-a898-49c5a20dd609,2026-04-05 14:11:51,Rebecca,25,FR,Хобби,Intermediate,120,0
ea7ab721-59c7-41be-9ef7-dd195db6ef4c,2026-04-25 06:01:51,Mary,36,IT,Для путешествий,Beginner,30,1
8d30d44a-ee10-4d8f-9596-05fb666fa4c7,2026-03-29 20:27:51,Natalie,55,BR,Для работы,Advanced,15,0
46d2693d-3ae1-4680-988c-f749d2a0d9f2,2026-04-24 18:12:51,Kimberly,48,FR,Хобби,Beginner,30,0
a492764f-3826-4d6d-b984-221a7e935b22,2026-05-01 19:40:51,Danielle,44,FR,Для путешествий,Intermediate,90,0
6c9e6eb7-0117-4efc-be07-c29dd9d4e55f,2026-03-15 23:56:51,John,24,IT,Для работы,Intermediate,60,0
f80364c0-61c4-46a8-a4b8-6daf9bfa2463,2026-04-06 18:14:51,Lindsey,37,BR,Для работы,Intermediate,45,0
611e131a-c6d4-4b68-a75d-8798b5ac3cc7,2026-04-23 12:37:51,Gary,22,ES,Для учебы,Beginner,10,0
bc2affa7-1a51-49f2-8a8c-8d35aa0583ae,2026-05-12 07:18:51,John,20,FR,Для путешествий,Advanced,15,0
50b724e4-1342-44e9-bb60-862bfcef1e87,2026-03-18 11:38:51,Jason,29,FR,Для учебы,Intermediate,30,0
fdef8867-3051-4edf-aa0f-b701eb57175e,2026-04-11 01:07:51,Tyler,39,RU,Для работы,Advanced,10,0
f51eeb2d-032c-4e51-b9dc-267ea01d8461,2026-03-04 19:06:51,Lindsay,35,RU,Для путешествий,Beginner,10,0
04be5ef2-afba-47d6-874b-bac3ed0bc17c,2026-04-01 15:39:51,Molly,37,RU,Для путешествий,Beginner,10,0
af5fc14e-fce7-496e-b7fe-072db31e4cd2,2026-05-28 03:10:51,Matthew,18,RU,Для работы,Elementary,10,1
dc908940-5f90-4322-b64e-13542357a58a,2026-05-30 15:20:51,Michelle,32,FR,Для путешествий,Intermediate,20,0
b92710e0-9115-4783-a764-376f556b91eb,2026-04-03 14:08:51,Angela,55,ES,Для работы,Beginner,120,0
59c4142b-99bc-4f74-9415-6a7af2af8e88,2026-04-19 18:20:51,Steven,33,BR,Хобби,Elementary,15,0
541d9c72-2e4e-4aeb-b7e0-14fb6b0c9b22,2026-04-21 08:12:51,Erin,30,ES,Для учебы,Elementary,20,0
21f53c06-76ce-4510-ab91-b0fe0f6af14f,2026-03-17 22:47:51,John,49,ES,Хобби,Elementary,45,0
623acd3c-a94c-41c9-a15a-04487bc47bff,2026-03-06 06:59:51,Dillon,18,DE,Хобби,Elementary,90,0
b6a9c65d-88e3-4855-b079-964f1d7797a1,2026-05-29 04:57:51,Carol,22,RU,Для учебы,Beginner,60,0
26a40718-81f5-4397-b8aa-630266a4e229,2026-05-03 23:48:51,Audrey,16,RU,Для путешествий,Beginner,15,0
2f312bd2-bd62-47f0-b07b-421e0544466b,2026-04-25 00:33:51,Ralph,24,BR,Для работы,Beginner,60,0
5af2958e-a131-4354-a3f5-b5e7648ba46c,2026-04-15 21:15:51,Angela,16,BR,Для работы,Elementary,10,0
863d620c-86fb-492c-b991-740668f081b9,2026-04-25 18:02:51,Tracy,24,IT,Для путешествий,Advanced,20,0
6d0c50c4-d87b-4a3c-aa46-723d28212113,2026-03-27 05:36:51,Patricia,42,US,Для работы,Advanced,15,1
d793ba3e-1442-4242-a43b-a2a123420927,2026-04-25 07:29:51,Timothy,29,FR,Для работы,Beginner,10,0
0b714ae2-29ca-4723-b612-28cfc8f5d6a9,2026-05-03 18:01:51,Michelle,37,US,Для путешествий,Elementary,90,1
28fe539c-edc1-41f7-89ad-040d37b8bd71,2026-05-18 19:38:51,Denise,51,RU,Для учебы,Elementary,120,0
d51bc080-7a7d-4ab7-b517-9663f9133ca6,2026-03-13 16:50:51,Lisa,28,DE,Для работы,Elementary,15,0
a52d1058-cf19-49b0-835f-ee3026ce673a,2026-05-07 23:19:51,Eric,41,ES,Хобби,Intermediate,30,0
19c25a5d-4f00-4910-9356-6f2ed14ec08b,2026-06-01 20:15:51,Troy,38,US,Для путешествий,Advanced,45,0
96679953-6f02-4678-936a-fda21bd614b4,2026-04-02 08:01:51,Amanda,52,FR,Для работы,Advanced,20,0
e95f89f3-4603-41df-a00e-d1632ae176a6,2026-04-12 12:58:51,Tammy,53,BR,Для работы,Elementary,30,0
1b9d2e3b-0dcd-4931-bd93-e0511d20bac0,2026-03-08 18:32:51,Evan,35,US,Для путешествий,Elementary,60,0
8a42e8c4-3bda-42ba-83b6-e55b4d71725d,2026-05-13 23:29:51,Christopher,22,IT,Для учебы,Intermediate,10,1
ddb84975-c7bc-4fbf-84fb-f299e865e933,2026-05-10 12:38:51,Ricky,20,RU,Хобби,Elementary,10,0
7e751c1e-fda4-4120-be11-4c0c91aff7ed,2026-04-08 16:13:51,Sierra,42,US,Хобби,Beginner,30,0
cfad738c-39f6-49c4-9f28-8ac091eb879c,2026-04-28 00:57:51,Debbie,54,US,Хобби,Beginner,5,0
b6041daa-a085-420c-87fe-23a16f75bad1,2026-05-28 05:55:51,Kathleen,46,DE,Для работы,Elementary,5,0
fa72790d-a413-47af-bfed-ea52ff72a972,2026-05-25 19:53:51,Monica,27,IT,Хобби,Elementary,60,0
669e7104-805c-43d2-8a17-de3d6f11701e,2026-05-26 04:01:51,Rachel,43,DE,Для работы,Advanced,90,0
b0a4da91-486f-42a4-91ab-296cc7dc52ef,2026-05-09 09:34:51,Kenneth,26,BR,Хобби,Intermediate,45,0
68d3eacd-59d6-44f1-aa12-bca17217dbfb,2026-04-13 22:22:51,Tonya,48,US,Для работы,Intermediate,60,1
2cceb949-7f3b-4d20-8e5d-98ee2ed0660d,2026-04-06 18:26:51,Jamie,41,IT,Для работы,Beginner,60,0
6cdc0ed2-496b-487e-b1d8-b043ff7c8392,2026-05-12 02:59:51,Traci,24,ES,Для учебы,Elementary,5,0
f027e2d6-ef76-4b74-a930-2cc96567a1ac,2026-03-16 08:15:51,Robert,38,US,Для путешествий,Elementary,10,0
1675c033-1d3d-484f-b739-610946cea895,2026-03-09 20:05:51,Dorothy,53,FR,Для работы,Beginner,60,0
5f1e9ee7-5f28-444e-845e-b5e1b750f07e,2026-04-06 12:58:51,Jennifer,20,IT,Хобби,Beginner,10,0
40dd0fb1-df99-452f-9bf2-31edf312a1b7,2026-05-06 09:49:51,Don,48,RU,Для учебы,Intermediate,10,0
652bf45f-6b87-443d-a48f-9d23ac7f446b,2026-05-04 10:44:51,Anna,24,FR,Хобби,Intermediate,120,0
244c77cc-2e64-4387-831a-a6b49e11b3dc,2026-05-12 04:21:51,Jennifer,29,RU,Для работы,Elementary,20,0
78e8b3e0-b2ff-4c44-aa58-57f606eeb93d,2026-04-20 06:54:51,Steven,35,RU,Хобби,Intermediate,10,0
807fdc5b-028b-421a-9b16-356dd6567528,2026-04-15 02:28:51,Kirsten,38,FR,Для путешествий,Beginner,120,0
6980cf4c-99a8-4fe8-9912-40f2fd3e7d9a,2026-04-04 17:26:51,Robin,45,DE,Для учебы,Intermediate,30,0
90b09fa9-e4aa-428b-b98d-1b7212089a3b,2026-04-12 21:14:51,Sara,52,US,Для путешествий,Beginner,120,0
0f8d218b-7ff8-4de1-b464-cd33d8924822,2026-04-09 15:29:51,David,51,FR,Хобби,Elementary,5,0
aa651b94-90ad-42d8-a129-9f0456e4a662,2026-05-09 08:02:51,Travis,29,IT,Для учебы,Intermediate,120,0
0bf8d104-41e3-4844-863e-672ae8cabccb,2026-03-16 17:22:51,Robert,39,FR,Хобби,Beginner,45,0
744729cf-0c7d-4a07-92a5-480876d6a157,2026-04-13 03:13:51,Matthew,23,DE,Для путешествий,Beginner,5,0
6deacedf-be54-4c7a-b6ad-6ddfa0d94f87,2026-04-22 20:14:51,Stephanie,44,US,Хобби,Elementary,20,1
bb5ece78-e63a-4d11-81ec-790219e57f10,2026-06-01 12:39:51,Matthew,47,US,Для путешествий,Advanced,45,0
2af5f4dc-570e-4b5a-b4cd-a649d89cadd3,2026-03-28 12:53:51,Brian,32,ES,Для работы,Elementary,10,0
d3425723-d5b1-474a-8cd8-7575d841b7c0,2026-04-24 03:06:51,Pamela,30,FR,Для работы,Beginner,10,0
6867e181-ca42-4199-a0e6-d4a1be3dd196,2026-05-08 14:57:51,Maria,16,US,Для работы,Advanced,90,0
57da3259-4c6f-4bff-a430-25328e4d1518,2026-03-07 22:41:51,Sean,27,RU,Для учебы,Beginner,20,0
92f8edf8-805f-4361-81b0-115d6f1c5263,2026-04-28 23:20:51,Kristin,21,FR,Хобби,Advanced,120,0
f59b732b-6a96-4fdb-ac5b-c90a30be55dd,2026-03-29 06:06:51,Kristen,30,ES,Хобби,Intermediate,120,0
00930877-a63b-49d0-adeb-e0dc928b3f7e,2026-04-02 05:20:51,Kayla,27,RU,Для путешествий,Elementary,15,0
5e7acca6-072b-4256-8a47-e7b913f060f3,2026-05-27 10:36:51,Lisa,17,US,Для учебы,Advanced,10,0
eeb7df51-a0d8-40c5-9165-5729920c91ed,2026-04-23 20:25:51,Jennifer,18,US,Для учебы,Elementary,120,1
6e2f185f-762e-4187-b85c-cb18f7dbb478,2026-03-20 03:54:51,Matthew,31,DE,Хобби,Elementary,5,0
de3e9f9a-7a95-47f1-804d-ccb61a8a0e53,2026-05-22 06:15:51,John,29,US,Для путешествий,Beginner,10,0
52050102-3cce-4865-8cc4-8ba01f59fbd9,2026-06-01 00:44:51,John,29,FR,Хобби,Beginner,30,0
dab2753a-c416-4e8f-ab81-45aabc55d024,2026-03-05 13:59:51,Dawn,26,ES,Для путешествий,Advanced,10,0
ac5305aa-b0cc-4205-91e6-9ea4e7cf01b5,2026-04-05 07:24:51,Scott,28,BR,Хобби,Beginner,15,0
17fdefbe-bdf9-40b1-8746-d60babfc0a18,2026-03-13 14:38:51,Kimberly,46,FR,Для учебы,Intermediate,20,0
1fd80f95-006a-427b-98ea-a8399209fb8e,2026-03-13 00:49:51,Richard,22,FR,Для учебы,Advanced,20,0
75fbf1ce-3841-4d75-a5a5-29eda7a34b6e,2026-03-22 17:03:51,Mia,32,RU,Хобби,Advanced,30,0
9dcc27b8-aa9e-4225-a1a2-3769dc6a4fe4,2026-04-09 07:55:51,Walter,24,US,Хобби,Advanced,10,0
35cd9971-36f2-47d1-beb4-cfb022232869,2026-04-28 00:56:51,Jennifer,43,BR,Для путешествий,Elementary,10,0
1fff7313-df6d-44fe-9a20-5add820e04f8,2026-03-07 18:56:51,Jason,39,US,Для работы,Advanced,10,0
985976e9-ee4f-4022-b7e9-78b4daca1855,2026-05-05 01:35:51,Jennifer,21,BR,Для учебы,Beginner,90,0
aa6c5097-af4f-4ba8-9a1f-0d8c742fac28,2026-05-23 18:54:51,Carol,38,RU,Для учебы,Beginner,90,0
8748f26d-7f03-44d7-87e8-298b3738a825,2026-04-11 04:35:51,Cynthia,38,IT,Хобби,Beginner,20,0
5de57e84-7267-431d-954d-0e2631b0ae81,2026-03-29 16:38:51,Antonio,42,IT,Для учебы,Beginner,60,0
0c76c4e8-b924-4afa-854e-16110000c332,2026-04-28 18:15:51,Paul,50,BR,Для работы,Advanced,10,0
fd23c6bc-fdcc-4395-8e63-542a4d21214d,2026-04-13 01:33:51,Stacy,19,RU,Для учебы,Intermediate,30,0
3a4ae4a7-fbeb-404d-8b0b-24a9e474f396,2026-03-20 21:57:51,Lisa,37,DE,Для работы,Advanced,90,1
add7ec05-81a6-4d6d-adb2-b5be01b98528,2026-05-09 03:39:51,Christopher,20,US,Для путешествий,Elementary,15,0
9f90468d-91c0-4b38-ab05-373f34a784a1,2026-04-22 10:17:51,Bryan,19,DE,Для путешествий,Advanced,15,1
187b0bdc-26b1-4f2f-8990-d9da024d1913,2026-05-06 18:31:51,Denise,54,ES,Для учебы,Beginner,45,0
901d14d7-3458-4348-b9c5-a9cc71295c39,2026-05-05 02:40:51,Kimberly,17,ES,Хобби,Advanced,5,0
c6962458-3746-487b-97be-60c31de7188a,2026-03-13 14:25:51,Richard,49,DE,Для учебы,Intermediate,20,0
877389bf-5d74-48d0-86c0-89d8ae62aca2,2026-03-31 17:31:51,Alexis,16,FR,Хобби,Elementary,10,0
075ba258-3a96-457c-b74a-a848f24ce309,2026-03-16 21:58:51,Samantha,22,FR,Для учебы,Intermediate,10,0
a03bcfdf-8cb7-454e-b041-84b5a830019c,2026-04-08 07:19:51,Amanda,35,DE,Для учебы,Elementary,15,0
8c6f153a-f127-44c5-b63d-137270171f32,2026-04-06 04:09:51,Cody,42,US,Для путешествий,Elementary,90,0
229bc42c-b47b-4c9c-8101-daa727e1eae6,2026-03-19 21:59:51,Veronica,37,RU,Хобби,Advanced,20,1
0eab4f8c-7d05-4b44-9a35-630318cec7cf,2026-03-30 17:12:51,Matthew,49,IT,Для путешествий,Advanced,15,0
3ae73df0-d514-492a-b694-48f3c5b1a4e9,2026-04-04 20:38:51,Chris,36,BR,Для работы,Elementary,15,1
a9593a9a-5580-4bd7-b40e-ed0ddb086e15,2026-03-15 06:00:51,Kevin,17,US,Для путешествий,Elementary,60,0
7f5af792-e371-459a-bcaf-08b3e1b446d5,2026-04-12 09:44:51,Albert,50,DE,Для путешествий,Advanced,5,0
840ee523-14dd-4476-aad8-2867413b5e71,2026-03-11 11:27:51,Brenda,43,IT,Хобби,Beginner,15,0
1d8004f6-267e-4f94-b526-c56601ef5fbc,2026-03-18 04:00:51,Shannon,20,IT,Для путешествий,Beginner,45,0
5431916a-9e95-4d0f-98d0-8e2ca9f0ac95,2026-03-28 05:50:51,Andrew,29,FR,Для работы,Beginner,30,0
f4b26f07-6334-409d-938a-d9bdf49e255a,2026-03-11 09:53:51,Adam,35,FR,Хобби,Intermediate,15,0
1c13ca26-5624-45ab-8976-d82d9a991115,2026-03-10 10:35:51,Fred,41,BR,Хобби,Elementary,45,0
40ee81b4-fe03-4a0c-ab67-ab835b12b2b0,2026-05-26 02:32:51,Jerry,55,ES,Для путешествий,Advanced,45,0
3cb7fe6d-7aed-46fe-a4b4-a6afd7419b38,2026-05-25 23:03:51,Tammy,29,ES,Для путешествий,Beginner,120,0
401cb33c-55fe-4661-95c2-c24f502f3293,2026-03-21 14:38:51,Sabrina,17,ES,Для учебы,Advanced,30,0
ea607f3a-01ed-446a-9f46-c898687f1efc,2026-03-24 04:38:51,Zachary,35,RU,Для учебы,Elementary,10,1
75faa3d7-eb78-42e8-bf32-fede9d412688,2026-04-08 23:32:51,Charles,25,RU,Для учебы,Advanced,30,1
e1d85dcc-16ef-494c-9cb0-d99ac88c80f4,2026-05-26 02:39:51,Alejandro,36,IT,Для учебы,Elementary,20,0
b07e91cb-ea9b-4fa5-9582-6c96355a4c05,2026-03-16 03:07:51,Robert,55,DE,Для работы,Elementary,20,0
e3e3f79b-c087-4db0-af57-f9b5af6f70a3,2026-03-11 06:55:51,Logan,29,IT,Хобби,Elementary,90,0
7a18210a-368c-412d-911e-e4f1b330ba29,2026-05-28 08:53:51,Ryan,42,DE,Для путешествий,Intermediate,90,0
4a368ba9-9afb-4ccf-bd38-5ceea3b6d81b,2026-04-05 12:42:51,Amanda,38,BR,Для учебы,Beginner,10,0
f21eda7a-02d4-48ef-b401-97410bcfc479,2026-05-26 10:15:51,Rebecca,16,ES,Для работы,Advanced,20,0
55056005-1d23-4ccc-8577-e8dd4c22392a,2026-04-12 11:48:51,Jason,23,IT,Хобби,Intermediate,120,0
c6c0a8c3-ce50-43ef-8c87-213ee3b64e88,2026-03-10 19:21:51,Benjamin,33,IT,Для учебы,Advanced,20,0
15fcfa3b-bf6e-404c-b824-2c057d65e0d3,2026-03-28 23:27:51,Eric,42,BR,Хобби,Beginner,45,0
62101937-59ca-4e53-8328-814f839b295d,2026-05-11 19:58:51,Kaylee,44,IT,Для работы,Elementary,10,0
a02931f9-261d-4468-ab53-06e65454f266,2026-04-05 23:08:51,Daniel,37,IT,Для путешествий,Intermediate,15,1
36593650-7e17-481d-a4c5-0bec11543e8c,2026-05-18 07:47:51,Jimmy,53,RU,Для учебы,Advanced,60,0
686bbba0-a9aa-46e0-8eb7-c59680200ed6,2026-05-21 18:05:51,Ronald,39,BR,Хобби,Advanced,120,0
4eded509-79a1-498e-a2d7-655931057365,2026-05-18 04:21:51,Jonathan,36,RU,Хобби,Advanced,20,0
36fc6952-8cd3-44ef-9c0c-51cdcb09e189,2026-05-01 17:36:51,Javier,49,ES,Хобби,Elementary,10,0
26b06e6f-0025-4f52-a22e-6ae9ad69ed65,2026-05-19 22:40:51,Matthew,51,US,Для учебы,Intermediate,45,0
564e5d79-2a5c-4221-be8e-dd2b23a17116,2026-04-19 20:42:51,Heather,48,DE,Для учебы,Elementary,60,0
9f0f2b96-14c0-4144-9ed7-ab572dedac1c,2026-05-10 20:57:51,Alexandra,16,FR,Хобби,Beginner,10,0
76e11b85-1e19-4a2e-9b73-6b128fb60dc4,2026-04-29 22:00:51,Jenna,54,DE,Для работы,Advanced,20,0
3627a689-8d0d-4bf6-bad5-830326a8e5c3,2026-04-30 00:30:51,Victor,17,FR,Для работы,Elementary,20,1
2cd7c721-50fb-4044-a260-3c9a7cff944f,2026-04-02 03:06:51,Martin,21,FR,Хобби,Elementary,120,0
97ae7fcd-4a14-456c-9de5-7525c830b518,2026-05-23 02:40:51,Linda,37,ES,Для работы,Intermediate,20,0
4bca851e-d09f-4236-8f91-40c5bd95d72b,2026-03-05 03:26:51,Patricia,44,DE,Хобби,Intermediate,10,0
a8de9403-ed9c-4793-aa98-2f2c2fa7d80d,2026-04-18 11:22:51,Benjamin,42,ES,Хобби,Elementary,120,0
dc97e186-40d1-465c-9374-c7cfa00f69f5,2026-03-22 14:36:51,Anthony,30,DE,Для путешествий,Advanced,120,0
9eada3a6-4551-4505-bc7d-0145a9ca072f,2026-04-24 13:25:51,Aaron,50,IT,Для учебы,Elementary,20,0
b25c28de-d2be-4d30-811a-e83644759abe,2026-04-26 07:23:51,Jennifer,48,IT,Для работы,Beginner,60,0
242943be-da7f-4dce-9631-e1d5b1237dcf,2026-03-11 00:11:51,Christopher,53,DE,Для учебы,Intermediate,30,0
a22e1488-621b-43f4-b53e-127d4c132d30,2026-05-05 04:50:51,Brandon,52,ES,Для учебы,Elementary,45,0
dcd8b241-712f-4cc2-8380-6337ce88895c,2026-05-10 21:53:51,Michael,28,ES,Для путешествий,Beginner,10,0
82fb4294-3145-4d1e-859b-70fb9b8551b5,2026-05-05 23:13:51,Jason,19,RU,Для учебы,Elementary,60,0
49312bf3-9e61-4780-8288-5955e2de2178,2026-03-11 15:23:51,Jose,19,IT,Для работы,Intermediate,30,0
91a75b94-a0bd-4ef7-96af-3f9bf5acb937,2026-04-18 12:11:51,Debbie,48,ES,Для учебы,Beginner,5,0
b9dbd16e-6ad3-4ad8-a1dc-6a474c4b4473,2026-05-26 01:14:51,Robin,24,ES,Хобби,Elementary,5,1
7e9e28f9-1b60-4ae9-882a-97667b378dfa,2026-04-07 11:44:51,Emily,19,IT,Для работы,Intermediate,45,0
73de16d3-a7c2-47f6-903b-d216c230ba8c,2026-04-02 23:55:51,Jason,40,ES,Хобби,Advanced,20,0
1f3920b2-358a-4946-bc7c-b51533a50124,2026-03-16 04:39:51,Tyler,46,BR,Для работы,Advanced,60,0
d5d90879-a454-43ce-b6c1-e5d38cad6c1c,2026-05-21 13:15:51,Eric,20,BR,Для путешествий,Intermediate,20,0
f589cbc8-19bb-48ee-9017-472012f63d7b,2026-04-01 07:02:51,Kenneth,34,FR,Хобби,Beginner,45,0
b6d67446-0faa-4146-baee-6632c6737f34,2026-05-25 23:39:51,Alexa,39,DE,Для учебы,Advanced,5,0
195253d9-e513-484c-b021-e938b62ec033,2026-04-16 15:49:51,Jessica,17,ES,Для путешествий,Intermediate,10,0
364511cc-d0a6-4c18-bc23-1101180df397,2026-04-12 14:10:51,Mark,48,BR,Хобби,Beginner,120,0
742c81d6-e71c-4b29-bb00-ce012462a97a,2026-03-10 05:35:51,Anna,41,IT,Для учебы,Intermediate,15,0
2c42e736-3dc4-458b-b126-c5ae182e6261,2026-04-28 04:10:51,Jasmine,34,US,Для работы,Beginner,90,1
0197e867-7b6e-4c8b-83e0-a745d229d9f1,2026-04-04 12:28:51,Michael,48,DE,Для учебы,Elementary,20,0
59511011-bd75-41e7-9682-5f7ef1f32855,2026-04-29 05:50:51,Shelby,42,IT,Для работы,Intermediate,20,0
bf27ad19-16e5-4964-abe2-6e7c339a9c14,2026-03-23 16:48:51,Theresa,22,RU,Хобби,Beginner,90,0
9437cd98-85cb-4efe-901d-af2a5c7e9af1,2026-05-13 13:23:51,Linda,28,ES,Для учебы,Advanced,5,0
6d1e84fe-b933-4ce2-a579-01570e4f8572,2026-04-05 19:20:51,Renee,43,BR,Хобби,Advanced,45,1
9cd62790-7a7a-4031-92a3-111dc41bda1e,2026-04-14 12:23:51,Hunter,36,DE,Для учебы,Beginner,15,0
dde412a4-aa58-450a-af6d-56a3c8fe410f,2026-04-11 18:19:51,Cathy,26,ES,Для работы,Advanced,90,0
0abee375-69c8-4a59-a223-4ab7da33b6af,2026-03-06 15:20:51,Madison,20,IT,Хобби,Beginner,60,0
c3e83c37-85e2-45ec-adf0-7875d2305396,2026-04-06 10:07:51,Lori,52,ES,Для путешествий,Elementary,5,0
e2683db2-ac3d-4436-89df-035a8f91ce36,2026-03-13 03:02:51,Kristine,52,IT,Для работы,Advanced,5,0
81c02f9b-8954-4f20-ab8b-ce80ba908ff3,2026-03-05 12:12:51,Timothy,17,FR,Для работы,Intermediate,90,0
5a86a9da-f627-40b2-b409-b6c223792693,2026-05-31 05:09:51,Donna,20,ES,Для путешествий,Advanced,45,0
f887ccb2-2a99-450c-bfc6-59c1d5d85c66,2026-03-12 02:43:51,Teresa,22,FR,Для путешествий,Intermediate,90,0
958faf3c-e3f2-4825-b61a-d31b5a721b59,2026-03-06 11:13:51,Christine,39,IT,Для путешествий,Beginner,10,0
a88ff5c5-7e9c-4e7d-bc88-417454bc37c3,2026-06-02 04:14:51,Ashley,49,ES,Для учебы,Beginner,20,0
8fe7a279-e7d8-4482-9ab3-aea9e79f6d47,2026-05-17 10:51:51,Jonathan,55,US,Для учебы,Elementary,30,0
4ff3e10c-b52a-414d-84f6-43b595559b27,2026-05-05 04:13:51,Melissa,18,US,Для работы,Elementary,20,0
75a270da-932a-4e96-b377-548169aba386,2026-04-09 21:03:51,David,43,DE,Хобби,Advanced,15,0
a7b49614-c91d-4e2d-92f2-ecf59e8a83d2,2026-04-07 15:14:51,Lisa,28,FR,Для учебы,Beginner,5,1
d57a6917-8b0a-43ad-b8e9-28b26326a5aa,2026-05-09 05:58:51,Alicia,42,RU,Для работы,Elementary,45,0
f6b85489-06b6-40ae-9d6e-7489903ddbc0,2026-04-25 10:32:51,Andre,27,IT,Хобби,Beginner,60,0
86da1d6c-1da7-4ac5-976e-48619e6fa607,2026-04-18 07:17:51,Andrew,41,US,Для работы,Intermediate,90,0
dd6f11d7-74ff-4c7a-85c5-75fa41c3301d,2026-03-08 00:30:51,Michael,48,ES,Для работы,Beginner,15,0
4a87bd01-04f7-49da-8393-5e2ca99e4c17,2026-04-07 23:51:51,John,31,FR,Для путешествий,Intermediate,30,0
c8ea8cb9-e3c0-41a3-ba63-2c5bd5da96f2,2026-04-09 13:13:51,Lawrence,28,BR,Для учебы,Elementary,90,0
09c02435-83c1-43d6-a69d-110735b1eb55,2026-04-21 00:59:51,David,31,US,Для путешествий,Elementary,30,1
891becba-bf99-4aa9-aec7-591a4c310584,2026-05-30 18:30:51,Danielle,50,FR,Хобби,Beginner,20,0
88bab66d-09d1-460c-a493-f3b64e1d7d13,2026-04-09 06:38:51,Leslie,39,FR,Для работы,Advanced,20,0
ccd0f412-27ea-4913-9ae2-28e176fedb0b,2026-03-10 20:01:51,Ryan,48,ES,Хобби,Advanced,15,0
66c0b939-5679-4fbe-874a-8ceab901306c,2026-05-04 10:09:51,Timothy,51,DE,Для путешествий,Beginner,15,0
567c314c-517b-4bb2-a7ea-dd10b8803714,2026-04-01 04:05:51,Paul,44,IT,Для учебы,Elementary,10,1
ff5b8bb9-0b33-447b-954a-bbec3ffdba01,2026-05-27 13:20:51,Jessica,52,FR,Хобби,Beginner,45,0
f7bbfa96-c411-41b1-ae4d-08e56b3b16df,2026-05-23 03:50:51,Julie,40,IT,Для путешествий,Intermediate,20,0
688b006f-3749-488e-8115-231b7a714970,2026-05-30 20:25:51,Ann,26,ES,Для работы,Beginner,120,1
19c75184-cbd8-4c4a-81f1-6fe3c5f710d7,2026-05-31 10:37:51,Kara,45,RU,Для учебы,Elementary,10,0
7c94a49e-a78c-4a94-8a0e-b936e0c099a2,2026-04-05 21:22:51,Christy,46,DE,Для учебы,Elementary,120,0
33ccad77-7fba-4a15-9ce8-d2467fcec07b,2026-03-07 01:38:51,Jacqueline,20,ES,Хобби,Advanced,90,1
1a4900a9-9d61-4729-940a-7ca6bc483ba7,2026-05-19 18:52:51,Ashley,54,IT,Для учебы,Elementary,30,0
6ccbfd14-70a7-4f78-b514-8d979ef8605f,2026-03-07 16:30:51,William,38,IT,Хобби,Intermediate,120,0
e3f49ef8-f5c8-44d4-8089-dc2e98ceadc8,2026-05-01 02:57:51,Ashley,45,US,Для работы,Elementary,20,0
a5aaa7f3-3ac1-487b-a269-97fdd1c5b519,2026-04-23 07:09:51,Sabrina,55,ES,Для путешествий,Advanced,90,0
3ca1073e-a607-4c97-b33c-4087cd470c74,2026-04-28 15:29:51,Thomas,44,RU,Хобби,Elementary,30,0
049c13c9-4bbf-4319-8de3-a6655302899c,2026-05-18 00:03:51,Jose,23,IT,Для учебы,Elementary,10,0
89c57876-10e4-4f96-8f6b-3baf7d5ba485,2026-05-07 12:53:51,William,34,ES,Хобби,Intermediate,5,0
bc3b6090-ee9b-4a0a-9954-fd21e4448066,2026-03-12 15:35:51,Beth,43,DE,Для работы,Elementary,5,0
6dd02bef-0166-4a32-bf80-e8708963b290,2026-04-05 22:14:51,Jade,46,RU,Хобби,Advanced,90,0
985194d2-a0d1-4153-a4c8-0cf591289f2b,2026-04-17 04:07:51,Jennifer,44,BR,Для путешествий,Beginner,90,0
3d7cbd6f-ce96-4384-aa6c-6ab14d6e9df2,2026-05-30 01:15:51,Vanessa,54,RU,Для работы,Intermediate,30,0
14177f3f-9c0e-4b9d-9903-3213075f4847,2026-04-29 02:03:51,David,36,IT,Для учебы,Elementary,45,1
b62a8177-75ef-4425-869c-6eeabf21bc34,2026-03-22 00:26:51,Tina,22,ES,Хобби,Beginner,10,0
144fa81f-2564-4dcf-b850-1e8b31fc4e82,2026-05-06 18:01:51,Jennifer,28,ES,Для работы,Advanced,20,0
6f77e32a-1968-4dbb-b73c-85045b5cf559,2026-04-10 20:32:51,Christina,30,RU,Для путешествий,Advanced,90,0
1116a9dc-b38a-49f5-9234-bc636f6f4ac1,2026-05-08 00:22:51,Robert,20,RU,Для путешествий,Intermediate,5,0
1b7c6ff1-9fa1-4cee-a233-aec42222c33c,2026-05-25 05:40:51,Alex,34,US,Для учебы,Intermediate,30,0
4e7f4e21-b462-4f22-a19b-c07cca5cc0c7,2026-03-15 15:30:51,Alexander,24,FR,Для путешествий,Elementary,120,1
2a7288d7-a9c5-4ee2-9be3-707c4c114178,2026-04-11 05:00:51,Annette,49,IT,Для работы,Elementary,15,0
21cfa271-50c9-44c4-ab3b-a3cbfda89962,2026-03-29 12:47:51,Brandon,45,IT,Для путешествий,Elementary,45,0
90d3ea6c-d707-4b6d-ba4f-977327f6e0c2,2026-04-02 00:01:51,Holly,51,RU,Для путешествий,Advanced,20,0
be753c62-20d1-4224-8f9d-cb1e0d25e44e,2026-05-25 02:48:51,Mary,48,IT,Для работы,Intermediate,15,0
01cb323e-7140-4a38-9943-11806ed6a4bb,2026-03-25 10:24:51,Krystal,35,FR,Хобби,Beginner,90,0
99e98a7a-ea3c-47e7-ac1a-e5752fce9fee,2026-03-05 10:37:51,Shawn,31,RU,Для учебы,Beginner,5,0
3d2b8f2f-5f0e-4ce9-b4c9-f166f4a950a5,2026-04-20 02:33:51,Earl,40,ES,Для путешествий,Intermediate,5,0
64a38a24-33ab-41e0-b2ee-3b11cabeac2c,2026-03-29 13:16:51,Nicole,38,FR,Для учебы,Intermediate,10,0
d2744b93-716d-43f9-98d7-a0c50323e623,2026-05-18 22:55:51,Michael,33,DE,Хобби,Beginner,45,0
9913c662-3138-4ced-9419-e7259b80e7e1,2026-03-16 23:49:51,Dana,32,IT,Хобби,Elementary,90,0
e4f48b9d-02c1-4ce5-bfd0-55ff51890b4c,2026-03-20 21:12:51,Jessica,36,US,Для учебы,Advanced,90,1
cd80cb04-318a-4ce4-ac7b-6d2831a15848,2026-03-25 20:33:51,Patrick,16,DE,Для путешествий,Beginner,90,0
d1029310-e080-4656-a876-52bba22bc8a5,2026-03-27 07:22:51,Debbie,24,ES,Хобби,Beginner,45,0
53fdc79e-eeb4-4c1b-8127-64475fc341a7,2026-05-09 22:29:51,Eric,47,US,Хобби,Elementary,10,0
c9f29e98-fdee-473b-b33d-185cb3ab225a,2026-04-27 00:07:51,Mark,19,DE,Для путешествий,Intermediate,120,0
561aaec4-045d-4039-b2e6-afa0f192376e,2026-05-11 16:46:51,Chad,40,ES,Для путешествий,Elementary,10,0
aa077ad0-8273-4504-949a-54537af1c193,2026-03-30 02:35:51,Joshua,54,RU,Для путешествий,Advanced,120,0
989b0379-b1e6-4bf9-b53e-ff320fd114ec,2026-05-22 03:28:51,Zachary,20,DE,Для путешествий,Beginner,60,0
0cf3719e-773d-4f05-8fc2-4e44f8b60ba5,2026-03-27 13:40:51,Amy,33,BR,Для путешествий,Intermediate,15,0
9a4a58eb-befe-4e5e-b0e9-5f3b63c282b8,2026-03-28 09:29:51,Sean,22,DE,Для учебы,Advanced,15,0
3ec30ec0-0aef-4b3f-b95d-4cfcf239950b,2026-05-28 16:10:51,Hayden,28,FR,Для путешествий,Intermediate,15,0
781b678f-1870-43b8-bd96-f3cb4229aae8,2026-03-19 03:01:51,Richard,39,US,Хобби,Elementary,120,1
8b29d6f8-8ecc-4eee-a903-2941597706cb,2026-05-29 19:52:51,Valerie,30,DE,Хобби,Beginner,10,0
6d5ee133-0e2b-4deb-b549-44c49171d35d,2026-05-19 21:34:51,Anthony,45,DE,Хобби,Beginner,5,0
408d0f1e-c87d-4224-9099-b4c07cbe82c0,2026-05-22 16:14:51,Tyler,31,ES,Для учебы,Advanced,20,0
4d1776b4-ed5d-43e1-89bf-71735171ca01,2026-05-20 02:56:51,James,45,US,Для учебы,Elementary,45,1
2b532443-295c-4c10-91f2-33057aa527d9,2026-03-09 10:48:51,Ashley,26,US,Для путешествий,Elementary,90,0
601cdc84-f4f8-48a1-af63-6def620e266f,2026-05-01 03:16:51,Sarah,27,BR,Для работы,Elementary,90,1
3ebd70ab-55b2-48a2-afb9-d23e47021c95,2026-04-10 10:58:51,Jessica,22,BR,Для путешествий,Intermediate,10,0
f0fa3ad5-b939-4c26-9b26-9b7f94c488a1,2026-03-14 22:55:51,Ruth,19,DE,Для путешествий,Elementary,30,0
81d31371-155e-49d2-8b19-42152255186a,2026-05-20 17:19:51,Shawn,30,ES,Хобби,Beginner,10,0
bbb96b78-42f0-463b-827f-eafb65cbec1e,2026-05-18 03:37:51,Joseph,17,US,Хобби,Beginner,30,0
308df78b-78d4-462b-9b0c-c5caba476519,2026-05-12 01:30:51,Audrey,41,FR,Хобби,Intermediate,120,0
573adc7f-fea3-49ca-bf8a-20c24a2caefd,2026-04-06 07:44:51,Mariah,30,ES,Для путешествий,Elementary,20,0
a19a7e21-3739-4db4-8bab-6c6be67ac47d,2026-03-09 20:02:51,Blake,21,FR,Для работы,Beginner,30,1
bfe2ec78-37d9-4039-b0e2-1ab912445411,2026-03-07 18:22:51,Sarah,33,US,Для путешествий,Advanced,10,0
339bc914-4c85-4a8b-9372-923b0033ea71,2026-05-09 23:18:51,Ashley,37,IT,Для путешествий,Intermediate,15,1
45f2bc6b-c743-4dbe-a511-b0f9adbe8971,2026-03-19 06:28:51,Brittany,21,DE,Для учебы,Beginner,60,0
4a9df5d2-c33d-45d3-83fe-b1cf09b46202,2026-05-26 08:09:51,Richard,24,BR,Для работы,Elementary,120,0
057c9bf7-08c1-4451-baea-69ed8fcd3123,2026-03-16 05:41:51,Darryl,36,BR,Для учебы,Intermediate,30,0
5aec867b-60f1-40ff-8e18-7d5d036a1777,2026-04-29 13:57:51,Jasmine,30,FR,Для учебы,Beginner,45,0
ae8c21cb-7e33-4484-bc71-d81c116798e0,2026-06-01 06:44:51,Billy,43,BR,Для работы,Elementary,20,0
0fa2bad9-4789-4301-a5d9-677ffce8fcdf,2026-03-04 16:28:51,William,17,BR,Для работы,Advanced,30,0
4fb0a164-3df3-4034-ae1a-5624d4c8968c,2026-05-30 17:29:51,Danny,55,ES,Для работы,Intermediate,5,0
44ba72f9-d9ba-40a5-9ac6-5be127f7aa74,2026-05-15 03:02:51,Randall,26,FR,Для путешествий,Advanced,45,0
313ecd35-d6cf-4840-b483-2618664a4a71,2026-05-12 05:43:51,John,17,IT,Хобби,Beginner,45,0
6ceee63b-31ee-4a9b-a3e2-f5e63a30ccb3,2026-03-10 05:19:51,Joseph,24,DE,Для учебы,Intermediate,45,1
3e78f8ae-a8e1-4c08-80e8-7a362cd37733,2026-06-01 23:27:51,Christopher,47,DE,Хобби,Beginner,120,0
de238343-70b8-4a12-b4af-7594997bfa10,2026-05-07 03:15:51,Robert,54,FR,Для работы,Beginner,20,0
6663a2b9-63e2-4ca0-850d-63ad7702b1e1,2026-03-12 10:43:51,Kayla,52,ES,Хобби,Intermediate,90,1
47c8fd66-22e2-4bab-8461-6ab9018e9f45,2026-04-03 20:28:51,Carl,29,IT,Для работы,Advanced,30,0
a9f5d71f-aa6b-491f-967f-8d5c4c852e0e,2026-03-29 19:17:51,Jesse,53,ES,Для путешествий,Intermediate,20,0
009409a5-b1ac-47cc-8f44-9b264826248d,2026-03-21 11:13:51,Jasmine,27,BR,Хобби,Intermediate,30,0
c29c3bdf-4b3f-46c0-9c89-3ce2e3a0021d,2026-05-02 02:26:51,Shelly,52,IT,Для учебы,Elementary,90,0
cffbd12b-95dd-4346-9eec-c2463567c3cf,2026-04-29 11:05:51,Melissa,19,ES,Для работы,Advanced,45,0
eb1981c0-579c-4c9a-809d-94df4280e4a3,2026-05-22 20:36:51,Emily,28,RU,Хобби,Beginner,15,0
7e52b43a-b3ed-4968-a5a3-625a743f716e,2026-05-03 23:49:51,Gary,47,DE,Для путешествий,Advanced,5,0
71364897-e33d-490b-b93f-b950b8bd2a7b,2026-05-05 13:35:51,Sarah,38,DE,Для учебы,Elementary,20,0
f475de7d-ee17-4d3f-b191-6d7edb80bd74,2026-03-13 05:55:51,Cindy,43,DE,Для путешествий,Intermediate,45,0
e38c25eb-0136-4c62-abd6-f107f1f3d866,2026-03-06 20:29:51,Bonnie,28,FR,Для работы,Advanced,10,1
b136f33e-f625-4e03-8b1d-e80455b86aee,2026-04-14 15:40:51,Sylvia,30,BR,Для учебы,Elementary,15,0
7181140c-8b37-4da9-bcea-7ba90daac179,2026-03-05 19:01:51,Dawn,18,IT,Хобби,Beginner,5,0
de5087f7-018b-4827-a12c-22fa9bffb7a4,2026-05-28 23:40:51,Ashley,47,DE,Для работы,Intermediate,45,0
291f4f73-992b-4580-810f-b050ce689e09,2026-06-02 05:40:51,Andrea,47,IT,Для работы,Beginner,45,1
d6d10b9d-088f-49f3-bcb7-5aed477b98ac,2026-05-23 04:45:51,John,31,BR,Для учебы,Advanced,15,0
2c5a4d6d-455a-4b74-811a-513dfb416c65,2026-05-22 15:21:51,Patrick,24,IT,Хобби,Beginner,5,0
b8390882-af21-40e0-9a0c-e2f42045e75b,2026-04-03 09:05:51,Melanie,41,DE,Хобби,Advanced,45,0
dd3b57b5-44b8-4aea-92d1-0f53407d8b17,2026-04-07 14:48:51,William,52,FR,Для учебы,Intermediate,10,0
badf932a-fcaf-4f74-a22c-5af8c72a9cd6,2026-04-18 14:16:51,Mike,29,DE,Для путешествий,Beginner,15,0
91d57d91-f7b9-48fb-8a5d-f167a7c0a918,2026-04-21 23:30:51,Alejandra,46,IT,Для учебы,Elementary,45,1
acccc91e-fb01-46ad-a0aa-6cd3d227ed23,2026-05-30 07:52:51,Joseph,52,BR,Хобби,Elementary,20,0
5fb71b5a-8e8e-464e-8dfb-f849b3fa9c01,2026-05-06 10:16:51,Mark,50,BR,Для работы,Beginner,15,0
a8d61914-6f67-46a4-98e1-4e07addf6913,2026-04-16 06:06:51,Dorothy,55,US,Для работы,Intermediate,5,0
ec19c286-1354-42ba-bfac-981b9ab08c04,2026-04-25 21:35:51,Ryan,41,US,Для путешествий,Intermediate,120,0
110ccf1c-cb71-4e58-ab0f-d7ab009bc8b6,2026-05-14 19:43:51,Abigail,21,DE,Для учебы,Intermediate,120,0
c8f4bb98-07a5-4466-b399-46f582c6b0e7,2026-04-20 15:47:51,Steven,47,DE,Хобби,Intermediate,15,0
30d937fd-649b-4690-9a29-d854f337e98f,2026-05-16 15:15:51,Johnny,21,BR,Для работы,Elementary,45,0
1dc3c1a6-635e-458f-9197-11fecd87cdac,2026-03-15 20:54:51,Wayne,18,BR,Для учебы,Elementary,120,0
4970f32a-d6c8-4834-b21c-91b2e2e9c78a,2026-04-07 22:33:51,Daniel,22,RU,Для работы,Beginner,45,0
2ea2ce5b-230f-42be-b4bc-08dc22af7d2d,2026-04-21 09:20:51,Michael,35,IT,Для учебы,Beginner,10,1
06e68fd3-daaf-4589-8bbc-a6b0e50fadc9,2026-05-19 23:20:51,Heather,35,US,Для работы,Intermediate,120,0
99973967-ce86-4c8b-ae39-b745b1a9690b,2026-03-10 12:46:51,Sonia,21,IT,Для работы,Intermediate,15,0
24f42bde-25f0-488c-bee4-a47c302337d4,2026-06-01 06:30:51,Brenda,54,RU,Хобби,Advanced,10,0
47c8bb39-ed9f-4fdf-bfd4-cbe2f26429e6,2026-05-30 18:08:51,Jeffery,25,FR,Хобби,Beginner,20,0
6efc94fd-3862-4cdf-86b4-6aad8a7c06e3,2026-04-27 15:23:51,Sarah,34,RU,Для путешествий,Beginner,90,0
98531100-1693-4f36-a8a3-419bc0dd7679,2026-05-14 17:57:51,Ellen,51,ES,Для учебы,Advanced,120,0
3b1f3907-0fb9-4ab7-8afb-ac8f597ae9e0,2026-05-17 23:24:51,Daniel,38,FR,Хобби,Intermediate,10,1
78157f30-5313-46d7-ac15-e7244e63e858,2026-04-10 01:30:51,George,26,ES,Для работы,Intermediate,30,0
5ee346e6-df47-4eb3-9073-60da75a79a79,2026-05-17 17:56:51,Ann,49,US,Для учебы,Elementary,120,0
089590ef-1bee-4c00-83d0-26b24849db35,2026-05-20 08:12:51,Mary,54,ES,Для учебы,Beginner,5,0
b1d9de80-19b8-4b1e-81d5-db81146c765d,2026-04-15 17:57:51,Eric,32,DE,Для путешествий,Elementary,5,0
f2d23d84-26a3-4387-a849-6f75b49b0ea1,2026-05-17 10:27:51,Christian,35,RU,Для учебы,Intermediate,15,0
64ebbd55-421d-4266-b22d-7b2f789b2a0d,2026-05-07 19:58:51,Richard,27,RU,Для работы,Advanced,15,0
1d961cf6-27c3-448e-9a0a-7d9e2bd98c74,2026-03-26 19:00:51,Linda,36,DE,Для учебы,Intermediate,30,0
53e290fd-2755-49e1-9ac2-6bd1640083b9,2026-05-06 07:19:51,Stanley,48,IT,Для работы,Elementary,90,0
805d7b37-79d1-408a-a3ec-54447d27ee82,2026-05-13 19:50:51,Linda,47,DE,Хобби,Intermediate,15,0
679f7215-5998-4692-9fa1-c0f85838c52d,2026-04-02 13:18:51,Ashley,26,BR,Для учебы,Elementary,20,0
9fbf757f-9383-4a21-906d-b451681b905d,2026-03-11 06:45:51,Patrick,51,DE,Для путешествий,Beginner,90,0
08df1e51-66b3-453f-b94e-c8d64ba20f88,2026-03-07 12:54:51,Lindsay,27,DE,Для работы,Advanced,10,0
4920ca0a-c9ab-495e-b655-9f03eaae079c,2026-03-21 05:38:51,Kirk,18,ES,Для путешествий,Elementary,5,0
014f0259-4723-4da7-bf52-226776390d03,2026-05-24 09:29:51,George,50,BR,Для путешествий,Advanced,120,0
bb0a2aae-14d8-4aa3-a6dd-f06a85c1cf36,2026-03-07 04:54:51,Heidi,48,RU,Для путешествий,Advanced,10,0
f490329c-6fd8-4342-b779-ee516069d06d,2026-04-21 02:20:51,Donald,16,IT,Для работы,Beginner,10,0
3b4c20ef-c1e7-491e-a856-da47501f2bdf,2026-04-26 13:03:51,Paul,21,US,Хобби,Elementary,60,0
d0f7097b-fa3f-45e5-a492-13fd689c4836,2026-04-07 22:22:51,Robert,54,BR,Для учебы,Advanced,90,1
9a270165-f027-4fd1-b3b7-07a8e8164621,2026-04-29 14:26:51,Emma,28,BR,Для учебы,Elementary,15,0
ebdc4d7a-531c-4942-ae56-67d473cc5a5b,2026-05-13 14:49:51,Taylor,30,ES,Для учебы,Elementary,120,0
0c2c0023-97f1-4195-a480-bb0d1c93c5db,2026-05-07 21:12:51,Christy,44,DE,Для работы,Intermediate,60,0
593dcf0e-72a1-44bd-81b6-fcbc4a0609c5,2026-03-10 12:56:51,Joshua,42,BR,Для учебы,Intermediate,20,0
87e386ae-4b9f-451f-b4f2-e44fc40d5616,2026-05-16 22:04:51,Thomas,52,IT,Для путешествий,Intermediate,30,0
de2b48ed-0d3f-4387-9839-91bcff8d12c5,2026-04-20 02:05:51,William,48,ES,Хобби,Elementary,60,0
a8328f97-1a98-4fcc-9433-1503183611ea,2026-04-20 13:31:51,Jared,52,FR,Для учебы,Beginner,30,0
9df578e3-f7d5-4e58-8e4a-f11938fbd4e1,2026-03-04 14:55:51,Michael,24,ES,Для путешествий,Elementary,5,0
aec4d9ac-82ec-4bc6-8a9f-2a42d3cc67ae,2026-05-16 20:18:51,Lynn,35,IT,Для путешествий,Elementary,20,0
1825cbef-fd53-489d-a927-2f02cb7229b4,2026-05-21 15:01:51,Tonya,22,IT,Для путешествий,Advanced,15,0
e3182cbb-12d9-4a3d-ba86-335dbb876c3a,2026-05-02 21:52:51,Vanessa,28,RU,Для путешествий,Elementary,10,0
4ec7a63e-b381-4f5b-9cd6-b6c21e4ba198,2026-05-22 16:08:51,Elizabeth,28,ES,Для работы,Beginner,10,0
bdc75749-5268-4d23-9bfd-6a712efa81da,2026-03-12 09:56:51,Tracy,31,IT,Для работы,Beginner,10,0
8491dec4-17bf-4b6e-b663-e5ca7e5f359f,2026-05-13 09:35:51,Nancy,29,RU,Хобби,Advanced,10,0
d1aa029c-392b-4f6a-aaa8-e01725444b77,2026-04-27 00:57:51,Stephen,55,IT,Для учебы,Beginner,20,1
f666757d-0703-469c-8ce7-c2c361eb9bda,2026-05-19 07:45:51,Paul,24,BR,Для работы,Beginner,10,0
72d8598f-2dcf-495c-9f21-721c4a24c535,2026-03-06 14:04:51,Daniel,51,ES,Для путешествий,Advanced,90,0
d04046a4-ed78-4f02-93a2-d0f5ea86ee7c,2026-04-20 03:21:51,Alex,28,IT,Для учебы,Advanced,45,0
63301940-66e7-4d99-8de3-6b3173f3c585,2026-05-01 01:22:51,Michael,23,BR,Для путешествий,Intermediate,120,0
1a9a89ee-6159-46a4-866a-4ab038538732,2026-05-04 11:29:51,Matthew,34,DE,Для путешествий,Intermediate,10,0
c567c5b9-c291-458e-bf19-78355ab82627,2026-03-25 05:27:51,Cody,28,FR,Для работы,Advanced,45,0
7061ceda-033f-4126-a17c-08ac7811d35a,2026-05-14 07:57:51,Mary,35,FR,Для путешествий,Beginner,60,0
e4681899-1b19-4237-8829-a10fb2f79e53,2026-05-21 01:10:51,Regina,37,BR,Для путешествий,Intermediate,30,0
7f1d4666-a91d-4aa3-a5b9-e92f08bd56fd,2026-03-10 01:02:51,Rachel,23,US,Для путешествий,Beginner,60,0
53c94dbc-8da6-4e6f-948f-49384d1882da,2026-05-04 06:12:51,Jose,19,BR,Для путешествий,Beginner,15,1
797bccfe-25c3-4f8b-b808-f16ceabd5b73,2026-03-06 01:15:51,Jenna,19,DE,Для учебы,Intermediate,30,0
507f6760-6aa1-4bfa-acc0-654e83b6b144,2026-05-29 20:01:51,Nancy,40,IT,Для учебы,Beginner,60,0
b8c91785-b839-4378-ba54-7e1f9e778e8e,2026-03-23 21:06:51,Lisa,54,IT,Для учебы,Elementary,10,0
9384934d-e3fb-4454-b7c9-24276899f8b9,2026-04-06 03:43:51,Jeremy,23,ES,Для работы,Intermediate,20,0
fd2b3b02-e427-4244-8ab5-f6535f8b0142,2026-05-15 18:13:51,Shannon,46,US,Для учебы,Intermediate,20,0
706396ad-4580-44ad-ac01-fe63bf97ca1e,2026-05-30 16:56:51,James,48,RU,Для учебы,Elementary,20,0
4ff4a00c-19c8-4a28-81e2-5bb595e3d49a,2026-05-10 20:15:51,Matthew,54,US,Хобби,Advanced,10,1
d1e79616-c02e-4738-89bc-8abda05b1203,2026-03-29 23:47:51,Jeremy,53,DE,Для путешествий,Elementary,45,0
8599f13f-9bda-4ab9-9343-dd70e55bc982,2026-05-30 11:07:51,Rebecca,54,US,Для учебы,Intermediate,90,0
8145b98f-bc73-4def-bda5-ac720186615e,2026-04-30 09:15:51,Matthew,19,IT,Для учебы,Advanced,15,0
80229cc1-e558-4958-a990-c419299ec31c,2026-05-05 13:34:51,Devin,31,FR,Для работы,Intermediate,90,0
a4eb8155-c81d-4cbf-8b9e-77d54a802bec,2026-03-25 08:31:51,Tiffany,19,DE,Для работы,Beginner,120,0
5eca5bb9-05a2-42d6-bea1-f1b4fd00f676,2026-03-22 17:33:51,Christy,44,BR,Для работы,Elementary,10,0
bdf0046d-638e-46cf-ada8-8820fc9c3459,2026-05-28 18:14:51,Gabriel,22,FR,Хобби,Elementary,45,0
4dfbb76b-2542-47e8-9d99-6b7d0d84448c,2026-05-26 09:50:51,Larry,24,FR,Для путешествий,Intermediate,45,0
7c270c7a-0e06-49ab-b3e8-fcae70237d7c,2026-04-13 23:50:51,Lauren,21,DE,Для учебы,Advanced,30,0
6d4cf751-6103-4eac-b68f-c13f9de2da8e,2026-05-10 15:45:51,Joseph,55,ES,Для учебы,Advanced,15,0
53ba28b7-09c4-46ef-89c8-fe022e86cb4d,2026-04-20 20:24:51,Andrew,18,DE,Для учебы,Advanced,120,0
7bf363d6-673a-46f3-bb87-1664f46a414b,2026-03-07 20:33:51,Samuel,44,DE,Для путешествий,Beginner,20,0
f9e5d529-e703-495f-bad2-f87674659baa,2026-04-01 16:07:51,Amy,23,FR,Для путешествий,Elementary,60,0
12de5d6f-0dbe-48f3-833e-42172caa27d0,2026-05-25 07:54:51,Jack,40,RU,Для путешествий,Beginner,15,0
7574cc2b-7b7e-4eac-9459-47d17ebcad77,2026-04-11 23:17:51,Raymond,18,RU,Для учебы,Elementary,60,1
2074420c-b54a-440e-9196-05d8ce6e68ec,2026-05-29 00:01:51,Justin,26,DE,Для учебы,Elementary,45,0
90c3c30d-ba4b-4bcd-a463-51842a17a10e,2026-05-05 00:51:51,Joel,47,DE,Хобби,Advanced,120,0
a2ce6283-ac08-4047-b7b3-36ef04104a77,2026-03-26 18:46:51,Traci,42,US,Хобби,Intermediate,120,0
0d9a5440-6db1-4a40-a122-9f5d1363effd,2026-04-18 03:00:51,Wayne,39,FR,Для учебы,Advanced,5,0
5dd659b4-1644-4263-b7e5-c94cc8d7e215,2026-05-26 23:42:51,Sharon,48,IT,Для учебы,Intermediate,120,0
4a5df2ac-37b7-4001-a3b6-303bee07ed32,2026-04-04 15:31:51,Kayla,23,IT,Для работы,Elementary,20,0
17f36062-ed32-4187-ad5c-a8ea46bbb0f5,2026-05-23 05:04:51,Rebecca,39,DE,Хобби,Elementary,45,0
9163ed60-ac73-4b1f-a756-a77e1e31c816,2026-05-15 16:16:51,Nancy,20,US,Для учебы,Beginner,120,0
4b316fdd-af3d-4fd7-ba73-573cb59f544d,2026-04-15 15:14:51,Tamara,31,ES,Для учебы,Beginner,120,0
9277bf0f-e872-47f1-9ed3-3e580a498c4b,2026-03-17 01:26:51,Barbara,19,DE,Хобби,Beginner,5,1
1f746c79-cb9c-4ba4-9536-cb62995c082c,2026-04-01 23:32:51,Ashley,43,BR,Для путешествий,Beginner,10,0
2fa46de1-bdb1-467e-b28f-4612c50f3230,2026-05-04 07:39:51,Daniel,16,RU,Для учебы,Advanced,20,0
b8126173-658a-4677-b23e-d66a8d7aa167,2026-04-22 00:20:51,Marco,26,BR,Хобби,Intermediate,120,1
10fa6293-ca69-467a-b996-5a0f3b1a198d,2026-05-07 00:18:51,John,47,RU,Для учебы,Beginner,15,0
00b1b290-4708-40d6-90e2-72098bfb09fd,2026-04-30 19:58:51,John,43,US,Хобби,Intermediate,90,1
f881fae1-c59c-4a9b-b2d4-c38831f626ac,2026-05-13 02:47:51,Kevin,17,US,Хобби,Beginner,20,0
66a10383-0404-4bc0-b93e-ffde1f2bf98e,2026-05-02 09:22:51,Jose,49,FR,Хобби,Advanced,45,0
cbbe41b9-1341-45f2-bed5-92913b0bd0a2,2026-04-20 06:45:51,Michael,39,IT,Для учебы,Intermediate,120,0
b30daeb9-19f1-449b-a47d-5daa979a460e,2026-03-31 01:41:51,Jessica,38,IT,Для учебы,Beginner,10,0
9a3320e0-b107-4edd-9886-a3daa8e0f934,2026-05-21 19:40:51,Christina,38,BR,Для учебы,Intermediate,45,0
3e17e87f-4606-4268-adfc-a43e6162d14a,2026-03-19 22:43:51,Donald,35,ES,Для учебы,Advanced,20,0
7c0ed64d-2ea2-4eff-a3ac-90a6afa0ea33,2026-05-04 22:30:51,Taylor,41,RU,Хобби,Advanced,60,0
54542799-6519-4159-8551-55a7991c40aa,2026-05-24 18:55:51,Matthew,16,IT,Для работы,Intermediate,15,0
e8bf0a7c-6bd8-4256-b17c-34e2366ff126,2026-04-25 12:42:51,Thomas,19,IT,Хобби,Elementary,20,1
c80a7739-9c0e-4b87-b12b-aee212e3c80c,2026-05-12 03:52:51,Susan,36,DE,Хобби,Beginner,30,0
221074a7-b3ac-493c-8350-3049e3050cad,2026-04-10 08:38:51,Mark,31,FR,Для работы,Advanced,20,0
68c46bcd-4a83-47f9-8c95-32bb930e323d,2026-03-26 15:20:51,Joshua,38,BR,Для учебы,Elementary,120,1
60ad8275-807a-431c-b9d1-368fe58591d3,2026-03-14 10:11:51,Sergio,17,FR,Для учебы,Elementary,30,0
5dac8305-1b9b-4fd3-9d3a-27ecc758d04a,2026-04-17 10:16:51,Brendan,49,US,Для учебы,Advanced,5,1
a19e341b-2a73-4461-8277-d013f869e5a2,2026-03-25 18:10:51,Carrie,33,DE,Хобби,Beginner,120,1
e9f96399-dc4f-43e6-ad25-ddace8072aa7,2026-03-08 02:17:51,Thomas,22,BR,Для работы,Advanced,45,0
47006859-4f6d-4d18-9ce0-4b1f05ce9ff5,2026-05-15 10:32:51,Amber,27,DE,Для работы,Intermediate,45,1
cf157c2d-aee3-4ce7-afb9-a930db4178ba,2026-05-19 02:44:51,Ryan,29,DE,Для работы,Elementary,120,0
b12f05d5-280e-423d-87d5-abe26d925431,2026-03-15 19:10:51,Jessica,21,BR,Для путешествий,Beginner,120,0
2deafd6f-fbef-408f-80ec-d5d17d02918d,2026-03-19 18:39:51,Leah,28,FR,Для путешествий,Elementary,5,0
b58c2baa-7d0a-46d7-8157-cc31b80fcac2,2026-03-10 17:57:51,Dustin,42,DE,Хобби,Elementary,120,0
1aab0984-575f-4c08-b517-c43fe453dec0,2026-04-12 01:17:51,Stacie,45,IT,Для работы,Advanced,120,0
034c21e9-6b04-480f-9b88-9ddf51dc0b2b,2026-05-10 23:24:51,Carly,24,ES,Для путешествий,Intermediate,45,0
628301c7-c4ce-44e4-a755-62daf17a43ca,2026-05-07 19:29:51,Brooke,32,BR,Для учебы,Elementary,15,0
eea60fa1-946b-44bf-bf01-35dc81c825cf,2026-03-13 00:21:51,Justin,49,IT,Хобби,Intermediate,30,1
bef54d68-be92-444a-b982-dd1a480c163a,2026-03-29 15:44:51,Joshua,35,ES,Для путешествий,Beginner,15,0
3ffa0c15-1206-4ed7-8507-a833854f91d5,2026-04-05 06:25:51,Steven,34,RU,Для путешествий,Intermediate,120,1
8151ecc2-498e-4201-8912-050f142df0c9,2026-04-24 11:24:51,Cody,22,US,Для учебы,Elementary,90,0
22721a98-768e-4899-b7b9-659298cc302a,2026-03-30 13:55:51,Joshua,21,RU,Для учебы,Intermediate,10,0
10792a41-b661-4af8-9916-47bd2eddbb32,2026-03-25 09:05:51,Kimberly,43,FR,Хобби,Elementary,5,0
8bda7fc9-5819-480c-bab0-4cf106dee66d,2026-03-11 18:12:51,Clinton,30,FR,Хобби,Intermediate,15,0
53d28def-2be9-4306-8563-5ce4ae48b52d,2026-03-23 23:19:51,Kristen,51,RU,Для путешествий,Elementary,10,1
77fca081-0436-48b5-b126-0aa6a64cf612,2026-03-10 02:56:51,Brian,27,DE,Хобби,Intermediate,90,0
a820ce53-9751-47f6-a2b6-88ee0c820365,2026-05-20 16:27:51,Gary,39,IT,Хобби,Beginner,20,0
b95454f2-0365-4eeb-b146-1e1e6d6f0ffc,2026-04-26 10:43:51,Robert,29,RU,Хобби,Advanced,120,0
b4fc498f-d285-4eee-b97f-db1ffda9a029,2026-03-15 15:22:51,Edward,18,RU,Для учебы,Elementary,20,0
326a1ceb-b2cf-4806-bba4-3d6cadaed357,2026-03-20 16:02:51,Shannon,16,DE,Для работы,Elementary,15,0
1b6fd1d3-14b5-43e7-810c-6aa5efd7d70e,2026-05-31 00:55:51,Jessica,35,BR,Для учебы,Beginner,15,0
aa0bc802-90f7-4431-bb10-ce53c8c84919,2026-03-04 12:20:51,David,18,US,Для путешествий,Beginner,15,0
31c03cb3-81d8-4bdb-b842-ce110eb23751,2026-05-06 01:34:51,Jackson,32,ES,Хобби,Elementary,120,0
48e2a51d-a88d-4bf4-9962-5d5d92cad880,2026-05-06 00:17:51,Susan,17,IT,Для учебы,Beginner,15,1
903482c8-d99b-4904-bd41-ceb96f16c4d5,2026-04-26 23:21:51,Natalie,49,FR,Для путешествий,Elementary,45,0
b34a36de-02e7-4edc-8fd9-fa28a56d8322,2026-03-05 07:13:51,Michael,46,RU,Для работы,Beginner,20,0
ea3ad93e-54f4-4a89-bb4e-9a4770269846,2026-03-23 09:42:51,Stephen,42,US,Для работы,Intermediate,30,0
0128b1d6-165c-4baa-8389-aa012451f74b,2026-04-04 00:00:51,Collin,52,DE,Хобби,Beginner,60,0
ee36fd4a-fcd6-4852-9d4e-8ee90d10d703,2026-03-11 19:46:51,Amber,37,IT,Для работы,Advanced,10,0
a1e423d4-b75b-4e7a-b661-06e856f38e02,2026-04-30 02:19:51,Teresa,29,DE,Для работы,Advanced,120,0
f068c9db-5cd3-4060-8e21-ace280aac68b,2026-03-18 16:35:51,Steven,19,US,Хобби,Advanced,5,1
5ce799a8-cfd5-401b-81e8-a7e93d76ebac,2026-04-29 10:36:51,Daniel,20,BR,Хобби,Intermediate,60,0
6e6a5023-9b00-4065-a561-1c5a2025700b,2026-04-17 08:07:51,David,35,BR,Для работы,Beginner,45,0
032cd520-af99-4f70-bc69-e2400a84ca5a,2026-04-15 11:25:51,Michaela,44,US,Для работы,Intermediate,45,1
a0d12008-d19b-4aae-9da1-cf57bd18fe25,2026-03-22 18:04:51,Sharon,43,RU,Хобби,Elementary,45,0
ed876eae-2cd9-482d-9c6d-ac39795fb305,2026-05-07 12:10:51,Steven,19,DE,Для работы,Advanced,90,0
3cafaa76-1e45-45ac-932b-80d5cf9a3ece,2026-05-13 14:25:51,Amy,48,FR,Для путешествий,Beginner,120,0
f75b19e0-3057-458b-8605-78c6f2679c87,2026-05-04 08:06:51,Morgan,38,US,Хобби,Elementary,10,0
562d8b36-a2ea-45f8-ae28-c80f42bc3071,2026-05-31 18:00:51,James,40,DE,Для учебы,Beginner,20,0
dc14009b-0f1c-4125-a30c-3c7fd1ff261e,2026-05-11 02:18:51,Frank,16,BR,Для работы,Elementary,5,1
bd9723a0-788f-4d2c-9650-0dc8fa788a66,2026-04-29 07:42:51,Beverly,29,IT,Для работы,Beginner,90,0
082994fa-01d5-4c31-917a-12035ac916cf,2026-05-17 09:38:51,Devin,32,DE,Хобби,Advanced,10,0
e2666b2b-861c-438b-8b5c-082f2710db08,2026-04-08 11:11:51,Kiara,35,US,Для путешествий,Advanced,60,0
c7c97db5-1b00-4589-b2ac-8c6c6d2fb953,2026-05-04 16:41:51,Robert,27,RU,Хобби,Elementary,120,0
37dc48e1-5206-4c2e-b2a4-90ebc592082e,2026-05-04 10:39:51,Chelsea,35,RU,Хобби,Advanced,90,0
b9afe9a7-e28a-4e3e-8500-ee3e5a297c8f,2026-04-02 08:15:51,Aaron,16,IT,Для путешествий,Elementary,20,0
4cc5ed94-b7b3-41d2-a1ea-e7098d37029c,2026-05-16 21:52:51,Tammy,32,RU,Для работы,Advanced,20,0
c44aebed-2e07-43b7-bdd2-888ee80096c6,2026-03-24 01:40:51,Amanda,28,DE,Для работы,Beginner,60,0
bfc211e4-ec50-44a5-836c-994f609f84ee,2026-05-08 06:59:51,Joseph,22,ES,Хобби,Intermediate,60,0
5306a5e4-4979-4696-a0cb-d705d38beee9,2026-05-16 12:26:51,Anthony,29,BR,Для учебы,Advanced,45,1
d820861a-52b7-4b3f-85c4-ea9f3036cf5b,2026-03-29 14:59:51,Leslie,38,FR,Для путешествий,Beginner,20,1
9993aaa8-e994-4279-a3ae-11197a0fabdc,2026-04-18 04:22:51,Daniel,24,US,Для учебы,Advanced,20,0
44e04378-58c8-48ea-a9e4-66f84cc614fc,2026-03-31 16:20:51,Jordan,30,US,Для работы,Elementary,15,0
8c37203e-4cb7-484d-af3d-153289b4efd0,2026-04-19 15:10:51,Richard,20,ES,Для работы,Advanced,60,0
c686b37a-5e95-4eab-a6eb-0696003ebee1,2026-05-25 20:47:51,Melissa,22,US,Хобби,Elementary,60,1
54f26356-80cd-4b92-9983-a83e14154e1d,2026-03-22 13:40:51,Laurie,47,ES,Хобби,Beginner,30,0
e9ad30de-90ce-44c1-9a73-91f4fc2700fc,2026-05-26 08:11:51,Lonnie,54,ES,Для учебы,Elementary,10,0
0c56b063-cf38-40f4-bde2-d3a4f6781e64,2026-04-04 11:31:51,Brandon,44,DE,Хобби,Elementary,90,0
c40b962e-b754-4db6-b339-5d1975952a68,2026-04-20 21:11:51,Michelle,43,ES,Хобби,Intermediate,15,0
4879f8ae-efc0-40a2-bed0-31acbe7b8348,2026-05-19 19:33:51,Matthew,31,FR,Хобби,Intermediate,10,0
e19de160-900d-47b2-a10b-10a3355705d3,2026-06-01 08:34:51,Jennifer,27,BR,Хобби,Elementary,15,0
145f339b-00d2-475b-a25c-5cd43bd73171,2026-03-19 23:02:51,Robert,55,DE,Хобби,Beginner,10,0
a41d7b54-780e-4814-86ab-e107f93e1e75,2026-03-21 17:34:51,Madison,47,RU,Для работы,Advanced,20,1
fd7e9ac4-b1f2-4779-a0b0-2b1503af91ef,2026-05-18 15:51:51,Steven,46,IT,Для учебы,Beginner,5,0
a3da46bd-bc14-413f-9576-d3e98a21d8e4,2026-05-11 14:11:51,Yolanda,21,IT,Для работы,Advanced,60,0
36ca3258-640b-41a8-b2bd-77afa3110a62,2026-03-10 16:43:51,Deanna,31,RU,Хобби,Advanced,5,0
681d475c-91e2-4b43-b771-5b5737929b4e,2026-04-16 19:36:51,Steven,33,DE,Для учебы,Elementary,60,1
d2c9c9d1-516a-4c6e-a9e7-85273424898b,2026-04-19 23:17:51,Michael,46,DE,Для учебы,Elementary,15,0
672c4365-5952-437f-ab0e-ba517a4a373b,2026-05-25 18:33:51,Sara,40,RU,Для учебы,Intermediate,60,1
dfa3cdca-ad17-4506-9707-671e80c445ec,2026-04-08 07:32:51,Abigail,32,RU,Для работы,Beginner,10,0
efb751db-de95-4692-9f10-372e3103fa02,2026-05-18 05:41:51,Mitchell,32,RU,Для путешествий,Advanced,45,1
fd6448fc-7d51-4583-9f24-b32c5c18eb7b,2026-03-10 01:10:51,Angela,55,IT,Для путешествий,Intermediate,5,0
19846386-08af-473d-9ed4-8ab636ac5b5f,2026-03-06 10:31:51,Matthew,24,RU,Для учебы,Beginner,15,1
3c8e3b7b-3e12-4cdd-a3b8-770a048aa586,2026-05-28 05:38:51,Elizabeth,28,FR,Для учебы,Elementary,15,1
91d1728f-a838-49d0-a4b0-52189e259722,2026-05-27 22:06:51,Brian,48,ES,Хобби,Intermediate,120,1
69052904-ca14-4e06-a8e4-16fdb7bcb122,2026-03-17 21:52:51,David,50,ES,Для учебы,Beginner,5,1
b25580a0-917c-4479-af85-cb1aa3e20682,2026-03-18 12:29:51,Sean,36,IT,Для работы,Elementary,30,0
0912f3a6-9bdd-4bae-8c48-eb30be0884be,2026-04-04 02:41:51,Kurt,44,RU,Для путешествий,Elementary,5,0
875316e0-8409-4b9f-825b-141595407f4c,2026-04-09 12:11:51,Shelby,30,FR,Для учебы,Elementary,90,0
8f423845-b7e6-4ff1-b9e2-940473aaeb7b,2026-05-24 05:41:51,William,38,BR,Для работы,Advanced,120,0
c87033d2-08f6-445c-a263-a28515c849c3,2026-03-13 19:27:51,Brian,20,ES,Для работы,Advanced,10,0
d7bdb586-462d-4e93-9715-28ca867b167a,2026-04-20 00:09:51,Stephanie,45,US,Для работы,Elementary,120,0
312d6df6-9d98-42ce-8147-b353da463a13,2026-03-08 15:11:51,Christopher,42,IT,Хобби,Intermediate,90,0
a63762cd-0a08-4101-9546-fe8417fbf0c9,2026-04-15 16:58:51,Zoe,20,BR,Для путешествий,Elementary,90,1
71dcc1fa-4bb9-4214-a21e-cb60238797b8,2026-04-11 05:54:51,Ralph,29,FR,Для путешествий,Advanced,15,0
8f641d1e-4123-4618-a470-488ca8797b91,2026-04-13 19:10:51,Christine,46,RU,Для учебы,Intermediate,120,0
967767e5-e19e-464c-a490-3df448c5c3e7,2026-05-26 06:58:51,Derek,17,IT,Хобби,Beginner,60,0
6059ae26-354b-4aac-8590-d97b641eceb1,2026-03-04 11:01:51,Monica,28,FR,Для работы,Elementary,60,0
ed91352b-d080-4e3a-b3ce-3bd5103c71ec,2026-05-16 23:39:51,Tyler,53,RU,Для работы,Intermediate,20,0
69ef78b0-15bd-4ed6-8970-0545310e6018,2026-03-05 07:33:51,Justin,35,ES,Хобби,Intermediate,60,0
0b3d5a66-f338-4782-8fc5-416074ab73b0,2026-04-14 03:59:51,Susan,18,US,Для работы,Intermediate,15,0
ed332381-355d-4803-9c1d-97559e6d33b8,2026-05-18 08:09:51,Isaiah,52,IT,Для работы,Elementary,60,0
46e0e27d-861d-47b7-88e7-7bc38c18a5f6,2026-04-14 06:58:51,Gary,53,BR,Для путешествий,Elementary,15,1
9f725e9f-bd01-4f66-8c25-1e8f86315383,2026-04-09 20:38:51,Mark,43,DE,Для учебы,Advanced,90,0
a82549e7-bfa0-4970-bdb0-7efe04070fe6,2026-04-17 08:58:51,Jacob,38,ES,Для путешествий,Advanced,20,0
e78150cb-ee31-4aea-b2e5-eb33ab33f433,2026-04-30 15:01:51,Luis,53,DE,Хобби,Advanced,15,0
b22fb0dd-b6c7-459a-ab1a-4614d54da9d9,2026-03-18 21:36:51,Allison,38,ES,Хобби,Elementary,15,0
0d9d24b7-caa6-433e-9a6a-80203365c5c6,2026-03-22 17:08:51,Steven,17,US,Для работы,Intermediate,90,0
5433a3ec-1b91-466a-90f8-54a4e086fd3a,2026-05-26 23:10:51,Christine,40,FR,Для учебы,Beginner,120,0
4f2078e4-24de-4b75-8157-72f71743c252,2026-03-25 03:15:51,Heather,50,ES,Для учебы,Elementary,5,1
501c6d6c-9a79-40b7-bff5-06a3bcd53cd1,2026-03-21 18:44:51,Sheri,55,US,Для путешествий,Intermediate,10,0
61e85f0d-e527-4790-8677-94ca046ff2d2,2026-04-06 12:59:51,Anthony,42,FR,Для учебы,Elementary,15,0
eee7397b-b457-4f5f-9b93-338c75b077c1,2026-05-02 03:37:51,Elizabeth,51,RU,Для работы,Intermediate,45,0
9020acd4-dd8b-4f41-8e94-661e1731fc23,2026-03-19 17:30:51,Brandy,50,IT,Хобби,Beginner,60,0
50b86db1-ceb4-4190-aae0-5db5dbc7c3f2,2026-05-26 01:06:51,Erica,45,US,Для учебы,Beginner,15,0
f018a018-5b0d-4faa-8d2d-e421c03382fb,2026-03-14 20:02:51,Karen,43,BR,Для работы,Advanced,45,1
3cb12403-bae2-4b67-bf79-a34fcf2c56c5,2026-03-14 11:53:51,Brian,39,ES,Для работы,Intermediate,5,0
39712fae-dd01-485b-af75-0d38ca80ddcd,2026-05-22 05:42:51,Kimberly,53,BR,Для путешествий,Advanced,120,0
2b28c5ff-91a6-4b87-a2c3-68bf30e933a5,2026-04-18 04:19:51,Rhonda,48,RU,Для работы,Advanced,10,1
ead6e8b0-d175-4337-b556-73652a549357,2026-05-03 21:20:51,Nancy,41,FR,Для учебы,Advanced,60,0
4e27cdd1-4359-4dfa-9f74-55b0b2dcf7c3,2026-04-10 12:27:51,Raymond,16,IT,Хобби,Beginner,60,0
9038458e-7751-4119-959f-72eba4c2f662,2026-04-12 20:17:51,Amber,38,US,Для учебы,Advanced,10,0
51e126e2-1845-4074-b70d-938e23b810b2,2026-03-12 04:23:51,Daniel,43,RU,Для путешествий,Intermediate,20,1
40c0f031-333d-4cfb-b8b8-75c2c0168b1d,2026-03-12 05:01:51,Keith,54,IT,Для работы,Elementary,10,0
3da03a94-530f-4e38-9ce4-47d9b0ad6792,2026-05-03 05:35:51,Jose,44,FR,Для учебы,Beginner,10,0
75a185c2-4cda-422a-8af0-61c26ba2085d,2026-03-05 07:38:51,Beth,49,ES,Для путешествий,Advanced,15,0
3dbbf809-293e-4a4f-99b6-4b593122cf4a,2026-04-20 17:20:51,Derek,35,BR,Для работы,Elementary,20,0
c3967042-507e-434b-87c5-27c9cbcb596c,2026-04-05 23:57:51,Matthew,45,RU,Хобби,Elementary,30,0
16ec1b75-437d-4f51-96c7-d6c1f0f2e46c,2026-05-26 09:45:51,Taylor,36,BR,Для учебы,Advanced,90,0
b46cb852-f051-4c88-b8ab-be8ee2337e16,2026-05-12 12:36:51,Lawrence,33,BR,Хобби,Elementary,90,0
162d2b21-9622-43e4-82a9-8cc5c00134e4,2026-03-08 08:39:51,Robert,23,RU,Для путешествий,Intermediate,30,0
7a0c6fbf-e869-4393-ab16-261410621f0e,2026-03-04 17:31:51,Jennifer,27,US,Для учебы,Elementary,120,0
fcd5fe32-9eb4-41ce-8eff-35ec1b0a5e39,2026-03-19 05:34:51,Sabrina,22,IT,Для учебы,Beginner,45,0
cb0c6b93-1892-4602-8951-15b5ffa64d55,2026-05-28 00:59:51,Jessica,40,US,Хобби,Advanced,120,0
ec17f149-2b0a-4baa-abcc-ef979606c146,2026-03-22 03:01:51,Stephen,47,BR,Для работы,Advanced,45,0
87410275-db0b-4963-841f-8b5d2add236c,2026-05-18 06:50:51,Jennifer,17,FR,Для учебы,Elementary,30,0
9ae30fe2-2a2b-4404-8729-5f2781198451,2026-05-04 11:55:51,Mary,43,US,Для путешествий,Intermediate,5,0
4bf5aaa9-0a0a-4342-9722-0ae010506e0e,2026-05-05 10:28:51,Justin,51,RU,Для учебы,Advanced,5,0
5775eb95-a7fb-4cd7-8459-af2e87795fcc,2026-04-08 08:34:51,April,17,ES,Для учебы,Beginner,120,0
f014b42f-d491-4a4b-a2af-8ced1bec7042,2026-05-25 13:37:51,Joshua,55,US,Для путешествий,Advanced,60,0
ca090883-0278-4ac1-af35-50555859fc7d,2026-05-05 00:16:51,Marilyn,48,BR,Для путешествий,Beginner,60,0
5b4ad146-7801-49c0-b532-04bfc40682df,2026-04-15 20:31:51,Amanda,20,DE,Для путешествий,Intermediate,10,0
776d88a7-3714-455d-8d4c-a72992c6945a,2026-03-25 09:05:51,Alexis,48,FR,Для путешествий,Advanced,45,0
9a345d73-9f42-4a16-bbdd-35f3fb0b5cb4,2026-04-20 12:25:51,William,49,FR,Для путешествий,Elementary,15,0
c2ee68b8-3835-4914-9c4a-e1e32d49052a,2026-03-13 10:05:51,Kathleen,47,BR,Для учебы,Beginner,30,0
60f40747-88e2-4981-8437-7beeb0ce3c40,2026-05-29 08:48:51,Stephanie,44,BR,Для путешествий,Intermediate,90,0
17cacc72-2063-4137-94ed-18fcee811184,2026-03-17 21:54:51,Daniel,35,IT,Для учебы,Intermediate,5,0
a4251b73-26c5-4fb4-b7d9-1c3947a03daa,2026-04-05 01:57:51,Tanya,53,RU,Для учебы,Advanced,20,0
46f64096-61fe-4bee-a15b-a017e6c03ecf,2026-04-13 19:24:51,Rebecca,48,IT,Для путешествий,Beginner,60,0
67aedd89-b141-4429-ae6c-591e1cf643e1,2026-03-11 01:47:51,Jonathan,35,ES,Для работы,Elementary,120,1
90e2a203-d3fd-45cb-8c08-183867442689,2026-03-23 06:44:51,Tony,54,BR,Для путешествий,Elementary,60,0
0b4d8f66-76da-4096-8d0d-da8c61781fd6,2026-03-24 15:17:51,Alexandra,48,IT,Для работы,Beginner,45,1
64dce080-332e-41cf-a45b-55cfd7dca52a,2026-05-21 13:19:51,Deborah,47,ES,Для учебы,Advanced,90,0
e9e9992e-8e53-4ac5-bb37-0c54070b81cb,2026-04-16 13:12:51,Madison,53,BR,Для учебы,Beginner,20,0
ef1ed27e-643c-466f-a89a-1107e63923e3,2026-05-29 17:30:51,Tina,45,IT,Для путешествий,Elementary,90,0
c4120658-0337-40aa-b732-a158632ef3d7,2026-05-18 00:50:51,Thomas,54,FR,Хобби,Intermediate,10,0
dc44a53e-36a7-4e74-9125-31a04189b1a2,2026-04-07 19:49:51,Jacob,55,DE,Для учебы,Intermediate,120,0
283cbb97-c88b-4bf2-bfd1-692e6239a78a,2026-04-25 01:30:51,Benjamin,30,US,Для работы,Beginner,90,0
f2c4bef9-6519-49e9-ac39-5a0aeb19ef26,2026-05-21 14:56:51,Joshua,48,RU,Для путешествий,Elementary,90,0
aa7788ad-9e2f-4c90-8409-861563794730,2026-04-16 17:13:51,Erik,52,IT,Для путешествий,Elementary,45,0
666766a1-848d-455e-92db-48528b99e4de,2026-04-14 03:12:51,James,20,RU,Для путешествий,Advanced,10,0
849f14f5-dfdf-4742-84f5-10e03f0e6a83,2026-03-22 05:21:51,Angelica,41,FR,Хобби,Advanced,30,0
20bd4e2f-990e-47cf-b8c3-cf42150b6f67,2026-04-15 09:43:51,Monica,41,IT,Для работы,Advanced,90,1
4eaeec12-e2df-4283-be2a-4ba3971e9cf6,2026-04-21 20:18:51,Sherry,23,RU,Для учебы,Intermediate,120,0
e729ef55-efa6-4e1c-abb2-ebfa534d5634,2026-03-26 10:39:51,Robert,27,US,Для учебы,Intermediate,120,0
574f0c86-f57f-4228-bab2-0b56c9955bf5,2026-05-21 15:32:51,Patrick,28,FR,Для работы,Intermediate,90,0
6e0d1da3-20e5-4170-b943-e69af0038fea,2026-04-17 07:09:51,Brandy,44,ES,Для путешествий,Advanced,45,1
3ec7a3a0-5641-4d90-9921-7ff7ca8cb601,2026-05-02 07:03:51,Kenneth,51,RU,Для путешествий,Intermediate,90,0
b596b469-b9e1-4a82-96ab-7a61bb9eb83c,2026-05-17 23:07:51,Victoria,38,DE,Для путешествий,Elementary,30,0
f86169a0-68e0-4d08-88bd-12b631601c4b,2026-04-15 18:21:51,Adam,22,RU,Хобби,Advanced,5,0
8017eb88-db6a-48d3-a882-b19da651805a,2026-05-18 08:24:51,Fred,26,US,Хобби,Elementary,15,0
d8921edc-effb-4244-a4e0-8ee96b4baeab,2026-04-29 01:16:51,Rhonda,42,IT,Для путешествий,Elementary,60,1
81f55d3a-f50d-435e-a87f-ed4604e8960e,2026-03-07 04:17:51,Natalie,16,DE,Для учебы,Beginner,60,1
9dc2e8a9-cbf9-4970-883e-222d0cc49bf0,2026-03-17 08:20:51,Jennifer,46,RU,Для учебы,Intermediate,60,1
58aad95e-79dc-4254-ad5d-1401471ac659,2026-05-08 20:24:51,Henry,27,RU,Для работы,Intermediate,10,0
2b06cc4e-5bcb-41a9-8d81-9a9ee7957341,2026-05-21 19:01:51,Ashlee,35,IT,Для путешествий,Elementary,120,0
1359a2d7-65e5-48f1-8109-0d94dd1dd0e0,2026-04-06 01:01:51,Victoria,19,BR,Для работы,Intermediate,20,1
5d93597a-8475-468e-84cc-aff1eda5da94,2026-03-10 14:08:51,Nathaniel,25,ES,Для работы,Intermediate,90,1
7f89ec42-1308-4bac-8fce-aa8dff19d5a0,2026-04-18 19:39:51,Cindy,44,US,Для путешествий,Beginner,15,0
f50162f1-4e34-43dd-9dad-db0a6f3d1a27,2026-04-08 08:53:51,Carl,50,IT,Хобби,Advanced,20,0
b9b94a3f-2702-4810-9707-b02e6a943edd,2026-05-11 23:02:51,Donald,37,BR,Для работы,Advanced,30,0
8d65ce1e-7ec0-47e0-b6f3-8493be1bada5,2026-05-30 02:47:51,William,22,RU,Для учебы,Elementary,20,0
7f43be71-a8e2-4357-9243-9480fc575c8d,2026-05-08 03:30:51,Arthur,49,RU,Хобби,Intermediate,5,0
abdfbc40-1eee-47cb-9cdd-80c2dc0028b8,2026-05-11 13:37:51,Victoria,46,ES,Для учебы,Beginner,60,1
be584791-9707-424d-a61b-927729ce6ee4,2026-05-28 08:32:51,Timothy,29,DE,Для путешествий,Intermediate,60,0
b1ef7ab3-9c4e-4dc7-85dd-839fd50d4253,2026-04-29 08:02:51,Christine,24,US,Для путешествий,Advanced,60,0
39d072c2-d87e-43ed-98f7-f759ab8d0bef,2026-05-08 05:04:51,Scott,26,ES,Для учебы,Beginner,15,0
49d794b9-f4cb-49a1-88b9-5cffc6dbbe71,2026-05-31 23:38:51,Rebecca,21,FR,Для работы,Advanced,20,0
b3ee95ce-dc7e-4e56-afa6-301dbf0c2f64,2026-05-21 11:02:51,Brian,17,US,Для учебы,Beginner,15,0
3c0fda7c-4ebd-471f-93a1-c8bbfc75387a,2026-04-02 08:24:51,Lance,19,US,Для учебы,Intermediate,5,0
b6d4f07a-417e-4402-a8ae-d28a5da35eb6,2026-04-21 17:39:51,Patrick,33,DE,Для учебы,Elementary,45,0
b1c8d5ee-d81a-4949-a9a8-ef2a1b4a7d21,2026-03-09 06:38:51,Alicia,41,ES,Хобби,Elementary,15,0
5b99f436-89cc-43ac-99ce-1a65a4a3907f,2026-04-17 08:06:51,Daniel,52,IT,Хобби,Intermediate,5,0
7b31fa1d-a331-4f01-858a-25f89c4b54bd,2026-04-28 18:02:51,Johnathan,28,DE,Для учебы,Elementary,10,0
1819edea-a01b-426e-b79e-6ada9ba39546,2026-05-30 06:34:51,Amy,31,IT,Для учебы,Elementary,5,0
042bbe72-d117-46e0-8ea1-0211eab0d9b4,2026-04-24 14:39:51,Maria,24,FR,Для путешествий,Beginner,10,0
f7bc12a0-8b1c-4e6b-9349-a90e1a8b954f,2026-03-29 10:41:51,Ricardo,18,ES,Для учебы,Beginner,60,0
ff86d2e1-4985-40dd-8f83-ca044cf27262,2026-05-03 10:16:51,Mary,17,RU,Хобби,Elementary,60,0
7c84b8ce-4db7-4b6e-903a-00196fc5e495,2026-05-25 16:53:51,Brittany,52,BR,Для путешествий,Elementary,30,0
0503c380-653e-47b2-8bc2-13066ee232a2,2026-04-12 14:30:51,Todd,49,FR,Для путешествий,Intermediate,15,1
a75e5167-4e85-4b17-b58d-6fda94434fc5,2026-03-17 16:06:51,James,29,RU,Для учебы,Intermediate,60,0
fe87e336-c437-44d9-b110-130408066ba1,2026-03-20 23:47:51,William,30,BR,Для путешествий,Beginner,20,0
5a8c76cb-2d00-41c2-b9b2-0f1add9e6b15,2026-03-15 04:54:51,Michael,23,BR,Для путешествий,Elementary,60,0
850346a4-6f5e-4af7-b653-ad30c8a07025,2026-04-26 15:14:51,Colin,31,BR,Для работы,Advanced,120,0
4db21d09-2f7f-4ce3-9348-ccc76bec4056,2026-05-16 14:19:51,Kevin,25,DE,Для путешествий,Intermediate,5,0
6f2577e0-8def-47ee-90b9-0180eb434943,2026-03-24 19:30:51,Ashley,45,US,Для учебы,Beginner,15,0
9d16a002-07e9-4868-9f86-2adbd5c1b2a5,2026-03-31 14:59:51,Bill,37,BR,Для работы,Intermediate,90,0
05506923-e8fc-49e9-b047-a8cd0671f892,2026-03-24 23:37:51,Amanda,41,FR,Для учебы,Intermediate,30,0
c784674a-6ff8-4332-a26c-0977f1515c4a,2026-05-11 10:24:51,Travis,42,DE,Хобби,Advanced,10,1
b83a4c8e-69b9-43c9-aa0f-3d72078e5fa3,2026-05-18 23:47:51,Paul,51,ES,Для работы,Elementary,15,0
221c0d63-9b8f-4919-8972-6769c0f6d081,2026-04-23 12:33:51,Cynthia,40,IT,Для путешествий,Beginner,90,0
030a135a-f7dc-4c8a-964a-6156371d8197,2026-03-17 08:36:51,Harold,40,US,Для учебы,Beginner,5,0
5394f195-6cd6-4217-b2c1-6c4651e2cf10,2026-04-02 17:18:51,Andrew,36,IT,Для работы,Intermediate,45,0
d17cf62d-0d55-4d78-a492-1e9d327de6aa,2026-03-24 09:32:51,Catherine,27,BR,Для путешествий,Beginner,20,1
2b10cbd3-c614-4023-99c2-d5b29d42608b,2026-04-27 10:49:51,Christopher,51,ES,Для путешествий,Beginner,60,0
1896d967-710b-42d4-87c9-4bce6a775c42,2026-05-28 04:15:51,Sherry,27,US,Хобби,Elementary,30,0
6525486f-7821-498a-a426-187429ebdedb,2026-03-05 23:48:51,Jason,33,US,Для путешествий,Beginner,10,0
36922f1f-9058-4fec-b8d6-9329c75a0cb3,2026-04-09 03:56:51,Michael,17,BR,Хобби,Beginner,10,0
2ab330b7-97f2-4233-beeb-ba5e96be1892,2026-03-07 15:29:51,Hunter,43,BR,Хобби,Intermediate,10,0
e9137bf8-f51e-4546-b38f-297998344970,2026-03-22 16:03:51,Jennifer,50,RU,Для работы,Advanced,45,1
20c9c9af-5bbd-48ef-8a82-db55746eaa30,2026-04-10 20:08:51,Gary,27,RU,Хобби,Intermediate,45,0
442eaef8-c416-49e4-a2bc-d9d91fdfbc8a,2026-05-18 04:01:51,Natalie,23,DE,Для работы,Elementary,20,0
9e72a83f-c20d-4afa-aedf-c708a268c247,2026-04-25 04:53:51,Alexander,45,US,Хобби,Intermediate,20,0
d6c45931-fd30-461b-bb3a-578dafd601e4,2026-05-22 13:10:51,Bruce,17,FR,Хобби,Advanced,90,0
1251caba-fecf-4a9e-bfc0-4cfc5aff00c4,2026-06-01 13:40:51,Molly,51,BR,Для учебы,Beginner,15,0
82990277-e6d0-4b81-a924-f9264b532381,2026-05-05 17:24:51,Jason,42,BR,Для работы,Elementary,45,0
75130281-92c1-4acf-97e7-57127eaa54e7,2026-04-09 02:20:51,Darlene,30,FR,Для путешествий,Beginner,90,0
ec2ed21c-fdc5-491a-8fb4-fcea073ddb3b,2026-03-21 22:36:51,Ashley,51,IT,Для учебы,Beginner,45,0
04e17001-e003-426e-b860-b36b658eddf3,2026-05-03 21:18:51,Martha,27,BR,Для путешествий,Beginner,5,0
2b31d1da-420a-4701-80a9-7bc177f459f5,2026-05-06 09:59:51,Kristen,55,IT,Хобби,Intermediate,10,0
027c7e01-5063-4908-b73f-51ee854cc869,2026-05-28 21:41:51,Danielle,21,DE,Для работы,Advanced,20,0
8fe8840b-339c-45f0-a134-55b8e7278095,2026-05-06 13:52:51,Gregory,20,FR,Для путешествий,Advanced,90,0
32b9c749-eb32-485c-ab9c-c810494d3e18,2026-04-18 04:19:51,Jennifer,29,RU,Для работы,Beginner,10,0
335dac78-ef25-4b2d-bdc3-5a90fdc75d54,2026-05-29 21:17:51,Joseph,36,FR,Для учебы,Advanced,30,1
57c99a64-c681-4ca1-9a57-301d24e0375a,2026-03-26 19:46:51,Alexis,36,IT,Для путешествий,Advanced,10,0
3f4a8219-e085-4c02-a1c0-9907ec88a2d3,2026-04-08 08:52:51,Caleb,25,US,Для работы,Intermediate,30,0
3199b4c7-00a3-4372-9b18-a1bd32a482dd,2026-04-07 19:44:51,Tara,31,ES,Для путешествий,Intermediate,45,0
ba21f46e-07bb-42da-92d8-d9a3aea5c3bf,2026-05-05 11:10:51,David,48,US,Для учебы,Advanced,60,0
bc21d269-b374-4b9d-b9c0-94d3fc9374b0,2026-03-06 06:48:51,Bradley,22,ES,Для путешествий,Elementary,45,0
c2f59f73-21b2-4614-9d66-f48aea5ead27,2026-04-03 07:29:51,Tiffany,24,DE,Для работы,Elementary,60,0
e7781a3c-a172-4b05-8a1b-43af5d137cee,2026-05-11 10:34:51,Ronald,16,IT,Для путешествий,Beginner,30,0
611660e9-a8a4-4e3e-8766-1ce2c17d88e5,2026-04-01 22:14:51,Gina,44,IT,Хобби,Intermediate,120,0
88797001-7cf4-4750-be22-b208a19fb284,2026-04-26 18:34:51,Lawrence,22,IT,Для путешествий,Beginner,20,0
bd2a381e-c599-487a-95d1-4e883205a6cc,2026-05-31 00:30:51,Renee,45,FR,Хобби,Elementary,10,0
c6a61247-bb4c-46c8-a79e-b4ed58e59411,2026-05-28 20:26:51,Vickie,42,US,Для учебы,Beginner,10,1
b055abf7-cd91-4139-94f2-f45c82cfeb0c,2026-05-01 01:33:51,Patricia,52,RU,Для путешествий,Intermediate,5,0
f94ce4de-2b54-4185-9c5d-db97e7b87c7b,2026-03-27 09:22:51,Grace,40,US,Для учебы,Elementary,5,0
5881a7c0-2f56-4fd4-aca7-676de06ba145,2026-03-27 16:08:51,Carol,36,FR,Для учебы,Intermediate,60,0
92885567-2b3c-45e0-a9e7-37cbb38a6def,2026-03-10 08:39:51,Jeffrey,16,RU,Для учебы,Elementary,20,0
8ef85d6e-6d07-459e-9982-7eade9498acb,2026-05-27 05:02:51,Andrea,24,US,Для учебы,Elementary,60,0
bb6cdae5-b5f2-4868-9a8b-f74afe7d1a73,2026-04-10 02:34:51,Alejandro,21,ES,Для учебы,Intermediate,5,0
c950625a-946b-4f09-ae8f-12166841f334,2026-05-08 16:26:51,Carrie,29,BR,Для путешествий,Advanced,120,0
b7bb49f7-e3d4-4ac5-9b1e-25d8c00308f6,2026-05-10 20:25:51,Wesley,54,US,Хобби,Beginner,120,0
6cbc2d8f-3904-4c43-89f4-7d410079bb1b,2026-05-21 17:22:51,Kevin,44,ES,Хобби,Beginner,120,0
6953c739-0e1c-43b2-ba23-0cdb0ac4ec59,2026-05-29 18:03:51,Samantha,33,ES,Для учебы,Advanced,60,0
d52c3291-65b9-4f48-996e-0ae70464bb1b,2026-05-02 11:52:51,Evelyn,20,RU,Для учебы,Beginner,90,0
1e555c14-1a63-470f-8b8a-9faafe66745c,2026-04-10 20:54:51,Andrea,45,FR,Для работы,Advanced,90,0
fda32160-77d5-4243-ad3e-115c3fbec636,2026-03-15 17:33:51,Rachel,17,IT,Для учебы,Beginner,90,0
7a3b7eca-5acf-495e-8e22-8952a887b4fc,2026-04-15 19:35:51,Michelle,40,BR,Хобби,Beginner,30,0
12c0e5ca-d054-4448-8a0a-8ca45956f4b4,2026-05-18 20:24:51,Mark,27,IT,Для путешествий,Beginner,45,0
615bf1b7-707e-4e76-b0b4-a7ef7082b58b,2026-05-07 14:15:51,Henry,55,FR,Для путешествий,Advanced,10,0
de15ecf1-bc11-41c4-a0e0-b4e48dc7fbfc,2026-05-18 09:29:51,Tiffany,16,IT,Для работы,Intermediate,10,1
3fbcec63-4e9c-4e44-a96b-ac0ed2280c2b,2026-05-04 09:27:51,Nathan,19,FR,Для путешествий,Elementary,15,1
af4be05a-f2c9-475c-ba11-7039c71341a0,2026-04-25 15:11:51,Randall,22,ES,Для работы,Elementary,120,0
acdf386f-6e3d-4772-91bf-e7e667ce9203,2026-04-14 10:50:51,Angela,35,ES,Для путешествий,Beginner,15,0
9c7bd1e5-3571-4e4b-974b-56a7b403ae4e,2026-04-08 14:15:51,Walter,35,FR,Для работы,Advanced,5,0
a4373718-afbd-4718-bbc0-4f081cc0e7a1,2026-04-09 21:45:51,Cynthia,30,BR,Для путешествий,Elementary,45,1
439a2267-05ec-4dc8-8865-9dc98efb06ef,2026-03-16 19:10:51,Bob,39,ES,Для работы,Elementary,120,1
02239e6c-3474-493a-9aaf-83d87c08da63,2026-03-29 01:41:51,Kirsten,40,RU,Для учебы,Elementary,10,0
de84416b-0bd1-4cb9-aabd-0a9c8e9ab7af,2026-04-03 10:33:51,Courtney,40,IT,Для учебы,Intermediate,10,0
0560061f-538b-463f-b31e-e1ba7d875b9a,2026-06-02 02:30:51,Crystal,53,IT,Для работы,Beginner,5,0
bd6d4425-dd7e-4df3-a806-379a4ace92a5,2026-04-05 08:29:51,Ray,21,IT,Хобби,Elementary,10,0
b5972f64-6f48-4cab-affe-a6c8cea6b732,2026-05-24 02:44:51,Ryan,24,DE,Для путешествий,Intermediate,90,0
8885e1e6-5de4-4a51-b007-42c84ed84398,2026-05-19 21:45:51,Miguel,24,US,Для учебы,Intermediate,30,0
c0d3d875-6062-4ce8-85fd-2aad9c208344,2026-04-12 19:19:51,Jason,34,BR,Для путешествий,Elementary,90,1
b368d36e-8515-4c63-944b-134008a9141a,2026-05-22 02:54:51,David,38,RU,Хобби,Intermediate,10,0
082f834d-6ec2-432b-b615-8fbe5430d7a5,2026-03-19 06:35:51,Aaron,35,ES,Для путешествий,Advanced,20,0
5af74ef5-986c-47dd-ae8d-113d150b61b8,2026-05-24 01:06:51,David,24,IT,Для путешествий,Advanced,15,0
16cdfb93-ead6-4715-bfc9-65ba74581890,2026-04-21 14:45:51,Ryan,54,IT,Для путешествий,Advanced,45,0
7aabefa2-9864-444f-b944-2de7e3d6fca8,2026-03-24 21:36:51,Michael,23,US,Для путешествий,Beginner,20,0
2d9afbb3-2015-4201-bbb5-55785fcae917,2026-04-01 09:42:51,Zachary,34,US,Для путешествий,Beginner,15,0
609adb5a-3eed-4220-93fb-c3e1090bbf84,2026-04-01 13:47:51,Robert,20,BR,Для учебы,Elementary,90,0
fc8e4214-f865-4234-a354-70089ec2b2ac,2026-04-19 21:27:51,Jon,32,BR,Для учебы,Elementary,20,0
8fc55f68-6ea0-438d-b4c6-84d23a30a1a8,2026-04-11 14:31:51,Thomas,43,RU,Для учебы,Elementary,120,0
e8e8a71e-8d30-4106-ab9c-7b8726aa94a0,2026-05-26 08:02:51,Lauren,49,IT,Для учебы,Elementary,30,0
93a40787-2433-434b-8c18-461a3a7389c4,2026-04-27 06:58:51,Nicholas,53,ES,Для путешествий,Beginner,15,1
b8e8393a-8538-432f-81db-903c7ca36c49,2026-04-26 18:24:51,Jessica,35,ES,Для работы,Advanced,10,0
6f995961-f787-4413-a88c-a3ffa7b4f6bf,2026-04-28 20:05:51,Virginia,20,FR,Для работы,Intermediate,5,0
12dd2ef1-e6a7-4219-b29a-a3b585d02cf6,2026-05-27 04:35:51,Barry,26,FR,Хобби,Elementary,120,0
b06c075f-598e-4eb9-a606-201a8cb97403,2026-03-18 03:04:51,Susan,45,DE,Хобби,Advanced,5,0
6bfb397d-5036-471a-952f-b0cb855d4039,2026-04-15 18:41:51,Frank,20,BR,Хобби,Advanced,90,0
72d4a0db-4877-4db4-a55b-e36b3d4ef1bf,2026-05-01 10:43:51,Justin,40,FR,Для работы,Elementary,5,1
04eebfcd-f3ed-4973-a111-1a5f9bd9adbd,2026-05-14 22:39:51,Melanie,54,IT,Для работы,Elementary,20,0
e2980e1b-6f63-4456-89d6-bf943ffcd3e6,2026-03-29 09:21:51,Alec,25,IT,Хобби,Beginner,30,0
5e8ebb9b-0531-49bb-bd9f-38da2cac503c,2026-05-28 14:26:51,John,47,BR,Хобби,Beginner,45,0
468b8110-ae29-4a63-9138-4ee34e3e2419,2026-03-10 23:15:51,Emily,48,US,Хобби,Advanced,30,0
25fc38b1-3c33-4fee-bee3-2955dc29d670,2026-05-20 15:51:51,Karen,49,DE,Для путешествий,Elementary,5,0
97959255-c096-4614-a3e0-4444529f479a,2026-04-21 20:48:51,Lori,34,IT,Для работы,Intermediate,20,0
058b2ac6-e772-401a-9f04-43139c055efd,2026-04-29 21:58:51,Martin,46,RU,Для путешествий,Advanced,15,0
9bda1583-f15f-4d48-8432-6bb2bc180071,2026-04-20 00:49:51,Blake,44,US,Для работы,Intermediate,45,0
e9bddc70-fe75-4d69-af00-38306902ff82,2026-03-10 19:27:51,David,30,BR,Для путешествий,Intermediate,60,0
ec624114-a26d-4b81-89b9-cb711e5127d2,2026-04-10 20:17:51,David,52,DE,Хобби,Elementary,30,0
a82c3e7a-8fd2-490d-be05-f1eabe978f7b,2026-04-02 10:17:51,Andrew,46,RU,Для путешествий,Advanced,15,0
9a3ae17f-ab68-4bb2-8368-b95e4b658491,2026-05-06 04:38:51,Audrey,50,DE,Для работы,Advanced,90,0
9f4caf48-41ad-49f2-9dd1-adae90ee9020,2026-05-16 20:07:51,Lisa,53,BR,Для учебы,Intermediate,5,0
f494c2e2-7d11-44a2-b880-50978c64baec,2026-05-19 09:54:51,Amy,42,FR,Для работы,Elementary,30,0
da865f5b-4809-47ac-88e5-01ec052f18b4,2026-05-25 07:11:51,Mark,31,RU,Для путешествий,Elementary,60,0
19f8c0bb-080d-4572-8480-2c2ca303c918,2026-03-22 03:29:51,Ashlee,44,DE,Для учебы,Beginner,120,0
f0851762-9e60-4b0a-a96f-75f95952f866,2026-05-08 17:48:51,Candice,32,RU,Для путешествий,Advanced,15,0
04f12de9-d418-4983-a204-c953a23f8359,2026-04-23 08:54:51,Harold,47,BR,Для путешествий,Beginner,30,0
f6f5a2b0-7ac4-458b-9b9c-81d3bee01f30,2026-03-10 09:45:51,Kristen,33,IT,Хобби,Beginner,5,0
cc0a6f65-c174-4394-b019-453316c74b9a,2026-03-31 07:05:51,William,46,ES,Для учебы,Elementary,60,0
5c77d122-9229-4e5f-8f26-34b155be802a,2026-04-19 06:11:51,Meredith,55,RU,Для учебы,Advanced,90,0
cd0f17e3-9e17-4519-b9ad-7df3deace384,2026-03-24 08:08:51,Stephanie,34,US,Для работы,Elementary,45,0
d9863b3f-cd4c-4fba-9514-1b0de0086d70,2026-03-27 17:36:51,Sharon,20,BR,Хобби,Elementary,90,0
0764c227-6455-46ad-8dca-05392a3c0c1c,2026-03-19 09:51:51,Dillon,19,US,Хобби,Elementary,15,0
966b4fed-f2b2-44d0-b245-295362d02c8c,2026-03-31 11:36:51,David,27,IT,Для учебы,Intermediate,30,0
2422e439-2016-4546-ac16-fa8a1c1ea31a,2026-03-13 01:59:51,Bryan,52,IT,Хобби,Advanced,15,0
b464b53a-7660-45b1-9725-0b9be0ee9fed,2026-05-10 02:36:51,Patricia,30,RU,Для путешествий,Beginner,5,0
16371378-00d4-46b5-bcfb-019940b59d9e,2026-05-31 02:40:51,Ryan,40,ES,Для путешествий,Advanced,15,0
14c45d71-6141-4a63-8a0e-54e724a170cc,2026-05-31 04:22:51,Nicole,38,RU,Для работы,Advanced,5,0
ffc93350-eee3-4ee8-991c-0a6384996147,2026-04-12 03:53:51,Rose,47,US,Хобби,Intermediate,60,0
ece47260-048d-48f4-bcae-c5ba7ace98ef,2026-04-04 11:03:51,Ashley,29,DE,Для учебы,Beginner,20,0
4268de8b-5fb7-42ae-af50-9f8178c864b4,2026-05-27 05:16:51,Laurie,19,BR,Для путешествий,Intermediate,30,0
fb33138a-34e2-47ce-8780-e9a67b00f7ed,2026-03-26 04:28:51,Melanie,42,IT,Для путешествий,Advanced,15,1
36afe3b3-925c-40e3-87ab-be7f99bcfc55,2026-05-06 18:29:51,Christie,19,ES,Для учебы,Advanced,60,0
b335a906-4336-4074-a35c-ce5e974af2c3,2026-04-29 13:24:51,Melissa,30,US,Хобби,Elementary,90,0
07d7a58f-434b-445c-a768-299c9f1bfcc6,2026-05-02 14:02:51,Andrew,41,BR,Для путешествий,Intermediate,15,0
1e8ad1ae-f50a-486d-8f54-c34c7675c7e6,2026-05-10 00:55:51,Jennifer,20,DE,Для учебы,Intermediate,120,0
9d86aca8-403f-4fc7-9dfc-dd9759dfe8a5,2026-05-21 14:01:51,Daniel,18,ES,Для учебы,Elementary,15,1
71ffa84c-301b-42db-aaba-993cc9e245c2,2026-04-04 17:03:51,Robert,39,BR,Для работы,Advanced,20,0
1c328236-1ced-42c0-a0cc-4c5985b160e9,2026-04-11 20:02:51,Jeffrey,44,IT,Для путешествий,Advanced,45,0
80b33f37-cc64-4f68-a3e4-693c13cf9e94,2026-04-22 01:57:51,Kelli,42,DE,Хобби,Intermediate,10,0
dd4c41a3-bf47-4fec-a7bd-4fa6e52b74d6,2026-03-18 10:40:51,Yolanda,36,DE,Хобби,Advanced,15,0
1e662ecf-5da0-4303-bc61-0466c8422647,2026-03-25 03:37:51,Julie,50,ES,Для работы,Advanced,120,0
a88dd8be-279e-4981-b1ad-f5f2264f1d8a,2026-05-19 06:33:51,Anita,25,IT,Для учебы,Advanced,45,1
33ed8b7c-3e79-41f4-8e89-db718156dbb6,2026-04-10 20:50:51,Malik,20,ES,Для работы,Beginner,90,1
94beaa0e-e31a-44be-8d70-3259964f2f99,2026-05-25 15:19:51,Sandra,48,RU,Хобби,Intermediate,120,0
a99fc341-ad68-4659-832c-6afbca0973b6,2026-04-15 19:42:51,Mark,35,FR,Хобби,Beginner,30,0
10d55c57-b45b-4150-bcf1-8abc88b0e595,2026-04-01 05:07:51,Jamie,24,RU,Хобби,Beginner,15,0
2719ab82-c084-426f-9046-da8022b3a14d,2026-05-05 08:50:51,Kristin,55,ES,Для работы,Intermediate,120,1
79da55f1-38b6-44ea-99b2-2a655de0916f,2026-03-19 13:34:51,Yolanda,23,IT,Хобби,Beginner,90,0
44c12723-337c-4975-af05-cbe15b2ec34b,2026-04-10 19:01:51,Stephanie,42,ES,Для работы,Intermediate,90,0
f43521d7-ebec-4cd4-b58c-76eb549cc565,2026-03-16 08:37:51,Stacy,43,RU,Для путешествий,Elementary,45,0
71b65fea-5802-4dc7-b73f-2031a8d247ad,2026-03-23 18:51:51,Kevin,28,DE,Для работы,Advanced,60,0
1389b801-3196-493e-a44e-15d675c841c2,2026-03-10 03:43:51,Richard,41,BR,Хобби,Beginner,5,0
4a5d59c0-fbcb-4e0b-82b7-f85009d6b407,2026-05-28 21:15:51,Emily,36,ES,Для путешествий,Beginner,15,1
17d00cd5-a7db-4bcb-9c23-c6ad3192818d,2026-04-02 13:06:51,David,20,FR,Хобби,Beginner,45,0
3d38039c-2755-41ae-bdba-81b43d552356,2026-04-06 03:39:51,Kimberly,48,ES,Для работы,Beginner,15,0
f846dbd5-f497-47a5-bae1-a0b133019e4b,2026-03-09 14:57:51,Dalton,20,FR,Для путешествий,Intermediate,5,0
ee3d5f30-c9e9-4e83-81ce-438e51f3ad9f,2026-04-20 16:14:51,Richard,55,BR,Для путешествий,Elementary,5,0
697fd18e-4d7a-44f2-84b9-14444a9ccb39,2026-05-03 17:13:51,Cheryl,20,DE,Для учебы,Intermediate,60,0
8f2b3e1e-5b48-4090-9e10-312e7d4057cb,2026-03-27 11:20:51,Kristy,33,ES,Для работы,Beginner,5,0
f65699c8-c52f-4dca-9d33-32dc9f128577,2026-05-18 16:39:51,Sarah,25,IT,Для учебы,Advanced,60,1
fc769a20-c173-432c-8ac4-fb30881b9e36,2026-04-07 20:42:51,Warren,18,FR,Для путешествий,Advanced,15,0
f6dc22b0-1a11-4938-96c9-0aa90074c859,2026-03-08 20:02:51,Reginald,28,US,Хобби,Intermediate,10,0
1814b3d0-e7cb-4855-af77-8179fc411691,2026-04-14 14:17:51,Elizabeth,22,RU,Для путешествий,Beginner,30,0
0478864b-bfec-404f-add8-4d93dfc0ad0c,2026-03-08 22:49:51,Alicia,31,ES,Для учебы,Intermediate,45,1
e9386380-31df-4eda-b33a-64d08419ab90,2026-03-20 04:09:51,Bradley,40,RU,Для учебы,Advanced,5,1
7b09737e-9510-4013-aa76-271dcb359c88,2026-03-13 06:05:51,Morgan,30,IT,Хобби,Advanced,15,0
0d4dbf3f-96b0-46a7-98b7-cc350bf48c74,2026-04-29 12:29:51,Joseph,34,US,Для путешествий,Elementary,60,0
77e0e14d-b0c1-428a-8ef0-66a80f246526,2026-05-19 06:54:51,Thomas,39,IT,Для учебы,Intermediate,20,0
0de4e1a4-ec8a-4310-8437-0a948412e0e3,2026-05-01 18:39:51,Pamela,45,ES,Для учебы,Intermediate,20,1
49bfac52-ebab-40e4-adf7-97ae113a225d,2026-04-28 01:14:51,Michael,35,BR,Хобби,Elementary,10,0
5a613e76-b664-4c8a-a44a-b068f3b3f53f,2026-03-07 11:57:51,Casey,48,DE,Хобби,Elementary,30,0
7a858b99-3d36-48cc-a1f9-9756c00ca117,2026-05-06 00:08:51,Matthew,26,DE,Для путешествий,Advanced,5,0
1f877001-b5e2-454e-a1c4-3832304c230f,2026-03-21 19:52:51,Kathy,26,US,Для учебы,Intermediate,15,0
de783c92-cdb8-4dbe-809b-8c2547f10e0d,2026-05-22 09:33:51,Linda,31,FR,Для работы,Advanced,120,0
f6bac1ae-da32-4227-9fb6-50a3c2f92059,2026-05-07 07:11:51,Eric,16,DE,Для работы,Advanced,20,0
5f97947d-f588-4db2-91df-77ed08ee2a51,2026-03-10 07:52:51,Teresa,16,FR,Хобби,Elementary,30,0
10e63856-b3c1-46a7-afc0-5ebbd5fd637a,2026-05-25 07:28:51,Laura,49,BR,Хобби,Advanced,90,0
481a9dfa-7984-4337-815c-4fdf8cb6233e,2026-04-08 11:46:51,David,43,RU,Хобби,Advanced,30,0
7b3d9aaa-e1cb-4ef1-bb93-b4efa32a0075,2026-05-03 09:10:51,Carol,41,FR,Для работы,Advanced,20,0
598baf83-0658-4d75-9f5b-1e1b580bafdd,2026-04-05 10:27:51,Matthew,37,RU,Для работы,Beginner,10,1
71e645ff-5332-4b2b-a1f6-05a33096302d,2026-04-25 10:08:51,Alyssa,49,FR,Хобби,Intermediate,120,0
8e81fec2-7c84-47fc-a7d9-e5eafc69a8d1,2026-05-07 01:34:51,Mathew,40,RU,Хобби,Elementary,20,0
83faad93-8a8e-43f4-8798-55b76919a97d,2026-04-02 02:21:51,John,52,DE,Хобби,Intermediate,5,0
a42358c3-d62b-4438-b912-2231a9a85127,2026-05-08 17:06:51,Natasha,41,DE,Для учебы,Elementary,15,0
7950380d-3f7a-4f69-8471-080474bc822a,2026-05-29 11:09:51,Brittney,27,ES,Хобби,Intermediate,15,0
38992437-ecf1-46b0-92dd-b7beb3c1fc5f,2026-05-27 16:08:51,Sally,27,RU,Хобби,Advanced,15,1
a2cd47bc-22a3-4037-bf49-0611dd5cc8d6,2026-03-28 18:34:51,Rachel,21,US,Хобби,Advanced,90,1
d2e559bf-2fbd-459d-9e26-ed4b957295c2,2026-05-22 01:53:51,Nicholas,40,ES,Для работы,Advanced,120,0
0381445c-f36f-41db-b136-fdbfc17b2985,2026-03-30 11:22:51,Debbie,40,FR,Для путешествий,Beginner,30,0
03bae8bb-a0f4-4084-b1ef-0f12a881b0ce,2026-04-28 07:10:51,Cody,26,ES,Хобби,Elementary,15,0
2a2b3c35-7c4c-49cf-bc6c-0e814d057c25,2026-03-12 11:09:51,Kathryn,34,US,Хобби,Beginner,45,0
91a869ae-f20e-463f-9c0c-0649c4dd597b,2026-05-07 03:47:51,Jennifer,34,RU,Для учебы,Intermediate,120,0
49924095-bb6b-431f-8ca4-0bf441347d9b,2026-05-10 09:45:51,Autumn,54,RU,Хобби,Advanced,90,0
ecf04030-d56d-4bee-bde9-e866d218941e,2026-04-18 13:50:51,Christopher,35,IT,Хобби,Elementary,30,0
45a9c921-5517-4817-9e90-6a89a59f3d37,2026-03-19 14:27:51,Alexis,28,US,Для учебы,Intermediate,10,0
cc614472-8fc4-4e30-87eb-753788cd97b7,2026-04-08 09:00:51,Jermaine,50,IT,Для учебы,Elementary,60,0
c65c7139-3fe2-46e7-b2da-0221847af82a,2026-03-27 14:07:51,Cynthia,25,US,Для путешествий,Elementary,45,0
6e36f274-86a8-4b88-99e1-b60553ab457a,2026-05-08 19:12:51,Joseph,33,FR,Для путешествий,Beginner,90,1
e60f1d9c-a3b9-4d18-8484-8b8a3f0929f3,2026-04-12 15:53:51,Sheila,24,BR,Для учебы,Intermediate,5,0
84bc1ebc-e786-45cf-833d-ec69d68cb95a,2026-03-22 10:31:51,Valerie,23,US,Для учебы,Elementary,10,0
792545d5-10ec-4952-8746-ab34ee92ec1c,2026-03-16 03:04:51,Robert,26,RU,Для учебы,Advanced,20,0
01a3671d-ce13-43ea-a2e7-cd70eed109b8,2026-04-29 12:08:51,John,53,ES,Для путешествий,Elementary,60,1
81d14dd4-7b49-4fdb-9aa8-f6e9d7e19944,2026-04-12 14:16:51,Amanda,34,FR,Для работы,Intermediate,90,0
c0574ddf-cf04-4743-a0ba-ff6d0ac57e97,2026-04-06 21:34:51,Tammy,46,RU,Для путешествий,Beginner,15,0
e9ae68fa-9faf-40c2-87f2-5d52fa507544,2026-05-12 18:04:51,John,50,FR,Для работы,Advanced,90,0
0eb79dd2-7efb-4c72-a2b6-66010f2159fc,2026-05-26 08:44:51,Christopher,26,BR,Хобби,Elementary,90,0
f1695661-7f15-4548-8658-c81637b309c6,2026-04-13 19:28:51,Scott,25,DE,Для учебы,Intermediate,120,0
7fb7db7e-55e8-49a8-a5f3-3044ef8f96c3,2026-05-25 18:08:51,Robin,25,BR,Для работы,Beginner,20,0
bf72bf73-4f59-4731-bc31-65e9815730be,2026-03-08 19:01:51,Connor,55,ES,Для учебы,Beginner,120,0
84949cfc-7d22-4da3-a49d-ddadc1a79fe0,2026-04-11 18:01:51,Joseph,34,BR,Для учебы,Intermediate,45,0
fb7abb23-82e7-4a4d-a735-d7c7352410e3,2026-04-11 02:16:51,Gary,34,IT,Для работы,Elementary,90,1
52735f13-f3fa-4d50-aa94-9014cde4fb7b,2026-04-14 13:54:51,Todd,48,ES,Для путешествий,Advanced,20,0
200f3a44-9ff6-4aa1-9282-f20151aee0e5,2026-04-05 13:48:51,Jeremy,31,FR,Для путешествий,Elementary,120,0
7da7af6e-1b01-4ff7-8c7e-8d9f8ddbf1d3,2026-05-12 19:44:51,Lisa,45,DE,Для учебы,Beginner,45,0
a54ec63a-e413-4049-af09-2c9a0f198f84,2026-04-20 14:29:51,Deborah,32,DE,Для работы,Intermediate,30,0
545004e4-0497-4c0e-a8c8-b972eec3cb68,2026-03-06 06:53:51,Jennifer,38,RU,Хобби,Elementary,120,0
5f3c5be4-5236-429c-9d9a-ac4463112eae,2026-04-30 03:46:51,Jeremy,44,FR,Для путешествий,Intermediate,10,0
4cf0075a-c86e-4eb2-8191-ccaffc07d98a,2026-04-25 16:56:51,Sabrina,43,ES,Хобби,Advanced,20,0
6b39958b-f748-4c7b-a94f-ce60c6515f6d,2026-04-11 14:07:51,Andrea,46,DE,Для учебы,Beginner,120,0
d632d7ee-1102-43a9-9ff1-ef098dd2b5f2,2026-04-12 19:17:51,Sherry,36,RU,Для путешествий,Advanced,20,0
db46857d-fe89-4ee9-be87-29f3b55493c6,2026-04-27 15:23:51,Rachel,41,FR,Для работы,Advanced,10,0
7f9ffa5a-270b-4e80-b185-f91778c2cbad,2026-04-20 15:51:51,Diana,22,RU,Для путешествий,Beginner,30,0
a8085137-59ad-41e7-98e7-3f7d5b67de20,2026-04-27 04:53:51,Debra,37,BR,Для учебы,Intermediate,60,0
74405d5c-b244-4245-b369-0a584f1f6dd6,2026-03-30 00:15:51,Heather,16,BR,Хобби,Advanced,5,1
cbe56ce4-e1e4-4f2c-bb87-ec6a65a2c508,2026-05-23 23:13:51,Courtney,23,ES,Для учебы,Advanced,30,0
0af5bcd5-4aed-4a9d-a19d-39a178db1bad,2026-04-19 22:17:51,Nicholas,39,ES,Для работы,Beginner,20,0
0c9b0e92-d6f1-4d33-991b-b579488d1040,2026-03-30 04:48:51,Mark,42,BR,Для работы,Beginner,15,1
ce2aa07f-f644-4204-9ab6-8d3c1e054006,2026-03-25 06:05:51,Patricia,30,DE,Для работы,Advanced,15,0
74173df3-61d4-4920-9eb6-8fde46e344e3,2026-03-14 21:23:51,Nathaniel,22,US,Для работы,Intermediate,90,0
e9146402-cf0e-48af-8577-10fcb4842c69,2026-05-06 06:54:51,Hannah,21,DE,Хобби,Elementary,15,0
99a3e115-2cba-4ea3-94a0-66ccf8bdd099,2026-05-21 02:00:51,Seth,45,BR,Для учебы,Beginner,30,0
63a522bd-cc2e-4ef7-bb78-1fb771a7aa93,2026-05-04 07:36:51,Kim,25,BR,Для учебы,Intermediate,20,0
9e0f1a3f-912c-4a43-9570-c0b139412f22,2026-04-13 10:53:51,Michael,22,FR,Для путешествий,Elementary,15,0
341ef833-2071-4bf1-b626-0dc0759051e9,2026-05-24 13:39:51,Joshua,55,RU,Для работы,Beginner,20,0
42433175-e62e-4a87-af3f-09c7424f57fc,2026-03-08 04:53:51,Joshua,33,IT,Хобби,Intermediate,10,0
6f797053-0bc7-4007-bc97-26f85abe890e,2026-03-07 12:34:51,Ashley,23,RU,Для работы,Elementary,20,0
28fb32fc-1963-4087-9b94-690830c72ddd,2026-04-22 17:01:51,Dana,42,BR,Для путешествий,Beginner,30,0
ff4ad58b-6f36-479a-b931-8a89d59b90d9,2026-04-25 05:27:51,Anthony,42,RU,Для путешествий,Advanced,45,1
1472fa31-0012-4be2-9c3b-7093c6691d4e,2026-03-19 11:49:51,Victor,28,US,Хобби,Advanced,60,0
ce250a11-d188-4e72-93ce-8cf7df931f7c,2026-03-04 20:30:51,Megan,38,US,Для учебы,Advanced,5,0
92ae8be8-2f69-479d-9038-e3a597f85168,2026-03-05 23:52:51,Joseph,50,US,Для учебы,Elementary,90,0
51027bac-128f-4cc2-a246-8c511397e8db,2026-05-05 23:38:51,Ashley,24,IT,Хобби,Intermediate,20,1
4a1e1a7f-8f15-497f-8b45-735c438ec134,2026-05-28 14:45:51,Bailey,46,FR,Для путешествий,Intermediate,90,0
ca859d1f-6bce-4a20-af43-fc91d4e76f03,2026-05-06 02:06:51,Christopher,31,BR,Для учебы,Elementary,5,0
6a2eaa99-bdc8-4eae-a4d0-884d35797001,2026-05-04 21:59:51,Lisa,50,FR,Для работы,Beginner,20,0
1b6dd8bc-0802-4040-a123-f55f83beedf2,2026-06-01 07:22:51,Julie,43,IT,Для путешествий,Beginner,10,0
9a93c4ef-6b96-4b75-a98d-a77bbd39e58a,2026-04-26 14:41:51,Ricardo,24,US,Для путешествий,Intermediate,60,0
827493d5-c3f1-42a8-af14-896b3db65d5f,2026-04-30 14:54:51,Christopher,37,FR,Для путешествий,Intermediate,10,0
7cf4dc6a-4392-4f2c-8208-d5a40aaedf44,2026-05-11 12:50:51,Kimberly,28,DE,Для учебы,Intermediate,10,0
c72c1701-9812-4b95-ac6c-990f8dfe210d,2026-05-14 18:58:51,Kelsey,50,BR,Для учебы,Beginner,45,1
4c8f12b0-3741-4766-8cdc-1873a2841047,2026-03-22 09:32:51,William,26,IT,Хобби,Intermediate,5,0
31b82204-0dfc-4ca5-a504-02625380d943,2026-04-15 09:32:51,Toni,22,BR,Хобби,Elementary,120,0
ac879a19-d2c4-4555-82f0-d2f3fead95ff,2026-04-07 17:25:51,Rebecca,51,FR,Хобби,Beginner,120,0
cae34161-7ed8-46a3-a108-b5e477f4e0a8,2026-03-10 23:16:51,Chelsea,39,ES,Для учебы,Advanced,5,0
5072bbea-aa78-4d7b-85b5-7e9a07e30a54,2026-05-28 06:43:51,Gregory,30,ES,Для учебы,Beginner,60,0
ce2257f5-9433-4b46-927d-d6bdc4869f9b,2026-04-04 11:35:51,Gilbert,36,RU,Для учебы,Advanced,90,0
e3fc0883-95f0-48fd-885d-1b7d7edd7cff,2026-04-18 06:03:51,Kari,46,DE,Для работы,Elementary,30,0
164641ff-a8c0-433f-87a6-288e5bb429f8,2026-04-14 12:49:51,Phillip,53,ES,Хобби,Elementary,120,1
4f443170-5fb2-4028-9524-de71bb0fff3f,2026-04-16 19:40:51,Tyler,37,IT,Хобби,Elementary,120,0
245ab085-8372-4ca8-be0e-a30ddfaf81a1,2026-04-03 22:00:51,Daniel,52,IT,Хобби,Elementary,120,0
8b9e2ccc-e654-47d7-9ac7-745ed60c1f68,2026-05-04 22:46:51,Kimberly,49,US,Для работы,Intermediate,5,0
b15130c9-378e-4676-b746-7b3aefcfaf1e,2026-05-31 06:51:51,Barry,21,BR,Для путешествий,Beginner,5,1
346289cb-ee57-4866-8c5b-5fbd40c72722,2026-03-06 08:55:51,Brandon,30,US,Хобби,Advanced,120,0
fba1195a-6482-4844-927b-bc30d2ce70e1,2026-05-18 09:45:51,Tracy,39,ES,Хобби,Advanced,10,1
8033c030-1cde-4252-9e30-03d6b25a76e2,2026-05-08 06:28:51,Diana,42,IT,Хобби,Intermediate,5,0
c4576e0a-7e2c-4b4c-ad15-05e709715eee,2026-04-08 07:03:51,Michelle,46,BR,Для путешествий,Beginner,30,0
e4481307-2861-4937-8d1f-cd11ac12d128,2026-03-23 02:31:51,Shelly,19,IT,Для путешествий,Elementary,45,0
db461dbb-a7dc-48cd-9d01-9245a61c8a85,2026-05-14 06:06:51,Kimberly,19,RU,Для работы,Advanced,30,0
683e1e4a-2019-4b9e-ba68-0ab59e4f124e,2026-05-30 12:00:51,Stacie,50,BR,Для работы,Elementary,45,0
fa3e2483-96bb-4572-8c07-a4a20e17eeb9,2026-05-18 04:45:51,Holly,50,IT,Для учебы,Advanced,45,0
1f97c4fc-a2f6-4d82-90c8-285dd114be0b,2026-05-06 10:37:51,Michael,40,BR,Для работы,Beginner,60,0
f8fef53b-5391-4514-a505-94921bd4840f,2026-04-12 04:26:51,Charles,32,BR,Для работы,Beginner,45,0
ec8ac26e-2c29-4ac9-9a82-aaea5ea577ba,2026-04-14 19:13:51,Steven,40,FR,Хобби,Elementary,20,0
1b324c4c-8faf-43ff-bb1f-06637a147819,2026-03-11 21:59:51,Alyssa,30,IT,Хобби,Elementary,45,0
f7eabeec-ae10-48e3-b886-2ed88add6a5a,2026-04-04 04:52:51,Brianna,28,DE,Хобби,Elementary,120,0
3e3429fa-a63f-4242-8ba4-04b86b5d6a11,2026-04-26 10:54:51,Robert,49,IT,Хобби,Beginner,60,0
00c90108-0273-4578-a493-6bdd813a87fe,2026-04-27 21:10:51,David,54,US,Для путешествий,Elementary,30,1
ec87fa2c-a3ba-4931-b25b-82eea64f445a,2026-04-17 02:17:51,Edward,40,IT,Хобби,Elementary,60,0
d2304338-076e-4072-b271-c2f28aa19cb2,2026-03-16 10:16:51,Logan,27,IT,Для работы,Intermediate,120,0
62b5d6f9-977d-4de7-a8cd-dbbb2de72400,2026-04-20 05:52:51,Melissa,16,IT,Для путешествий,Advanced,60,0
894035f4-27ac-45fc-b54b-5d28c7e49c36,2026-04-30 22:48:51,Heather,54,FR,Для работы,Beginner,45,1
f0eac88e-1c8e-45c0-829f-cbdef79eb7e4,2026-05-07 16:24:51,Gary,24,FR,Для учебы,Advanced,120,0
24c54087-cdc0-4275-a26a-f5838f79d758,2026-05-19 08:41:51,Jerry,51,RU,Для учебы,Intermediate,90,0
9c122fc9-02e4-467d-90d4-1331a9dd1ac8,2026-05-27 12:18:51,Jennifer,54,RU,Для путешествий,Elementary,120,0
d228d909-a747-47e0-9f5b-d6b9675b9e66,2026-05-03 20:20:51,Nicole,33,IT,Для путешествий,Advanced,60,0
0076703c-f0d6-4774-a386-7a8699085515,2026-04-28 11:50:51,Austin,21,ES,Хобби,Advanced,5,0
01e6ab72-5b0b-48ac-90b5-c86caa54014d,2026-04-20 12:13:51,Ricky,26,US,Для работы,Beginner,15,0
3c40454a-52a9-48d4-9436-6518ed97ed02,2026-04-08 07:11:51,Elijah,16,DE,Для работы,Intermediate,90,0
17a0b6d2-0e24-40bc-bff4-22e4c9aa45f6,2026-04-29 11:46:51,William,21,IT,Для учебы,Beginner,30,0
29841bb0-2aa6-49bb-b9f0-182805c2218b,2026-05-07 16:10:51,Jessica,32,US,Для путешествий,Advanced,30,0
1a0d10a9-6782-4305-a51f-0b4cc412d855,2026-06-02 01:25:51,Ashley,54,DE,Для учебы,Intermediate,30,0
e6655ffd-cd78-4109-8663-be331bd8fef5,2026-05-18 23:13:51,Jay,45,FR,Для учебы,Elementary,15,0
b74d4f43-a8a6-4a50-865f-3659e840197e,2026-05-30 07:31:51,Misty,26,BR,Для путешествий,Intermediate,45,0
3baf1a85-b7aa-430f-b801-017acd43e566,2026-05-09 19:32:51,Martha,45,FR,Для работы,Advanced,60,0
617fd96e-d8c8-4cf7-9e84-8bdf173f7f12,2026-04-20 05:07:51,Adriana,19,BR,Для путешествий,Advanced,5,1
52f135a1-c721-4d82-ae41-8e587d64ce66,2026-03-17 17:46:51,Tammy,39,FR,Для учебы,Advanced,5,0
e0759d7c-6994-425b-954e-b6edc0b0a741,2026-03-25 16:32:51,Joshua,42,US,Для работы,Intermediate,5,0
5aeffe2f-38d7-4591-9a17-9362b8ae1040,2026-05-22 09:16:51,Ryan,48,RU,Для работы,Advanced,5,0
d733fad9-2f22-41c4-be40-f6afcd3339fa,2026-05-21 07:25:51,Eric,31,BR,Для путешествий,Intermediate,60,0
2f7a3274-d36d-4a54-9559-8a6e47fe7265,2026-03-24 14:27:51,Betty,43,FR,Для путешествий,Intermediate,30,0
b43a2eed-d0e5-4dc3-9fb9-570654b3cf08,2026-03-25 09:35:51,Holly,31,BR,Для учебы,Intermediate,45,0
f5f18ad2-f834-4da8-bde8-a71f5e2887b5,2026-03-27 14:08:51,Tom,35,RU,Хобби,Intermediate,45,0
a6495687-ea7c-41b1-b040-f21d3021f2ac,2026-04-08 09:04:51,Craig,34,BR,Для учебы,Beginner,120,0
83e0db7c-cce6-42c1-b241-afb53b71fbfe,2026-04-23 14:42:51,Brad,32,BR,Для работы,Beginner,10,0
5eb4dfc2-0b8f-4e23-bc1b-4ce0a2bf6637,2026-03-10 00:16:51,Crystal,21,US,Для работы,Advanced,20,0
99765b2c-b788-44cb-acfc-4a0a0674c326,2026-04-25 11:21:51,Lori,30,IT,Для работы,Intermediate,30,0
e2c926e0-7a8d-4785-817e-f0839eef06af,2026-04-16 00:02:51,Stacey,26,DE,Для путешествий,Beginner,30,0
ce7800e8-59ff-4f98-99de-aca7ebcb3357,2026-03-13 17:11:51,Anthony,51,FR,Хобби,Beginner,120,1
b55bd139-2a13-46db-8572-63eb150e8b6d,2026-03-28 05:07:51,Stephen,21,IT,Для учебы,Elementary,20,0
5a6e36e3-c78b-4437-9ea4-c09be492a1a2,2026-06-02 09:22:51,Amber,51,US,Хобби,Elementary,10,0
7ed52372-4230-4e3a-a61a-2cd154479123,2026-05-07 17:56:51,Anthony,18,DE,Для путешествий,Beginner,30,0
923c3f69-7cf9-4ca5-9b1d-6f4d1f74526f,2026-03-25 13:28:51,Austin,41,US,Хобби,Intermediate,15,0
e13a4cd3-d9f9-4f4d-9e31-a025ec89b792,2026-04-13 22:47:51,Tyler,40,RU,Для путешествий,Advanced,5,0
710fe63d-8be9-4b36-9bba-b381fe169085,2026-03-20 12:08:51,Joseph,53,US,Для учебы,Intermediate,45,0
dbf2ea21-2816-44f7-96ca-921ffc190b60,2026-05-09 20:44:51,Eric,50,US,Для учебы,Intermediate,120,0
50fc1d87-345e-47a0-b05c-3aca7d075020,2026-05-31 19:44:51,Nicholas,34,BR,Для путешествий,Advanced,90,0
116f0437-dd6c-4836-8af0-d30a05172f77,2026-05-27 21:33:51,Tommy,48,DE,Хобби,Beginner,30,0
deab925b-d7bd-40b8-acf1-14e65cded753,2026-03-20 01:09:51,Stacie,40,FR,Хобби,Elementary,60,0
369b824a-ab9a-4b4c-80ad-0879f8b5cd0c,2026-04-08 16:17:51,Raymond,29,RU,Хобби,Beginner,90,1
a1fe23c5-37cc-4da3-b39a-6f9b925a0277,2026-04-09 08:59:51,Robert,18,DE,Для путешествий,Beginner,120,0
02b4dcfe-65e1-4404-86c0-46e2989bdc22,2026-05-14 15:02:51,Jeremy,34,DE,Для работы,Advanced,15,0
db379ee0-9262-4f74-9a9c-e0c32717838d,2026-05-26 18:22:51,William,20,IT,Хобби,Intermediate,10,0
df73347e-14a0-4f06-950b-b2caf436a787,2026-05-27 01:11:51,Yvonne,28,US,Для учебы,Beginner,120,0
c87c19de-036b-4515-a976-0c79dccc24e8,2026-03-18 11:04:51,Victoria,37,RU,Для учебы,Advanced,5,0
49f75851-0c4b-4113-94e2-1efad87a16f1,2026-03-20 09:53:51,Randy,46,RU,Хобби,Beginner,90,0
0166028f-2562-4df1-8861-46d63501a28f,2026-04-02 17:20:51,Peter,44,RU,Хобби,Beginner,90,1
2b63c52f-007b-479a-b253-dcd52b0b3d5f,2026-05-22 01:48:51,Robert,17,IT,Для учебы,Elementary,5,1
61180f02-425a-49bd-b0b0-70af46e058e5,2026-03-18 19:18:51,Michael,36,DE,Для работы,Beginner,30,0
8ff2c9d5-ebc4-418a-bc19-4707fc266921,2026-03-04 16:09:51,Andrea,44,RU,Для работы,Beginner,60,0
9d37d0b6-4d9e-4400-b8d1-6258e4d019b6,2026-05-19 04:48:51,Joseph,52,RU,Для работы,Beginner,5,0
7b6beeac-e8db-4be9-9469-245db0ae7dcb,2026-03-08 16:48:51,Anthony,49,BR,Для работы,Advanced,30,0
7cba252e-c365-4a62-9e5b-4b96d7d517a6,2026-05-01 09:22:51,Bradley,25,BR,Для учебы,Intermediate,120,0
a559ae7b-c852-4e22-8ce6-73c1a9cf8ac0,2026-03-15 12:05:51,Gina,49,RU,Для учебы,Beginner,10,0
99f199bb-3a31-497f-bb58-5baa8222bfcd,2026-05-24 17:17:51,Kaitlyn,47,US,Хобби,Intermediate,90,0
2887d1bb-2dea-41cf-8781-75710dd2c68d,2026-04-13 13:26:51,Anthony,16,US,Для учебы,Beginner,120,1
d4fff52c-7c96-4e47-be5b-964e12b80fa1,2026-04-25 18:43:51,Andrea,25,US,Для учебы,Advanced,120,0
615a4878-e043-45e3-87b0-5a9f2d23dc53,2026-04-27 07:16:51,Victoria,17,FR,Для работы,Elementary,90,0
4be36267-8f56-4b94-b23b-60180e81cd3c,2026-05-29 16:28:51,Yolanda,16,FR,Для учебы,Elementary,5,0
6ba271b1-68bb-4239-b8dd-f54fd1b8ecd0,2026-04-21 12:39:51,Elizabeth,54,RU,Для путешествий,Advanced,120,0
31a81511-2312-4146-893b-99765c092dc2,2026-05-16 22:22:51,Eric,42,RU,Для работы,Advanced,45,1
b9b33a6d-d2d9-488f-9028-90628f50cc55,2026-03-12 06:35:51,Jeffery,36,DE,Для путешествий,Elementary,30,0
4cf8a708-a5f7-48e8-a6df-3005083e259f,2026-03-12 22:45:51,Parker,36,US,Для путешествий,Beginner,90,0
f4d80483-81b2-48cf-a551-3be1b1500b0f,2026-05-09 01:34:51,Gloria,24,ES,Для работы,Advanced,30,0
bc2620f5-ef73-4928-bf97-ea0e0c52bd0c,2026-05-08 07:11:51,Christopher,49,DE,Для учебы,Elementary,10,0
988d9921-3e59-4cec-b18a-ed0391a947c1,2026-05-31 01:52:51,Cheyenne,24,US,Для учебы,Intermediate,30,0
cfbdbdb8-25cc-4d9f-82d4-dd0838a2dee7,2026-05-15 21:00:51,Michelle,37,ES,Для путешествий,Beginner,10,0
063cf915-f1d2-4f8a-bf74-a6771fe9232f,2026-05-28 15:31:51,Matthew,42,ES,Для путешествий,Elementary,45,0
b84dfa03-2c20-4bcd-bb28-89b37f12c8ae,2026-05-30 21:01:51,Calvin,54,RU,Для учебы,Elementary,60,0
c01ba9d9-8427-4fe4-ad8a-2dd6203c63d6,2026-03-10 00:50:51,Trevor,24,ES,Для учебы,Beginner,120,0
9286da11-9e37-41c5-ad27-981db81ccadd,2026-03-29 05:10:51,Brittany,22,IT,Для работы,Advanced,30,0
b59f50c6-a496-4a9a-b8a2-1348b4ce3532,2026-05-03 17:57:51,Daniel,39,DE,Для учебы,Advanced,90,0
ece4f7af-d2ac-4043-9901-13a8c3a00f13,2026-03-10 21:05:51,Karen,53,BR,Хобби,Elementary,60,0
5a27750c-cd09-45f5-b138-c0366677b14d,2026-05-28 15:23:51,Matthew,31,DE,Хобби,Advanced,30,0
cbaad9fd-10d9-4129-ac50-940a5dde0298,2026-04-17 22:35:51,Alicia,47,FR,Для путешествий,Beginner,45,0
6dd04ff7-06ee-43cb-8605-f0084296dbef,2026-03-11 18:20:51,James,33,RU,Для учебы,Intermediate,10,0
6fad5f25-afe7-4d1b-a6c1-4bfa34fa161f,2026-05-01 05:49:51,Christina,23,ES,Для работы,Beginner,45,0
4bac7473-23fd-49ab-bec1-a06e0777ea65,2026-04-09 00:36:51,Melissa,55,BR,Для работы,Elementary,20,0
5dfc4bb7-516c-4339-b788-6503c0c4c995,2026-03-30 13:46:51,Haley,44,DE,Для учебы,Elementary,10,0
e1669d83-894e-4a0f-a99e-2d19e838bd69,2026-05-20 23:22:51,Paul,17,ES,Хобби,Advanced,60,0
00f81ae8-c82b-4a15-a81a-532cea168eb4,2026-04-14 20:29:51,Cynthia,20,BR,Хобби,Advanced,60,0
928e3775-3620-44f6-9442-e4385ee8b5b7,2026-03-16 06:27:51,Damon,54,US,Хобби,Elementary,30,0
8d6f7126-8cf6-43e3-83c3-4a807d429ebe,2026-04-29 02:52:51,Scott,22,US,Хобби,Beginner,45,1
d7c37c8e-a054-4432-a879-b315b5d8ca42,2026-03-16 22:46:51,Amanda,20,BR,Для учебы,Elementary,5,0
f25e59c9-adc8-4399-91eb-e8bd9446a18a,2026-04-20 01:40:51,Jennifer,16,IT,Для учебы,Intermediate,120,0
a6e58b85-7174-4062-a917-b3f15b688cb6,2026-04-19 23:29:51,Nicole,18,RU,Хобби,Elementary,30,0
ebe965b1-384e-4095-b7e4-48b3a81cd4e5,2026-05-16 05:37:51,Heather,17,DE,Для путешествий,Advanced,60,0
c48fe7e3-5aae-4807-94ae-78cc031761f8,2026-03-29 03:39:51,Robert,52,DE,Для работы,Advanced,5,0
3b44de4d-55db-4794-ad78-f2227068280b,2026-05-29 06:06:51,Melissa,39,BR,Для учебы,Elementary,5,0
6cf664b9-5b05-40e0-aab7-a916bb413b20,2026-04-11 10:58:51,Sarah,44,BR,Хобби,Advanced,10,0
05b6f026-ae7b-4e8c-b897-98a70d42a665,2026-05-24 14:21:51,Michael,26,RU,Для работы,Beginner,45,0
99ce8a82-eca2-40c8-8713-5752cf385db5,2026-04-09 06:02:51,Tara,20,US,Хобби,Beginner,120,0
536ecf12-1173-413b-a3c2-bddf455da623,2026-06-01 16:44:51,Jose,36,US,Для работы,Elementary,30,0
62ce2b6b-b22c-456b-a660-6c95cee6ef50,2026-05-26 04:41:51,Benjamin,31,DE,Для учебы,Elementary,60,0
f6cc51bd-fbcd-434d-a5c6-676b944543c5,2026-03-05 15:09:51,Dorothy,22,FR,Для учебы,Beginner,90,0
bfc7c3db-eaee-4d6a-a033-1eaea22f6193,2026-04-12 22:51:51,Adam,55,BR,Для учебы,Intermediate,30,0
02c741cb-24dd-4409-98eb-0a5fa6bff502,2026-05-16 17:42:51,Kelly,22,IT,Хобби,Intermediate,20,1
847cb17d-cef6-456a-b56a-d901baec2d91,2026-04-25 21:23:51,Ronald,29,RU,Для путешествий,Intermediate,45,0
6a4d1ede-7220-496f-add9-8952ffb71d4b,2026-05-31 19:13:51,Sarah,26,RU,Для путешествий,Advanced,5,0
83ecab93-3b37-4149-80b7-cdc9aa821f29,2026-05-09 20:15:51,Pamela,41,US,Хобби,Intermediate,45,0
cd359f0e-61d1-4c2f-862e-e8ed1041bfb4,2026-05-27 01:07:51,Lori,46,US,Для работы,Advanced,30,1
909488a1-9f0f-45e7-9c5d-8c089414147c,2026-04-05 18:32:51,Noah,28,DE,Для учебы,Intermediate,120,0
a4a1144d-d0ce-4bd1-b830-0341c0280997,2026-05-08 17:36:51,Alexandra,44,IT,Хобби,Advanced,15,0
a8ecc91a-896f-4acc-a0a3-54ed23fa1072,2026-05-28 02:00:51,Alison,54,US,Хобби,Advanced,10,0
874354e9-4dd9-4cbc-b4c4-9de0894c4645,2026-05-13 19:20:51,Brett,39,US,Для работы,Advanced,90,0
22d2b449-dcda-404e-9302-6b76533c0135,2026-04-29 01:44:51,Joshua,26,FR,Хобби,Advanced,10,0
428596bd-3552-4b07-841e-f830cec190dc,2026-04-17 09:56:51,Chelsey,18,IT,Для путешествий,Intermediate,60,0
6957f534-e9cb-4f75-b09f-887bcbfe44e5,2026-03-27 09:50:51,John,27,BR,Хобби,Advanced,45,0
93b77dd3-3a03-4cdd-9f4b-33b6b9ae02bd,2026-03-20 14:56:51,Paul,24,IT,Для учебы,Intermediate,20,0
dc2e934a-e128-4e5f-9614-bab654d4d7b6,2026-05-09 05:21:51,Steven,40,US,Хобби,Beginner,15,0
d31a9301-f381-4f9a-a73f-798045968bde,2026-03-15 20:29:51,Troy,19,RU,Для работы,Beginner,90,0
d489d093-2c39-41db-8a87-046f0709f04c,2026-05-07 01:41:51,Jennifer,26,IT,Для путешествий,Intermediate,5,1
5438145b-ebaf-4beb-b187-aa7a2573a6f8,2026-04-17 10:20:51,Trevor,22,IT,Для работы,Beginner,20,0
8e4f712f-3f6b-425a-aaa2-4d338b38bb48,2026-05-02 06:34:51,Lisa,36,BR,Для путешествий,Elementary,10,0
74bebdee-a1fa-4cb4-a1c6-4cc4ccb9fb9d,2026-05-18 04:42:51,Laura,38,DE,Для учебы,Elementary,10,0
fa9e3272-cc79-42e4-8aab-d822525d5ecb,2026-03-21 16:31:51,Joseph,22,RU,Для учебы,Elementary,30,0
02e42ac8-66b6-4a51-b122-94ded434c093,2026-04-15 08:52:51,Rhonda,42,US,Для учебы,Intermediate,120,0
c42aac45-7404-4e8e-bcbe-b9765ac6f57b,2026-03-19 00:44:51,Leslie,17,IT,Хобби,Intermediate,30,0
68da4d62-8fb2-4400-a1b8-afb1e0da6782,2026-06-01 15:41:51,Anita,46,ES,Для учебы,Elementary,20,0
07c2b8ad-f77b-47df-bbb2-f554f0c1cf92,2026-04-15 11:04:51,Victoria,53,FR,Для путешествий,Beginner,15,0
4a92acb1-bd0b-4615-8e2f-d137e42ee46e,2026-03-16 13:49:51,Matthew,26,US,Для путешествий,Elementary,30,0
28335009-80ab-4d2c-b77c-e8e451170cfd,2026-05-13 09:13:51,Nicole,37,BR,Для работы,Elementary,20,0
56599218-f39a-43f2-bcf8-bda542739ce7,2026-05-21 10:03:51,Debbie,42,FR,Для работы,Beginner,90,1
0a19084c-d9a0-45e8-aac2-72a4d8ed247c,2026-04-03 07:54:51,Timothy,40,US,Для учебы,Beginner,120,0
f436dcac-8403-4e7f-9cc8-1911edeaaa3f,2026-04-22 16:46:51,Amy,38,BR,Хобби,Elementary,60,0
8c184014-829a-4335-96df-61638adf3075,2026-04-08 09:01:51,Amy,43,FR,Хобби,Beginner,60,0
c9b02dce-3b79-4fdd-96d1-033e9097ebab,2026-04-02 20:14:51,Christie,19,BR,Для путешествий,Advanced,120,0
febd9978-c04d-4dca-a4c4-ea18f49f2225,2026-03-08 23:38:51,Joshua,35,ES,Хобби,Beginner,30,0
f2819bf1-e28f-4e1e-ab98-5974cc2ed08e,2026-03-29 07:56:51,Dakota,25,DE,Хобби,Advanced,120,1
aaca2520-1cd3-4796-b0ab-fe392f7dcb98,2026-05-19 08:31:51,Eric,53,US,Для работы,Beginner,45,0
280873b7-48c8-4a74-843c-8040348f91cf,2026-05-17 06:57:51,Nicole,45,IT,Для учебы,Advanced,10,0
78049e38-b4e3-466d-9e2d-96f3f69bf36b,2026-03-21 16:05:51,Nicholas,47,DE,Для учебы,Beginner,10,0
41fad683-adeb-48ca-b049-11df7c3ffc98,2026-04-13 05:19:51,Melissa,41,BR,Для путешествий,Advanced,15,1
5244525c-8d6f-45ac-a6b2-b31dbb3bab9f,2026-05-25 11:28:51,Dawn,39,FR,Для учебы,Elementary,10,0
5911d29b-5a81-4a50-8982-5958449726c2,2026-05-11 01:35:51,Carla,39,ES,Для учебы,Beginner,10,1
dbf8ec9a-e806-425d-ae0b-7a2e5e5dbab6,2026-05-08 02:10:51,Sandra,36,US,Для работы,Elementary,15,0
f08040f8-e502-4166-afc3-cb532fb3f6fb,2026-03-15 01:58:51,Sara,18,US,Для путешествий,Beginner,120,0
9817555c-0fb7-4d1d-ab09-2421fcd7a361,2026-03-25 06:27:51,Jessica,47,ES,Хобби,Advanced,15,0
240019e0-0252-4846-9f5d-0996c39a34e1,2026-05-13 05:46:51,Brenda,24,RU,Хобби,Beginner,15,1
116e4c5c-906a-46d5-a78a-24fb9cc386c2,2026-03-15 03:52:51,Robert,22,IT,Для путешествий,Beginner,120,0
9a466684-f820-4057-870a-92ff5aaee7fc,2026-05-20 00:33:51,Brett,46,RU,Для путешествий,Elementary,10,0
f9c37e96-06a3-4c25-937b-aaba425efc57,2026-05-30 03:52:51,Gabriella,48,FR,Для учебы,Advanced,45,0
4e8c60d3-662c-4b89-9970-4b7df543bb2a,2026-05-10 17:38:51,Tara,17,RU,Хобби,Intermediate,20,0
e3b3ba11-5768-4d98-b48e-354550baf5c5,2026-03-15 02:29:51,Anthony,55,RU,Для работы,Intermediate,10,0
1520ade3-6171-4b1d-b260-df57d3304d37,2026-03-21 03:53:51,Susan,33,RU,Для путешествий,Advanced,15,0
26f27558-6320-40b6-8bdc-c3da8228963b,2026-05-29 10:06:51,Rachel,28,FR,Для работы,Intermediate,15,1
e059d2a6-fc17-4b3b-80e9-2f9a5c6440b2,2026-05-21 06:02:51,Larry,18,IT,Для учебы,Intermediate,5,0
8860896e-63d0-418b-a997-c9ec33e907be,2026-04-19 14:52:51,Michael,32,IT,Хобби,Elementary,90,1
d04ff68d-b12b-4d82-b417-9a82f5e81350,2026-04-10 06:13:51,Bridget,20,RU,Для работы,Intermediate,15,0
22f62a6d-3ab5-438b-8518-a09da83b520e,2026-05-05 15:13:51,Joseph,36,BR,Для путешествий,Advanced,90,0
c204e069-6f6a-47e4-af1f-f35ec8c476e1,2026-03-27 20:38:51,Edward,46,BR,Для учебы,Elementary,30,0
ebf12b8d-5028-4091-92fe-95cf825c0195,2026-03-28 18:11:51,Zachary,45,US,Для путешествий,Intermediate,60,0
5c7246d0-5dd1-4255-b52a-3dd953f05cff,2026-04-09 12:03:51,Molly,37,DE,Хобби,Elementary,20,0
0270d514-d5bf-465b-b454-093233a62547,2026-03-13 20:23:51,Walter,48,IT,Для учебы,Elementary,10,0
c28ebbc2-8c21-4d18-b82f-650bcfe1b9bd,2026-05-08 12:59:51,Brian,29,IT,Для работы,Advanced,60,0
c5910759-22b7-4163-a0f0-c99ff9950ea5,2026-04-06 03:21:51,Christopher,19,US,Хобби,Elementary,5,0
4b7798c1-8758-44b6-b569-b5fc33ccbca7,2026-03-14 18:23:51,Brian,34,ES,Для путешествий,Elementary,60,0
582bc2fe-c638-4458-a3c6-9494b766f38e,2026-03-22 19:42:51,David,40,US,Хобби,Elementary,5,0
da92375d-3940-449c-b3d1-e0b5445ce70a,2026-05-29 23:25:51,Gloria,44,BR,Для путешествий,Advanced,20,0
71e94964-a6f3-4dc7-8d9e-a4d834b87ab1,2026-05-05 19:33:51,Amber,52,ES,Хобби,Elementary,60,0
9e03944c-af26-4900-9f94-cb4a3a99bbfc,2026-04-13 22:23:51,Gregory,34,US,Для учебы,Advanced,5,0
1618bc66-39cb-46e4-91e3-9699bf14d48f,2026-05-03 16:12:51,Charles,48,US,Для путешествий,Beginner,5,0
961b9e9c-b470-41f6-b4f9-b9615f9cb999,2026-03-05 08:05:51,Catherine,43,BR,Для работы,Advanced,90,0
97e284ba-aefd-4c9c-a9ae-3a79aabdd98c,2026-05-19 15:23:51,Amanda,22,FR,Для учебы,Elementary,10,0
4421c4a6-3e88-4674-a7c8-4bb263c210dc,2026-05-07 22:18:51,Brenda,42,ES,Для работы,Intermediate,10,0
a3e0ba47-56ee-4e6f-9c06-6f85ba26a258,2026-04-13 18:51:51,Elijah,22,IT,Для путешествий,Intermediate,15,0
5ba806af-626c-4b5b-b50f-5fc018371d45,2026-03-05 23:53:51,Michele,16,IT,Хобби,Beginner,90,1
9bbe0b55-a878-4200-9836-8e01c3c015d8,2026-04-30 23:59:51,Stephanie,22,DE,Хобби,Advanced,30,0
0fe96cfa-7d12-47c5-a59c-8235e47ee7c0,2026-03-23 11:29:51,Holly,27,DE,Для работы,Beginner,120,0
99895c41-bdfb-4af6-9659-e69f1d5ceb99,2026-04-19 09:25:51,Vanessa,46,FR,Хобби,Beginner,90,0
6a09710a-7822-43aa-afb3-74baa263726e,2026-04-30 13:28:51,Patricia,45,US,Для работы,Intermediate,20,0
a6454e15-3081-48e8-8f06-bb46e22e2a69,2026-05-03 12:43:51,Dillon,35,RU,Для учебы,Intermediate,30,0
e7408e01-28c0-4159-ba05-33489fb2a423,2026-05-30 23:50:51,Juan,49,IT,Для путешествий,Beginner,10,0
f3c2970f-9ace-4342-adc1-ef9c7799360e,2026-05-28 20:50:51,Kevin,27,FR,Для путешествий,Advanced,5,0
8a840071-4dfc-458f-9e05-ef01a27dc72d,2026-03-30 02:57:51,Nicholas,19,FR,Для учебы,Beginner,45,0
f92b327b-a29e-4a77-8647-889350082161,2026-04-27 21:06:51,Joseph,35,US,Хобби,Intermediate,20,1
879fba0c-4d4d-4532-84e9-1e95130ec771,2026-04-25 17:44:51,Erica,52,DE,Для учебы,Elementary,10,0
4fb4ad29-a28f-4314-ae86-435f3a61e378,2026-03-07 22:11:51,Nicholas,51,ES,Для работы,Beginner,120,0
6994e7d5-4abc-4e6b-b310-bc8bd5b1ec03,2026-03-10 21:51:51,Jacob,23,ES,Хобби,Intermediate,60,0
decabfa2-8eb0-4449-b1eb-552a7b31cb6f,2026-04-03 19:56:51,Ronnie,37,RU,Для работы,Intermediate,30,1
80043a7d-3737-456f-b64a-4a6dcf7c42c5,2026-04-20 12:39:51,Michael,21,US,Для работы,Advanced,20,1
6ada0904-38bc-4b6a-8215-a24f5f909aaf,2026-03-17 04:13:51,John,19,FR,Для путешествий,Elementary,90,0
d1b559c3-4f17-4e3f-954e-7e78cc88ff2d,2026-04-03 08:35:51,Brenda,28,ES,Для учебы,Advanced,10,1
a6c586a5-fe08-4ffb-bc76-ad594283e513,2026-04-05 05:32:51,Donald,52,US,Хобби,Intermediate,45,0
7aeaaeda-a946-494a-a155-00c41fc13679,2026-05-28 15:03:51,Jennifer,35,US,Для учебы,Intermediate,30,0
529f0c50-cc1c-4229-8ce5-b6209470a02d,2026-04-10 15:41:51,Dawn,27,FR,Хобби,Elementary,60,0
19b8f643-f0ec-4d5f-b0dc-e6237e0c8015,2026-04-29 13:24:51,Isabella,18,BR,Для учебы,Elementary,20,0
17ab68f9-225c-4fb4-9c77-f1f507c5fb66,2026-05-04 10:51:51,Carolyn,35,IT,Для путешествий,Advanced,5,0
0300fdd2-b647-4eb7-9cc6-c10a60e8c5b0,2026-05-30 05:33:51,Michael,20,ES,Хобби,Elementary,20,0
25f89bf8-4a84-437f-9705-f1ab13d14991,2026-04-09 09:09:51,Chelsea,46,RU,Для работы,Advanced,15,1
1910f4ea-e8b3-4c63-8545-a3d6e2c0c4bc,2026-03-31 21:23:51,Alicia,47,ES,Для учебы,Intermediate,90,0
ae74fc22-1e05-4ce1-b5d0-1822a16b2945,2026-04-15 15:50:51,Eric,35,ES,Для учебы,Intermediate,30,0
7f6885da-1650-444f-a1f0-9aa2193e9208,2026-03-20 04:42:51,Martha,39,BR,Для работы,Intermediate,45,0
a7aad11c-1cc1-46cc-ace6-360ced73a915,2026-06-01 02:59:51,Laura,23,IT,Для работы,Beginner,60,0
4b0f8b1b-e853-4368-b9b7-80ea49b2e094,2026-03-21 03:05:51,Daniel,44,IT,Хобби,Beginner,30,0
d1aedb25-1004-4e5a-8091-b8b64e021e13,2026-03-29 06:55:51,Jeffery,50,RU,Хобби,Elementary,5,1
762051f5-3798-4da9-b7ca-d593bbed54ed,2026-04-25 12:08:51,Samantha,37,RU,Для работы,Intermediate,10,0
7d206b2d-307d-4681-8b33-7f621df39723,2026-04-17 15:54:51,Kendra,25,DE,Для путешествий,Beginner,30,0
23cdf44a-f1b9-4a81-ad33-de648049e783,2026-04-03 15:16:51,Stephanie,16,BR,Хобби,Advanced,20,1
35207c7e-3899-4fe9-9986-312a0a691306,2026-04-10 07:00:51,Ashley,35,US,Для работы,Elementary,10,0
416e0461-471f-4e1a-a3ce-abd2630be818,2026-03-14 08:08:51,Joseph,47,ES,Для работы,Beginner,5,0
4f0f9f47-a68d-449f-8ab7-2611e45c0ffa,2026-03-18 00:08:51,Sean,38,FR,Для путешествий,Intermediate,90,1
7ccb8ca8-1501-42b4-916b-0c0e37351c7a,2026-03-16 08:37:51,Andrea,16,BR,Для учебы,Intermediate,120,0
c70bdcc8-36c8-4220-b92d-5f5b98c55596,2026-05-20 23:48:51,Carrie,24,DE,Для путешествий,Beginner,20,1
f70abaf4-b6ca-453b-b924-4a1af82e616e,2026-05-16 09:18:51,Norman,17,ES,Хобби,Beginner,20,0
cf60bb8c-374c-4dbd-9972-4c22586fbdd9,2026-04-21 07:49:51,Tyler,29,BR,Для путешествий,Beginner,20,0
a33c04b4-6b74-4694-b116-5bbab2a3ba50,2026-04-06 08:13:51,Jackie,19,IT,Для работы,Elementary,5,0
2e0339de-cf39-44bc-b75a-a611efc26d9b,2026-04-13 16:31:51,Christopher,49,FR,Для учебы,Elementary,90,0
299e59eb-9f24-46e3-8005-e757eccceac1,2026-06-02 04:12:51,Jerry,25,RU,Для работы,Beginner,15,0
77cee84a-b94e-48a6-bad9-b2c4cdc01326,2026-05-09 04:28:51,Jasmine,38,ES,Для путешествий,Intermediate,15,0
b3b1e600-51c7-4461-9db2-898440bd45c3,2026-04-08 00:26:51,Ryan,34,US,Для путешествий,Elementary,120,0
d60c8c24-02cd-4cb8-927e-d286ab6cf0c3,2026-04-07 21:52:51,Madeline,55,FR,Для учебы,Intermediate,60,0
9cbeff55-9c5b-4236-837f-00c89178016f,2026-04-02 11:58:51,Seth,16,BR,Для работы,Elementary,5,0
07136677-4aac-4c7c-9404-8732f931c538,2026-05-21 14:52:51,Larry,34,BR,Для учебы,Elementary,30,0
35a50f5b-1b31-461d-b13e-18673066f315,2026-03-26 21:44:51,Catherine,48,US,Для учебы,Elementary,10,0
0f3a0d47-8b1a-47a0-8a38-c58ca6e37010,2026-04-20 09:02:51,Gabrielle,43,US,Для работы,Beginner,90,0
ddd46824-8237-4626-932a-2d4dfc84f1b6,2026-04-09 08:57:51,Cynthia,45,DE,Для работы,Beginner,120,0
77e4f999-ee70-4fab-9290-e92e68b3d8e3,2026-04-20 08:51:51,April,50,ES,Для путешествий,Elementary,15,0
c08ba9eb-f9f6-4ae0-b29c-a6bf5abec068,2026-05-09 12:35:51,James,48,RU,Для работы,Beginner,30,0
7464b015-fcf3-41ae-829e-292480bf2b0b,2026-05-29 07:01:51,Melinda,16,BR,Для учебы,Advanced,30,1
6b23d416-13ac-4ced-b2fd-3a3eec5dbb72,2026-04-25 12:16:51,Daniel,32,IT,Для путешествий,Beginner,90,0
618a0efc-d759-433e-8bf4-8842f24069db,2026-04-09 13:38:51,Kara,17,BR,Для учебы,Elementary,10,1
35695f9c-3384-4fab-933f-52addbdc031a,2026-04-22 00:07:51,Stephanie,49,DE,Для работы,Advanced,90,1
e6deda18-066d-4d40-bd86-b2f2bb77844a,2026-05-27 05:10:51,Joseph,52,FR,Для учебы,Intermediate,15,0
014f0cd8-c384-49af-88b8-b47ac8d3ef99,2026-05-13 12:51:51,Christina,29,IT,Для работы,Beginner,60,1
3fc8644b-efda-464f-8ba4-4a32add5572b,2026-03-28 16:43:51,Joshua,31,FR,Хобби,Intermediate,5,0
54fae5d2-1ea2-4d72-8570-519fbe08704c,2026-05-25 04:02:51,Ellen,50,FR,Хобби,Elementary,20,0
ea2aa3df-9dc9-4fc8-a470-6f501e70886e,2026-04-23 20:58:51,Glenn,43,ES,Хобби,Beginner,10,0
f051d19e-0752-4169-8091-a0f7a1cafaf8,2026-05-21 03:07:51,Carlos,43,BR,Для работы,Intermediate,15,0
99003c66-5b5a-4d7d-b313-34e3a31866b0,2026-04-06 06:56:51,Bradley,32,ES,Для путешествий,Advanced,90,0
e0b88cf9-d633-4d5c-9756-5e32429c933d,2026-05-05 03:37:51,Elizabeth,18,RU,Для работы,Beginner,120,0
7a1dfe09-bb76-40d9-b01d-371aa6d41f03,2026-03-19 18:30:51,Michelle,34,US,Для путешествий,Intermediate,30,0
1553acc8-b17e-4e04-b916-9e6c24d76b86,2026-04-16 23:28:51,Elizabeth,30,BR,Для путешествий,Advanced,20,0
c0a87bb1-1eee-4315-a80b-fd453babeac9,2026-05-09 13:43:51,Tammie,19,FR,Для учебы,Intermediate,90,0
4d2836c4-8b75-46ef-a5a3-4ea3d108a0c4,2026-05-17 15:46:51,Scott,55,FR,Хобби,Beginner,15,0
94d90320-ed64-4854-8ba9-6be7c054c684,2026-05-27 18:02:51,Charlotte,20,RU,Для учебы,Intermediate,45,0
71d47ce2-8dd9-4c3b-bf71-ef33fa5cff85,2026-03-25 12:56:51,Debra,34,DE,Для работы,Intermediate,45,1
d54ad419-cc0b-4ef3-9977-d275b3056b05,2026-05-18 10:58:51,Stephanie,50,US,Для путешествий,Beginner,5,0
ef4e04bd-d7c2-41a2-89fa-5e8a9525c8fb,2026-04-15 03:39:51,Mark,40,US,Хобби,Elementary,20,0
f24767d1-cab1-465a-9fb3-c96d391e753d,2026-04-28 14:22:51,Diane,35,ES,Для работы,Intermediate,90,0
da2a5dde-cc6b-4b35-be9f-93e82c0f5451,2026-05-12 05:33:51,Matthew,52,US,Для путешествий,Advanced,120,0
2b051150-0671-4d84-a11f-15a0ead6250c,2026-05-25 01:03:51,Loretta,47,FR,Для работы,Advanced,60,0
27c936ac-d82b-4583-8085-b4fafa55f4a3,2026-05-19 22:36:51,James,34,ES,Для учебы,Beginner,5,1
8676d24a-62e2-4203-a58b-74d6db3ac9da,2026-03-19 18:53:51,Anthony,54,US,Для работы,Intermediate,30,0
8d95271c-1712-4df4-aa4d-8a107346e516,2026-05-07 14:35:51,Renee,23,US,Хобби,Advanced,5,0
684a6437-a2e3-4205-82eb-8803695dd4be,2026-04-29 15:51:51,Connie,50,IT,Для учебы,Intermediate,30,0
975fa7e4-9992-441d-bbe3-95f46a621651,2026-05-31 01:30:51,Kevin,19,US,Для учебы,Intermediate,5,0
9c812b22-0396-4121-8195-b1a337f4d24f,2026-03-20 06:14:51,Brittany,38,BR,Для путешествий,Advanced,45,1
290d82e1-d9d6-4ccd-86c0-7eaedc54dfd9,2026-04-10 04:34:51,Kelly,34,RU,Для путешествий,Intermediate,15,0
59896fa1-b7a8-4074-ac7e-4944c5e7cf0c,2026-04-28 10:35:51,Jaime,30,DE,Хобби,Elementary,20,0
bf33395b-6600-458a-ae44-687d0fa61250,2026-05-15 13:54:51,Brenda,30,FR,Хобби,Beginner,45,0
281d3aca-4d6b-419b-945b-4f551f7017a7,2026-03-24 22:45:51,Jesus,22,IT,Для учебы,Elementary,120,0
c157c6f2-2101-499b-ae7a-1cc3d3c131d7,2026-04-19 10:43:51,Robert,26,BR,Для учебы,Beginner,60,1
c325e0d2-98d0-4a7f-808f-5ae1f7e51938,2026-05-21 07:41:51,Lindsay,41,DE,Для учебы,Elementary,5,0
46a817f6-0e3b-4de9-96b0-b7a31149cd71,2026-05-03 07:36:51,Melanie,22,IT,Для учебы,Elementary,45,0
65156fad-6f0c-421a-a48f-a9386c25c1e4,2026-03-28 22:07:51,Heather,32,ES,Для учебы,Intermediate,45,1
adc5cf91-9f1f-46c9-94d6-bb1df537616a,2026-05-01 14:32:51,John,23,DE,Для работы,Beginner,30,0
9d8c1a5f-95d7-46bf-b7fd-1b5069987c9d,2026-05-29 18:58:51,Hailey,48,ES,Для путешествий,Advanced,90,0
0d3c69f6-cc5f-4fc5-9055-cf9914e8e3c9,2026-05-11 11:51:51,Angela,51,ES,Для работы,Elementary,120,0
c1753d52-4b21-4dd4-945e-3e958d7cd1a9,2026-06-01 17:21:51,Brian,50,BR,Хобби,Intermediate,5,0
79d17d7e-17c8-4fe5-a016-9eea0fc6ae5f,2026-05-31 09:29:51,Peter,26,US,Для путешествий,Beginner,20,0
03dbfc1a-835e-4966-9db0-4405913900c8,2026-05-21 08:11:51,Dana,30,BR,Для учебы,Advanced,10,0
b2b217ac-6a16-4cdf-a42b-3b30b408e3b6,2026-03-21 01:58:51,Juan,48,RU,Хобби,Intermediate,120,0
392c9192-3b6f-4c36-af8b-05b066711808,2026-03-25 21:01:51,Carlos,47,FR,Для учебы,Advanced,15,0
94eaae4a-974f-482b-9046-335d1314c882,2026-04-25 04:23:51,Judith,49,BR,Для работы,Beginner,20,0
8f3e6d20-f2c3-430c-a1cb-d974da4f8dd8,2026-05-26 00:56:51,James,17,BR,Для путешествий,Beginner,45,0
1c487f18-2c55-4bcc-b6a9-2519ac09177c,2026-03-15 04:48:51,Kaitlyn,46,RU,Для учебы,Intermediate,45,1
0747a7a7-60ef-463c-8172-9097caea7f55,2026-03-11 06:23:51,Stephanie,51,BR,Для работы,Elementary,60,0
0cf5d74b-b358-45f5-b91a-2edee563768a,2026-03-06 06:45:51,Robert,40,FR,Хобби,Elementary,30,0
f4f732b7-0dd2-4603-a923-2e119ecace31,2026-04-13 22:06:51,Samantha,51,US,Для путешествий,Advanced,5,0
f84efd74-6386-4f09-be9a-7518579103c5,2026-04-30 01:21:51,Jamie,49,RU,Для путешествий,Intermediate,20,1
6ba463a7-cf93-4d07-b5c8-2a6cf46f4bb9,2026-04-29 11:51:51,Brandon,45,IT,Хобби,Beginner,5,1
c73a5c49-74c8-4bf6-9fba-f8457c27bf8a,2026-05-03 18:57:51,Adam,39,FR,Хобби,Elementary,120,0
018606a0-2e43-4468-a0af-a7a9281feed4,2026-03-24 17:59:51,Susan,27,IT,Хобби,Advanced,10,0
aaa67c1c-00c3-4b7c-b349-714842260094,2026-05-04 21:34:51,Ronald,52,IT,Для учебы,Elementary,5,0
59e285ec-7854-47ee-8e64-88bc085a6008,2026-05-19 07:52:51,Clinton,32,FR,Хобби,Elementary,10,0
73401560-2813-49fc-abd8-f1ca000010c6,2026-03-25 02:35:51,Zachary,37,DE,Для путешествий,Beginner,20,0
e292fa39-5110-45d8-bc9b-aa131344b6cc,2026-04-23 02:58:51,Chase,36,DE,Для путешествий,Intermediate,45,1
ac19709c-455b-41aa-8d3a-63e1985c0361,2026-05-03 11:32:51,Emily,16,BR,Для работы,Advanced,20,0
81d79ab3-abaa-4ab6-9725-54fc490c2b93,2026-04-27 07:08:51,Karen,28,RU,Для работы,Advanced,60,0
63106a52-e142-4414-a02d-875dd456b7f6,2026-05-19 03:24:51,Rachel,24,US,Для работы,Beginner,15,0
2e0c6cac-673b-4349-a4ec-b76e58229f0d,2026-05-12 02:59:51,Neil,23,IT,Для путешествий,Advanced,30,0
e01434d9-4a3a-4c14-937b-55b81199cb1b,2026-04-28 03:13:51,Brittany,35,IT,Хобби,Elementary,120,0
0d6c0011-d03d-4228-afaa-760c7082e2b0,2026-03-22 04:39:51,Christopher,38,DE,Для учебы,Advanced,5,1
2cd2f999-fb97-4f21-ba27-019f88eeb5ae,2026-03-17 16:15:51,Rachel,49,ES,Для учебы,Elementary,20,1
7ded74ee-7274-4b89-830d-e427b92152cf,2026-05-24 07:10:51,Bob,19,ES,Для работы,Advanced,60,1
05b65f15-022c-469e-95d6-32d682a1cb58,2026-04-24 01:55:51,Brent,31,ES,Для путешествий,Advanced,5,0
402a5c63-42f0-4d4b-bd1c-a5326cdfcaf5,2026-03-13 05:47:51,Jill,55,BR,Для учебы,Advanced,10,0
3411fd6b-8e1e-4e47-9903-74552f51d531,2026-05-29 23:19:51,Beth,53,IT,Для путешествий,Elementary,120,0
845b4e66-b105-45ac-870f-3daa0d033d1f,2026-04-03 00:26:51,Christopher,54,FR,Для работы,Beginner,120,0
98960a96-88f1-439c-90c1-21471cbb783d,2026-03-18 16:15:51,Frank,31,BR,Для учебы,Elementary,120,0
baaef073-0c57-4954-8ad2-4ebadc8b08e9,2026-03-24 09:16:51,John,16,BR,Для учебы,Beginner,5,0
30aea3fa-8084-416a-a5bb-2a2fea14e45f,2026-06-01 19:02:51,Kenneth,53,ES,Хобби,Advanced,20,0
a739ec74-4b79-4f2d-a5ab-504e4bd1bb08,2026-05-31 15:56:51,Keith,19,US,Для учебы,Advanced,45,0
f05a7c72-6e53-400b-a176-73667b6e9c67,2026-05-07 11:37:51,Victoria,42,BR,Хобби,Intermediate,5,0
4024899c-94df-4736-bff4-7ebda625b792,2026-04-18 16:21:51,Jill,43,IT,Для учебы,Advanced,90,0
fe425f18-5830-4732-9785-dd0ce892cc1f,2026-05-28 04:20:51,Mary,52,FR,Для учебы,Elementary,45,0
aef41aed-d091-4e2a-abf0-66333da97d48,2026-05-17 13:17:51,Monica,23,RU,Для путешествий,Beginner,20,0
0c211c28-8bdc-4350-b8b8-f42c17a8c592,2026-04-25 14:58:51,Ruth,47,BR,Для работы,Intermediate,90,1
c0c86936-07e9-4d2e-8278-9c03aabf35e7,2026-03-06 17:12:51,Brianna,34,ES,Для путешествий,Intermediate,60,0
ad2eb841-3380-4b25-bfa3-8af9e591f3de,2026-05-25 02:25:51,Rachel,24,ES,Для работы,Beginner,90,0
6f529e82-f5df-42c1-ac02-eb27a49562a7,2026-05-11 20:11:51,Mark,54,BR,Хобби,Advanced,45,0
274df363-bac3-4768-a791-db882bdc2526,2026-03-31 07:45:51,Erin,55,US,Для работы,Elementary,120,0
670d88a5-e02f-4ff8-a173-9fcf27ab03a7,2026-04-06 11:15:51,Kristina,26,BR,Для путешествий,Elementary,45,0
97175463-9f95-43c7-82be-5b4bfebb3c95,2026-05-26 14:39:51,Thomas,29,BR,Хобби,Intermediate,5,0
a31613f4-a172-4d0b-8eb4-6654a6468abf,2026-03-31 15:01:51,Christopher,28,IT,Хобби,Intermediate,15,0
2441f4c8-4916-4cd0-b5c0-8bb7e0e7d22f,2026-05-20 04:45:51,Carol,49,DE,Хобби,Advanced,60,0
7a77aa43-66e0-49b2-8ea3-da4922db9a6b,2026-04-26 15:36:51,Robert,46,BR,Для путешествий,Elementary,45,0
40926722-4f74-40b4-bc54-64a7adca9ca7,2026-04-15 12:02:51,Peter,54,ES,Для путешествий,Beginner,90,0
4ffad9a0-e98b-4b71-b76f-31d518dc03b8,2026-04-16 23:29:51,Brittany,55,US,Для учебы,Intermediate,90,0
240b4b03-d4cb-4a87-8d97-8e0dd46beef4,2026-05-27 15:58:51,Paul,32,BR,Для учебы,Intermediate,90,0
44d1728a-55c7-4b42-80ce-028484dd3711,2026-04-18 19:04:51,Monique,30,RU,Для учебы,Intermediate,60,1
e10044b1-2744-4139-a3af-97baf204ffef,2026-04-16 13:22:51,Justin,36,DE,Для путешествий,Elementary,60,0
c7e02f00-dbeb-42b9-9a82-c47424f46f5c,2026-04-21 15:07:51,Christian,22,DE,Хобби,Beginner,90,0
e31b4132-4b09-44b8-87a2-fabf17dc3caa,2026-04-06 08:02:51,Sarah,49,DE,Для путешествий,Beginner,60,0
948c1720-d7e0-4259-acd3-a84ce91b0677,2026-05-13 20:59:51,Cathy,55,DE,Для работы,Intermediate,20,0
8ba1929b-3ed0-4e18-a6b0-f163237dea2c,2026-04-12 04:31:51,Nicholas,16,DE,Для путешествий,Elementary,15,0
0e88be77-4a0e-48d4-9e71-93b65b814a08,2026-05-17 16:30:51,Eric,30,ES,Для учебы,Advanced,45,0
d7581b67-e52f-4af2-bffc-316333f76af2,2026-04-30 09:04:51,Anna,36,DE,Для путешествий,Advanced,90,0
1cbdccd9-11e8-48c2-9801-dcfdd89e3418,2026-04-12 01:02:51,Andre,17,FR,Для учебы,Advanced,90,0
3040b6f4-3ed5-4a23-b339-65ad1ea59836,2026-03-08 15:20:51,Debbie,53,IT,Хобби,Elementary,120,1
5a4caea8-f5ab-4ec7-bba6-6e0c47f10c75,2026-05-17 09:11:51,Felicia,38,RU,Для работы,Advanced,15,1
a5d579ca-477b-4d93-ae63-36023196e4cb,2026-05-24 12:28:51,Brittney,43,RU,Для учебы,Intermediate,60,0
a6aa6a91-2e90-452b-b9fb-cb9e24a0af48,2026-04-14 08:35:51,Erin,44,DE,Хобби,Intermediate,10,0
45e6d098-f766-4607-8761-414d19c23ed9,2026-05-27 17:55:51,Andrea,29,ES,Для работы,Beginner,45,1
1a180134-c96f-4ae5-b078-7318d2cfb6e4,2026-04-16 17:53:51,Shannon,34,DE,Хобби,Advanced,10,0
4636145e-0131-4056-83fe-bf174a125afd,2026-04-28 16:21:51,Kathryn,53,DE,Для путешествий,Advanced,5,0
0af55dff-af68-4e68-a1ab-decfb12711b3,2026-03-15 22:31:51,Stephanie,35,US,Для работы,Elementary,120,0
882467cf-f1b6-40c1-a362-71888ca04828,2026-04-19 18:18:51,Lori,51,BR,Для работы,Beginner,45,0
a6ded55b-d484-4169-9af5-ddccb2e0f4e1,2026-05-26 23:22:51,David,29,DE,Для учебы,Beginner,30,0
7ae5bdbb-a79e-42d0-b673-5bb20cc8a7b1,2026-05-09 07:26:51,Kimberly,19,ES,Для путешествий,Beginner,10,0
7c9260af-f969-4fc5-9440-8403a86bffc5,2026-04-01 04:59:51,Adam,21,RU,Хобби,Advanced,90,0
ac1204b1-5a94-4765-9b9a-9643bcc7ab82,2026-05-14 19:32:51,April,43,ES,Для путешествий,Advanced,5,0
3b981ae8-2186-46db-8d83-88dbf55298a7,2026-03-11 23:04:51,Marisa,50,US,Для учебы,Intermediate,10,0
6301ca6b-cdca-4577-b884-696c6558d832,2026-05-28 23:56:51,Lauren,39,RU,Для работы,Beginner,120,0
d8bd5270-42d0-4968-96a2-c6d12cb0821a,2026-05-25 06:46:51,Elizabeth,34,DE,Для работы,Beginner,30,0
06b76eae-374b-4486-a056-32d658c0331d,2026-03-31 19:49:51,Madison,39,RU,Для работы,Advanced,10,1
58411eb7-69de-4c22-a2a4-107656e893a3,2026-05-14 19:46:51,Leah,38,ES,Для работы,Intermediate,30,0
cae25bc6-6ac0-4cc8-bbd4-b813b995ed18,2026-03-06 00:50:51,Cynthia,31,FR,Для работы,Elementary,20,0
a42ce68b-94e1-462b-9511-0429b8b58307,2026-04-20 20:00:51,Joshua,52,US,Для учебы,Intermediate,45,0
981378a7-ac1c-4636-a91c-fb426cfb0c5e,2026-03-06 09:15:51,Carrie,34,ES,Для путешествий,Intermediate,15,0
d4298dd3-b13f-4ef1-ab0c-63791ed68f96,2026-03-16 12:20:51,Eileen,25,DE,Для учебы,Beginner,15,0
ee2b6288-4793-40a6-9702-6df264babfbf,2026-03-05 07:23:51,Jenna,28,FR,Для учебы,Elementary,15,0
835d3f06-bd0d-46ca-b748-559a9d75ba07,2026-03-25 11:26:51,William,28,DE,Для учебы,Elementary,10,0
3e82005a-c05c-4ec6-a09d-b9b5b7c4cbae,2026-04-11 16:54:51,Nicholas,25,US,Для работы,Beginner,10,1
f9345ce2-aaf7-441b-8983-3c53c47f5adc,2026-05-22 22:18:51,Donna,21,IT,Для работы,Advanced,30,0
276b677d-990a-4e64-839d-5e58518b1baa,2026-04-29 04:59:51,Justin,22,BR,Для работы,Advanced,20,0
3572d479-62e6-4c5c-9412-e284a45afc9e,2026-05-30 01:20:51,Meredith,26,FR,Для работы,Advanced,10,0
bf09b345-e6c1-4a39-82ec-a389f83a7910,2026-05-09 09:49:51,Amanda,16,FR,Для путешествий,Advanced,15,0
a4aecb87-ccec-4804-9248-c9e6830b95ec,2026-03-26 04:46:51,Matthew,52,DE,Для путешествий,Elementary,30,0
67773a28-50fd-490e-b2d7-30d47d6ead4d,2026-04-17 03:26:51,Aaron,44,DE,Для путешествий,Elementary,30,1
cc660ce8-a035-47b6-b8da-167b6e8c0fb6,2026-05-03 14:45:51,Samantha,47,RU,Хобби,Beginner,60,0
ca52ce4b-f5dc-43db-9ce3-465775375829,2026-04-29 16:11:51,Jacob,31,ES,Для путешествий,Beginner,120,1
b1acdf91-1dc2-4d98-b35a-d73c425849df,2026-04-22 09:20:51,Abigail,44,DE,Для работы,Elementary,90,0
894ae706-f80f-4c3d-8ac6-6b4c9af10a21,2026-05-08 14:54:51,Andrea,37,US,Для путешествий,Elementary,20,0
3f5f894b-65bd-495e-83c5-81ba860c6e1f,2026-03-13 06:13:51,Amanda,28,FR,Для путешествий,Beginner,120,0
e5153ef4-8355-4701-8d29-8d6d8b7916be,2026-05-22 19:55:51,Paul,40,DE,Хобби,Advanced,10,1
41965fa9-904d-4b62-bb4b-a0ce14ccc5c4,2026-03-06 10:40:51,Angela,22,FR,Для путешествий,Intermediate,60,0
bbcad859-0a93-45a0-8365-db3487607faf,2026-05-19 16:27:51,Joseph,42,IT,Для путешествий,Advanced,15,0
2afe120d-2209-49fc-b1da-504f81c5ad45,2026-03-15 02:12:51,Samuel,38,US,Для путешествий,Intermediate,30,0
705eab14-e20a-44ec-ba55-ba0179f8602e,2026-04-30 15:44:51,Andrew,54,BR,Для учебы,Beginner,45,0
b8b81b4d-dd06-41e7-b88b-4e4e917a30ee,2026-03-05 00:05:51,Zachary,32,US,Хобби,Beginner,15,0
d8d057c2-afda-494c-902e-6b5cb9605eac,2026-03-15 08:03:51,Jeremy,22,BR,Для учебы,Elementary,60,0
f3b90b01-d4cb-4713-8114-ad16a39ad0fa,2026-06-01 00:22:51,Timothy,33,BR,Для учебы,Advanced,90,0
0b8c9e34-15a2-47f6-81c6-90752368ad86,2026-04-12 16:34:51,Jasmine,29,DE,Для работы,Intermediate,10,1
ac7a4373-89fc-48ae-ae72-fa7038f05d69,2026-04-21 16:48:51,Jennifer,49,IT,Для учебы,Intermediate,15,0
201aca55-4302-4520-aac9-817a735823a2,2026-05-31 08:41:51,Christine,29,DE,Хобби,Advanced,30,0
c0e5cdd6-f2f6-4b9a-b56c-8def6e37d126,2026-05-06 16:26:51,Mark,25,IT,Для путешествий,Beginner,20,0
15057dc3-96e3-4231-95bf-4a19e71e4187,2026-03-26 16:50:51,Thomas,48,ES,Для работы,Intermediate,90,0
a6f97e93-37f7-4cbe-9ec8-5f48242ff7d9,2026-04-06 23:45:51,James,43,RU,Хобби,Advanced,45,0
0a4e2918-9d9b-43bd-9fe2-f5492648dd9b,2026-03-19 00:55:51,Vicki,23,BR,Хобби,Advanced,10,1
ec3a89e2-9661-4824-89c1-0d7bcf8e872c,2026-03-18 20:13:51,Sylvia,17,ES,Для работы,Intermediate,60,0
13dd8e1e-8273-498f-a4c6-cb7a5dd97e98,2026-03-22 08:17:51,Taylor,50,ES,Для учебы,Beginner,10,0
7d30419c-94b6-4a12-89c7-28802328968b,2026-04-19 06:48:51,Gregg,19,RU,Хобби,Intermediate,20,0
0950a283-eaaf-46eb-8a09-55e547a45f66,2026-05-28 11:31:51,Sally,34,RU,Хобби,Beginner,20,0
3b460073-1ec8-4b9a-ab7b-d62d87917431,2026-05-07 05:46:51,Paul,26,RU,Хобби,Elementary,60,0
a054aff5-3796-452a-9754-1c2ea21605bc,2026-04-03 07:34:51,Jennifer,27,FR,Для работы,Advanced,60,0
7dc46107-ae91-404d-9a3b-92d0c3241a6e,2026-03-23 14:04:51,Lindsey,38,US,Для путешествий,Elementary,90,0
0ec3a150-8bca-42c5-a867-3db4f53deb7a,2026-05-08 10:21:51,Matthew,41,FR,Для учебы,Intermediate,60,1
e523a991-15e0-4f8a-8ef4-f57e9f3b3558,2026-05-15 14:35:51,Christina,29,RU,Для работы,Beginner,60,1
03d3a84d-baa6-407d-8344-d5a9cf235edc,2026-05-26 04:03:51,Michael,52,FR,Для учебы,Advanced,60,1
752ea594-128f-4476-8df6-54e3eeb7ef30,2026-04-23 18:47:51,Morgan,50,DE,Для учебы,Beginner,120,0
9fcdb51b-c840-4a6a-b822-1526d9efd10d,2026-05-22 10:34:51,Tim,28,RU,Для путешествий,Intermediate,5,0
69c52139-9dec-4d17-822d-06737a9d987d,2026-03-11 22:32:51,Scott,33,DE,Хобби,Advanced,60,0
2fffa84a-e483-4c21-a029-6bf28deb68d6,2026-04-02 23:21:51,Amanda,20,BR,Для работы,Advanced,10,1
df741da9-9f4a-4984-b784-870f14f0e2d7,2026-03-26 17:46:51,Nicholas,53,RU,Для учебы,Elementary,10,0
5c3cc346-e76e-4d2d-9b8a-b8c9b963258c,2026-04-01 02:39:51,Carol,18,IT,Для работы,Elementary,60,0
11bc5e67-2986-471a-90d3-b3f4d47078e5,2026-03-06 15:24:51,Joseph,54,FR,Для учебы,Beginner,120,0
f7ffa17a-419d-4bdb-b07b-1fbe8b4aa1c5,2026-04-16 09:05:51,Christina,51,ES,Хобби,Elementary,30,0
e6a912d7-9008-4141-a244-afd11c273fe1,2026-04-03 18:44:51,Angel,44,FR,Для учебы,Intermediate,10,0
789889e1-0679-45b8-805c-801768cbcf8c,2026-05-23 10:00:51,Dawn,48,IT,Хобби,Advanced,120,0
bbc0ae45-ff2c-4682-b055-8d3d44bf9935,2026-05-01 08:26:51,Leslie,41,IT,Хобби,Advanced,90,0
8bd3050d-325f-4cca-9d27-1e63ec0ac0cd,2026-04-12 13:57:51,Terri,28,DE,Для учебы,Intermediate,45,0
60d8996f-3e45-4128-82f4-db5f8edfcd51,2026-03-23 14:03:51,Dylan,54,DE,Для работы,Intermediate,5,1
a83734eb-785a-4927-98e8-e0b8b69609d1,2026-03-21 10:47:51,Emily,32,BR,Для учебы,Intermediate,30,0
b7ebcb6c-e111-4a87-a88d-994361e32c21,2026-05-28 01:36:51,Nancy,54,FR,Хобби,Intermediate,30,0
1a168a67-a2cf-4baf-9d74-8a4e9643872d,2026-05-01 18:15:51,John,24,DE,Для путешествий,Elementary,120,0
8cadfaec-640f-41e7-ab1b-3c024ceb0643,2026-04-20 20:40:51,Sydney,51,BR,Для путешествий,Elementary,90,1
ddf1dadc-a51e-48b2-8212-44c55f84820d,2026-04-30 02:56:51,Jeffrey,42,BR,Для учебы,Intermediate,120,1
b18ce2b1-f391-497d-8815-a086732e1246,2026-03-06 12:58:51,Michael,38,DE,Для путешествий,Advanced,120,0
6b146ecd-5a73-4a17-a6ec-1b626e71d5a0,2026-03-11 12:19:51,Justin,42,ES,Для учебы,Elementary,90,1
61fec4f8-263e-4438-b78c-0b64861c1f69,2026-06-01 02:46:51,Michael,35,RU,Для путешествий,Elementary,15,0
0bd9a156-ba75-4cc8-b130-b2b9435c6e6c,2026-03-23 02:45:51,James,17,RU,Для учебы,Beginner,60,1
829fef98-6484-4b2c-87a8-231ba82ba1b9,2026-05-08 06:16:51,Andrew,16,ES,Для путешествий,Intermediate,5,0
71c26c5d-1743-407f-986b-fdc5defcfb6f,2026-03-12 05:53:51,Jennifer,54,BR,Для работы,Intermediate,20,0
81ca378e-ebe8-47ed-ad23-62ea7c5f9a27,2026-03-10 20:15:51,Edward,52,IT,Для учебы,Intermediate,120,0
29e4e7cd-5a38-4855-8f03-afb354830a38,2026-05-12 12:11:51,John,50,FR,Для учебы,Advanced,60,0
28f8d4bf-a634-472d-a61d-d7b4cd42c2ce,2026-05-13 00:55:51,Adrian,39,US,Для работы,Beginner,10,0
fdcf572e-502f-4842-af8a-6f4bd49f55f3,2026-04-12 12:35:51,John,39,US,Хобби,Intermediate,10,1
a94efe8d-2eb6-4ec2-ae71-079a06a25dce,2026-06-01 02:40:51,Jessica,55,RU,Для учебы,Elementary,45,0
a9f78b99-4f97-4afa-aafb-6c25895773d8,2026-03-16 20:37:51,Amanda,54,BR,Для путешествий,Beginner,90,0
6810d39c-2bfe-4993-8743-e63784dea6a6,2026-03-12 18:14:51,Michelle,48,FR,Для путешествий,Advanced,45,0
77ab017a-4254-4204-a281-bcf603a2c33b,2026-03-26 06:04:51,Bradley,52,IT,Для путешествий,Intermediate,60,1
7fca0cc7-c7fe-45e4-8259-40240cf3ec44,2026-03-06 23:07:51,Jeremy,48,BR,Для путешествий,Beginner,10,0
b9cd6998-f1b1-4ae7-bc97-3b3e2e2e56d9,2026-03-16 02:31:51,Brian,29,RU,Для работы,Intermediate,90,0
43af674d-134b-4eb9-93d2-918650f739d7,2026-04-13 00:10:51,Greg,31,RU,Хобби,Elementary,5,0
b7915b89-06c6-4301-8898-931213a71940,2026-04-02 05:00:51,Robert,17,BR,Для учебы,Beginner,20,0
4ecc5b28-5d2a-456b-aa47-d9de89b6e9b5,2026-05-18 01:46:51,Katherine,35,US,Для путешествий,Intermediate,20,1
21db4ee4-9875-47d7-89f3-473d1a6ca02f,2026-04-11 21:22:51,Jane,19,US,Хобби,Beginner,60,0
12b2ba8b-f6e0-43f4-b1c5-683147a8744b,2026-04-24 14:15:51,Johnny,53,ES,Для путешествий,Advanced,20,0
0403a50b-797d-435c-a6f7-00d269f0681a,2026-05-30 22:53:51,Justin,17,DE,Для учебы,Advanced,10,0
4c76a24b-477c-4cf3-836a-5824127f0d24,2026-05-21 01:38:51,Lisa,45,FR,Для путешествий,Elementary,20,0
50b57b6f-3b0b-4566-8f49-d190d372c861,2026-03-07 09:57:51,Jeffrey,34,DE,Для работы,Beginner,5,0
cde91192-e5a0-47fc-8168-981dbd663981,2026-03-19 14:08:51,Michelle,41,ES,Хобби,Beginner,10,0
425b9931-83f1-4d89-ac29-a83a6adbc2ab,2026-03-23 11:51:51,Timothy,30,FR,Для работы,Advanced,120,0
23734efe-2db5-4172-99f9-46abf0002485,2026-04-23 17:10:51,Brittany,24,DE,Для путешествий,Elementary,60,0
a7ca7605-fe07-4a63-92a9-e840d51e4324,2026-05-15 03:52:51,Margaret,40,FR,Для учебы,Elementary,45,0
4e8c9a8c-b92c-4541-adfe-5d160cf87f51,2026-05-05 12:47:51,Louis,28,ES,Для учебы,Beginner,120,0
fd4370e5-f97f-417e-9215-25b2c88631cf,2026-03-05 17:01:51,Brittany,16,IT,Для учебы,Beginner,10,0
9f6b5ae2-2f3c-44df-93c7-6b8cb72b69d2,2026-04-10 23:02:51,Drew,36,ES,Для путешествий,Advanced,5,0
c1ab43e7-0f90-4848-afb8-caef7cdcc981,2026-03-30 21:49:51,Stacey,37,DE,Хобби,Beginner,45,0
4584023d-80e1-46a6-acc1-0f74bb949357,2026-03-14 21:19:51,Troy,51,US,Хобби,Elementary,45,0
76c47985-573c-4256-9dde-1b271edefdf5,2026-04-01 01:53:51,Lisa,43,BR,Хобби,Elementary,120,0
4ad5dc22-2cf5-499c-84f9-6f6c1c64979a,2026-03-07 07:33:51,James,26,US,Для учебы,Intermediate,30,0
7b7936f7-3ea5-4f48-b18a-d994871b482e,2026-04-11 13:57:51,William,36,ES,Для учебы,Advanced,60,0
78a41218-3031-47a5-ab5b-6bccd886385b,2026-03-23 16:15:51,Ryan,23,ES,Хобби,Elementary,20,0
958bcdf3-7962-47be-8159-7abed428f371,2026-03-09 22:16:51,Tyler,50,FR,Хобби,Advanced,10,0
e08709c7-42ad-4a68-a762-4ea57eea7afd,2026-05-31 21:53:51,Shannon,24,RU,Для путешествий,Beginner,30,0
5758b920-b7ff-43b1-9b3b-9f1c9568356e,2026-05-14 23:25:51,Daniel,33,RU,Для работы,Beginner,30,1
46aba351-a7fb-4a13-8276-e196b2811601,2026-06-01 22:33:51,Charles,53,FR,Для учебы,Intermediate,45,0
45acb418-eba5-4c65-9740-0b8a65d4a669,2026-05-05 16:44:51,Monica,38,RU,Хобби,Beginner,90,0
a2db286d-47f4-4f3a-894e-a9d5a238f0fe,2026-05-25 05:09:51,Michael,23,IT,Для учебы,Beginner,30,0
175c23c0-c0be-4b13-82f7-6293cae6aa9b,2026-03-19 22:10:51,Karen,40,IT,Хобби,Intermediate,90,0
44b33f65-9aa7-49ed-b408-84f5c072abe7,2026-03-17 05:08:51,Robert,30,RU,Хобби,Intermediate,120,0
3f41983f-55e0-4456-bccb-9926d9800142,2026-04-01 20:22:51,Theresa,54,IT,Для путешествий,Intermediate,5,0
88f9630f-c263-412b-8e4b-2a38b3a3f5a3,2026-04-09 11:28:51,Richard,51,DE,Для путешествий,Advanced,15,0
8ffb2689-89bd-4f4f-9c21-80fbb5c949bb,2026-05-12 04:59:51,Tamara,43,ES,Для работы,Beginner,90,1
b4738c4f-15e5-4de9-87d7-1b7797ef63b8,2026-03-12 20:49:51,Tracy,30,US,Для путешествий,Elementary,20,0
7f5ffa68-01fd-4b28-ae9d-89cf4fe8e272,2026-05-31 18:39:51,Kevin,31,FR,Для работы,Elementary,45,1
1e94d9d8-2f0d-4c31-ae82-40b18e1057b5,2026-03-24 06:15:51,Tiffany,49,ES,Для путешествий,Intermediate,15,0
f3eb16c8-6291-4533-b2c3-9362846c1136,2026-05-16 20:14:51,John,30,ES,Для учебы,Beginner,10,0
1ebb1c0c-ee15-4b1e-b133-9954087e934f,2026-03-14 03:14:51,Travis,22,BR,Для работы,Beginner,60,1
34c4b063-b92f-4b56-af58-22d960ee07be,2026-03-15 19:22:51,Benjamin,45,US,Для работы,Advanced,5,1
6e175a82-f4e6-4734-b0fa-2ffc38214651,2026-04-21 00:12:51,Paula,21,DE,Хобби,Intermediate,20,1
7669d5d6-cb1c-48e3-9aac-7a2525d9a91c,2026-03-05 11:20:51,Erin,53,ES,Хобби,Intermediate,20,0
3f5bf846-1da4-4504-a70a-2d275c1352fc,2026-05-16 23:54:51,Brian,51,ES,Для учебы,Advanced,30,0
ccbf39ad-f130-4169-b4c0-1b30cdb72ebe,2026-04-09 14:18:51,Thomas,23,BR,Для работы,Intermediate,30,0
83bfd014-53c3-44af-a47d-73141df8c20c,2026-03-16 09:36:51,Michael,16,RU,Для учебы,Beginner,20,0
1e85e384-0288-4a71-96a6-03f6c6070eaa,2026-05-17 02:18:51,Amy,47,FR,Хобби,Intermediate,60,0
e5dee932-9f4c-45f7-b8e4-1fe53b2a39c9,2026-03-18 14:58:51,Janet,29,RU,Для путешествий,Beginner,120,1
970d41fa-bce4-4328-a2e1-f2e3a6f6c42f,2026-05-03 11:16:51,Bill,18,IT,Для работы,Elementary,60,0
66dfce9a-d5e3-4467-ae46-0e924bf24436,2026-04-27 03:18:51,Hannah,26,BR,Для путешествий,Intermediate,20,0
90ec5008-50c6-43f0-9c0f-d3de76c456ca,2026-03-11 12:57:51,Danny,18,BR,Для работы,Elementary,5,0
6afe98a7-0db4-4703-a9eb-d8d85e90e9e5,2026-03-07 04:43:51,Margaret,22,FR,Для работы,Elementary,90,0
fce3e1f3-b3e7-4b12-8ff5-fc319d577c90,2026-03-16 07:20:51,Erica,20,IT,Хобби,Advanced,30,0
09ce6181-0f48-4ea5-8dc9-af1496158cbd,2026-04-06 07:24:51,Ryan,27,IT,Для работы,Elementary,60,0
2cab343f-28e2-4913-bfbb-7edc759667af,2026-03-08 19:48:51,Anthony,28,DE,Для работы,Intermediate,10,0
32d4d5da-b972-49d6-a52f-1864649e81c5,2026-05-13 02:52:51,George,30,ES,Для работы,Beginner,45,0
77ad9056-f724-4946-86dc-a2e33ca7fdba,2026-04-13 16:06:51,Margaret,45,IT,Хобби,Beginner,10,0
9d2f4c3d-3036-4d01-9fe7-c30c653acfad,2026-05-03 01:45:51,Keith,21,FR,Для путешествий,Advanced,120,0
37c3b8f1-0f35-4b02-b97c-b45d983bbd5d,2026-05-20 09:20:51,Garrett,30,RU,Для работы,Beginner,15,0
a540b5af-733d-4633-aa18-90e78eb0796e,2026-05-02 03:28:51,Frank,30,US,Для путешествий,Advanced,120,0
f576c3f3-588b-4846-b0ea-35548e355cd8,2026-05-13 12:14:51,Bryan,33,BR,Для работы,Advanced,10,1
df94885a-5271-49a5-9a68-8dd55b97e3fb,2026-05-22 02:27:51,Charles,33,IT,Для путешествий,Beginner,20,0
1acdc50d-d2ac-4f06-b275-e0dfbd0bff36,2026-03-20 19:37:51,Sheila,22,DE,Хобби,Elementary,20,0
6feedbb4-a6ed-4a80-a32d-02c19a6b6d34,2026-05-17 17:13:51,Ashley,20,ES,Для работы,Elementary,30,0
4eccdb8d-8011-4b50-bbbb-1ddbc7e090f8,2026-03-16 19:08:51,Michelle,46,US,Для работы,Elementary,60,0
4b71bcc5-bec7-4f68-b3bd-f32c5db70779,2026-03-06 02:34:51,Richard,52,RU,Для путешествий,Elementary,90,0
bf66a41f-644b-41ef-8b00-f879b7bfae63,2026-05-24 10:17:51,Dustin,26,IT,Для учебы,Elementary,10,0
33a8b741-3d62-43a2-8f41-28a461acce28,2026-04-29 04:29:51,Nicole,24,BR,Для работы,Advanced,20,0
387ae639-1a3a-4393-ad10-98f3d29165be,2026-05-17 09:06:51,Anna,51,ES,Для учебы,Intermediate,15,0
0f4063bb-25a6-4de1-8d12-6c2f16ee3645,2026-05-05 03:23:51,Rebecca,50,US,Для путешествий,Beginner,5,0
efb928f9-2450-4cc4-9fba-bcf815b81dbb,2026-04-07 18:45:51,Julie,52,ES,Для учебы,Advanced,10,0
43b02b41-128a-4422-aae3-cd924931b2ca,2026-05-04 16:50:51,Samuel,33,FR,Для работы,Beginner,45,0
01553dc2-5cd6-4451-b4ca-88619910586e,2026-05-03 16:06:51,Misty,28,FR,Хобби,Elementary,10,0
494c321a-620e-4658-b878-2aa2ad704762,2026-04-25 00:35:51,Anthony,34,ES,Для работы,Elementary,30,1
9269579c-fa33-423d-a1a8-0efd43619a4f,2026-04-21 22:05:51,Robert,18,IT,Хобби,Advanced,120,0
41b1ef44-4c2d-477a-8174-2451bc3fff2c,2026-04-10 05:55:51,Brittany,54,FR,Для учебы,Elementary,90,0
15b87f98-10e1-4e16-949e-798d68732df4,2026-05-18 21:58:51,Lisa,24,FR,Для путешествий,Intermediate,60,0
b66e3582-3e32-442c-8f4b-57c61f6c3465,2026-04-30 04:33:51,Philip,45,BR,Для путешествий,Intermediate,90,0
1a0e93c7-53f8-4471-9b0c-e3d0d2ab58f5,2026-03-08 13:53:51,Steven,20,ES,Для учебы,Advanced,45,0
fe0544cd-fdb1-467f-9597-b5b4c8e9186e,2026-03-31 22:40:51,Paul,28,IT,Для путешествий,Advanced,90,0
518752ce-0d62-4297-95b3-8038f1a97dd8,2026-05-05 16:22:51,Tara,32,IT,Для учебы,Intermediate,15,0
4d2ded8d-0d34-4038-90c3-0fd5fe26c850,2026-05-07 06:47:51,Juan,27,DE,Для учебы,Elementary,30,0
567ddc00-07fe-411a-9b6b-2cd086aad764,2026-03-27 05:52:51,Jade,22,RU,Хобби,Advanced,15,1
66cd9696-6536-48ea-8db2-8d526921ac6a,2026-05-17 09:21:51,Daniel,33,RU,Для работы,Advanced,30,0
87d3f1ec-fa63-4a62-ba2d-87ec57bcbf1f,2026-03-23 13:13:51,Noah,25,ES,Хобби,Beginner,5,1
45550216-b77f-4788-8516-1620af8cd69d,2026-06-01 17:20:51,Michael,55,US,Для работы,Elementary,5,0
25ac936a-46b9-4cd2-9e5b-0c17ffb4c485,2026-03-19 18:37:51,Melanie,19,FR,Для работы,Intermediate,120,0
e1c3f909-bf49-494c-80c4-18c7d3eb2ca2,2026-04-14 23:33:51,Andrea,30,US,Для путешествий,Advanced,120,0
410631fb-5e5d-40bb-8284-d38668af4b6f,2026-03-05 13:22:51,Dawn,48,BR,Хобби,Beginner,10,0
9055b002-fddb-4bd3-83f4-12318c2ae920,2026-05-22 13:29:51,Jacob,51,IT,Для учебы,Beginner,10,0
fbb84b1b-18e4-49b3-944b-cf5602d16920,2026-05-06 04:47:51,Craig,33,IT,Для учебы,Intermediate,15,0
4b4fbcad-860b-4d31-bc37-c4f4f03ecdaf,2026-03-29 02:14:51,Gabriel,43,IT,Для учебы,Intermediate,30,0
4cca272e-ac93-4299-af9c-8542e9aedf3a,2026-04-15 06:30:51,Carla,28,IT,Для путешествий,Beginner,15,0
5a7aa101-dfd0-49e7-921f-32edd2c13b41,2026-05-30 03:21:51,Brian,21,IT,Для учебы,Advanced,30,1
f1efbcf6-fec1-4905-b07c-453b13b01d3a,2026-04-07 22:14:51,Sarah,27,BR,Для работы,Intermediate,120,0
3ac3865c-1754-4e2a-995c-212a97415f41,2026-03-22 06:08:51,Diana,20,ES,Для работы,Intermediate,5,0
1b624c4d-32c5-4a2f-8f09-2397bafdae82,2026-03-11 23:05:51,Yvonne,51,US,Для учебы,Elementary,60,0
54f24504-23d9-4b7d-8636-1b8b7266b123,2026-05-02 15:42:51,Linda,39,IT,Для учебы,Advanced,60,0
496931ef-4bad-4196-98f9-3995ba3b3f72,2026-05-27 02:17:51,Abigail,37,ES,Для путешествий,Advanced,45,1
7f3f557e-e1f0-489d-8a00-e0d05d8b919f,2026-03-12 11:02:51,Deborah,51,ES,Для работы,Advanced,90,0
5d6e500b-dd83-41fc-8d05-b2e2224f4317,2026-05-12 16:46:51,Pamela,44,IT,Хобби,Intermediate,15,0
14ed6fa7-f3a9-4615-8609-f6bf34fb4832,2026-04-23 19:53:51,Cory,38,ES,Для учебы,Elementary,30,0
86cb9573-29ba-4336-807e-8b0bffdd9df7,2026-04-14 04:20:51,Diane,30,ES,Хобби,Advanced,10,0
0360bf6d-d472-4a32-9873-de1fab3307db,2026-03-05 10:03:51,Heather,23,ES,Для путешествий,Beginner,60,0
4a3a16d9-ba5c-4296-90ac-0c62dc1e1d2b,2026-04-17 01:36:51,Adam,36,BR,Для учебы,Advanced,30,0
2b404962-29b5-4d85-a908-901b8826f7bd,2026-04-20 05:19:51,Eric,44,BR,Для работы,Elementary,30,0
65242911-cb49-42d6-ba6b-3802766a7574,2026-05-26 09:47:51,Alexander,42,DE,Хобби,Elementary,120,0
d2363541-df9e-44ba-b337-a3bea23c95cb,2026-05-18 04:18:51,Gregory,40,BR,Для учебы,Beginner,120,0
a6afa673-7caa-4aef-b05b-5aa9ae848f0f,2026-03-25 15:40:51,Michael,36,US,Для путешествий,Intermediate,10,0
2cc603ed-fd65-4e56-bcbf-42af629e765b,2026-04-10 02:08:51,Jennifer,46,BR,Для работы,Advanced,30,0
dc2227f3-0c26-4d7a-b7b2-cc1a50d53723,2026-04-10 16:33:51,Shane,55,BR,Для работы,Intermediate,20,0
11982e3b-db31-4a18-b23e-4a5816c01549,2026-05-31 22:52:51,Ann,25,FR,Для учебы,Intermediate,30,0
93b6aedc-d2a6-4e2a-85f9-e2f157dc7783,2026-05-31 08:11:51,Michelle,53,BR,Хобби,Elementary,60,0
f564486c-612f-4ef0-b70e-121754d75183,2026-04-29 16:26:51,Sara,55,FR,Для путешествий,Beginner,20,0
e1405143-b465-40ec-92d8-11e7ef4f447c,2026-03-18 19:53:51,Kimberly,35,DE,Для учебы,Intermediate,5,0
995ae42a-0369-4e0f-89fb-ffba32a7a0de,2026-06-01 02:34:51,Joshua,34,BR,Для работы,Intermediate,60,1
f56c933e-b1b6-471c-a103-ad35afaf8599,2026-05-28 06:01:51,Sarah,51,ES,Для работы,Intermediate,10,0
92a76526-a2bd-44c6-bee0-44425c4549d4,2026-03-08 00:16:51,Jenna,16,ES,Хобби,Intermediate,45,0
0c340907-b9b5-4344-b77a-9a7a22b1ab00,2026-04-23 14:02:51,Brendan,55,US,Для учебы,Beginner,30,1
54cd4cb9-d9bf-4ea0-b135-7823c3e22c1e,2026-04-11 03:06:51,Darlene,31,IT,Хобби,Elementary,10,0
a30fe1c4-1bb4-4281-a3f3-bfd783fc84eb,2026-04-15 00:51:51,Sabrina,52,FR,Для путешествий,Intermediate,20,0
2dda719f-3dcc-4716-bc2d-de2a187dcb19,2026-04-28 20:47:51,Susan,55,DE,Для работы,Intermediate,45,0
bdc4c910-a0a0-4237-85d6-9f0b8cbc4c13,2026-04-01 00:23:51,Lisa,43,BR,Для работы,Beginner,20,0
8531c7f1-4c21-402a-877e-587c55373154,2026-05-21 08:40:51,Crystal,26,IT,Для работы,Elementary,15,0
a4c97fc1-1f29-49dc-975c-21af4a7962cc,2026-05-17 16:26:51,Bethany,19,RU,Для учебы,Intermediate,5,0
c24bf2a5-488c-4953-8a0b-c05e563211e1,2026-03-26 18:28:51,Daniel,44,IT,Для путешествий,Beginner,60,0
7581b2b2-83b9-4d96-8425-9efe51a673f1,2026-03-12 03:36:51,Stephanie,44,ES,Для учебы,Beginner,90,0
0ab2192d-f45d-4578-a30f-309b367fad87,2026-03-29 16:30:51,Steven,17,ES,Хобби,Beginner,10,1
b7b30f6c-657c-45e3-9a43-4d9711f10b35,2026-04-04 15:40:51,Mark,16,ES,Хобби,Intermediate,60,0
191a89e3-d511-4871-8161-24eaccf9090e,2026-04-23 16:22:51,Richard,34,US,Для учебы,Advanced,10,0
2781a060-3eea-4dc7-8bed-c88230e26a27,2026-04-05 19:48:51,Debra,51,RU,Хобби,Intermediate,30,0
e000432d-a658-4d41-8ffe-b0fb9d589747,2026-05-31 19:26:51,Brad,25,US,Для работы,Beginner,15,0
2364e113-94e0-46d1-8678-01e60b78dc2f,2026-05-08 07:14:51,Amber,29,DE,Для путешествий,Beginner,20,0
ba85c861-d8a6-4631-a3a1-17937f613a01,2026-05-07 10:21:51,Timothy,21,FR,Хобби,Elementary,15,0
b84faf10-e62d-437b-a5fe-ce3428ff8e14,2026-05-28 02:12:51,Sharon,37,BR,Хобби,Elementary,60,0
f4ace392-8564-4aee-a7aa-a57cb56e3752,2026-03-16 16:04:51,Mackenzie,24,US,Для путешествий,Intermediate,120,0
5c26ab16-2b5f-43d0-9fe7-0ba6b3cd247b,2026-05-26 23:24:51,Krystal,32,ES,Для путешествий,Intermediate,30,0
4f972806-07e3-48c5-8930-94e5ff3324b9,2026-05-20 00:37:51,Katherine,34,FR,Хобби,Advanced,120,0
769a31af-ef40-4975-956a-662e81a77fa2,2026-04-09 09:01:51,Tanner,26,IT,Для работы,Elementary,10,0
fe487581-4b4a-4166-9cb6-8c4d9ac350f9,2026-03-12 09:56:51,Chase,43,ES,Для путешествий,Beginner,10,0
05d9ff52-ec5e-4228-9959-3145eaf1ff58,2026-04-27 20:44:51,Stacy,49,IT,Хобби,Intermediate,10,0
85fefc36-7494-4dba-a857-58bad8eb553b,2026-05-17 22:57:51,Jerry,38,RU,Для путешествий,Intermediate,90,0
8f1eb00b-0793-4b93-87f5-b8fa25177811,2026-03-21 07:13:51,Stacey,42,FR,Для путешествий,Elementary,20,0
90fd6772-c919-4766-a1f0-7a33440d48f4,2026-03-11 03:34:51,Philip,28,US,Для путешествий,Advanced,45,0
14cf0d37-9a26-4c1b-bd6e-624ef0e3e3dc,2026-05-23 14:43:51,Alexis,23,RU,Для учебы,Elementary,45,0
e964a54f-1087-42f8-b2cc-4aeea8b18d2d,2026-05-28 02:13:51,Michael,17,RU,Для учебы,Elementary,15,1
fae82e59-0b66-4c94-aa46-8cfaadd3e79b,2026-05-05 15:11:51,Jason,26,DE,Для учебы,Beginner,30,0
708211d3-3c45-4008-829e-de89d2899160,2026-05-16 03:49:51,Jose,40,DE,Для путешествий,Intermediate,45,1
3aed90c5-29c9-4d68-843a-a003d0831673,2026-05-21 00:37:51,Cory,26,DE,Для учебы,Advanced,60,0
5e28667e-e50a-430d-8761-9303014950e7,2026-04-03 15:43:51,Michael,48,ES,Хобби,Advanced,20,0
c1f3a730-cac9-4211-b444-21426b6ff4f9,2026-03-28 22:51:51,Kevin,48,RU,Хобби,Elementary,60,0
dfa0e6c0-29b2-4577-a947-fab0b696921c,2026-03-12 17:02:51,Miranda,23,ES,Хобби,Intermediate,90,0
3d07178d-a9b6-4763-a0cf-8563737bca6e,2026-04-19 00:23:51,Ryan,39,ES,Для путешествий,Elementary,90,1
8b025e01-01b0-4c97-982d-eedee7ff82a1,2026-03-29 14:06:51,Matthew,23,IT,Для учебы,Intermediate,10,0
f65d14c0-1f72-4062-bddc-8151aa38f4c0,2026-05-27 05:20:51,Kristin,34,RU,Для путешествий,Intermediate,5,1
246f74c4-0e3e-46d5-a1d1-2da28fbc7b2b,2026-05-30 22:52:51,Antonio,34,IT,Для путешествий,Beginner,60,0
74e38868-5eb5-43bf-988c-c65f3c0667c3,2026-05-23 21:38:51,Aaron,17,BR,Для работы,Advanced,60,0
ca29964e-242b-4467-b3cb-f188a404e4be,2026-03-21 17:48:51,Meagan,28,US,Для работы,Elementary,30,0
d48fd826-97e2-4505-a5bd-b4305114e03c,2026-05-19 02:04:51,Andrew,34,ES,Для учебы,Advanced,10,0
5682b30e-fe7a-4106-9c55-a6dd547eb1a3,2026-05-14 16:45:51,Donna,24,RU,Для путешествий,Elementary,5,0
5b6d15fa-2c75-45dc-bb85-afb117501a40,2026-04-03 15:42:51,Lindsay,48,BR,Хобби,Advanced,10,0
b43d3bc0-4389-4f7d-9812-63cfe13d5a04,2026-05-24 07:11:51,Joseph,28,BR,Для работы,Beginner,120,1
5de69fde-6097-4e8a-8749-6d8cfac94ad7,2026-03-28 18:33:51,Michael,38,IT,Для путешествий,Elementary,90,0
c3475a5a-6fd1-4192-a3d0-2271f061bca4,2026-04-19 04:50:51,Pamela,29,US,Для работы,Elementary,5,1
70f78855-859b-4bee-a41e-29df37f32ce4,2026-04-01 07:41:51,Kristen,19,FR,Хобби,Intermediate,45,0
1cfac31e-b797-4502-9b61-ff3e1b2e7b90,2026-05-04 02:30:51,Jade,55,FR,Хобби,Advanced,5,0
e11c9bef-394c-4137-aca5-23f29990fd92,2026-05-27 17:09:51,Derek,47,FR,Для путешествий,Beginner,15,1
a84c17c1-b420-47c9-8392-773058a63f6c,2026-03-05 01:21:51,Eugene,45,ES,Хобби,Intermediate,30,0
2cd3f5c3-aa4b-4686-ae2e-0d2d142f19c7,2026-05-25 15:37:51,Andrew,54,RU,Для учебы,Beginner,5,0
7e376644-37f1-4ee4-867d-c5a7c0b11e6d,2026-05-17 04:10:51,Jacob,34,IT,Хобби,Intermediate,20,0
2dada3c4-5c1f-4775-873f-6809678ff8e1,2026-05-12 14:33:51,Lisa,48,DE,Хобби,Advanced,90,0
dd798d0e-5d82-4aa7-861e-620798dfca5c,2026-03-05 04:30:51,Allison,43,IT,Для работы,Elementary,120,0
2eaef529-cecb-4d03-b3a8-f347c8a58e4a,2026-05-26 22:56:51,Brittney,36,IT,Для путешествий,Advanced,60,0
9559e6fe-803b-44d8-8580-40a0d134e213,2026-03-23 18:11:51,George,50,IT,Для учебы,Advanced,5,0
3598e19f-9051-476b-8b39-9cdb710676fe,2026-04-18 20:14:51,Rhonda,23,DE,Для работы,Beginner,10,0
01f21000-1f3c-4a1e-acd3-f1ca4c349abb,2026-05-02 04:06:51,Tiffany,26,DE,Хобби,Intermediate,120,0
52c7abfc-fe3e-4ed3-9d0a-03a90f47dced,2026-05-19 04:29:51,Duane,20,DE,Для работы,Elementary,90,0
d6d453d6-0813-46ed-b5ca-0c05c6dcae85,2026-03-28 20:41:51,Olivia,39,FR,Для путешествий,Advanced,90,0
945f1412-71c1-403d-b6aa-3c5567f43f9e,2026-05-21 06:18:51,Jon,54,IT,Хобби,Advanced,10,0
b988f595-8735-4990-845c-2afb99cab8e5,2026-03-04 19:54:51,Sara,18,BR,Хобби,Advanced,120,0
c64ebf49-f16b-4959-b94a-1b0096554439,2026-05-29 22:39:51,Sandra,32,US,Для работы,Intermediate,20,0
1713dc6a-0154-4321-9397-550ecac74e2c,2026-04-14 18:31:51,Andrew,49,US,Для работы,Beginner,5,0
f7cc38ee-73b9-40c9-820a-ef0c3d3e8643,2026-05-18 10:39:51,Daniel,35,FR,Хобби,Beginner,5,1
078f412a-cb4f-46a0-8e01-f89a64ebde42,2026-05-17 20:07:51,Jonathan,20,IT,Для учебы,Elementary,15,0
4347aba5-5918-498f-9bab-eef23555f9af,2026-03-27 11:00:51,James,49,US,Для учебы,Beginner,15,1
de7457f9-cccc-427b-983c-adfaa25d9f32,2026-04-18 20:26:51,Bobby,50,BR,Хобби,Elementary,45,0
fddde241-6e77-4892-a379-c944b77acfaa,2026-03-13 16:57:51,Nicole,31,IT,Для работы,Elementary,90,1
affb10b4-1f13-4da6-82eb-4e98051ecdd6,2026-04-23 17:32:51,Jacqueline,53,IT,Хобби,Intermediate,60,1
85a1c3df-46c4-4c45-bb58-c45920c4adf1,2026-04-12 06:19:51,Christina,35,ES,Для учебы,Intermediate,45,0
0a7d516b-e486-4575-910d-f3b5316250af,2026-05-26 20:33:51,Melanie,33,ES,Для учебы,Elementary,15,0
1027c413-22e8-4f3e-9b4b-c79771f6232b,2026-04-20 22:20:51,Michael,42,FR,Хобби,Intermediate,90,0
599ea831-60de-4314-a96f-4c6fb62942e2,2026-05-15 03:51:51,Tracy,42,BR,Хобби,Beginner,10,0
cbe47cc7-2ae8-4258-a4cb-53292b1904bb,2026-05-14 17:46:51,Ethan,55,DE,Для работы,Beginner,45,0
6eec4d7d-5d19-4227-9960-8893a6c47b10,2026-03-06 22:13:51,Kelly,24,IT,Хобби,Elementary,30,0
1b92fd39-9a35-4f8f-aa18-096a98a3668b,2026-04-29 21:12:51,Brandi,55,FR,Для учебы,Beginner,30,1
6ed3aa30-209b-406e-a2a7-7fd480702c9b,2026-04-26 07:53:51,Sara,27,US,Хобби,Elementary,60,0
0428ca49-9c10-4945-bfb2-7f6b108a91bf,2026-03-16 01:56:51,Michael,42,FR,Хобби,Intermediate,15,0
5972e676-79bf-4461-85b2-86dd09f7e879,2026-04-15 14:44:51,Jeremy,53,IT,Для работы,Beginner,90,0
166e7ef6-e34a-41fc-954f-1dd1522f7258,2026-05-23 17:37:51,Gregory,35,BR,Хобби,Intermediate,30,0
b71a9aa5-8d1c-458f-91de-cd596fdb93ee,2026-05-11 16:45:51,Charles,33,DE,Для работы,Beginner,10,0
4e4b471a-b1f5-4dbd-8916-e882ce7fb489,2026-04-26 22:08:51,Wendy,44,BR,Для работы,Beginner,90,0
5153b390-86ce-4062-a405-f7078cc801b7,2026-03-06 05:15:51,Thomas,19,US,Для путешествий,Intermediate,60,1
5dcb4fcf-3dab-4442-a877-841ae0e6e3e0,2026-04-17 09:24:51,Dennis,17,BR,Хобби,Intermediate,60,0
2ec2e501-f1e8-4cb5-bc0a-16445678b720,2026-04-25 22:50:51,Kelsey,55,RU,Для учебы,Elementary,45,1
c535613d-2de8-4122-b5a2-b1833ed641b9,2026-05-19 01:59:51,Nicole,44,IT,Хобби,Advanced,45,0
907e2e8b-da62-4e60-abc4-88fbdb42de09,2026-04-14 12:31:51,Elizabeth,26,BR,Для учебы,Intermediate,60,0
b80ff8c0-9e84-49ce-92e0-7054dc68f22d,2026-05-21 18:13:51,William,16,US,Для учебы,Advanced,90,0
db664a44-baf5-441a-8f91-182348f6bd6b,2026-03-26 18:17:51,Jeffery,29,IT,Для работы,Beginner,10,0
2aa45bdc-4dc4-4d17-89ad-337248cd17fb,2026-05-17 07:33:51,Matthew,19,US,Хобби,Intermediate,30,0
1e7ec616-146c-407b-aa7a-454482d541ea,2026-05-03 05:53:51,Lisa,18,US,Для работы,Beginner,20,0
1cb4ef92-038e-4d6a-9fd2-9c14b3497c31,2026-05-07 00:09:51,Kelly,45,DE,Для путешествий,Intermediate,15,0
f3b6628f-d40e-478a-8b25-7339cc74c125,2026-03-04 16:56:51,Troy,35,ES,Для работы,Beginner,60,0
421665b5-f150-4d72-a0cf-dbaf271c0b78,2026-03-23 07:45:51,Sandra,43,DE,Хобби,Elementary,5,1
289d103a-8237-4c37-8dd6-3008ab872908,2026-04-02 10:40:51,Andrew,24,DE,Для путешествий,Elementary,20,0
3dd0b203-9503-4d8f-94b0-0a4bc6ea3d7e,2026-05-10 04:57:51,John,16,DE,Для учебы,Intermediate,15,0
2cbb2db6-2a26-49ed-8110-0741942d8fcf,2026-03-31 02:49:51,Alexis,26,FR,Для работы,Elementary,120,0
fc91fba6-5f3e-4823-94f8-37f0eb42c186,2026-05-18 16:01:51,Jack,54,FR,Хобби,Elementary,20,0
6f5708ba-24bf-43c5-aa44-23e01f1d7f84,2026-03-18 07:50:51,Lisa,43,RU,Для путешествий,Advanced,10,0
78c28767-7527-41a1-9cc4-c53772cfb62c,2026-03-16 12:05:51,Gary,34,BR,Для учебы,Elementary,30,0
d88bcfc4-4f5a-4fc0-9cdf-59ec8d8e61a6,2026-03-15 03:17:51,Paul,35,BR,Для путешествий,Elementary,15,0
f404fc83-af94-4238-b6d8-c735283bf4b7,2026-03-05 19:51:51,Belinda,27,IT,Для путешествий,Beginner,90,0
79a1f06f-9d2d-425a-8f1d-116db9233ed1,2026-05-29 22:42:51,Ralph,51,RU,Для путешествий,Elementary,120,0
dd43efe0-da2a-493a-bea1-246153deb22b,2026-04-01 05:43:51,James,36,RU,Хобби,Elementary,5,0
148011ff-ba3c-47a5-946c-f5125d7ab6ff,2026-04-29 13:00:51,Zachary,23,BR,Для учебы,Elementary,5,0
2af14603-64a1-4a0d-8a9d-c6359d34bb38,2026-05-30 21:22:51,Frederick,16,FR,Для учебы,Intermediate,60,0
5428a103-db6e-4d7f-b073-e1c901445701,2026-04-07 07:04:51,Sarah,28,ES,Для путешествий,Intermediate,60,0
41215bce-62ad-4267-ab5b-6d034d4b57c0,2026-04-12 12:33:51,Darrell,29,DE,Для учебы,Advanced,60,0
7f87a6e7-bdac-4b34-b122-630cab71d88b,2026-05-19 06:15:51,Peter,18,FR,Для работы,Intermediate,45,1
91c3a6fa-56cb-49e0-9cb6-1a14a1022cd1,2026-03-28 15:12:51,Francis,33,DE,Для учебы,Beginner,90,0
f03f0466-82f6-4f42-990c-dcb2471966b2,2026-05-17 01:50:51,Christopher,40,RU,Для работы,Elementary,30,0
5e68bffd-4d0c-48f5-aaa8-a65fea8daa05,2026-04-04 13:12:51,Lance,43,US,Для работы,Advanced,90,0
9ab1c129-c10a-4bc8-9a52-a0e491cbd6fb,2026-03-09 06:49:51,Anthony,20,DE,Хобби,Beginner,5,0
28c90144-273f-4975-99d7-bcbef7a97fea,2026-05-15 10:42:51,Kyle,18,RU,Для учебы,Intermediate,10,0
d8680024-1f25-4b56-8cbe-e38c4bed4e15,2026-03-31 14:52:51,Hannah,28,FR,Для путешествий,Advanced,5,0
543d7df3-e559-4f07-8471-1771e8320e38,2026-04-18 02:41:51,Travis,33,US,Для путешествий,Elementary,90,0
b8a82ec4-1f82-4a37-a6da-0694297cb141,2026-05-14 12:03:51,Tracey,51,ES,Для учебы,Intermediate,45,0
c001cadc-2907-4cb4-ba53-ba7d5c409f10,2026-05-22 16:58:51,Cassidy,51,RU,Для путешествий,Beginner,30,0
d33a9bee-2ffc-4b95-9bcf-09938cabdbde,2026-03-13 16:32:51,Emily,31,BR,Для учебы,Elementary,90,0
05dd2980-e6b4-4c44-bc93-c384632ee756,2026-04-09 05:25:51,Lisa,44,FR,Для работы,Elementary,10,0
43292831-0d20-4daf-bfe3-5cb1f77b8f41,2026-05-17 17:09:51,Lauren,31,IT,Для учебы,Intermediate,120,0
986304de-790a-4a60-b051-b7dfc95a73fe,2026-03-22 14:52:51,Julie,54,US,Для учебы,Beginner,90,1
f631d57c-04c3-4121-854f-a42f3fbc4ea1,2026-03-29 03:57:51,Tracey,25,DE,Для путешествий,Advanced,5,0
954a178b-7c97-4cde-807f-29630c7967f7,2026-05-24 04:30:51,Heidi,48,ES,Для путешествий,Intermediate,5,1
e03face0-66ed-48e4-8633-01e8842e173e,2026-05-09 05:02:51,Terry,43,IT,Хобби,Beginner,30,0
8b779971-384a-4865-8021-6864e7bd44bf,2026-03-18 23:12:51,Andrea,28,BR,Хобби,Elementary,15,1
2b6095be-8df4-48e0-9e3a-4e2acdc3b860,2026-05-03 18:58:51,Brandon,33,IT,Для учебы,Beginner,30,0
23a634b6-498e-4d24-b447-7139e1f202c3,2026-04-06 02:12:51,Taylor,48,ES,Для учебы,Advanced,10,1
a67340fc-4903-49aa-b344-3c72b532bd4a,2026-03-11 08:43:51,William,17,BR,Для путешествий,Advanced,20,0
c54977e9-140b-4b45-8808-1a46cde10eed,2026-03-18 18:46:51,Emily,45,RU,Для путешествий,Intermediate,10,0
c8ef7060-637c-4f90-a95b-efdbca7c973f,2026-04-26 11:46:51,Alan,51,DE,Хобби,Advanced,20,0
d886c121-5d72-495d-b6f4-fbaeddd20926,2026-04-12 02:36:51,Dakota,30,RU,Хобби,Beginner,60,1
1bcc909f-4bc9-4049-9602-9d0446a2cd62,2026-05-13 21:30:51,Victor,29,US,Для учебы,Advanced,5,0
40ae7881-93f6-47c6-a628-6f3cdf4838a7,2026-05-02 07:46:51,Sherri,48,RU,Для путешествий,Beginner,15,0
cd7b6a3f-a1a3-454c-aa79-7b1e626ce65d,2026-05-29 07:20:51,Andrew,31,DE,Для работы,Elementary,120,0
5288f0ab-803d-45eb-bf29-edc822a1060f,2026-05-02 09:54:51,Joshua,52,DE,Для работы,Elementary,20,0
1904ffd0-a735-47a5-a132-9e139233a01d,2026-05-06 15:20:51,Omar,41,ES,Для работы,Intermediate,90,0
ce974247-e786-4ef0-b3f5-692893e4c53e,2026-03-12 05:35:51,Christopher,41,IT,Для путешествий,Advanced,90,0
4b68cc53-f2ae-4921-b178-074d04cb6892,2026-04-29 21:34:51,Lisa,30,IT,Хобби,Advanced,20,1
a93c2794-5e92-4ae5-8644-672f20dc0219,2026-04-07 12:59:51,Patricia,52,RU,Хобби,Intermediate,120,0
90db1187-3f8f-4ec8-9d91-b77f6011ea8b,2026-04-29 20:42:51,Katie,25,DE,Для работы,Advanced,30,1
011a48b0-051f-4a53-8869-2a35f435f72e,2026-05-28 16:42:51,Courtney,37,IT,Для учебы,Elementary,20,0
11c1f71b-1ec1-4dd6-87a5-84927dd9605a,2026-05-29 11:14:51,Jason,55,FR,Для работы,Intermediate,45,0
70aaa4c3-3605-4171-8e19-974195342c5d,2026-03-18 23:18:51,Jessica,38,BR,Для путешествий,Advanced,90,0
791998d5-4d07-4f35-8b79-cc90f07226eb,2026-05-24 11:28:51,Adrian,17,ES,Для учебы,Intermediate,20,0
a59547c8-f1f9-498e-8f7f-5e97aef4cf53,2026-05-17 19:26:51,Daisy,32,ES,Для путешествий,Beginner,30,0
eb317903-84c3-43c8-b793-fd54799ce703,2026-04-17 14:40:51,Tyler,48,DE,Для путешествий,Beginner,60,0
f4fbd420-09bb-4b56-8292-f099be8613dc,2026-04-28 03:46:51,Tara,35,US,Для работы,Intermediate,5,0
83724b76-43f3-47f0-9b89-2fed1998843c,2026-05-26 17:14:51,Sarah,43,US,Для путешествий,Advanced,30,1
16972d14-48eb-4bea-a8a1-7cabbb6cac56,2026-04-29 01:03:51,Jill,48,IT,Для путешествий,Elementary,60,0
a152ef96-1ec9-4e2e-ac0e-f21f02207180,2026-03-30 05:52:51,Caitlin,24,DE,Для работы,Advanced,60,0
cf171b2b-7219-4c2f-b7ec-acb8f438c6c3,2026-05-02 11:57:51,Stacy,42,US,Для работы,Intermediate,30,0
3f0ac6e3-036b-45ff-99a0-b1ac99abfefc,2026-04-01 12:36:51,Kelly,28,US,Для учебы,Elementary,30,0
ec89dc94-4df1-4d76-93bd-1c9fd4ce8100,2026-05-04 18:11:51,Rodney,47,ES,Хобби,Advanced,15,0
bc0f85f6-678f-4011-b3d6-03588a00df6e,2026-05-19 13:15:51,Sonya,35,US,Для путешествий,Beginner,45,0
ce45fb48-26fb-4289-89df-b612c42ea65e,2026-05-21 02:10:51,Jose,41,DE,Хобби,Beginner,10,0
7593f359-b93b-438f-ae6f-0206c22c62e8,2026-03-17 19:50:51,Samantha,43,DE,Для работы,Advanced,30,0
74e31bdc-68e6-4706-b05e-b2634bcd47fe,2026-05-14 15:30:51,Ryan,49,FR,Для путешествий,Intermediate,15,0
780b1f90-31b1-4396-bf22-660356c80d31,2026-04-30 16:48:51,Ray,40,US,Хобби,Elementary,15,0
027a1bdf-d93a-46eb-a5a7-a3590e65d146,2026-05-04 02:01:51,Martha,33,DE,Для работы,Intermediate,30,0
4c937991-a0ed-4d27-a988-1871b95a8a19,2026-03-19 19:05:51,Steven,23,DE,Хобби,Advanced,45,0
09abaa96-0165-43f9-9a66-878ca5436663,2026-04-24 09:50:51,Kathy,45,RU,Для путешествий,Beginner,20,1
ef1cd5d4-3c67-4121-886a-163fc5e25e19,2026-03-30 22:31:51,Michele,50,RU,Для путешествий,Elementary,120,0
9392e552-5f90-4f4f-9129-e6bf7360f87b,2026-04-22 20:28:51,Ashley,47,FR,Хобби,Beginner,120,0
d1641183-3808-4feb-ad4a-c0f5bad93e9b,2026-06-01 11:49:51,Bryce,18,BR,Для учебы,Intermediate,60,0
f1d991cc-a9ca-4569-801e-31f119093fe4,2026-05-18 07:41:51,Lee,49,US,Хобби,Intermediate,10,0
4d4b4102-c609-4ab6-97a2-24ea6fe9985b,2026-03-19 21:58:51,Eric,26,FR,Хобби,Elementary,5,0
5049dec0-e510-4a94-83f3-806d539b1ffa,2026-04-01 11:06:51,Michael,36,BR,Для учебы,Beginner,10,0
7d6d88d4-ce87-4d9d-87d5-42f8e617e325,2026-05-08 10:19:51,Jessica,39,RU,Для учебы,Beginner,30,0
be122e5b-25b1-461e-b3fe-2933d9455489,2026-06-02 08:33:51,Peter,23,IT,Хобби,Advanced,15,0
323a2890-bf20-4c8f-9149-9064edf43be6,2026-03-20 22:14:51,Melissa,27,IT,Для работы,Intermediate,30,0
17cb5da9-8c48-4375-b4be-45dcd3f05998,2026-03-26 00:44:51,Timothy,49,FR,Хобби,Elementary,120,0
9b8d4283-fd47-4055-8e37-6a3b61f3f0f0,2026-05-31 03:45:51,Yvonne,48,IT,Для работы,Advanced,120,0
5738b588-f424-423e-b87c-0e43ed12b1f2,2026-05-26 11:09:51,Thomas,33,BR,Для работы,Elementary,30,0
ed8f2a36-6c65-497f-9313-649379899eb6,2026-03-11 00:21:51,Lauren,45,DE,Для учебы,Advanced,60,0
1c7f108d-aa60-4068-9de1-7fb0c1d60ace,2026-03-07 05:32:51,Alexis,29,ES,Для путешествий,Advanced,90,0
06398770-e258-454f-bf00-1c8bd36a3772,2026-03-27 12:39:51,Linda,44,BR,Для работы,Elementary,30,0
6c154906-5d60-4966-9e91-d61cde91b138,2026-04-04 05:42:51,Luis,41,RU,Для работы,Elementary,20,0
5915dc95-c8a8-4d20-ac50-bbc9e7edcc37,2026-05-04 02:10:51,Lindsey,23,DE,Для учебы,Advanced,10,0
d453d00d-5405-4d6a-a1fe-c96d54e17fdd,2026-04-15 00:21:51,Matthew,29,ES,Для учебы,Beginner,90,0
975e3812-70d6-4982-9cc9-6f2470ad71be,2026-05-28 14:50:51,Terry,29,IT,Для учебы,Beginner,15,0
9bd38078-594e-46b7-8da8-24120a2317b2,2026-05-13 13:37:51,Carmen,26,BR,Хобби,Advanced,20,0
355b939e-0014-4484-944f-a3094ccbeb9e,2026-03-22 10:08:51,Holly,39,DE,Для путешествий,Beginner,90,0
d4bc4769-23ca-4d2e-8038-74d7cdb4588a,2026-03-20 00:41:51,Donna,47,US,Для учебы,Beginner,20,0
337aaabd-0ab9-4820-a440-da968ac0f458,2026-05-12 05:52:51,Douglas,53,ES,Для путешествий,Intermediate,90,0
6b72fa52-a9ae-4194-b96d-734a1358d07c,2026-04-02 15:14:51,David,32,IT,Для учебы,Intermediate,10,0
c4a3b795-f009-4594-8bee-81905e287ad0,2026-05-13 09:18:51,Theresa,23,FR,Для работы,Beginner,15,0
655b49c3-3be2-4aa7-afce-960aa7f87a39,2026-05-11 16:29:51,Jeffery,52,ES,Хобби,Advanced,45,0
5850d57f-3af4-4cdb-9b0c-be0e6763e163,2026-06-01 03:15:51,Nicole,27,ES,Для учебы,Beginner,90,0
efc027a9-13d4-44f1-9b7c-7c8a973ca5b7,2026-03-26 05:25:51,Michael,52,DE,Для путешествий,Elementary,30,0
af5673f9-b765-4cfc-851f-595f3b174432,2026-04-12 02:08:51,Raymond,39,IT,Для работы,Elementary,5,0
ef94b296-0f5a-4626-b779-e210fd633b24,2026-04-16 19:18:51,Emily,50,RU,Для учебы,Elementary,20,0
ee990685-14e3-45a5-9fe8-5896643495e5,2026-03-10 09:29:51,Samuel,27,US,Для путешествий,Beginner,90,1
5e1c2d2e-ca83-4fe3-a729-ce377587bc59,2026-05-04 01:42:51,Craig,17,FR,Для путешествий,Elementary,5,0
2cd25322-081f-4541-b28d-800988d1d787,2026-06-02 09:42:51,Brian,45,DE,Для учебы,Elementary,45,0
863a42b4-b748-4c01-820c-dd126d966cfd,2026-04-19 07:39:51,Ashley,30,IT,Для работы,Elementary,60,0
f31d7b81-289b-45af-93c2-68b81caef9ce,2026-03-21 03:25:51,Connie,30,IT,Хобби,Advanced,120,0
8a38c6e8-aad4-4645-adc4-f1591fa3ebc2,2026-03-07 08:47:51,Judy,50,BR,Хобби,Elementary,60,0
16989b48-7ed6-434c-9b3e-4fae23dbb95b,2026-03-21 07:17:51,Krista,50,DE,Для путешествий,Advanced,120,1
e3818bfb-1521-460f-81f0-dc1c96b10ab4,2026-04-15 22:28:51,Kimberly,22,BR,Хобби,Intermediate,45,1
9ece2c2f-370a-4a95-97ee-5d5947e65447,2026-03-11 20:24:51,Micheal,51,DE,Для учебы,Beginner,20,1
f476c3c7-7d97-494c-8122-0084da57011d,2026-05-16 09:29:51,Roy,22,RU,Для работы,Elementary,30,0
64f95327-a6ea-4c9c-b4c2-9bd2dce19f3d,2026-04-22 14:59:51,Daryl,34,FR,Для учебы,Advanced,60,1
bc01632f-bec7-48a3-8a84-a6f1742c81d9,2026-03-19 08:12:51,Zachary,33,DE,Для работы,Advanced,10,0
fd877e5a-1527-43c9-ac7b-fb09170fcc9a,2026-05-10 23:24:51,Jessica,26,DE,Хобби,Beginner,15,1
5f815076-6a80-474d-be0d-e30327ee2ac9,2026-04-28 02:04:51,Rebecca,32,US,Для путешествий,Beginner,20,0
4ae74e0c-9124-4739-87b2-86d2f679cf0c,2026-04-27 18:53:51,Nicholas,19,DE,Хобби,Elementary,15,0
be3466c2-bc76-4ccd-8712-565c2253bc16,2026-03-26 06:31:51,Timothy,47,US,Для учебы,Elementary,20,0
21a4e75b-0d50-4f93-b73f-b5262ba8143b,2026-05-30 14:00:51,Anna,21,IT,Для работы,Advanced,5,1
9bcf4344-2d7f-48de-971a-c455db0ea18e,2026-04-17 02:22:51,Steven,50,ES,Для учебы,Intermediate,10,0
3a7519ac-9cb6-4f4a-99f9-5b5e10e26df1,2026-05-27 12:32:51,Kelli,50,RU,Для работы,Beginner,10,0
d80952be-1ff1-430a-b392-c5636e0fcc2a,2026-05-21 06:31:51,Charlene,45,RU,Для работы,Beginner,120,0
5faa4643-6131-4c5a-86d0-4f39baccfd9f,2026-05-17 02:44:51,Matthew,20,DE,Хобби,Beginner,45,0
69581ffa-ce9f-4632-98d7-aeb964e42499,2026-04-12 11:55:51,Gary,18,RU,Для учебы,Beginner,90,0
6d09fabe-ba05-451d-8cb5-73c1dc7c1e6e,2026-03-12 05:53:51,Christopher,29,US,Для работы,Intermediate,15,0
61043960-b18b-4628-8cda-737953d88d7a,2026-04-04 21:49:51,Autumn,21,US,Для учебы,Beginner,20,0
914fcccf-b32b-4772-b11c-565bd5414174,2026-03-28 13:01:51,Tiffany,42,RU,Для работы,Intermediate,30,0
0af2f978-50f2-4a90-b1a6-8e872e7aedfe,2026-04-12 13:20:51,Joseph,34,US,Для работы,Intermediate,30,1
28b4c951-8aa5-4f37-9778-c1c4781fe2a9,2026-05-02 00:06:51,John,43,US,Для учебы,Elementary,30,1
96a2d4bb-0b84-45e8-b99a-7a66cb2fffc8,2026-03-19 15:36:51,Olivia,23,BR,Для путешествий,Intermediate,20,0
77edef6b-1af8-4b07-a315-805516f56a7c,2026-04-17 15:41:51,Megan,36,DE,Хобби,Intermediate,10,0
81f94c23-3b67-4220-a39f-337150531b6e,2026-03-15 10:41:51,Stephanie,53,FR,Для работы,Advanced,60,1
1fc3f6b9-9648-44c9-8745-920748e6e85b,2026-03-16 23:13:51,Jason,36,IT,Для работы,Intermediate,5,0
e7b67915-ed67-43fb-9995-a6d8352bf2a7,2026-05-24 20:22:51,Michelle,34,DE,Хобби,Beginner,10,0
f0f798a4-8371-43d4-a5de-1066aca5f7e0,2026-05-26 06:42:51,Travis,26,ES,Для путешествий,Beginner,30,0
1f286a3b-c40f-41ff-8d0d-680869c66a25,2026-04-18 16:53:51,Robert,20,IT,Для путешествий,Intermediate,45,1
3b74f670-e168-40d6-8cfe-6894b279139d,2026-04-11 12:35:51,Vincent,38,DE,Для учебы,Beginner,120,1
54e51453-d8ae-4b18-b01e-25f43f181934,2026-04-07 22:40:51,Sarah,37,RU,Для работы,Intermediate,30,1
4902058b-e65d-48d6-b755-402ce2953aaf,2026-04-22 14:45:51,Mary,20,ES,Для работы,Elementary,60,0
7f7a435a-682d-4450-815c-1ea4f222be92,2026-05-01 21:47:51,Amanda,40,ES,Для путешествий,Elementary,45,0
fade3329-fe4f-4531-954b-e85255001828,2026-05-21 02:26:51,Edward,29,DE,Хобби,Beginner,30,0
61975850-435b-450c-b77e-e9e19cedcefc,2026-03-11 17:13:51,Jasmin,29,RU,Для работы,Beginner,15,0
36f99e0b-a31e-4226-a28e-e92391b32287,2026-05-04 03:24:51,Keith,35,FR,Для путешествий,Elementary,10,0
d5374484-663d-4f4c-9a2a-96416992b161,2026-05-17 10:39:51,John,18,ES,Хобби,Beginner,30,0
79b0be13-ebd1-420f-b49c-ff955c1f87d8,2026-05-13 07:10:51,Jennifer,32,BR,Для работы,Beginner,20,0
8e16d604-71a7-4ceb-b2c4-5ea11ce85853,2026-05-12 06:19:51,Tammy,23,FR,Для учебы,Advanced,5,0
0b520520-f877-42ac-8a69-1312a98eb517,2026-05-19 18:56:51,Matthew,51,US,Для работы,Elementary,5,0
5a3f45aa-84d3-49b0-b070-04b8aaf9e057,2026-06-02 05:05:51,Todd,42,IT,Для учебы,Elementary,90,0
8e65f0f1-6887-468c-a9a6-52515b83d56e,2026-03-16 23:06:51,Roy,20,ES,Для путешествий,Beginner,45,0
21dfea77-aa69-42f3-9d64-217dacaa2ff7,2026-06-01 09:04:51,Tamara,25,US,Для работы,Intermediate,15,0
30180f73-0f4f-452d-9c20-761a0273b036,2026-04-29 05:47:51,James,39,FR,Для путешествий,Intermediate,90,0
7bd98e38-cc5d-4a5a-9a8e-c4ee2902d285,2026-04-10 02:09:51,Morgan,38,DE,Для учебы,Advanced,45,0
b7126f43-7292-4a35-a456-d5239610b2d7,2026-05-28 14:02:51,Mark,31,IT,Для работы,Beginner,30,0
25b7025e-7491-4d2b-af21-8a17427b5e00,2026-05-12 14:35:51,Ryan,32,BR,Хобби,Intermediate,10,0
fc4440d4-c254-4e6b-aeee-59c3663e9b17,2026-05-07 09:08:51,Shannon,29,BR,Для работы,Intermediate,20,0
bf820e4b-27f4-43c8-8d07-99da946acb88,2026-03-13 18:15:51,Annette,19,US,Для путешествий,Advanced,15,0
8be0ceb5-f596-4750-ab09-15ea3ce88c15,2026-05-04 18:57:51,Courtney,44,FR,Для путешествий,Elementary,60,0
2ad3eba9-805a-4e2f-a693-af9e5a3939c0,2026-05-18 20:29:51,Kevin,42,RU,Для путешествий,Elementary,20,0
667e30d2-bd06-4676-9eda-0b1efa32ff7c,2026-05-01 15:46:51,Corey,41,DE,Для путешествий,Beginner,120,0
f03a3d7d-c089-4566-8a8f-ef9d899c6caa,2026-03-22 02:10:51,Dana,20,US,Хобби,Beginner,30,1
6cd3893e-c1da-4413-bf0f-72642a46b552,2026-03-13 23:04:51,Yvonne,48,US,Для работы,Elementary,60,0
4edeb36f-2e00-47be-9cdb-218bc73dfdca,2026-03-23 04:33:51,Kara,27,DE,Хобби,Advanced,60,1
c7b2e4b3-9b1e-4985-84e8-507b6c6ffb5a,2026-03-06 17:14:51,Jesse,41,FR,Для учебы,Beginner,30,0
e95a140a-f49e-40ec-8333-972c57dd48cd,2026-03-14 09:08:51,David,38,ES,Для учебы,Elementary,15,0
aa529072-f74a-46df-8f64-e5848ff022cd,2026-04-20 22:42:51,Richard,21,ES,Для учебы,Elementary,15,0
a19c49e8-0a7d-4102-9342-7a0ee454e6e5,2026-04-22 09:51:51,Christina,39,US,Для учебы,Intermediate,30,0
17a07aeb-202c-424d-a39b-757e805cf100,2026-04-21 19:58:51,Christopher,43,IT,Для работы,Intermediate,90,0
d62cd0bd-3458-4ee8-b393-c21f000a7ff1,2026-05-21 05:08:51,Robin,27,ES,Для учебы,Elementary,30,0
b6b2286e-db47-455c-9ab5-318de8d34b8b,2026-04-05 16:40:51,Jonathan,54,DE,Для путешествий,Elementary,30,0
fba68936-fded-4c23-b554-3c296a45d805,2026-03-30 17:24:51,Luis,41,RU,Для учебы,Beginner,15,0
8e7f2144-547c-4ef3-af3d-193dce212212,2026-03-07 15:21:51,Whitney,23,BR,Для учебы,Beginner,120,0
981b052c-f3ed-480f-8e35-1eea521210ec,2026-03-06 22:15:51,Michael,31,DE,Для учебы,Intermediate,60,0
587d899b-682f-4563-96e7-2ab51b30bcb9,2026-03-28 21:15:51,Donald,49,US,Для путешествий,Elementary,10,1
fe76edfa-d7a4-4c69-b1c5-8499a8f05631,2026-03-04 15:20:51,Michael,50,RU,Для путешествий,Intermediate,90,0
1752ee6a-9b13-4435-a798-bb4f17c34275,2026-03-29 22:01:51,Gregory,51,BR,Для путешествий,Beginner,90,0
a923c24a-5134-4367-93d5-c5757208f063,2026-05-30 12:22:51,Jamie,47,RU,Для путешествий,Intermediate,120,0
00b28135-afa2-4853-8e65-e6279f232522,2026-05-24 23:09:51,Wayne,51,ES,Для путешествий,Intermediate,5,1
4205b051-3c32-4093-af32-71368d220c3b,2026-03-18 04:54:51,Kenneth,53,ES,Для путешествий,Beginner,90,0
172cab64-13e7-49ef-aa83-3a68f6ed68a6,2026-05-05 15:48:51,Stacey,29,BR,Для путешествий,Advanced,10,0
e1a11714-2f3d-4b3c-8feb-4eba200ea399,2026-04-22 10:15:51,Michelle,33,FR,Для учебы,Elementary,10,0
c257b948-e594-4870-927e-477e49f5821d,2026-04-26 17:17:51,Emily,37,BR,Хобби,Advanced,90,0
72f43aac-0028-4c3f-8d10-f0e7512079f7,2026-04-30 10:44:51,Joyce,22,US,Хобби,Beginner,10,0
4142b7c1-7f8c-4d3c-acb8-2a10742cbf97,2026-05-02 04:17:51,Amanda,29,IT,Для путешествий,Beginner,5,0
d58ee5d2-3d1e-4227-bb5a-86079460b2fe,2026-04-03 16:16:51,Matthew,40,BR,Для работы,Beginner,10,1
26b0dfae-d40d-4ff8-9bfd-73dbd6988eb2,2026-05-12 12:28:51,Donna,18,BR,Хобби,Beginner,120,1
23bcfe5d-5851-43fb-9727-6988c4fedb62,2026-04-18 05:44:51,Amber,25,DE,Хобби,Advanced,30,0
e14065b5-056c-4816-9177-1f9d020ed4bd,2026-03-11 03:03:51,Michelle,42,ES,Для путешествий,Intermediate,120,0
4f3be507-8071-4c02-9adc-8f41f00f09c0,2026-04-23 18:44:51,Amanda,36,US,Для работы,Advanced,120,1
ec333aed-41d2-40a6-954a-ab107828fb2b,2026-03-21 00:33:51,Calvin,29,RU,Для учебы,Advanced,5,1
471354cf-49f3-4231-96f6-a9200a784397,2026-03-18 19:17:51,Kim,40,DE,Для учебы,Intermediate,10,0
30d21bbe-520c-49e7-85f4-71f1cc0453d2,2026-05-14 23:51:51,Holly,50,ES,Для путешествий,Intermediate,90,0
24255bb2-8f23-406f-a5bb-a39895b0663b,2026-04-17 21:12:51,Richard,25,RU,Для работы,Advanced,5,0
3c06ac2b-c259-41da-a27d-70c3329b3b90,2026-05-25 20:20:51,John,47,FR,Для путешествий,Beginner,45,0
67114a49-aecb-479c-9501-744806a636ef,2026-04-27 19:19:51,Mark,35,ES,Для работы,Intermediate,5,1
163551d3-9678-416c-9fa5-d41a73f90430,2026-05-02 13:16:51,William,24,RU,Хобби,Intermediate,10,0
f998c58d-72ec-49a2-a327-8197c592b138,2026-04-07 09:38:51,Jessica,47,FR,Для путешествий,Beginner,30,0
d2c1009b-17ac-4a8d-a3ee-e639e984a691,2026-03-09 14:52:51,Timothy,29,RU,Хобби,Advanced,60,1
8d2fa0fc-e3a3-492e-971f-3e7a464d11e3,2026-03-27 00:01:51,Samuel,28,FR,Для работы,Elementary,120,1
40b01ba6-5ed1-43cf-bc55-b2fc13f51058,2026-04-17 15:54:51,Christopher,25,RU,Для учебы,Intermediate,10,0
65ff312a-08a1-4227-9782-c25f9e927eaa,2026-05-02 11:10:51,Alexander,43,BR,Для работы,Elementary,60,0
7379d469-41dd-4546-a6a5-12243b6b54af,2026-04-03 23:05:51,Leonard,44,IT,Для работы,Beginner,20,0
402a0a73-dd71-471b-afc7-74f4fda98313,2026-04-15 15:53:51,Ashlee,23,RU,Хобби,Advanced,45,0
bf7f9599-c21b-40b1-85bb-980224463fc1,2026-05-15 17:32:51,Cassandra,26,FR,Хобби,Advanced,90,0
36cf3428-ec0f-47ec-a8f0-8f3637580f6b,2026-03-09 15:56:51,Donna,30,FR,Для путешествий,Intermediate,120,1
7d1fb0e2-154e-473d-9a28-14a26c3c709b,2026-03-15 22:53:51,Melody,34,FR,Для работы,Elementary,15,0
0c801a92-dab0-427b-9eec-5efedc9d31d6,2026-04-08 10:22:51,Sheila,54,ES,Для работы,Intermediate,10,0
7dbb9211-d152-45fa-8e12-ee8ffd5749e8,2026-06-01 19:56:51,Sydney,53,FR,Для работы,Elementary,5,0
e47d09e4-b94b-4279-ac74-f85552fc18b4,2026-04-01 14:52:51,Elaine,47,BR,Хобби,Elementary,90,1
341a3a02-416f-4311-8eb2-0cdcc564509f,2026-03-25 11:47:51,Lindsay,35,US,Для работы,Elementary,120,0
cfcc8a05-313e-46da-9dc4-38a8368b4e7a,2026-05-03 00:02:51,Christian,50,ES,Для учебы,Advanced,15,0
29b0a953-013f-461a-982b-c74e7cf32c5c,2026-04-07 13:14:51,Melinda,45,IT,Для путешествий,Advanced,90,0
b31a7c14-c1b5-48da-9770-66d836ecf1af,2026-05-29 10:51:51,Rebecca,43,BR,Для учебы,Elementary,45,1
788d4f50-874a-4768-8fc3-89989e91a742,2026-05-20 11:04:51,Gregory,55,RU,Для учебы,Beginner,45,1
3a317798-ad19-483f-972b-3a44fe1a6d46,2026-04-13 23:32:51,Patricia,52,IT,Для путешествий,Beginner,10,0
e8ebf3d4-2ead-4ab9-bd80-f58bdcbdcac8,2026-04-19 19:01:51,Robert,28,DE,Для работы,Beginner,10,0
e386ecf7-0602-4c9e-bb40-f4bcf8a3fca2,2026-04-16 03:29:51,Gregory,54,FR,Для путешествий,Intermediate,10,0
6c6e3ef8-ed7d-4cb9-9726-7565adaae1f5,2026-05-22 09:11:51,Andrea,54,IT,Хобби,Elementary,90,0
d5ff5531-6594-4ac6-959a-0274031a8e9d,2026-05-26 10:17:51,Richard,31,US,Для путешествий,Advanced,60,0
8008e008-a3b7-444d-9190-a974741f5d1d,2026-03-31 08:40:51,Alicia,21,US,Для путешествий,Beginner,120,1
1b998c20-5a9c-4b18-8483-ea8147255bbb,2026-04-18 10:39:51,Natalie,55,IT,Для путешествий,Intermediate,90,0
ef524e1b-b9bc-4f17-ba51-a94d091f84d2,2026-05-30 08:49:51,Melissa,46,BR,Для учебы,Intermediate,5,0
485e4254-4294-49b3-bf99-5a92dae2b9a2,2026-05-03 03:36:51,Paul,27,IT,Хобби,Intermediate,60,1
d6fc5aa3-2490-44cb-8bba-67154d0e22cf,2026-04-02 15:14:51,Jason,18,ES,Хобби,Beginner,60,0
dc5fe82d-b95a-4691-b825-23ffa052f60d,2026-03-05 11:07:51,Mary,40,US,Для работы,Beginner,5,0
69bf73c3-8795-4bae-8ce6-e77157c62c72,2026-03-05 13:38:51,Lisa,28,ES,Для учебы,Advanced,120,0
6ea9589e-8787-4e11-85fa-7989a694a201,2026-04-10 19:15:51,Jason,40,DE,Для учебы,Intermediate,20,0
0e05c25d-a9ef-46e9-951c-5a74a2e6da72,2026-04-11 13:03:51,John,31,DE,Для учебы,Beginner,120,0
d8528575-4f2f-460a-8e01-0121cdbc6e28,2026-04-03 00:20:51,Christopher,42,DE,Для путешествий,Elementary,30,0
6c175d2c-c69d-4221-8d1d-549827f4c8c4,2026-03-20 12:00:51,Kim,41,RU,Для учебы,Advanced,45,0
7dc842a3-78cf-4104-bca4-4904db7450fd,2026-04-24 15:54:51,Steve,24,IT,Хобби,Beginner,30,0
a5e4f6b3-4456-444d-9644-6e5e32ec60cb,2026-05-06 09:36:51,Dean,19,FR,Для работы,Elementary,30,1
70f90ebb-c74b-41e7-b78c-c544eec4878d,2026-05-05 02:07:51,Angela,51,RU,Для работы,Intermediate,120,0
f0cb2ae8-6aac-4a36-979b-3d5b23ae6cd6,2026-04-02 17:54:51,Rachel,45,DE,Для учебы,Elementary,45,1
a991f639-13e7-49ee-a81f-e33b93f7a957,2026-04-20 01:19:51,Justin,17,BR,Для работы,Intermediate,45,0
8566a1c9-2137-4dab-93ca-ce5718910390,2026-04-03 17:17:51,Emily,49,IT,Хобби,Intermediate,20,0
9c3265bd-0862-401f-a7e2-6eab80ff1bcc,2026-03-26 01:31:51,Eric,23,DE,Для путешествий,Elementary,120,0
50eeea54-5aba-4eb5-87e1-3e7f85a7dcc4,2026-03-07 03:20:51,Lisa,48,FR,Для работы,Advanced,20,0
a675152b-1146-4bc1-a0df-b6848263cd8e,2026-03-18 11:23:51,Melissa,22,IT,Для работы,Intermediate,60,0
a947e25f-e999-4d88-bd31-9a4cc231caad,2026-05-30 21:41:51,Jeffrey,48,RU,Для работы,Intermediate,120,0
a385c6c7-510c-4330-b1d4-f2f36eb486d2,2026-05-14 02:12:51,Bryan,26,RU,Для путешествий,Advanced,20,1
e570ce96-ec64-4b78-baba-44b1f6eda387,2026-03-27 01:19:51,Lauren,24,IT,Для работы,Intermediate,10,0
5f7597b0-54e2-4130-8e3b-7405ceeac64e,2026-04-20 03:01:51,Kristin,52,ES,Хобби,Advanced,20,0
16f0a3e3-f7b6-40fd-a063-992bc1883b0e,2026-04-10 02:28:51,Sandra,53,IT,Для путешествий,Elementary,120,0
f5385a26-a750-41be-83e0-4bf934c9867a,2026-05-19 20:13:51,David,53,US,Для работы,Advanced,10,0
31902878-c629-4ba9-bdaa-52767a87f6aa,2026-05-30 20:20:51,Kenneth,25,RU,Для путешествий,Elementary,20,0
dd352294-7d6c-43ea-bf62-29b64e387731,2026-05-28 23:14:51,Sarah,53,DE,Для путешествий,Intermediate,30,0
0a636c52-909f-4a22-847d-060128b8b9cf,2026-05-13 19:59:51,Tara,49,ES,Для путешествий,Elementary,45,0
4e05bd64-18a5-463b-bb74-b7d177a4e15b,2026-04-12 12:51:51,Ryan,51,IT,Для работы,Intermediate,20,0
9841a326-9bd7-487c-beb5-d774e3705558,2026-04-09 02:46:51,Stacey,36,RU,Для путешествий,Intermediate,120,0
f929c90e-f29a-4f48-bd50-db0686640384,2026-05-19 01:57:51,Blake,54,IT,Хобби,Advanced,10,0
3202400f-a034-42c7-b140-1eaaaa9c54be,2026-05-30 12:38:51,George,39,DE,Для работы,Beginner,60,0
fcf36c91-ab67-4008-b30c-8e28dd483f01,2026-03-26 16:49:51,Christopher,24,RU,Для путешествий,Beginner,20,0
e882adc7-e118-42da-a4a0-a1d919240ecc,2026-05-21 03:30:51,Stacey,54,IT,Для учебы,Intermediate,30,0
ad199667-bbe2-4cb1-bc51-8d1731b3eb73,2026-05-16 14:48:51,Tonya,47,RU,Для работы,Advanced,20,0
15061250-8ec8-4586-bc50-7799f38cd4dd,2026-04-08 06:50:51,Brittany,16,DE,Для работы,Elementary,5,0
a2742b88-05cd-4d5e-9202-7fed9712a9be,2026-05-22 07:17:51,Jerry,55,RU,Для работы,Intermediate,120,0
19d647ac-313c-4e4a-b99a-17ffbf424423,2026-05-25 04:57:51,Christina,29,US,Для работы,Advanced,30,0
3612a64d-bc89-443d-8e98-fc335eb74d57,2026-03-30 01:46:51,Maria,26,DE,Хобби,Elementary,30,0
41d2f8f9-df51-4bd0-92bb-82c4b47aeb1c,2026-04-01 03:59:51,Taylor,42,BR,Хобби,Beginner,120,0
ffed259f-f6f2-4d6b-80a2-2269e93cfa1f,2026-04-27 19:28:51,Kristy,51,DE,Хобби,Elementary,15,0
de5043bb-5e60-4388-b71e-743a8cdce383,2026-03-06 20:39:51,Jennifer,48,US,Для учебы,Intermediate,10,0
c6a2393f-5c0e-448f-a2df-61c71a965f5a,2026-04-16 22:31:51,Julie,19,BR,Для работы,Intermediate,10,0
a74e2fa5-73c3-4481-a3df-6fbf48926975,2026-05-22 05:29:51,Stephanie,24,IT,Для работы,Intermediate,5,0
64af5eff-de5e-465b-8d50-daf350bf0f3f,2026-03-06 22:38:51,Danielle,35,RU,Для путешествий,Intermediate,20,0
c44ce136-fc30-479e-8259-be3d910f6418,2026-05-18 13:56:51,Nicole,19,DE,Для учебы,Beginner,45,0
6f9b4ae4-f1b3-4c6d-a51d-7cfd110a9c33,2026-03-23 19:43:51,Christopher,40,ES,Хобби,Beginner,120,0
e2dc3694-3e77-4610-a4e8-1ada389f64e7,2026-03-17 10:40:51,Katherine,23,DE,Для учебы,Advanced,5,1
c9c8ba84-6199-4ef0-b19c-2755c82f520f,2026-05-23 19:25:51,Christina,21,ES,Для учебы,Elementary,120,0
72fa1335-93df-4edb-87d2-966b3257c680,2026-03-23 01:51:51,Ashley,46,US,Для работы,Advanced,30,0
9efcb2e4-9de0-4f52-baae-f3167e99b3e5,2026-04-09 11:42:51,Breanna,18,DE,Для работы,Intermediate,45,0
7db5a5bd-b9b3-485d-9469-72c255208751,2026-04-24 07:56:51,John,29,FR,Для учебы,Intermediate,30,0
535052e8-d128-45f1-834f-687895cfca51,2026-05-07 13:50:51,James,48,US,Для работы,Intermediate,15,0
525740ad-3060-45d5-a2ac-ad5da452cee2,2026-03-15 14:51:51,Kim,44,ES,Для путешествий,Elementary,5,1
d3da2376-a6e7-430b-a78a-c1a8808b20fc,2026-03-07 13:53:51,Daniel,16,RU,Для путешествий,Elementary,10,0
b568739a-32c3-4083-a8a5-d7b05ed60d0a,2026-05-15 08:25:51,Justin,26,DE,Для работы,Intermediate,15,0
283b2c5b-4f5e-42b4-aff0-52c36fb204b6,2026-05-15 15:39:51,Heather,36,BR,Для учебы,Elementary,120,0
c18372dc-3dd4-44ae-b446-8a251bcacffb,2026-04-07 09:29:51,Curtis,35,FR,Для учебы,Intermediate,10,0
3ff43585-b5ae-43c8-8f3f-619fa3dfd10a,2026-05-29 09:21:51,Morgan,55,DE,Хобби,Intermediate,5,0
a1d42473-9e9f-4582-ad79-0733c04a79e8,2026-05-27 05:23:51,Scott,54,US,Для учебы,Elementary,30,0
6eaa9020-abea-420c-88b8-8e17148f9ddb,2026-04-29 18:19:51,Daniel,51,RU,Хобби,Advanced,30,0
cd0355be-f6ba-4ad5-bb79-c8422f6f1f51,2026-04-06 16:40:51,Ronald,21,RU,Для работы,Advanced,30,0
73010e43-5259-417f-857c-270fd4645dfd,2026-04-17 19:20:51,Gary,39,RU,Для учебы,Elementary,20,0
6ff57629-d232-4605-ba3d-9cccbe49d2ce,2026-05-18 23:44:51,Kiara,49,FR,Для работы,Beginner,15,0
afaeba7e-98a4-4534-83eb-94461b389262,2026-05-21 01:40:51,Alyssa,26,BR,Для учебы,Elementary,15,0
c851947c-5530-4023-8dbc-2e77571ea591,2026-04-02 07:22:51,John,35,IT,Для путешествий,Beginner,15,0
6bd4a92c-3d06-4778-b209-cbc77acb8235,2026-03-19 08:48:51,David,43,DE,Хобби,Advanced,10,0
a0594e08-180d-4ce3-bbc9-6538d3893d68,2026-05-05 15:02:51,Marissa,17,BR,Для путешествий,Advanced,30,0
70dd5767-ef58-49b5-8ab1-03bbab2b327e,2026-04-24 02:31:51,Ryan,23,US,Хобби,Beginner,15,0
bbd21122-81e8-4376-b746-26a7085fcbff,2026-03-26 23:53:51,Susan,53,BR,Хобби,Elementary,15,1
35f44e1a-94ca-4d4f-b8ee-da1c79809fcd,2026-05-11 20:28:51,Ruben,55,RU,Для работы,Elementary,15,0
12c34eac-8b98-4693-aacc-6d87796074a5,2026-03-05 08:20:51,Kimberly,51,FR,Хобби,Beginner,120,0
86aba62a-069f-40b9-beda-ff502764f79d,2026-05-13 04:21:51,Michael,55,US,Для работы,Intermediate,15,0
8906d611-8e6e-4849-85e2-772ae49b2612,2026-05-12 15:13:51,Briana,33,DE,Для путешествий,Elementary,45,0
d9a95224-a549-4d46-be87-6f13505605b1,2026-05-11 01:13:51,Amber,44,US,Для работы,Elementary,5,0
75ac4f1d-0130-4f99-a422-643177f8e5c8,2026-03-17 19:56:51,Jeff,41,BR,Для путешествий,Elementary,20,0
524009e3-bee1-4021-bc14-09c2e6ea47cf,2026-05-15 17:39:51,Elizabeth,50,IT,Хобби,Intermediate,30,0
6c5f647e-7cdf-4d97-b1cd-baea59e722fa,2026-04-06 14:14:51,Stephen,32,ES,Для учебы,Advanced,5,0
70b4cbc0-abaa-4a48-9921-6f1ffcdb9b07,2026-04-01 23:55:51,Timothy,33,DE,Хобби,Advanced,60,1
8f91930f-9076-4aa9-ab36-3e91f258931c,2026-04-02 04:33:51,Erin,50,IT,Для учебы,Intermediate,90,1
076b59c9-4584-4701-8665-dd031ec3a6f0,2026-05-29 09:14:51,Miguel,19,BR,Для учебы,Elementary,90,0
8f06ee1d-0502-468d-82cb-8e23dedcf240,2026-05-14 02:08:51,Andrew,41,IT,Для учебы,Elementary,15,0
54807e38-c715-4f26-9819-ed670c0e7480,2026-04-30 00:23:51,Jesse,39,US,Для работы,Elementary,10,0
d12f7942-c4c1-4bc6-8d13-1b2b0dfeed1a,2026-05-23 10:25:51,Amanda,19,FR,Хобби,Intermediate,10,0
198a5c67-868a-4a7c-a4a6-b76c8eccd6b2,2026-05-01 09:24:51,Rebecca,37,IT,Для работы,Advanced,60,0
75ac7bc6-1bdb-48d9-a1a8-34ec17f78c08,2026-05-19 21:33:51,Erin,39,ES,Для путешествий,Elementary,90,0
76f0c2d1-aee7-4e95-bb6d-1d3121127ba0,2026-03-08 01:37:51,Charles,29,ES,Для работы,Elementary,45,0
af6ef09f-c1ea-41cc-8970-6f8c514491bd,2026-05-17 16:53:51,Sarah,46,IT,Хобби,Intermediate,20,1
38a2fe6d-908f-4871-a00d-a3e09d28cb87,2026-05-22 04:30:51,Michelle,24,DE,Для работы,Beginner,5,0
e4df002f-3055-4a7a-8eca-bbec3c87620c,2026-03-31 13:36:51,Christopher,24,ES,Для учебы,Beginner,45,0
228dc44e-284d-4405-9d8e-697aa36ab838,2026-03-22 13:59:51,Joseph,18,RU,Для работы,Advanced,90,0
d27948c7-e1ca-44b2-8106-f5da43cc628a,2026-03-20 14:33:51,Colton,37,IT,Для учебы,Elementary,10,0
633cb04e-3871-44fd-b1eb-d99e9adf33b7,2026-05-26 06:44:51,Anthony,52,DE,Хобби,Beginner,10,0
c53223d6-a717-4ddf-a4ef-bb0289d51232,2026-05-04 02:46:51,Eric,29,DE,Для учебы,Intermediate,15,0
1dd322bb-a59a-4b8d-af1b-2a0fcb0c408d,2026-04-06 14:53:51,Morgan,39,DE,Хобби,Advanced,60,0
6426adb5-eb9f-47bf-bfd9-530ed69fa328,2026-05-09 20:37:51,Eric,18,RU,Для учебы,Beginner,10,0
8ec97ba5-f675-4e9b-abd5-ccc456b8512d,2026-04-14 02:14:51,Sean,47,BR,Для работы,Intermediate,10,0
8a0d38b1-8194-4af2-8198-233bb83e656f,2026-05-25 04:00:51,Erika,52,BR,Для учебы,Advanced,15,1
66e5e1a0-94ca-47f8-b4f4-cebded00f1fa,2026-05-26 04:53:51,Jesus,54,US,Для путешествий,Advanced,30,0
e31dc70a-6ecc-4f9e-aa0a-5f50589ea60f,2026-04-13 10:34:51,Robert,55,US,Для учебы,Elementary,15,0
eb13e00e-dee9-461a-b8af-f4a7480d5779,2026-03-26 04:22:51,Jennifer,46,DE,Для учебы,Elementary,20,0
c681abe8-1be5-401a-87bf-9704aa602183,2026-04-29 01:27:51,Jeremy,20,DE,Хобби,Beginner,20,0
f253461b-1754-4349-bb7c-3b91fab7cc0a,2026-03-06 03:32:51,Jasmine,23,DE,Для работы,Advanced,90,0
e251e907-5a73-4979-b23a-6a8c40ac1e2d,2026-03-22 10:07:51,Sherri,41,DE,Для путешествий,Elementary,60,0
cccece27-3f0f-4f28-865d-c6e8d1c05f6a,2026-05-24 22:56:51,Miguel,50,US,Для учебы,Advanced,90,0
b6d023cb-5df9-4870-8815-c3d526f214d0,2026-04-15 08:58:51,Deborah,38,IT,Для учебы,Beginner,120,0
c8390c08-e2f4-4d99-bc30-d8022a6e7783,2026-03-23 08:47:51,Aaron,38,FR,Для работы,Beginner,45,0
a52eb2ac-80c4-42f0-aa7d-576497eef20c,2026-04-26 11:00:51,Elizabeth,50,RU,Для учебы,Advanced,20,1
351b8b6b-d925-47a6-bccd-7fb275bdda9d,2026-03-06 11:20:51,Kimberly,18,IT,Для работы,Beginner,10,0
e68f8c6d-a82c-41cd-ab2e-bcce78e3aca7,2026-04-14 13:17:51,Robin,54,BR,Для работы,Intermediate,15,0
fe1bb848-2c26-49b3-a0bb-cbc5d903d016,2026-04-11 10:06:51,Scott,25,US,Для учебы,Intermediate,30,0
c2769fa2-d885-450c-959e-f92d4935510e,2026-04-04 15:58:51,Danny,21,FR,Для учебы,Beginner,20,0
ebd44985-5b57-43f5-8d6d-c5151520b289,2026-04-01 21:34:51,Jason,55,FR,Хобби,Beginner,45,0
75456333-78fc-4388-8209-edf4cb6e85ef,2026-04-28 17:27:51,Kyle,51,BR,Хобби,Advanced,5,1
7be1c9d0-5201-4984-90d5-ee66d06e1971,2026-05-20 19:44:51,Joshua,41,IT,Для работы,Elementary,15,0
1ea879c6-54d5-4e49-aafa-a5323906260e,2026-05-10 09:55:51,April,17,FR,Для работы,Advanced,45,0
09739da4-29b0-4b79-adc0-76ee25c640e3,2026-03-15 18:40:51,Cassidy,31,IT,Для работы,Advanced,30,0
8cbacec7-12a8-43e4-b473-52e23a544fa9,2026-05-02 17:17:51,Jonathan,21,IT,Для работы,Elementary,120,0
5fe973bc-6ba6-4fce-9716-e7dd80819bea,2026-05-23 23:13:51,Jennifer,49,US,Для путешествий,Intermediate,60,0
bf700eea-3023-44cf-be5f-eb3a17cf7930,2026-04-21 21:40:51,Jill,48,FR,Для путешествий,Advanced,20,1
f770b47f-b130-48c6-923a-1e2386d1dfd8,2026-05-17 13:04:51,Richard,51,BR,Для работы,Elementary,30,0
4fca9983-6959-4598-98aa-349f4df3f691,2026-05-13 21:45:51,James,51,US,Для учебы,Elementary,60,0
5e6d1580-30f1-49ff-b750-d51b626067cc,2026-04-22 02:07:51,Robert,40,RU,Для работы,Advanced,10,0
4a671ad8-5df2-40ed-b95c-f498e5f362a3,2026-05-14 10:48:51,David,44,ES,Хобби,Beginner,45,0
1d008f6b-6ed4-4455-82fb-7201b3ba400c,2026-04-12 17:53:51,Shannon,55,IT,Для путешествий,Elementary,30,0
da9e3df1-732e-44a3-bf55-9842bdbf6edf,2026-05-06 00:33:51,Thomas,43,RU,Для путешествий,Advanced,120,0
0006276b-42d1-48a5-b6c3-bc9edb358d9a,2026-04-02 16:34:51,Claudia,31,FR,Для путешествий,Elementary,30,0
22e76ce1-aa82-4108-86ce-1e6b0b0f1e17,2026-03-08 15:33:51,Rachel,39,IT,Хобби,Beginner,5,0
bd05b8ae-2f4d-4bc9-83a3-572789f0bfbd,2026-05-27 14:45:51,Brandi,38,DE,Для учебы,Beginner,30,0
26753843-af1b-40d9-862b-df45e80ecef2,2026-05-11 20:10:51,Stephanie,49,IT,Для путешествий,Intermediate,30,0
d68435d4-6023-42b2-8da6-2965aa54f785,2026-04-26 13:27:51,Rhonda,30,BR,Для работы,Advanced,20,1
9bd00659-b889-4e5f-bd66-0b4e1e711099,2026-03-10 03:34:51,Tammie,48,IT,Для работы,Advanced,5,0
79108046-83f7-4c10-9233-56435387fb10,2026-03-29 06:40:51,Vicki,42,IT,Хобби,Elementary,60,1
022138c4-8b51-44ed-a4c0-1edeeda4d654,2026-04-13 21:33:51,Cheryl,34,FR,Для путешествий,Elementary,60,1
a01893d2-b50c-4812-85a1-3a8736877e38,2026-06-01 12:23:51,Dawn,27,RU,Хобби,Advanced,20,0
238b8dc9-be5b-4767-b977-5242a3182e93,2026-05-19 16:40:51,Dawn,17,DE,Для работы,Beginner,120,0
31297b06-6f8e-4d17-b585-f8b001c6f909,2026-04-23 02:19:51,Anthony,52,ES,Хобби,Beginner,45,0
0c65afa7-8b2c-4eac-b258-0a75dcfd7221,2026-03-26 10:52:51,Crystal,47,ES,Хобби,Elementary,5,0
c6a4dc1d-33f6-4d6a-8116-3351ebad73cb,2026-05-28 20:55:51,Scott,30,US,Хобби,Beginner,30,0
d8ba8101-a6bc-4b4e-9c3c-79c510df5fe6,2026-03-30 06:18:51,Kendra,45,RU,Для путешествий,Elementary,90,1
d0900e0e-b693-4ecc-90f6-c3236be9a089,2026-05-18 11:48:51,Brooke,53,BR,Хобби,Intermediate,120,0
11cf5d21-a03e-4f94-aa5b-b7dd3ba87307,2026-04-15 17:57:51,Meghan,34,FR,Для работы,Beginner,60,0
f49e0a46-a7da-4ef9-8f4b-2383e8be76bb,2026-05-21 13:53:51,John,46,FR,Для работы,Elementary,5,0
c9e7999a-9a81-4032-901e-8bfb85f88fbe,2026-03-31 06:02:51,Rachel,49,BR,Хобби,Beginner,45,0
8c70fe9f-b245-4554-adc1-2a74683aa50d,2026-05-16 22:11:51,Christy,16,US,Для учебы,Beginner,90,0
febe2397-3078-4f0e-bcaa-746cf26ffd34,2026-05-30 19:01:51,Cassandra,29,US,Для работы,Intermediate,5,0
082f78ca-6211-47b0-bd50-58c9c02d5061,2026-05-08 16:02:51,Patricia,54,US,Для путешествий,Intermediate,30,0
61227b70-4f51-4cd2-ae85-7e62ac6e7eb9,2026-05-02 22:11:51,David,17,BR,Хобби,Advanced,15,0
4840851d-ecfb-4b09-b1d0-ad0b6bb71ea8,2026-04-12 08:16:51,Lisa,42,ES,Для путешествий,Elementary,10,0
ea219d87-bebe-4cb6-bfb3-4be43a8e94d3,2026-03-04 22:42:51,Kevin,25,DE,Для путешествий,Elementary,5,0
15442bb5-8cbe-4a37-9e31-81332a4d0393,2026-04-14 05:47:51,Donald,50,RU,Для работы,Advanced,15,0
a0e74859-31c0-4bfb-b3cb-c3c480985760,2026-03-06 08:49:51,Loretta,24,DE,Для путешествий,Beginner,45,0
309b9e16-a392-4a6e-89df-ecec48dc6ae4,2026-03-31 17:31:51,Jennifer,17,ES,Для учебы,Beginner,60,0
9f3f0ac5-bae9-4463-a01d-57b0cb7d98d0,2026-05-07 01:59:51,Timothy,25,ES,Для путешествий,Elementary,15,0
c039056e-55b5-47b1-85c9-2d8eaef75757,2026-04-07 07:01:51,Jennifer,46,ES,Для учебы,Elementary,30,0
4837d31f-2f35-4c70-b441-69f5d031d994,2026-04-22 16:09:51,David,29,RU,Для работы,Intermediate,90,0
1eb10bb5-0a56-41a0-bad7-f413d7d61c0f,2026-04-02 18:52:51,Juan,30,FR,Хобби,Beginner,30,0
29e1ea65-e279-4510-a86f-efc457fbdf5d,2026-05-21 01:38:51,Elizabeth,41,US,Хобби,Intermediate,10,0
d794a459-86e5-44e2-b793-30a74e87f0db,2026-03-25 07:25:51,Matthew,28,ES,Хобби,Beginner,10,0
11a37f77-f0b4-41d9-b5e7-759fa9f16f6d,2026-05-04 11:42:51,David,18,BR,Хобби,Elementary,15,1
4f2cc71d-be95-4026-8e65-68ff67cedc94,2026-03-19 12:44:51,Robert,28,BR,Хобби,Elementary,90,0
7d27a7f1-3ac9-440c-91bf-06083826baba,2026-05-24 02:53:51,Diane,38,FR,Для работы,Beginner,60,0
f20f4880-e741-43b2-a399-46c413fe4892,2026-04-30 06:35:51,Anna,33,RU,Хобби,Intermediate,45,0
2ea0220f-f45e-4ccc-bf1a-49f18ebf8fa0,2026-04-26 04:12:51,Scott,19,DE,Хобби,Intermediate,45,0
30642daf-cef4-4019-8017-8ae4e8fd6c35,2026-03-10 17:14:51,Lisa,40,RU,Для работы,Advanced,15,0
6c85b857-5d59-4a1d-9e23-974f61768b01,2026-05-09 12:28:51,Ruth,31,FR,Для учебы,Advanced,90,0
ab8a5a40-fbb4-4745-a241-5028fc73f57c,2026-05-04 22:32:51,Gabriel,54,IT,Хобби,Advanced,60,0
fb710e26-d3ba-4af1-8994-49ef1dfd3b67,2026-03-23 13:59:51,Deborah,31,IT,Для работы,Intermediate,15,1
a59c0094-a704-4e7e-b161-80372fe8612d,2026-05-02 07:13:51,James,51,FR,Для путешествий,Elementary,10,1
9299cb10-0f3b-4691-ad51-d334c3881fc2,2026-04-03 09:23:51,Katherine,26,FR,Для работы,Elementary,120,0
caac9f04-3325-4ada-b76c-8351245f8e8d,2026-03-19 15:14:51,Angela,43,DE,Для учебы,Beginner,45,1
8c6e5bc6-04bf-42e1-a1a9-7e1f788065c0,2026-05-13 12:08:51,Jeffrey,43,US,Для путешествий,Beginner,15,0
5640c0d2-b044-4e54-85b3-fa8a2dc679d6,2026-05-01 07:23:51,Jamie,16,RU,Хобби,Intermediate,20,1
b0fc19a2-3266-4edf-b7d4-d47d9efa193e,2026-03-24 08:23:51,Nathan,21,BR,Для учебы,Intermediate,30,0
7559b43e-557c-4c6c-982d-0a290958afd9,2026-04-03 02:30:51,Gregory,31,ES,Хобби,Intermediate,15,0
936cd9f2-1ef4-46a8-a07a-d4c73df0541b,2026-04-23 13:17:51,Anthony,54,IT,Хобби,Elementary,120,0
bd54d540-a8a3-4e75-86a3-89f7f766a473,2026-05-13 21:44:51,Keith,23,ES,Для путешествий,Beginner,15,0
1e7ff314-eb33-407a-9de4-b5197fb325d7,2026-05-30 19:44:51,Todd,41,IT,Для работы,Advanced,30,1
ec421960-98ea-460f-8a1a-5418b867c9af,2026-05-18 00:00:51,Andrea,36,US,Для работы,Elementary,20,0
4fa35139-179e-4a44-ba76-76c01796c7e9,2026-05-10 10:44:51,Rebecca,21,BR,Хобби,Intermediate,45,0
75679fbe-167b-450d-979c-05d1a61737c0,2026-03-12 00:38:51,Melissa,27,BR,Хобби,Beginner,30,0
44f4c499-0b04-4a4c-8199-5be552b8cd84,2026-05-20 02:18:51,Phillip,47,RU,Для работы,Beginner,45,1
4276cd45-051c-4fb7-9665-0c98667167b0,2026-05-15 12:18:51,Billy,34,RU,Для путешествий,Intermediate,5,0
39393b1b-8113-4ba5-9c46-cc96e9d426e6,2026-04-22 09:29:51,Billy,19,US,Для путешествий,Elementary,20,0
f0986977-dc4b-4d6d-ba82-8ce58140dba0,2026-04-23 20:19:51,Rebecca,18,US,Хобби,Beginner,30,0
baed622b-0a2e-40ef-934c-ee36a80e71a9,2026-04-18 08:39:51,Heather,20,ES,Хобби,Beginner,30,0
0430c737-8d4b-4fa9-9957-7549266f73f9,2026-05-17 10:35:51,Bonnie,18,DE,Для учебы,Beginner,90,0
3768b9c2-db1e-40b4-8499-9be2077c2190,2026-05-04 21:02:51,Carolyn,24,DE,Для путешествий,Advanced,10,1
b7f967a9-236d-4322-a677-4ecd1c0788f4,2026-05-31 17:02:51,Maria,34,IT,Для учебы,Advanced,20,0
ff3058f8-052f-4949-bad4-d7f995c7ac0c,2026-04-22 23:20:51,Steven,23,FR,Для работы,Advanced,120,0
9484d474-e978-413f-b104-f00026610ad8,2026-05-26 10:35:51,Kathryn,35,IT,Для путешествий,Beginner,5,1
ce1b722a-444a-4bdf-9287-39bf3026c6ae,2026-05-23 05:59:51,Anthony,45,ES,Для путешествий,Intermediate,45,0
adefc483-4876-4dd6-a39c-b318ab8fd9d1,2026-03-16 04:56:51,Pam,34,IT,Для работы,Advanced,90,0
03ac3821-f2d3-4c25-b0d6-b35f13bef88f,2026-03-20 01:08:51,Melissa,20,US,Для учебы,Advanced,20,0
065f1371-2eb3-443e-94bf-8383fdc3da64,2026-05-23 16:10:51,Michael,20,RU,Для работы,Advanced,30,0
b86b53a0-dc61-40b0-9efc-d1ad42eb6c0f,2026-06-01 22:39:51,Angela,55,DE,Для учебы,Intermediate,60,0
4b2d3b4b-43f6-474e-9ad1-12150e2e3913,2026-05-01 14:14:51,Yvonne,51,BR,Для путешествий,Elementary,120,0
fc3aab9f-948e-4e09-83ae-8d44e40aa22a,2026-03-11 07:27:51,Alicia,17,IT,Хобби,Advanced,15,0
69d9deb7-f548-4b4c-a815-cd95542b4a77,2026-05-18 08:48:51,Andrew,17,DE,Для работы,Elementary,5,0
edcbc1b2-b931-412d-8fad-d234937451ba,2026-05-03 08:49:51,Julie,23,RU,Хобби,Advanced,60,0
c3ca4407-43d2-4129-8b4c-1dd2830eb668,2026-04-12 21:55:51,Deborah,27,BR,Хобби,Advanced,45,0
63e24d15-7ff2-4c98-a098-cf8127c48edc,2026-03-20 14:57:51,Angela,29,FR,Для работы,Beginner,5,0
5692a6fe-5ca5-4842-9328-beab05db47dc,2026-05-01 13:07:51,Zachary,25,BR,Для путешествий,Intermediate,5,0
4db6a911-c9b6-44da-8595-e6af916e2e26,2026-05-09 02:53:51,Elizabeth,54,FR,Хобби,Elementary,10,1
c2331441-0afe-4ee4-90a8-62b995b0565b,2026-05-03 23:42:51,Ana,31,RU,Для путешествий,Elementary,15,0
cfc91d68-f6a1-405a-934d-b072f2620436,2026-05-18 15:53:51,Logan,37,BR,Для работы,Elementary,20,0
77d43320-5d87-46c4-ae4f-16054121878e,2026-05-21 06:24:51,Jasmine,36,ES,Хобби,Advanced,30,0
e8e0dae8-0706-4fd5-afc3-a3b103f5e347,2026-05-22 06:18:51,Allison,34,ES,Для путешествий,Elementary,20,1
e73e38a5-951b-4eb1-97a5-54f9cdd8c157,2026-05-23 08:24:51,Sharon,25,US,Хобби,Advanced,20,0
26880585-49fa-476e-85db-d3c78ed893fc,2026-03-24 10:32:51,Courtney,53,RU,Для работы,Elementary,90,0
b59f77b4-f9dd-4a29-80ec-72d4b4debb3a,2026-03-15 17:03:51,Joseph,23,RU,Хобби,Intermediate,20,1
cae07e6f-ad3b-4ac9-a29e-c7d25184e467,2026-04-13 23:43:51,Brenda,20,ES,Для учебы,Elementary,90,0
7209ec3e-c483-45df-b0e4-a55ed733ead5,2026-03-16 04:26:51,Jessica,43,US,Хобби,Advanced,45,0
f920512c-2c03-4e16-8eb7-6d4753b21294,2026-03-15 13:50:51,Diane,21,US,Для путешествий,Beginner,60,0
ce72d644-c645-490f-bb21-225542b2d24a,2026-05-29 07:10:51,Bonnie,43,US,Для работы,Elementary,15,0
ef3904ea-57e7-4c55-aef3-e3b81fe61b4a,2026-05-03 17:11:51,Justin,30,DE,Хобби,Intermediate,120,0
714acfae-f11e-46c7-9bc4-905477cc30da,2026-04-02 04:21:51,Greg,33,ES,Для путешествий,Elementary,20,0
5fe6f12e-8738-4c44-81e2-18761c59e5a6,2026-05-10 01:31:51,Christopher,28,US,Хобби,Beginner,20,0
727cdac5-f3f5-4b0b-8bec-2cfd32cc27f1,2026-05-22 17:21:51,Gabriela,35,US,Для работы,Advanced,60,0
320e2c82-127e-4b97-b2a5-8c19515688db,2026-05-16 08:38:51,David,31,ES,Для учебы,Elementary,5,1
b2d05bb8-d976-4d73-9140-291caabfedce,2026-04-03 22:40:51,David,40,RU,Хобби,Elementary,20,0
4b3019e5-b63b-400d-91d7-9b30a05f5964,2026-03-22 16:48:51,Kurt,33,RU,Для учебы,Intermediate,30,0
fb75db3c-a2f1-4be6-a31d-bc1bb2c945b3,2026-05-14 08:27:51,Ryan,53,BR,Для работы,Intermediate,30,0
98a915bf-c4cd-4fb9-a2a1-7c2300abd5a9,2026-05-14 16:04:51,Crystal,30,RU,Для учебы,Beginner,120,0
acd6fa5e-2beb-49ee-92f1-81b2f7c3479f,2026-04-29 04:53:51,Ryan,43,US,Хобби,Elementary,90,1
4e48425a-3a65-451e-a0dd-762b9bef227b,2026-05-18 20:57:51,Aaron,55,RU,Для работы,Elementary,120,0
4d04ebf8-ece1-43fc-a096-207bd0a561f3,2026-03-30 09:46:51,Jason,52,BR,Для учебы,Advanced,20,0
f06506a7-7b10-47e5-b3ad-5eade06a4a59,2026-04-27 12:43:51,Francisco,50,ES,Хобби,Elementary,5,0
575aae70-96b4-4503-9b4c-068ca77e9a51,2026-03-19 08:53:51,Stacy,50,DE,Для путешествий,Elementary,10,0
fd90c697-12dd-470e-9910-add31238ad7a,2026-05-22 12:14:51,Nathaniel,34,IT,Для путешествий,Advanced,45,0
66bad88d-6954-403f-9bdb-11b31979593a,2026-05-15 15:25:51,Tiffany,21,US,Для работы,Intermediate,45,0
ebba9240-4833-43c0-afeb-e6f54f94e076,2026-03-20 08:55:51,Adam,47,DE,Для путешествий,Advanced,15,0
3bd87b93-2098-4467-b8e9-0f2fdebd8cd4,2026-04-17 07:20:51,Deborah,46,RU,Для учебы,Elementary,90,0
d4d38ed2-54ce-4057-9471-71d903b2099b,2026-03-31 09:42:51,Danielle,37,ES,Для путешествий,Beginner,90,0
2953a3cf-2b9e-4f53-bfce-6ef3adc47933,2026-04-30 14:16:51,Hannah,39,FR,Для работы,Advanced,60,1
fc344da8-1d27-4047-9cab-01d0cf8ff287,2026-04-24 18:32:51,Joyce,32,DE,Для путешествий,Intermediate,30,0
a0d33bb7-3424-4cf6-82ba-a52637f4b5ff,2026-04-27 04:00:51,Leslie,38,ES,Хобби,Intermediate,20,0
d6f0d729-288e-464b-9caf-a9ca8bb4af76,2026-03-16 04:12:51,Elizabeth,28,DE,Хобби,Beginner,30,0
57f3da19-28a2-4ab6-981d-feee0c4bd23f,2026-04-24 18:14:51,Alexander,43,RU,Для путешествий,Elementary,15,0
9fc5a80b-ad59-4988-afc3-7465831e13a0,2026-03-23 02:26:51,Kyle,41,US,Для учебы,Beginner,45,0
abc4fca7-7cb4-41cc-a4ed-27d9f4aa1bf2,2026-03-11 14:25:51,Nancy,32,DE,Для путешествий,Intermediate,20,0
79824e4e-dc2c-43a7-92e0-ba14c35de101,2026-04-10 02:54:51,Zachary,18,DE,Для путешествий,Beginner,15,0
f7e02a17-da59-4b2f-bbec-2a6720dac7db,2026-04-09 00:40:51,James,26,US,Для учебы,Elementary,120,0
d4590b6b-0899-4465-8713-d0894424a647,2026-03-24 09:39:51,Joshua,37,ES,Для путешествий,Beginner,5,1
03e93a2b-5795-45f6-a529-a8a3d2e6e63b,2026-04-07 12:28:51,Elizabeth,31,US,Для путешествий,Intermediate,90,0
90cdf975-92b8-45c8-90ff-8616b98efd5f,2026-04-03 15:26:51,Mike,17,RU,Для учебы,Elementary,120,0
8d9b11a9-44f0-457a-a718-8e3ae0587039,2026-04-29 04:17:51,Aaron,42,US,Для работы,Advanced,20,0
1ef5494e-3a28-4514-85bf-845bea73c536,2026-03-05 06:27:51,Robyn,42,RU,Для работы,Intermediate,45,0
6e2d52bb-c51c-4707-b423-fb4611b2f7a2,2026-05-22 11:35:51,Russell,36,RU,Хобби,Beginner,20,0
7d07eb87-051a-4652-8b59-0908d5d40832,2026-05-18 07:28:51,Gary,40,DE,Для путешествий,Intermediate,60,0
7b64f365-1ee2-4562-8dea-9ae09da28b1e,2026-04-01 23:19:51,Katherine,55,DE,Для учебы,Elementary,60,0
f339843d-a988-4347-81c4-8cefdf603dc2,2026-05-24 07:42:51,Gregg,35,FR,Хобби,Advanced,90,0
b578580f-567f-41ce-bdb4-3026c7706c90,2026-04-29 12:55:51,Billy,23,RU,Для работы,Elementary,5,0
cbc4c8ef-cb31-41c8-864f-12b1f7a6740d,2026-05-21 00:40:51,Daniel,45,US,Хобби,Advanced,60,0
792ec2ae-e5f2-445b-9ae3-af91df6a1dae,2026-03-15 02:55:51,Keith,41,BR,Для путешествий,Advanced,120,0
7325ff52-62e2-4dea-a952-c1a4ce21ba8b,2026-05-04 14:58:51,David,26,IT,Для работы,Advanced,5,0
91cee23e-89e2-4220-a1d5-c1192e641242,2026-03-12 17:21:51,Jennifer,49,US,Для учебы,Elementary,45,0
970d93bd-7b3a-49f2-8249-1648f7f33f05,2026-03-10 15:00:51,Andrew,30,BR,Хобби,Advanced,45,0
73407fe0-bd4c-4f18-a6c0-f6303cffb8ad,2026-05-21 07:59:51,Amber,50,ES,Хобби,Intermediate,15,0
607602da-bcc2-4629-90fe-8581e882cf7f,2026-03-15 06:54:51,David,52,ES,Для путешествий,Advanced,20,1
9a96661f-404b-498b-a125-21b08676c6f5,2026-03-24 21:35:51,Kimberly,36,IT,Для работы,Intermediate,45,0
f1f1de43-0a00-4acd-bce9-e2a435e68da6,2026-04-30 07:52:51,Amanda,45,IT,Для учебы,Intermediate,90,0
85d13868-0086-4869-a474-1d61b8bbf32e,2026-04-26 19:55:51,Christopher,52,DE,Для учебы,Elementary,20,0
b32ab3ce-23bf-4278-8fde-8eebb341fba3,2026-05-26 09:21:51,Brenda,51,ES,Для учебы,Advanced,60,0
ed056059-368b-4ee9-8693-f377d590d972,2026-03-26 22:07:51,Stephen,17,US,Для работы,Elementary,45,0
9ba315dc-999b-4cef-abb9-bdbe79431810,2026-04-03 03:57:51,Kimberly,19,ES,Для путешествий,Beginner,20,0
9dc8eb25-716c-4f2b-bc11-1d47aa5d197a,2026-04-10 17:56:51,Sandy,43,US,Хобби,Beginner,15,0
dcacc8ff-df4c-4ef0-91ab-77ae2402b939,2026-03-23 23:54:51,Joseph,35,FR,Для работы,Intermediate,60,1
4e7bdff1-f84f-4b28-b6c9-31f61547bf5d,2026-06-01 04:53:51,Patricia,43,ES,Для путешествий,Elementary,10,0
02eced86-be43-4120-b2e2-9babcf02f959,2026-05-15 03:10:51,Nancy,46,RU,Для путешествий,Intermediate,5,0
ac9581d5-bc0a-46be-9582-cd8dad1731be,2026-04-02 09:04:51,Alicia,45,BR,Для учебы,Advanced,90,0
c22e5259-d820-4e51-a607-d375bb7bf087,2026-03-25 13:34:51,Rebecca,44,ES,Хобби,Advanced,5,0
2635c272-0762-4770-98b5-c33b22454c95,2026-05-12 04:10:51,David,33,FR,Для путешествий,Intermediate,120,1
38375172-daa5-4599-9748-7b5e6747128e,2026-03-08 05:25:51,Hector,39,ES,Для путешествий,Beginner,10,0
6f349de7-7876-4cbd-bff9-c6e38eb035e1,2026-03-27 14:48:51,Kari,45,FR,Для учебы,Elementary,20,0
18d88c0d-8d1a-4558-9ce2-ee73547f8fff,2026-03-20 19:48:51,Stephanie,48,DE,Для работы,Advanced,20,0
8f6cc7a9-e97d-42bc-9379-fc6c0eb356a5,2026-04-18 15:47:51,Nancy,41,FR,Для путешествий,Beginner,45,0
7d692452-b718-4108-ae82-21e806add6eb,2026-03-22 23:05:51,Stephen,44,FR,Хобби,Advanced,20,0
ef0c5df6-7f27-4bc1-af18-242030439d3b,2026-05-04 23:12:51,Tonya,55,US,Хобби,Elementary,20,0
9bf979ba-d8a3-418a-a54a-10a576f80e0c,2026-04-15 16:15:51,Hannah,21,ES,Для учебы,Intermediate,10,0
f62b8cf3-7bbc-4e17-82e0-0398bfcd72f3,2026-04-02 07:19:51,Sheri,31,ES,Для учебы,Advanced,5,0
70b5b81b-5e61-4493-83c9-7f547ffdd747,2026-05-29 01:49:51,Anna,46,ES,Для работы,Advanced,45,1
da91871f-c054-4500-90c2-1e78ac7fac21,2026-04-18 12:20:51,Keith,39,BR,Для путешествий,Beginner,90,0
d19ce5ac-ed92-4896-8bbd-5b77fb9ffc0e,2026-03-07 20:37:51,Miranda,43,FR,Для путешествий,Advanced,10,0
d5b333ad-c460-45c3-b72f-64b149fd7128,2026-04-03 21:49:51,Thomas,47,US,Для путешествий,Intermediate,10,0
303ecbb9-0670-4741-8536-364b712d997b,2026-04-28 20:13:51,Alex,33,FR,Хобби,Beginner,60,0
f3c3117a-7d9b-4e3d-ab99-2ae6c3818f07,2026-05-16 00:35:51,Maria,53,ES,Хобби,Beginner,5,0
15537fb4-5a48-4b9d-b81a-19b2215f6e40,2026-03-29 18:00:51,Ana,44,US,Для учебы,Advanced,45,1
5f028e8d-335a-4f02-9ec8-d777157dcc49,2026-04-12 16:35:51,Rodney,23,RU,Для путешествий,Intermediate,20,0
71061e34-6efa-4dec-9299-2981a25c76c4,2026-04-23 20:02:51,Matthew,30,FR,Хобби,Elementary,60,0
9cf3a75c-0b57-4d1f-b5da-745c47cfc41c,2026-04-01 09:48:51,William,45,RU,Для путешествий,Beginner,30,0
11e19330-33f5-4b87-9e6c-91b7c78e86f5,2026-03-21 10:55:51,Joseph,25,IT,Для учебы,Elementary,30,0
d6a2e0a3-ac6c-404e-bf28-b4de859f8968,2026-05-09 21:54:51,Sharon,38,ES,Хобби,Intermediate,60,0
782d683e-7cb0-4a97-9e85-0a5a8abb2473,2026-05-20 11:45:51,Aaron,44,IT,Для путешествий,Elementary,90,0
69ff0254-8055-47d5-86a7-bac470b65235,2026-05-22 19:21:51,Michelle,51,ES,Хобби,Advanced,120,1
b1c7d745-d3af-4421-989f-c47bf87a1302,2026-04-16 21:15:51,Kathy,50,BR,Для работы,Beginner,10,0
6ed00570-e5c1-4ae2-bf48-27c941c09a1e,2026-03-18 04:27:51,Tyler,53,FR,Хобби,Elementary,10,0
4997736a-47c9-461e-aa9c-48252eaed316,2026-03-26 22:52:51,Daniel,37,FR,Хобби,Elementary,45,0
2c122b8b-d1b4-4706-bf4b-89df67febcdd,2026-04-23 07:11:51,Krystal,47,DE,Хобби,Advanced,90,0
726cd03e-d3c5-4c80-ac62-34e87c671124,2026-05-22 00:33:51,Candace,40,IT,Для учебы,Intermediate,15,0
914b4aed-8223-427c-9baf-646a72132cc9,2026-05-26 00:35:51,Gene,42,BR,Для путешествий,Beginner,10,1
c7a100dd-680b-4ec1-8675-2327e0ec1b27,2026-04-19 08:53:51,David,42,ES,Для работы,Advanced,20,0
5998fa78-8911-4b19-905a-5d8c6ba33010,2026-05-09 03:43:51,Jasmin,38,DE,Хобби,Advanced,90,1
98ea441d-a223-4d95-baa5-97e820036027,2026-04-24 14:13:51,Richard,41,BR,Хобби,Intermediate,120,0
2b281f02-5ae4-4553-a513-adbb90986a89,2026-03-19 17:22:51,Brenda,21,ES,Хобби,Intermediate,30,0
90fd6501-4ebb-4d39-8065-25161672d853,2026-04-12 14:10:51,Brenda,31,RU,Для путешествий,Beginner,5,0
eb6f757d-b5c6-436f-8c99-ca852a1a703e,2026-04-29 18:52:51,Roy,29,FR,Для работы,Elementary,30,0
97bdd1bf-59b7-40e2-ba3e-4e00fc482413,2026-05-17 16:48:51,Robert,38,BR,Для учебы,Elementary,90,0
39d8391b-5848-4ff4-b640-411e9481a5c9,2026-03-10 20:55:51,Anthony,32,DE,Хобби,Intermediate,15,0
0b59649c-9795-4044-bf29-5d11a51954fb,2026-05-24 07:15:51,Billy,33,FR,Для путешествий,Elementary,10,0
209dde85-ec86-4a2e-9136-c1e501c97fe3,2026-04-19 12:29:51,Keith,54,DE,Для работы,Intermediate,20,0
7fcac56c-2e44-4fce-b9d5-5edb9f6de45d,2026-05-05 12:51:51,Christopher,53,FR,Для путешествий,Elementary,20,0
ce38fcf7-5e73-4c97-8a61-482d151ce9ec,2026-05-01 15:42:51,Sara,42,IT,Для путешествий,Elementary,120,0
396c5e94-1907-4627-aa9c-c6c6b59b4ce6,2026-05-24 10:18:51,Tracey,31,BR,Для путешествий,Advanced,15,0
7b23cb53-0f7e-43b0-aec5-8353ae3aeafc,2026-03-29 17:49:51,Molly,43,ES,Для работы,Elementary,30,0
6470669c-fc63-4fd9-830a-668df5bef648,2026-06-01 16:25:51,Linda,37,RU,Хобби,Elementary,20,1
3c0472c4-56dc-4f66-93bc-9e128f64fb7b,2026-04-13 08:41:51,Shawna,35,US,Для работы,Beginner,60,0
55a739f4-067c-4fe6-ba49-7807c2a58c05,2026-05-31 23:01:51,Katherine,46,US,Для работы,Intermediate,60,0
5bcc683f-c7db-4064-b53a-03cc1132b5d5,2026-04-06 05:36:51,Jennifer,38,ES,Хобби,Beginner,90,0
937f4353-60e8-4db9-b683-4a4804a7338a,2026-03-18 06:42:51,Crystal,29,BR,Хобби,Elementary,10,1
3bba109d-ba07-447a-a0a0-8a07b22986df,2026-03-12 21:36:51,Holly,22,DE,Для учебы,Advanced,20,0
31ecf02e-d20f-42f0-b54f-f3e005f2610f,2026-03-23 04:13:51,Erin,55,RU,Хобби,Intermediate,45,0
a6318a58-ea01-45e1-92d6-f6d07ed1454f,2026-03-31 15:07:51,Shane,34,US,Для учебы,Advanced,10,0
ca689485-5834-4851-b65d-0a47983424c3,2026-03-12 13:46:51,Wanda,40,IT,Для путешествий,Intermediate,20,0
0b8f18da-51f7-4e2a-b5d3-b354f78990c8,2026-04-28 00:26:51,Jesse,33,IT,Для учебы,Intermediate,60,0
8ed31fe7-600d-4205-8006-55db86d9fb14,2026-03-08 06:34:51,Roger,40,BR,Для путешествий,Elementary,120,0
2a32cb49-09d7-4693-9b97-942a9bd76c76,2026-05-20 17:37:51,Kevin,19,ES,Хобби,Elementary,5,1
b6acfc1e-6f61-4004-980e-aff06910e676,2026-03-11 09:09:51,Rachel,31,ES,Для путешествий,Advanced,15,0
ee839701-f9ba-425d-9c74-be9630f18a69,2026-05-27 06:36:51,Sandy,36,IT,Для путешествий,Elementary,20,0
8a51872c-11f9-4651-8a87-b001e3129d6f,2026-04-07 17:28:51,Rebecca,28,IT,Хобби,Advanced,90,1
564647aa-ef1e-402b-bfcb-b2a87c473524,2026-03-04 22:04:51,Robert,20,BR,Для путешествий,Advanced,60,0
b9864905-e62c-415d-958f-8274f48fb32e,2026-04-30 07:15:51,Randy,44,US,Для работы,Elementary,20,0
8de95e85-4de8-408b-b88e-bc4ec54c3f92,2026-04-04 00:03:51,Joseph,16,IT,Для путешествий,Beginner,20,1
f80a4db7-433f-4a97-b93f-8924f19c912c,2026-03-28 15:17:51,Tracey,36,IT,Для учебы,Advanced,5,0
e4fff254-44dc-403e-bdaa-c4c04b2c4f7e,2026-03-08 11:56:51,Marilyn,27,BR,Для работы,Intermediate,15,1
d8cad942-385d-4dcc-accb-7061760bc220,2026-05-28 20:05:51,David,32,IT,Для работы,Elementary,120,0
c0b43ae9-c962-4a94-b475-c1198806bd58,2026-05-03 11:03:51,David,51,RU,Для путешествий,Elementary,10,1
1238b10c-9318-4589-8c3e-c6c19224d41c,2026-03-13 04:56:51,Katherine,32,FR,Хобби,Beginner,30,0
908edbc8-1321-4ff2-b6e4-d2e46b7ac727,2026-05-01 14:48:51,Melissa,36,IT,Хобби,Advanced,10,0
2b662337-3840-486f-bb7a-c3e85cc2c1f5,2026-05-14 22:01:51,Scott,42,US,Для работы,Intermediate,10,0
8f3f958a-2cf1-4d90-97cf-1510ca2be720,2026-05-15 00:23:51,Kim,55,ES,Для путешествий,Advanced,90,0
e29eb565-2a38-4312-8b02-81158d3dc106,2026-03-27 22:24:51,Frances,24,US,Для работы,Advanced,5,0
8cf0e850-9433-404d-b42f-7f5ea6ad3cd7,2026-03-14 21:07:51,Paula,30,US,Для путешествий,Beginner,90,0
54dd81e5-ecd3-43ff-a813-c322428a48f5,2026-03-18 12:12:51,Daniel,32,BR,Для путешествий,Beginner,90,1
430eb77c-bbcb-474c-933a-2853acfd7228,2026-05-02 14:35:51,Wayne,52,DE,Для учебы,Beginner,30,0
e7da4126-2a14-42ab-9c1a-63113b38f34d,2026-03-10 02:17:51,Teresa,44,US,Для путешествий,Intermediate,15,0
559ac866-f939-4e25-8a8a-4cfb9808e587,2026-04-23 10:38:51,Michelle,28,FR,Хобби,Elementary,90,1
e411de9e-f243-4749-ba5c-40311900f807,2026-03-19 04:01:51,Laura,23,BR,Для работы,Beginner,10,0
003aeab3-b2dd-469a-a629-b623b49370f4,2026-05-20 09:37:51,Emily,33,BR,Хобби,Beginner,45,0
41edb6f5-106b-41e5-b831-8fb5b92a2f73,2026-03-14 08:06:51,Julia,28,ES,Для путешествий,Advanced,30,0
39b552ea-80ee-4b2e-b034-f4ec6ecba001,2026-04-16 17:00:51,Michael,29,DE,Для путешествий,Advanced,90,0
9041fc54-5d1f-492a-85f0-24dbb01091b7,2026-03-30 05:22:51,Emily,25,RU,Хобби,Beginner,30,0
8373a536-b5fa-4c67-b741-251a450569ce,2026-04-04 22:16:51,John,21,FR,Для учебы,Advanced,20,0
f1c4a319-c7b7-4e6d-b90c-a224dec85d95,2026-05-30 21:39:51,Nicholas,55,DE,Для путешествий,Elementary,15,0
395045e2-72e6-4cb6-b152-ee553b6b6ce7,2026-03-28 18:39:51,Tammy,51,ES,Для работы,Beginner,5,0
d302dd60-1e32-48c4-9ff6-c7ba64ca44e3,2026-03-23 06:05:51,Robert,42,IT,Для путешествий,Intermediate,10,0
4c6266f7-2f67-4830-a497-8f32e6f194e5,2026-04-12 05:34:51,Andrew,25,US,Для работы,Beginner,45,0
fb5aa54d-dfce-41a3-8499-daa28e270023,2026-05-21 19:33:51,Brenda,23,US,Хобби,Advanced,15,0
7608ccf1-64f6-4fb8-8cf5-927cf6f1e79e,2026-04-27 09:48:51,Michael,18,ES,Для путешествий,Intermediate,45,0
2eaf948d-6b04-456b-b037-13bb59e89554,2026-05-01 22:04:51,Isaiah,43,RU,Для путешествий,Advanced,5,0
bc0d0a1b-6d23-46c3-8640-ef8abc041009,2026-03-06 03:00:51,Amber,54,ES,Для путешествий,Beginner,120,0
01114794-d640-498c-af0e-501ffbd1883e,2026-05-10 19:45:51,Christopher,26,RU,Для учебы,Beginner,45,0
14584404-da7f-4978-95c6-c3666d9e3d99,2026-04-19 16:17:51,Willie,27,BR,Для работы,Intermediate,60,0
f0ee383c-2d6a-4f53-a1e7-01b85951f035,2026-05-24 02:36:51,Amy,18,FR,Для путешествий,Advanced,60,0
f5203f83-2109-411b-a0f0-253792906520,2026-05-31 02:24:51,Mark,20,IT,Для учебы,Beginner,45,1
98b81590-ba17-4c0d-93fa-d80ff268182a,2026-03-31 22:05:51,Sabrina,34,US,Для работы,Advanced,10,0
e63355e3-8e07-4041-ad0b-0ccbd38bf876,2026-04-26 16:24:51,Barbara,53,IT,Хобби,Intermediate,20,1
aba9fc04-c170-45d0-aa3d-cfc7c939fba2,2026-04-12 03:35:51,Jesse,46,DE,Для путешествий,Beginner,5,0
7fc4231b-0268-4fcc-a75f-95d4cfa9713c,2026-04-01 16:44:51,Ethan,22,FR,Для путешествий,Elementary,90,0
bbb9ce5e-be24-4049-a10f-8c7ae59328eb,2026-04-08 23:13:51,Joshua,43,US,Для путешествий,Intermediate,30,1
30e80c6e-91ed-4470-91a0-558d50741a27,2026-04-03 22:44:51,Adrian,28,IT,Для учебы,Elementary,30,0
2547cc05-8298-4b85-8810-5b264ee58c06,2026-06-01 11:25:51,Kimberly,24,FR,Для путешествий,Beginner,5,1
5f58b904-ea6a-465b-95d2-cb5fc7e9522d,2026-03-07 15:56:51,Emma,45,BR,Для путешествий,Elementary,60,1
9c1a4066-1112-45a3-9be3-3a701c3e6e48,2026-05-24 06:53:51,Janice,54,ES,Для учебы,Advanced,30,1
f1a254e9-db7c-44b8-97d1-a8770e68985c,2026-05-05 04:01:51,Julie,35,FR,Для работы,Advanced,60,1
5064782f-7aa8-4317-bab6-6852a740bf5e,2026-05-09 03:59:51,Kristi,35,ES,Хобби,Beginner,15,0
141870fd-39a5-4276-b7ca-3453c9c0057e,2026-04-19 14:22:51,Eric,38,IT,Для учебы,Intermediate,45,0
d362f905-ca60-48d8-bf76-05943f926c33,2026-03-10 21:24:51,Catherine,50,ES,Для работы,Advanced,90,0
b44a4b3a-48ea-4931-87eb-25e736b8f029,2026-04-20 04:10:51,Michelle,33,FR,Для учебы,Intermediate,20,1
ce7fd40f-ba6f-4621-8771-7354ddd3fac3,2026-05-02 01:38:51,William,50,IT,Для работы,Intermediate,60,0
1a8093f9-8057-475d-8e79-890b048f0351,2026-03-20 16:28:51,Robert,35,IT,Для путешествий,Beginner,10,0
9a301cb5-8b9b-4de1-825f-0ad71b58745f,2026-04-08 19:32:51,Christopher,33,RU,Для работы,Intermediate,5,0
85a0783f-f73b-4b6e-bde9-c5475bfeecaa,2026-05-28 15:38:51,Victoria,35,ES,Для путешествий,Intermediate,5,0
edad39f3-e1a1-4cca-a8e9-3ef66315a9cb,2026-05-16 17:24:51,John,19,IT,Хобби,Beginner,20,0
dafcdc51-7822-41d2-8a1b-67f211650462,2026-03-16 06:41:51,Michael,47,BR,Для работы,Intermediate,20,1
b96800a3-79d5-4340-9ee8-7905e2341c67,2026-04-11 08:38:51,Timothy,50,FR,Хобби,Advanced,45,0
1781d2bb-9e57-4b94-9b34-b476f1206177,2026-05-01 13:54:51,Elizabeth,34,US,Хобби,Elementary,20,0
96f2e1b0-e50e-4f01-836b-2161516ce303,2026-06-01 14:50:51,Ashley,38,FR,Хобби,Advanced,30,0
0f2b92fb-6733-450e-849c-75f2142b8030,2026-05-12 21:21:51,Donna,18,BR,Для путешествий,Intermediate,45,0
ddb0f681-5902-41f4-a579-2ef2b60d2a88,2026-03-31 11:06:51,Felicia,37,RU,Для путешествий,Advanced,5,0
87a2943b-6c11-46ab-ab23-70282de7a4f0,2026-03-08 21:09:51,Tiffany,37,BR,Для работы,Advanced,5,0
e051e6e3-302d-42b1-8149-1943e523253a,2026-05-07 19:34:51,Michael,43,ES,Для путешествий,Beginner,10,0
9d9b7502-7d7e-42d3-9b6a-77a8cac1890c,2026-03-28 03:43:51,Jennifer,42,ES,Для учебы,Intermediate,10,0
c0ef0643-d180-4133-82e8-0f7ee76762cd,2026-05-22 20:16:51,Jill,35,FR,Хобби,Intermediate,120,0
25ece538-1fbb-4e9d-af3d-e3fece0141e3,2026-04-08 22:18:51,Michelle,32,BR,Для учебы,Elementary,30,0
4ed90f6b-76da-4ba4-a2c8-a7ae02b4a02f,2026-03-22 14:49:51,William,27,IT,Для работы,Elementary,45,0
c4cd1775-605d-4b88-a8ca-4ccfde1e6410,2026-03-24 16:07:51,Erik,47,ES,Для работы,Advanced,120,0
d94de9dd-7e90-4aae-9116-0f9bc487ff01,2026-04-22 23:33:51,Aaron,34,RU,Для путешествий,Elementary,15,1
177f5b0a-d58e-4341-bc1a-765ddadd240c,2026-05-27 02:05:51,Steven,41,DE,Для работы,Elementary,20,0
2d881521-5cbe-4498-a159-976e83b013ea,2026-04-21 20:30:51,Andrea,52,FR,Для путешествий,Intermediate,10,1
8528e82d-07bf-4152-a83a-b94b35b1f040,2026-03-14 04:58:51,Gavin,44,BR,Для учебы,Beginner,10,0
56a0e6b7-0230-4e59-9d3b-57268d9e6423,2026-04-17 10:45:51,Chad,53,IT,Для учебы,Advanced,60,0
fa6ec01a-7470-4131-b8bb-0cbe50b1e206,2026-03-18 14:53:51,Devin,43,BR,Для путешествий,Beginner,20,1
8b0020b6-cb61-42a1-8d52-2ad958a63f6d,2026-03-31 16:21:51,Nicole,49,DE,Для учебы,Elementary,60,0
2b069f30-a624-4a19-a002-de678cdbb96f,2026-04-18 03:20:51,Sarah,36,ES,Для работы,Elementary,90,0
160508ad-c0f1-4a3f-b0f9-e8e59ede14bb,2026-05-18 19:09:51,Anthony,39,DE,Для путешествий,Beginner,20,0
f717e236-4195-49bd-8eca-9ebdccf14319,2026-05-22 14:29:51,Daniel,28,US,Для учебы,Elementary,5,0
0d9bc127-3b40-4839-b0b2-6b216086755f,2026-03-28 12:34:51,Todd,18,FR,Для путешествий,Advanced,5,0
dbfd1b3f-98b5-44fe-be04-a5d0dd12f803,2026-05-13 13:34:51,Carl,26,RU,Для работы,Elementary,60,0
793c7938-0690-4a47-a30d-682e48ceb95a,2026-04-01 19:56:51,David,16,RU,Для путешествий,Advanced,20,0
47af5446-0de8-4459-b330-462480b0ca7d,2026-05-18 03:15:51,Timothy,41,FR,Хобби,Beginner,15,0
6d91df98-2425-433e-bb6e-fb2ee1805f70,2026-03-20 11:40:51,Ryan,18,FR,Для работы,Advanced,30,0
f74de7f1-c6af-45ac-9137-1b7bcb5f30dc,2026-03-26 02:56:51,Kathryn,28,IT,Для работы,Advanced,20,0
5f4dd76f-5230-4f7d-ac59-6f22134463ef,2026-04-21 11:02:51,Corey,46,IT,Для путешествий,Advanced,120,0
03572a12-ffa4-4f99-b92b-07fe112cc5d7,2026-04-22 21:46:51,Benjamin,37,FR,Для учебы,Elementary,5,0
5c0e5763-11d4-4223-a632-3b257eb66b62,2026-03-15 17:22:51,George,29,FR,Для учебы,Elementary,120,0
5c27844f-6de5-48a0-a03c-c2e39ed34ba7,2026-04-29 23:25:51,Robert,42,DE,Хобби,Intermediate,60,0
895dc0f3-6a3a-4e48-bcb1-f742a9993251,2026-05-28 14:55:51,Jonathan,33,FR,Хобби,Elementary,45,0
04977b76-7600-445d-9c76-914b00cc2af3,2026-03-24 20:38:51,Nicole,35,ES,Для работы,Advanced,10,0
c2d802f6-ff2e-4722-a4fb-831595c805c6,2026-03-26 15:17:51,Robert,44,BR,Для работы,Elementary,45,0
ac8653e4-c93d-4dd5-a29b-1e9f83abf318,2026-03-25 08:04:51,Kirsten,31,RU,Хобби,Beginner,90,0
d9fd91ad-a40f-4063-a7b1-47081b67f8d3,2026-04-22 09:47:51,Taylor,49,US,Для учебы,Beginner,60,0
90402182-96a2-45d5-aba7-0ae227952f8c,2026-04-10 19:37:51,Cody,32,RU,Хобби,Advanced,20,0
3c32795b-1660-4a43-a11c-785b5793c417,2026-03-26 20:24:51,Linda,41,BR,Для учебы,Intermediate,90,0
060c1d4d-aaad-437d-aeca-3aec7043305f,2026-05-30 00:07:51,Michael,55,DE,Для путешествий,Beginner,45,0
2b526760-c3c6-4988-93bb-67937e9446ab,2026-05-26 17:24:51,Amy,19,IT,Для работы,Advanced,90,0
70a671b7-b3f8-4935-8574-b18c5d87f51f,2026-05-12 16:45:51,James,42,BR,Для работы,Elementary,60,0
82aff712-9bda-4bb5-8458-6ce3433f6ca1,2026-04-20 14:00:51,Desiree,35,DE,Для учебы,Beginner,5,0
b2966ca7-68f3-4546-842d-5aebe2f3831b,2026-05-02 15:19:51,Ashlee,21,BR,Для учебы,Elementary,45,0
aae921d0-e2a0-408b-b91c-90d323edb7cc,2026-04-16 14:22:51,Michelle,46,ES,Для путешествий,Beginner,120,0
f200f37a-34ae-43ab-91c1-b7f9939780da,2026-05-29 17:54:51,Perry,49,RU,Для работы,Beginner,120,0
d13ef7d0-944a-42b2-a912-ddd09378528e,2026-03-22 22:34:51,Jacqueline,43,DE,Для путешествий,Elementary,5,1
4790cafe-909e-452a-916a-9c82fb3dd69c,2026-03-18 19:49:51,Michael,23,FR,Для работы,Beginner,15,0
beb420c1-8c47-41c4-a261-1c2fdbf0c71a,2026-03-10 12:34:51,Crystal,53,DE,Для путешествий,Elementary,20,0
5a83967d-838b-4903-b5a9-2eb8a368bd44,2026-05-21 13:09:51,David,17,US,Для учебы,Beginner,10,0
72dfeca8-1647-4ddf-b71e-cfc2789312a9,2026-05-31 07:23:51,Ross,50,RU,Для путешествий,Intermediate,15,0
b3ce4d09-7355-4e87-a75b-4d785f2a0019,2026-03-18 08:01:51,Sarah,36,ES,Для путешествий,Intermediate,45,0
683435cd-a245-459d-b08d-ab013dc5c704,2026-04-12 23:33:51,Gabriel,27,RU,Хобби,Advanced,120,0
833f216a-663e-456e-b7bf-4fd0a9e9de46,2026-05-18 00:44:51,Michael,21,FR,Хобби,Beginner,30,0
89257e4c-6109-4b1f-8b45-fa1a26f022a8,2026-05-10 21:12:51,Melissa,38,US,Для работы,Intermediate,10,0
7c480095-ab6b-463b-952b-25f9b1997a31,2026-03-22 14:29:51,Anthony,21,BR,Для работы,Intermediate,5,0
3828a83c-ca4d-48b5-924c-f7949b5d21bf,2026-04-29 06:39:51,Kathy,36,RU,Для путешествий,Elementary,45,1
7b83d5d6-33eb-4e51-ab2b-6292f27a1536,2026-04-15 22:06:51,Robert,51,FR,Для учебы,Intermediate,20,0
ae5c108f-0b98-43f6-9947-180688815850,2026-03-10 23:34:51,Joseph,41,IT,Для учебы,Intermediate,90,0
1bcf45e2-9c31-436b-b50e-3f2e5182ee6c,2026-03-14 06:47:51,Thomas,50,ES,Для работы,Advanced,10,0
ffae787b-cd7a-49ea-aa75-dccb9ef6c196,2026-04-21 16:05:51,Mallory,34,US,Для учебы,Elementary,20,0
11505ed8-b103-4225-b709-f11cc736dae0,2026-03-21 16:30:51,Michael,46,IT,Хобби,Elementary,60,0
bcaf21c2-3fbd-4822-b5fc-56b6a6383b5c,2026-04-05 10:01:51,Ryan,45,US,Хобби,Intermediate,10,0
99dfe59d-eb77-44b6-9910-678bc80f373f,2026-04-08 22:39:51,Timothy,40,RU,Для учебы,Intermediate,120,0
f33987f4-cc55-4fe5-8a6a-65e2b82346ef,2026-03-10 23:19:51,Cassie,35,US,Для учебы,Advanced,60,0
27ca3da0-2d90-46c9-a33e-cdd47367267e,2026-04-14 00:48:51,Matthew,47,RU,Хобби,Elementary,45,0
d708b5e1-a99c-48b2-8418-17ab0d4db522,2026-04-16 18:42:51,Jordan,29,IT,Для учебы,Advanced,20,0
a6da5c4d-1c84-4aa7-b4eb-01810f82bbe1,2026-04-29 02:43:51,Phillip,19,IT,Для работы,Beginner,60,1
fc57ed52-53ce-4f76-9b26-1d1b4e3f78ac,2026-04-17 17:08:51,Jeremy,35,US,Для работы,Intermediate,10,0
ef6195ea-2c72-4b99-89af-0097e87f7f6c,2026-03-25 09:38:51,Crystal,35,ES,Для работы,Advanced,20,0
7fb98716-174a-4f15-baf6-5d28a94a11e5,2026-05-06 01:39:51,Shawn,41,US,Для работы,Beginner,20,0
18188b1c-c782-4fed-af08-536948da8cb4,2026-03-21 01:46:51,Isaac,52,IT,Хобби,Beginner,20,0
c9a05454-7446-416e-8659-a91679ce9c54,2026-04-23 13:12:51,Cheryl,45,FR,Для работы,Elementary,15,0
4916e9db-ee4d-4e34-8f9a-c8b761901cd6,2026-03-13 03:06:51,Jessica,42,US,Хобби,Elementary,15,0
9bebff22-b750-4980-aa76-40c0a9233004,2026-05-31 17:45:51,Michael,18,ES,Для учебы,Elementary,15,0
50f39970-5c9e-4c03-a38a-5198a74ab923,2026-04-15 02:59:51,Terry,31,ES,Для путешествий,Intermediate,30,0
7da5831d-6659-497a-b874-394d527b9bfe,2026-03-09 07:48:51,Connie,25,RU,Для путешествий,Beginner,120,0
5fe665f6-fbe2-4043-a36c-f18e5b37c4f9,2026-03-12 15:02:51,Brandon,31,FR,Для путешествий,Elementary,20,0
97385663-21f5-46f6-baa6-63adc4d8ce3b,2026-04-12 04:13:51,Amy,37,US,Для путешествий,Intermediate,45,0
736efe1c-e0c6-4f60-9962-e127295b0118,2026-04-29 20:12:51,Laurie,46,IT,Для работы,Intermediate,120,0
f6ac5f9d-b327-4fda-a239-807145e6dd56,2026-04-28 04:27:51,Erin,42,ES,Для путешествий,Elementary,10,0
9a7479af-4b83-40a0-aa89-bb1d33917e1d,2026-03-15 10:46:51,Crystal,17,IT,Хобби,Intermediate,20,0
3d8a18dd-5e54-4578-ae3b-f20bc7cc05f7,2026-05-12 16:24:51,Julie,44,DE,Хобби,Intermediate,60,1
cb0e0f15-442b-4df3-9985-fa9d25235be0,2026-04-26 09:31:51,Jason,21,BR,Для работы,Elementary,60,0
21f2b5d5-dc0a-4472-9d8d-d8e275c320b6,2026-05-15 07:24:51,Lori,27,ES,Хобби,Advanced,30,1
32c61c30-3da5-4ba9-9806-8fee1b2890af,2026-05-03 23:05:51,Edwin,53,BR,Для путешествий,Beginner,30,0
2293bea0-33c8-4bdd-89b1-d963739b4aea,2026-03-12 06:06:51,Lauren,34,BR,Для работы,Elementary,5,0
db586c2d-db31-407d-9378-6d247fd27127,2026-05-08 09:28:51,Andrew,35,BR,Хобби,Beginner,60,0
14ba9e2c-bb92-40be-8763-b3b3435ef68a,2026-05-07 04:54:51,Summer,45,ES,Для путешествий,Intermediate,10,0
329e4253-3343-41d7-8ac4-0597d61ca158,2026-05-22 06:13:51,David,21,US,Хобби,Advanced,120,0
13fc6259-26f2-4c0f-9c56-e3c574a375d5,2026-03-19 22:38:51,Maria,32,IT,Хобби,Advanced,120,0
79c6cf79-e788-4fcc-aa42-45db0281e4ac,2026-05-11 05:25:51,Megan,54,RU,Для работы,Advanced,45,0
56137d86-8217-4e24-877b-a48a0f5888c7,2026-04-15 22:24:51,Jacob,23,BR,Для работы,Intermediate,20,0
d608cad3-19c7-4239-8302-06ad6a389f84,2026-05-05 01:21:51,Laura,20,US,Для путешествий,Intermediate,30,0
d8bbcf74-b23e-440d-b97a-cc146dbb246b,2026-03-26 21:39:51,Larry,52,US,Хобби,Elementary,10,0
0db2a9d6-9571-4e3f-94e5-d3639724c1f8,2026-03-09 14:05:51,Laura,44,RU,Хобби,Intermediate,120,0
41a7f7aa-579c-4a29-bdc4-e24454b038d0,2026-05-19 09:19:51,Traci,30,ES,Для учебы,Beginner,90,0
73383ad0-d1f5-4df8-a78f-2a339c52cfc2,2026-05-23 14:39:51,Timothy,54,US,Для учебы,Elementary,20,0
ef9385fa-c178-4c42-a76e-6f38d42b2294,2026-03-11 22:38:51,Jessica,40,IT,Хобби,Elementary,10,0
bbfbb97c-136a-4427-b2fe-f1d34381d6bf,2026-05-11 13:49:51,Stephanie,53,BR,Для путешествий,Advanced,30,0
26937dfe-abf9-407d-acfc-ed4e538523aa,2026-04-19 20:20:51,Dennis,25,IT,Для работы,Intermediate,30,1
1ffafe53-b152-4018-9a88-a71eaff0cbab,2026-03-28 05:01:51,Sydney,27,DE,Для учебы,Advanced,15,0
aec4949f-31c2-495b-b606-71248b1eba09,2026-03-27 21:33:51,Heather,26,ES,Для учебы,Intermediate,15,0
fb92c2a1-9081-4794-88b4-a5e9af175ed1,2026-04-11 08:34:51,Cory,34,DE,Для учебы,Advanced,20,0
57adcb64-7f90-4db4-8c53-00147df65cf8,2026-05-15 08:42:51,Shelia,26,FR,Для учебы,Advanced,60,1
e8e33c47-ba0e-4d6a-9872-8ebb0ee14aee,2026-04-29 13:18:51,Benjamin,44,RU,Хобби,Advanced,60,1
7a803711-19bd-4fbb-9190-41b80369a662,2026-05-31 04:35:51,Alyssa,16,RU,Хобби,Advanced,60,1
00771a8e-5e56-41a3-a105-3b63f239e838,2026-05-01 21:15:51,Juan,40,IT,Для работы,Beginner,60,0
921d3137-a219-4f81-aaec-4aeb05bbd0e1,2026-05-30 22:49:51,Evelyn,38,DE,Для учебы,Elementary,20,0
d4f118e1-468e-4333-9548-b7cf5d5b6b2c,2026-04-09 13:20:51,Eric,54,ES,Для работы,Beginner,30,0
9340bfdd-328d-47da-bded-e6375cf1ac2f,2026-03-19 08:29:51,Michelle,23,BR,Для учебы,Beginner,60,0
6c624452-0ee4-4edf-976e-bcbf48c1dcc6,2026-03-28 22:02:51,Luke,48,IT,Для работы,Advanced,60,0
98a76ca5-cc32-4dbf-8ae0-08a7cf309ba4,2026-03-29 21:21:51,Brittany,24,DE,Хобби,Beginner,60,1
569e16c1-2ed5-45a0-be31-eb477f1f52ff,2026-04-28 13:52:51,Barbara,20,DE,Для путешествий,Intermediate,90,0
c18ed634-0cc6-4872-b205-95f3f55a5578,2026-05-12 17:49:51,Jenna,23,ES,Для путешествий,Advanced,20,0
70f69604-8556-4cb7-8ca1-c46fd5a7544b,2026-03-17 06:43:51,Sandra,45,BR,Для путешествий,Beginner,90,0
8d2c814c-ddae-4a94-b3fb-cfd1c0636097,2026-04-03 10:14:51,Kendra,51,DE,Для учебы,Beginner,90,0
7f46b5d3-5428-46da-bcff-b559d5d3c29a,2026-03-25 12:34:51,Isaac,23,DE,Для работы,Beginner,10,0
a1d915b8-bd38-4add-be87-871a71c47935,2026-05-17 04:05:51,Kelly,27,RU,Для работы,Advanced,10,0
ea719775-8a7e-47ee-900c-5e79c33a5e8e,2026-03-18 16:53:51,Jon,51,US,Для путешествий,Beginner,5,0
87d8a5c9-7b31-42d8-b03f-483fc4abc801,2026-04-18 00:29:51,Timothy,21,FR,Для работы,Intermediate,5,0
19571c21-6a8a-4c1d-bb8d-6affd4f6a1d6,2026-03-07 02:16:51,Denise,20,RU,Хобби,Elementary,15,0
d51f5d3d-d882-4422-93f5-9419b592a6ac,2026-04-03 04:56:51,David,17,ES,Для путешествий,Beginner,20,1
a031abe9-dc4d-40db-8200-196921d63683,2026-03-13 19:29:51,Scott,39,DE,Для учебы,Intermediate,30,0
4f3b585d-939c-4637-ac7a-3768b4cccbdb,2026-04-24 22:48:51,Lisa,30,FR,Для путешествий,Intermediate,20,0
5e928712-d863-452f-8cc6-d8763a9ed514,2026-06-02 09:39:51,Steven,20,BR,Хобби,Beginner,5,1
6f7d21a6-31cd-4c0e-b50c-3971b505cf70,2026-05-14 14:14:51,Janice,48,RU,Для путешествий,Advanced,120,0
fad74ec4-b579-46f0-a25e-9423bc736da5,2026-05-31 08:46:51,Brandon,45,DE,Для учебы,Intermediate,60,0
1b9f1895-5a37-420e-98ac-386a8810ec18,2026-04-17 08:41:51,Randy,51,ES,Для путешествий,Advanced,45,1
1c184385-53b1-43cb-989c-f5da87f87f4b,2026-06-01 20:43:51,Christopher,38,FR,Для работы,Advanced,10,0
782ef51d-087d-4bf7-a9d1-b3b1b87d9069,2026-04-02 22:51:51,Maria,24,ES,Для учебы,Beginner,5,0
e4627f61-0ca8-48d5-8388-f33c2737728e,2026-03-20 06:17:51,Ashley,49,US,Для путешествий,Advanced,30,0
5ab41bab-557a-4b80-812a-7c449db2b334,2026-04-29 03:54:51,Anita,44,DE,Хобби,Beginner,20,0
52d6e74a-5d07-4300-810e-6ce1d1aebbda,2026-04-27 03:42:51,Bernard,53,IT,Для работы,Intermediate,10,0
360bbdcb-db8e-406e-a102-57bebd0a05b4,2026-05-31 17:59:51,Sarah,23,DE,Для учебы,Advanced,90,1
a678715e-e023-437a-884c-f59742219c01,2026-04-28 12:00:51,Ashley,53,BR,Для учебы,Elementary,10,1
d70ae8b7-5f72-4dd6-8c00-e12b6e04ce04,2026-04-05 03:20:51,Aaron,17,RU,Хобби,Beginner,15,0
fad3adc6-31de-429a-8ab0-1553b6d9adfd,2026-03-17 13:01:51,Elizabeth,44,BR,Для учебы,Intermediate,20,1
d07d4954-6b43-4604-aa32-af5e3685b54e,2026-03-10 12:53:51,Jennifer,44,US,Для учебы,Beginner,5,0
600e440f-0408-4cab-96a4-3424f6269ad6,2026-05-06 23:50:51,Katelyn,36,DE,Для учебы,Advanced,20,0
55fb6e09-2bed-4bc2-a98a-ef5acf054aa7,2026-04-20 03:20:51,Charles,24,DE,Хобби,Beginner,20,0
b4a53a19-67a2-48ad-933c-06b59ef739eb,2026-05-18 18:33:51,Julie,49,DE,Хобби,Beginner,30,0
7ec5147e-34a6-49e5-9dc8-c3da73d13a64,2026-04-14 05:33:51,Amy,34,US,Хобби,Elementary,60,0
2ad4f570-2e30-43fa-9f8d-01782a5cc370,2026-03-10 07:33:51,Patrick,40,BR,Для работы,Intermediate,120,0
53d2f134-6dfb-44dc-86e2-6e115155e63e,2026-03-14 04:41:51,Eric,46,FR,Хобби,Beginner,15,0
f9bc2d24-c03f-4d68-930b-4c2f43ee9f9f,2026-04-20 05:17:51,Christopher,21,ES,Для путешествий,Elementary,120,1
0f939f93-e520-4d11-92ca-bd49d2a13d55,2026-05-09 18:59:51,Alison,23,ES,Для путешествий,Elementary,30,0
0e4cf1cb-eba2-403d-b982-80dad88deb4e,2026-04-29 05:01:51,Madison,38,BR,Для учебы,Advanced,30,0
24012e67-6e5d-417d-944f-a170a94b58ea,2026-06-01 03:51:51,Elizabeth,44,ES,Для работы,Intermediate,30,0
e4d81c74-4b2e-4859-babe-4ad68465875a,2026-05-05 13:25:51,Christina,35,IT,Для путешествий,Elementary,10,0
814adedd-30a9-425f-9c83-9e9740094763,2026-05-16 11:37:51,Gina,39,ES,Для путешествий,Beginner,15,0
45af43b1-4aa7-4cb6-b446-0619b9c00854,2026-03-30 20:17:51,Jeremy,25,FR,Хобби,Advanced,90,0
dd279a0e-6c61-4241-9669-e5fe526cc6c5,2026-03-14 20:47:51,Austin,46,DE,Для работы,Intermediate,60,0
e47def15-079f-4d6b-b740-be2943c634e1,2026-03-13 09:43:51,Ashley,35,BR,Для учебы,Advanced,45,1
02f958d8-1041-454c-af08-3793de802421,2026-05-16 11:33:51,Elizabeth,31,US,Для учебы,Elementary,90,0
5be2b967-e80f-43f5-88e4-e4b5f6c808c9,2026-03-31 12:58:51,Christopher,37,RU,Для путешествий,Elementary,20,0
325e9142-48f3-4c99-badc-e4fc4977b94c,2026-03-22 19:09:51,Dawn,24,RU,Для работы,Elementary,10,0
322606e3-acb9-4744-85fa-7b0b77c73677,2026-05-25 12:05:51,Rachel,48,US,Хобби,Elementary,5,0
0ab34a6c-80ee-4c3c-bf8d-451a0b2c3602,2026-04-08 16:22:51,Daniel,48,ES,Для путешествий,Intermediate,60,1
b1d0f6a4-0858-4652-a36c-310016e767d6,2026-03-08 06:33:51,Mark,25,BR,Для путешествий,Beginner,15,0
4c502660-476d-45c4-b52e-0343d65a92b4,2026-04-27 15:07:51,Sandra,37,BR,Хобби,Elementary,90,0
a42fc01f-6e14-468e-ab30-0f8c105e3950,2026-05-06 21:55:51,Amber,51,FR,Для путешествий,Beginner,10,1
670177dc-4564-4e94-a5b6-fb21f0e311b1,2026-03-09 09:53:51,Jessica,38,DE,Для путешествий,Advanced,60,0
d214d871-c655-4cba-b6aa-8416c9b0b0fe,2026-03-24 21:55:51,Michelle,36,DE,Хобби,Beginner,45,0
4037336c-c401-4845-a647-10b49fbee44c,2026-04-20 12:05:51,Jessica,49,ES,Для путешествий,Advanced,30,0
b9ef76dd-c737-4640-a97a-46255ef2bae3,2026-05-17 19:35:51,Jeffery,47,IT,Для работы,Advanced,15,0
08be5514-b918-40ae-bc80-4a0daa0470c2,2026-04-28 19:01:51,Clayton,34,FR,Хобби,Intermediate,45,1
4b687471-fa62-427f-9afd-4900798a34db,2026-03-21 23:27:51,Richard,25,US,Для работы,Elementary,90,0
7f5211ca-7c6a-4a7c-b706-40a4898202da,2026-05-11 22:32:51,Oscar,21,DE,Для учебы,Beginner,60,0
5dea28d0-2e3d-48be-a8fc-f00b228a985b,2026-04-25 19:52:51,Raymond,25,IT,Для работы,Intermediate,60,0
c6a87845-9697-47fd-ac70-da484318086e,2026-03-15 03:14:51,Jenna,49,BR,Для учебы,Beginner,10,1
36775a7e-3707-4eb6-8902-e6efae26e981,2026-03-07 11:55:51,Jennifer,47,BR,Для учебы,Elementary,45,0
30baa9a8-3a3c-4a07-83ed-6d8d720ef4a8,2026-06-01 01:39:51,Rebecca,40,BR,Для работы,Intermediate,60,0
8565e6b9-f870-4935-b636-c165f335eb69,2026-05-13 05:51:51,Dawn,46,FR,Для учебы,Elementary,15,0
6e5e7583-4444-4766-a4d7-dd3a5cdff596,2026-04-02 11:06:51,Brandon,43,US,Для учебы,Beginner,120,0
c251d161-7401-49f8-a3df-5778d5c3289e,2026-03-31 19:39:51,Christopher,40,US,Для учебы,Advanced,30,0
5606d18b-51e5-417e-9a6a-ef50d83afd07,2026-05-11 05:30:51,Jonathan,17,US,Хобби,Intermediate,120,0
cb162ed1-7109-423a-a58a-68b889a51646,2026-05-25 07:11:51,Christina,43,US,Для работы,Advanced,120,1
3e8f245a-d2fd-4cd0-9209-06faf4305785,2026-04-29 09:39:51,Robert,45,RU,Для путешествий,Advanced,30,0
34f2bb9e-ffee-45fa-baed-08a3925aaab3,2026-04-10 12:55:51,Elizabeth,46,BR,Для путешествий,Beginner,20,1
8acc677a-6daa-466f-b895-373ee5da5913,2026-03-27 22:39:51,Emily,26,IT,Для работы,Advanced,120,1
e5daf52b-2498-4e4b-82b9-8948092afa49,2026-05-08 06:15:51,Randall,45,ES,Для работы,Intermediate,20,0
772e8077-f0ad-4b8e-8849-a22c99c02c50,2026-03-25 10:58:51,Vanessa,46,FR,Хобби,Beginner,120,1
6f965acf-05af-41cf-8d29-57504b90244b,2026-03-29 12:32:51,Stacy,39,ES,Для путешествий,Elementary,60,0
1c307786-69a5-4efe-a285-bd421198c69c,2026-05-23 15:36:51,Christopher,37,DE,Хобби,Advanced,90,1
15fc2911-6ab7-4643-858d-880744d68c8c,2026-05-02 02:49:51,Tyler,33,DE,Для работы,Beginner,15,0
d28ed13f-3a2d-45fc-bb9a-cca266c7ea9f,2026-04-26 07:00:51,Jennifer,35,US,Для учебы,Advanced,45,0
9f789d3a-85a8-40c6-b52d-229c21755e23,2026-04-08 01:15:51,Alicia,28,BR,Для учебы,Advanced,120,0
0aed334a-05f0-4611-b7c4-ad496fa491f9,2026-05-19 08:39:51,Justin,25,RU,Для путешествий,Advanced,60,0
a35db176-a0b3-4234-807c-6289d2a40dbb,2026-03-05 18:02:51,Robin,50,US,Хобби,Advanced,20,0
ed06a2a2-ce3a-4a25-98e3-0698e4d3eb26,2026-05-15 09:46:51,Kristen,28,FR,Для работы,Advanced,120,1
80752ae2-97da-4f1d-8d95-61ffca386dbe,2026-04-07 05:49:51,Ryan,23,US,Для работы,Elementary,10,1
a3280d6d-a54a-428d-a20a-d189d4fbe2f8,2026-05-21 05:06:51,John,20,IT,Для путешествий,Beginner,60,1
de7e860b-f630-4879-9517-ffae17f74dd9,2026-03-21 10:22:51,Miguel,30,FR,Хобби,Beginner,90,0
60efa976-1124-4cb8-90a2-dec053f96215,2026-04-30 16:09:51,Julie,44,FR,Для учебы,Intermediate,20,0
dcfd845d-1b1f-4005-87b9-3ebaab5cb6af,2026-04-26 09:49:51,Angela,30,US,Для работы,Advanced,30,0
5246adbf-4733-49aa-aa1b-769958973888,2026-03-12 23:55:51,Crystal,32,FR,Для работы,Intermediate,45,0
e10fa94d-c086-4a5f-8ca7-53df372af451,2026-05-13 20:28:51,Christina,26,ES,Для путешествий,Advanced,20,0
2916b6e0-d66e-44ab-9008-52325d59abad,2026-05-05 06:08:51,Linda,29,US,Для путешествий,Advanced,120,0
cf5da54e-31e1-431d-ba12-5bfb48622eb2,2026-03-30 03:19:51,Michelle,48,IT,Для учебы,Advanced,90,0
a8c16c83-f641-4ab9-93b2-d1fc69d63c6c,2026-04-21 21:55:51,Tammy,49,RU,Хобби,Advanced,60,0
ddd47a89-430a-4d43-93bb-d7feae40688b,2026-04-23 00:35:51,Annette,47,DE,Для учебы,Elementary,30,0
d5820b53-336d-4e84-9ef0-6a6ca9b66849,2026-04-06 03:49:51,Andrea,34,FR,Для работы,Intermediate,20,0
def7a9c0-5ac7-4763-b821-90bbb6449e19,2026-03-23 11:55:51,Christopher,48,US,Для путешествий,Beginner,45,0
f8056dfa-289f-4415-a409-afe369865a2a,2026-05-20 12:30:51,John,45,US,Для учебы,Advanced,90,0
86ddad0d-8cfd-465c-9781-23e1eb8ca097,2026-05-22 11:16:51,James,52,BR,Для работы,Intermediate,60,1
28390cd7-0571-4810-b49d-e62690d1675b,2026-04-25 12:56:51,Nancy,55,FR,Хобби,Advanced,30,0
5e947aeb-6a5f-4d97-b522-a851dcb8d826,2026-03-07 06:10:51,Tyler,46,IT,Для учебы,Advanced,10,0
d77e667d-3689-4d87-982b-ef1f2fc22a4c,2026-03-25 13:53:51,Martin,17,DE,Хобби,Beginner,90,0
1bfa10a8-bf82-4cad-8b82-e2e73455884c,2026-05-29 14:35:51,Lindsay,23,BR,Для работы,Intermediate,90,1
c0daa6ea-51b2-492d-a40c-8d8563a873ce,2026-03-27 17:20:51,Jonathan,43,ES,Для учебы,Intermediate,90,0
9134bd46-18ed-4fcd-8312-d9e0d3db7c5d,2026-03-07 21:47:51,Joe,42,DE,Для путешествий,Elementary,60,1
9fdddae1-f79b-48cf-bdcf-6abec83fc644,2026-05-25 19:41:51,Michael,55,RU,Для путешествий,Intermediate,45,0
40171bea-d195-4c02-94cd-e4e89ab8488d,2026-03-26 00:03:51,Jonathan,25,IT,Для путешествий,Elementary,10,0
b6a65bb4-0629-47ee-ab6f-a5fd703d522e,2026-05-31 23:49:51,Sean,44,FR,Для учебы,Intermediate,90,0
4e479730-5493-4daf-9782-710c52f4a578,2026-04-26 05:04:51,Donna,27,US,Для путешествий,Beginner,90,0
706f78b4-e6ac-46d8-b305-0694cff7d3f7,2026-04-22 17:36:51,Jesus,29,US,Для путешествий,Elementary,5,0
ed9a302b-5650-42ba-ac7b-d3792298a6b6,2026-03-17 17:35:51,Richard,48,BR,Для учебы,Intermediate,45,0
c5fbe1c4-6b7f-4913-aec5-2e29e0537942,2026-04-11 04:07:51,Sarah,45,RU,Для работы,Beginner,10,1
39b0b2cc-2be5-4f8f-b97d-638598db5d7f,2026-05-20 22:30:51,Jose,35,IT,Для путешествий,Advanced,10,0
7120c08c-dcaa-4bc7-94c1-0154ba104599,2026-03-22 19:15:51,Brenda,47,DE,Для работы,Elementary,10,1
596f45d2-df67-4a47-b287-7ae4e30eb81d,2026-03-17 08:47:51,Jason,37,ES,Для путешествий,Intermediate,15,0
2bb4b49e-4063-4caa-8a48-00032a014db0,2026-03-28 19:24:51,Benjamin,23,IT,Для путешествий,Beginner,45,0
60fa9619-d94d-41ab-90b5-1c6c9df12f7b,2026-03-29 08:40:51,Rebecca,48,ES,Для путешествий,Beginner,5,0
9e5508ea-d6f5-4fc1-a3de-fb3211b2449d,2026-05-06 12:32:51,Mark,33,IT,Для путешествий,Intermediate,120,0
eb4b356d-cf10-4dc2-a50f-f1bb4978f178,2026-04-05 03:51:51,Heidi,49,BR,Для учебы,Elementary,45,0
c469d5cc-0221-4571-b63e-8cd5c4918c98,2026-03-14 23:45:51,Alexandra,38,RU,Хобби,Intermediate,5,0
95d83a24-41d8-4601-86fa-5accc5df372c,2026-05-30 20:50:51,Gabriella,44,US,Для учебы,Advanced,15,0
785efabf-b9ee-4a05-ac26-05a58eec6ac6,2026-05-22 19:18:51,Christine,39,RU,Хобби,Beginner,15,0
82410046-0b44-4769-9b0d-bca320e5a6ee,2026-03-22 19:07:51,William,49,IT,Хобби,Advanced,30,0
5ec591da-a1cd-49c3-8da8-efdc402a7b7d,2026-04-02 11:13:51,Stephanie,40,FR,Для путешествий,Beginner,30,0
7cfba4ca-742d-46d3-aac9-d144cc6d9ea4,2026-03-06 19:01:51,Morgan,23,BR,Для работы,Intermediate,15,1
79da9561-9f45-4ef2-9587-b8025e29e12c,2026-03-21 02:42:51,Brian,42,IT,Для учебы,Advanced,60,0
2fe9ffcb-96c1-48ba-a5fc-9ee5f06b2344,2026-04-22 12:15:51,Billy,45,RU,Для работы,Beginner,10,1
dfe92b7b-d00f-4148-a0c4-536d007c4d96,2026-04-16 15:01:51,Paula,20,IT,Для работы,Intermediate,60,0
336c3f7c-f98c-4658-baa9-bc6e76a0369e,2026-04-22 19:06:51,Brandon,29,RU,Хобби,Beginner,60,0
649498bd-832e-4bf4-9b16-acd864c196c5,2026-03-19 14:02:51,Mark,47,FR,Для работы,Elementary,45,0
6aa653e2-b7fd-472f-b049-b44ba82389cb,2026-05-18 21:49:51,Steven,49,BR,Для работы,Beginner,20,0
f29d5d7d-b778-4cfd-901e-d374c496870b,2026-03-12 21:41:51,Donna,46,RU,Для учебы,Elementary,15,0
7af3cf7e-d2aa-4875-ab69-d05c2aa46852,2026-03-07 15:58:51,Jennifer,29,RU,Для работы,Intermediate,15,0
c234e4c2-22fa-400e-8eec-c81f5dbefaaa,2026-04-04 19:25:51,Carol,53,IT,Хобби,Intermediate,15,0
6c979acd-c962-4cc0-8dd9-8209d758a694,2026-04-20 17:07:51,Linda,46,US,Для учебы,Beginner,45,0
3e9cab49-5b59-4fff-8fa0-8e5b0cd2e21c,2026-03-14 00:39:51,Jessica,23,IT,Для учебы,Beginner,15,0
267260ce-2bea-4eb2-a61c-22939107ad0e,2026-05-09 02:25:51,David,50,BR,Хобби,Advanced,45,0
540bb3e9-cd31-457f-a45c-417365e2ab2a,2026-04-17 04:38:51,Shaun,39,ES,Для учебы,Advanced,30,0
90d512fa-1a35-4de8-a5c8-96a1bda7ca7b,2026-05-04 22:59:51,Bailey,17,ES,Хобби,Intermediate,60,0
27e814ff-a5c4-45fa-9062-815b150d67cb,2026-03-07 21:05:51,Michael,43,FR,Для путешествий,Intermediate,30,0
8ea15974-f80b-4120-8ed9-fc3a8ff342d2,2026-04-22 20:14:51,Emily,52,FR,Хобби,Intermediate,15,0
30f354bd-6f68-4336-ad61-c5e2571779cd,2026-03-13 05:07:51,Damon,24,BR,Хобби,Intermediate,30,0
b503b61f-6a38-4f26-a07d-782eb1a17fb6,2026-04-03 09:08:51,Lauren,45,IT,Для учебы,Advanced,45,0
d8226ee8-1ac0-491b-8016-d3f24745dc72,2026-03-09 01:38:51,Christina,55,DE,Для работы,Intermediate,5,0
d11cf04f-0c5a-4f62-a654-123c361727ff,2026-03-18 03:01:51,Barbara,35,IT,Для путешествий,Advanced,30,1
83389f99-d890-4680-bf47-0037270ca003,2026-03-26 01:51:51,Mark,45,ES,Для работы,Intermediate,5,1
fe72f8d7-2ab7-4598-868e-cbc36eff4ad0,2026-05-26 03:43:51,William,29,RU,Хобби,Elementary,15,0
001a447f-fd60-41a3-9eb4-2fd38aef8cfd,2026-05-29 21:17:51,Kimberly,49,US,Для путешествий,Elementary,5,0
5b7c442f-5125-4ced-a19a-37f9798da4f8,2026-03-05 02:38:51,Kent,16,DE,Для учебы,Intermediate,15,0
314d1cc7-e087-42d2-9d8c-0e99de86f429,2026-05-25 07:39:51,Chris,55,DE,Для работы,Elementary,20,0
5b466676-9086-4a00-aad9-f2d0df1c3982,2026-03-28 05:06:51,Roy,43,BR,Для работы,Elementary,120,0
841b4a02-7ba4-4f06-82cb-aa19a7081b75,2026-05-18 21:02:51,Denise,32,BR,Для учебы,Advanced,120,0
fb05ff81-86df-4ff9-b9a4-c6251f8d7168,2026-05-29 15:00:51,Charles,55,FR,Для работы,Beginner,90,0
bd520510-d06a-4cba-919a-172620227e2b,2026-04-11 15:15:51,Tina,35,US,Хобби,Elementary,20,1
8ef2b852-20c3-4002-a6e8-c2e93069fd89,2026-03-12 14:05:51,Bonnie,37,ES,Для путешествий,Beginner,15,0
7d86b7f6-cff7-440a-8a4d-efcb6a8677ac,2026-05-21 07:19:51,Christopher,33,FR,Для учебы,Intermediate,30,0
62865bff-9b57-48ef-8975-d9b44a7831c4,2026-03-31 19:41:51,Richard,19,DE,Для работы,Intermediate,90,0
ab32c86d-8f64-4613-981f-f710e889c1e2,2026-03-25 04:45:51,Elizabeth,26,RU,Для работы,Beginner,60,0
7f4ca5fc-f788-45fe-88c2-91bf86b66b56,2026-04-02 07:41:51,Jonathan,52,RU,Для путешествий,Intermediate,20,0
905a1d35-387b-4412-95fd-401de090b294,2026-05-31 12:49:51,Tina,27,FR,Хобби,Intermediate,90,0
243dc265-9dca-4802-ac5d-594898198abf,2026-04-05 02:10:51,Jim,30,IT,Хобби,Intermediate,5,1
2c7bb473-4b5e-4e71-ad5e-31a2d91baaa9,2026-05-08 23:08:51,Kevin,24,IT,Хобби,Elementary,45,0
7fdf1b1e-7658-4eee-9f62-5ed9d4257d45,2026-03-12 06:56:51,Willie,16,ES,Хобби,Elementary,30,1
15d756db-05a9-4475-9809-aceda20b3b7e,2026-05-28 11:21:51,Karen,21,DE,Для учебы,Advanced,60,0
2a6a7e18-bb68-4b8b-9d84-5f98cf61de77,2026-05-20 04:47:51,Glen,22,ES,Для работы,Elementary,90,0
e4c391f4-f5ff-4466-a8bc-c7c1a9b52863,2026-03-21 20:01:51,Joseph,31,US,Для путешествий,Beginner,10,0
7f643f50-2d3e-4523-aa49-fb2f6e64b15a,2026-04-16 02:34:51,Eric,46,BR,Для работы,Beginner,30,0
04acfdaa-d738-4a50-82da-3d108e00d6fd,2026-05-27 17:48:51,Michael,17,DE,Для работы,Advanced,15,0
485d2285-bc53-4166-9153-2b5a6442651e,2026-03-24 16:23:51,Jamie,18,FR,Для учебы,Advanced,10,0
ff2e56a3-7c2c-4197-aa70-46e68ace4c75,2026-03-23 19:48:51,Michelle,48,ES,Для путешествий,Beginner,120,1
d46b2433-0a58-43d0-9b40-caa1e4096126,2026-05-08 12:24:51,William,30,RU,Хобби,Advanced,15,1
8ca64a37-d5bd-4f0a-aa02-883292ffe51f,2026-05-26 06:33:51,Natalie,26,IT,Хобби,Beginner,10,0
7fd8fddf-b902-4bab-b4fc-bceebbbec44d,2026-03-17 20:51:51,Kimberly,52,DE,Для путешествий,Advanced,60,0
57c9296c-cd8e-4ee5-bf5f-052406de05a2,2026-03-08 03:23:51,Jeffrey,18,FR,Хобби,Intermediate,5,0
aa6d52e3-017b-4bb3-bd1a-18a00a3ed68a,2026-04-06 04:59:51,Melissa,30,FR,Хобби,Beginner,20,1
def08292-018f-412b-847e-3140ab8aaf2e,2026-03-19 18:06:51,Shelly,30,ES,Для путешествий,Beginner,30,0
2a45eb81-3677-4355-94b6-a5f41acb9ed6,2026-04-20 16:45:51,Zachary,25,FR,Для работы,Beginner,5,0
7b9e2c5f-39af-4cfc-b323-3e9fb24c2866,2026-04-21 08:35:51,Adrienne,28,ES,Для учебы,Elementary,15,0
43be0046-01c3-40e1-a8a1-0b6ad96875db,2026-04-01 18:24:51,Daniel,49,BR,Хобби,Beginner,120,1
203774a9-b518-4285-91a3-6a80a1603618,2026-03-05 02:32:51,Daniel,50,ES,Для работы,Advanced,10,0
f7f5880f-26e2-4554-9e23-fe6894c051a6,2026-05-26 22:22:51,Julie,32,RU,Для работы,Beginner,120,0
ae3b5a3b-43f1-42f6-8839-73be83e59718,2026-05-04 16:54:51,Kendra,30,FR,Для путешествий,Beginner,20,0
c1dcfca0-817c-4572-a082-6c76e42db5e9,2026-03-16 23:07:51,Carl,42,BR,Хобби,Advanced,5,0
71389e3e-530d-429b-84a7-810f3bc0d565,2026-03-17 23:38:51,Melissa,20,RU,Для путешествий,Intermediate,15,1
ba77adf6-3553-4d4e-a97a-fc530a745c00,2026-04-03 04:19:51,Mary,31,RU,Хобби,Elementary,5,0
59d9efbe-ba46-4813-bbec-4388afed4173,2026-04-29 16:02:51,Amanda,42,DE,Для работы,Elementary,5,0
03af7f22-ef9c-4b8a-8ba5-9f2edb4b85fe,2026-04-26 13:40:51,Alexis,27,IT,Для работы,Elementary,90,0
e9223a85-6e40-4f52-9ec5-e38533e7cc7c,2026-05-04 07:32:51,Michael,47,DE,Хобби,Advanced,30,0
b6d71fd7-6094-49fa-a391-e27c2f1ec53e,2026-03-08 11:33:51,Geoffrey,54,ES,Для учебы,Beginner,20,0
d66cb0ba-f9d0-4a03-9370-63596493f73a,2026-05-17 13:12:51,Patricia,16,FR,Для путешествий,Beginner,120,0
b471673b-f103-4734-8150-cd776a3eedbe,2026-03-06 06:22:51,Angela,51,DE,Для путешествий,Intermediate,60,0
9befd6f1-75be-4bb5-9940-2c48d2f3d127,2026-04-12 08:13:51,Jacob,29,RU,Для учебы,Intermediate,45,0
82f30fa4-22a0-4307-8b52-58b0bde3f680,2026-05-04 12:06:51,Joann,47,ES,Для работы,Beginner,10,0
7a545f26-5ec4-4fd9-8866-1e7e083d6a9f,2026-03-14 09:54:51,David,53,IT,Для учебы,Intermediate,120,0
85d7e0a8-4826-4dcb-ac58-23d5bf4420fd,2026-05-28 14:16:51,Gabrielle,50,IT,Хобби,Elementary,120,0
160ca5ad-71aa-4111-a29d-92566843c983,2026-04-09 06:18:51,Jill,33,ES,Для путешествий,Intermediate,20,0
9a64d9ef-4135-4180-8678-cdca763ea053,2026-05-13 05:27:51,Stephanie,17,BR,Для путешествий,Advanced,90,0
2b55d8dd-1929-42cd-aa8f-6848e8e21871,2026-03-13 00:44:51,Ruth,49,RU,Для работы,Elementary,5,0
71fe5d35-bccf-441e-87a5-3a60da6588a2,2026-04-12 20:02:51,Jason,40,ES,Для работы,Beginner,90,0
8e5198a8-54a9-437e-b661-6ae4d7d0ee64,2026-04-22 10:54:51,Philip,29,DE,Для путешествий,Elementary,120,0
435c7db9-7169-40f9-882a-d4f40ede3159,2026-04-25 07:47:51,Joshua,28,IT,Хобби,Elementary,10,0
7e2dae85-4ce2-4f0b-b52d-9dfc03dd9100,2026-04-18 16:14:51,Marissa,55,FR,Для путешествий,Advanced,15,0
b2a8e8ac-064b-4551-a203-961fa57f9e16,2026-04-20 21:42:51,Teresa,50,DE,Для работы,Intermediate,10,0
bf03d1f2-6874-476a-968e-e1d9b1660451,2026-04-23 17:39:51,Elizabeth,16,DE,Для путешествий,Elementary,10,0
e744b2f5-ed45-45b2-a914-f983df879df5,2026-04-08 00:45:51,Zachary,29,FR,Для учебы,Elementary,90,0
7114378d-7023-4a7d-b7a3-406ffd8d3b92,2026-04-23 18:30:51,Wendy,21,IT,Хобби,Elementary,20,0
d3ce02bc-718b-480c-9630-283b515846a8,2026-04-03 07:43:51,Reginald,26,BR,Для работы,Intermediate,60,0
4481f806-6a8a-4136-810f-8d31430b515c,2026-03-27 16:32:51,Jamie,45,ES,Хобби,Intermediate,5,0
e18473f7-c8df-4623-b8fd-a1fb3c74bc46,2026-04-17 08:40:51,Melvin,36,ES,Для учебы,Advanced,45,0
9c433f1d-e6fa-443a-8063-3716b0b1cfe5,2026-05-27 15:05:51,Ashley,41,RU,Хобби,Elementary,120,0
0b1ca1f5-b416-4774-a362-6840a10406cb,2026-03-22 09:52:51,Elizabeth,23,US,Хобби,Beginner,45,1
44dc2dcf-62a4-43b9-a5cb-406226baaf42,2026-05-24 21:53:51,Ruth,35,IT,Для путешествий,Advanced,120,0
0e6e1ab2-41fa-4c8d-bad9-b13b3546a18c,2026-05-07 00:44:51,Tiffany,20,ES,Хобби,Advanced,30,0
9da18ae1-b8d4-4110-9880-b0d3776660f1,2026-03-11 18:25:51,Maria,21,DE,Для работы,Intermediate,5,0
9f6a6eab-6857-40d4-9991-590b5e2e3bf4,2026-04-20 16:57:51,Gregory,37,ES,Для работы,Intermediate,60,0
eb1495dc-2d2b-4f51-9495-735d814cbd03,2026-05-17 20:56:51,Alexander,39,ES,Для работы,Intermediate,10,0
c0e48f89-f8c8-48d5-b471-4984742d4279,2026-05-11 15:43:51,Tina,38,BR,Для работы,Advanced,45,0
a1a45051-1620-402e-92b8-dc6a3346d60c,2026-03-16 02:47:51,Nicole,26,US,Хобби,Intermediate,5,0
8d0d355e-c0ac-4a34-baf5-47765b0f91d8,2026-05-10 10:25:51,Jaime,37,RU,Для учебы,Beginner,90,0
eb4422aa-7ff2-476f-b88e-6941c2bd3f14,2026-03-22 11:59:51,Bryan,48,US,Хобби,Intermediate,20,0
2ca10622-fbf9-4fab-bf51-9f6fbe914da0,2026-05-31 21:11:51,Shirley,33,DE,Для учебы,Elementary,5,0
f308f7c5-adda-4676-b9ee-d54743ea2a82,2026-05-06 22:05:51,Patty,26,FR,Для учебы,Elementary,60,0
f2e54dfe-a1b1-4c41-8d4f-825154afd4dd,2026-03-10 19:32:51,Melissa,20,DE,Хобби,Beginner,20,0
ca4bbf98-1f80-4083-aa1d-40f25b6eb539,2026-03-19 01:49:51,Alexandra,47,FR,Хобби,Intermediate,60,1
52c55aa4-1509-47b0-8640-f3c1045af93c,2026-04-19 17:36:51,David,30,ES,Для учебы,Elementary,60,0
842168f6-796a-4215-9811-eb8464e43668,2026-04-17 03:08:51,Kevin,33,US,Для путешествий,Elementary,5,0
926f9f51-a4fb-4141-9d17-60a42aabd6a3,2026-04-27 02:14:51,Molly,21,FR,Хобби,Elementary,20,0
85487576-e0a1-4d26-8b05-ab9ce0aa2c47,2026-04-13 14:11:51,Joseph,25,FR,Для учебы,Elementary,60,0
681bd432-894c-4eda-bf02-4e87c633f908,2026-05-07 07:36:51,Nicholas,38,BR,Хобби,Elementary,45,0
7299b160-4694-48e1-8715-854d069a00d6,2026-04-02 09:33:51,Eugene,47,DE,Для работы,Elementary,60,0
105d6751-d700-438f-abe5-82683188a003,2026-04-04 14:25:51,Tina,49,IT,Для работы,Elementary,20,1
fb683980-da22-41a0-837b-e1873cc3053b,2026-03-21 03:09:51,Christian,26,IT,Для работы,Advanced,20,0
2897fd45-4800-4811-943d-366e40370707,2026-06-01 23:27:51,Timothy,33,DE,Хобби,Beginner,120,0
72a7f6b5-7665-4a87-8e7a-8203cf1fea56,2026-04-16 02:51:51,Stacy,43,US,Хобби,Elementary,45,0
31a6412d-8fd1-4b06-ab6a-df23e9e72972,2026-03-14 18:23:51,Cody,33,US,Для работы,Elementary,60,0
3bf36a51-1f97-4c91-9639-09863982af43,2026-04-16 08:50:51,Cody,40,RU,Хобби,Elementary,120,0
25229e10-c049-4507-80db-7a131d2cc95a,2026-04-23 02:10:51,Joseph,53,DE,Для учебы,Elementary,90,0
c3f7cf29-de8c-4b4c-90e3-5132a877872b,2026-05-13 14:00:51,Sean,40,US,Для путешествий,Intermediate,45,0
5c4e070c-f884-4ee0-8f0d-b470de75f9a9,2026-04-25 05:22:51,Michael,28,BR,Для путешествий,Advanced,45,0
da90782c-9960-4e7f-9b3a-bcf8ef796932,2026-04-30 23:19:51,Gerald,44,DE,Для учебы,Elementary,30,0
8b84ae43-0a0a-4ab0-8636-840adb3dc3d0,2026-05-31 20:04:51,Sandra,23,BR,Для учебы,Elementary,30,0
25eb640a-1072-4424-8bc5-d278a39b7998,2026-03-21 12:05:51,Emily,16,BR,Для путешествий,Beginner,90,0
9ffbca58-f293-48b2-b756-9d4375cea728,2026-04-07 05:54:51,Timothy,32,FR,Хобби,Elementary,15,0
d6ba055a-fc78-4a76-87c5-2c09e823a14c,2026-04-29 21:10:51,Ronald,24,IT,Для путешествий,Intermediate,20,0
924629f6-3334-4f7f-9736-896e23c13e94,2026-05-04 19:52:51,Sharon,31,US,Хобби,Beginner,120,0
ec2d0375-b9c8-40c0-abcd-8fdd58898f6b,2026-03-13 17:10:51,Robert,35,FR,Хобби,Elementary,60,0
55629ba9-4808-4352-a05d-1823fd9c797c,2026-03-20 22:33:51,Paul,36,DE,Для путешествий,Intermediate,20,0
fd92fe25-c6de-4212-b8ba-65b38b9ccad1,2026-05-02 08:13:51,Charles,37,RU,Для работы,Intermediate,10,0
f4653880-dc60-46fd-80b3-6fcf093c3cf3,2026-04-05 21:20:51,Sylvia,34,US,Для путешествий,Intermediate,120,0
337677e8-be4a-4eb6-be57-07c7c168e632,2026-05-29 03:03:51,Eduardo,27,FR,Для путешествий,Beginner,60,0
e6f81d1b-9416-406f-965e-2567ed25e8e1,2026-03-08 17:00:51,Victor,24,ES,Хобби,Elementary,20,1
fbbc5b4e-f81a-4fb2-b258-3da63a0b7516,2026-03-08 13:51:51,Anna,16,RU,Хобби,Intermediate,5,0
b43180e5-4be7-4822-a8fc-3015d4195fd2,2026-04-23 04:54:51,Nathaniel,47,ES,Для учебы,Elementary,5,0
4ac7ac70-bf67-44e0-98b6-46e4d1e81c35,2026-03-23 07:40:51,Christian,18,DE,Для путешествий,Intermediate,120,0
f72b852b-2475-403d-9c19-0d2e7000c687,2026-04-11 16:27:51,Brian,27,BR,Для учебы,Beginner,10,0
6e377a38-e5e3-4071-8e2d-97d7fdca74f3,2026-05-12 16:15:51,Mary,17,IT,Для путешествий,Beginner,5,0
3f55022c-d1e5-4e80-b2e3-7345b179916b,2026-03-21 07:33:51,Kimberly,30,ES,Для учебы,Elementary,10,0
1f4d12e3-01c7-455d-9af0-1f86f8ec0840,2026-04-07 18:36:51,Juan,51,BR,Для работы,Elementary,20,0
1fc173a2-5e51-489c-895e-6a856c74de0b,2026-04-16 02:08:51,Michael,24,IT,Для работы,Advanced,45,0
f98aaa11-828f-44cb-aef8-2f2e7bff539a,2026-04-21 23:39:51,Penny,51,DE,Хобби,Elementary,30,0
3f641596-f9a3-447d-be82-85803562e2ec,2026-03-26 20:13:51,David,37,FR,Для путешествий,Elementary,60,0
46b4a3b4-6fea-4a80-b3c6-db20341e8f6c,2026-05-05 04:29:51,Danielle,40,RU,Для путешествий,Elementary,45,0
3245edc8-704a-48af-a1aa-fa2e86c2af02,2026-04-21 14:19:51,Michael,28,FR,Хобби,Intermediate,45,0
5ed085be-9933-46cf-a0da-75d2532b8760,2026-03-16 20:03:51,Melanie,42,US,Хобби,Beginner,20,0
dba65375-0c8d-4a3e-bc2b-59ed7623dcc7,2026-05-05 06:41:51,John,35,FR,Для работы,Intermediate,5,0
29b761b3-1ec5-4e88-a77f-4930c7cfebf7,2026-03-27 07:37:51,Lindsey,53,RU,Для путешествий,Beginner,60,0
cefd9c7f-4d9d-4c55-a1ce-892b7fd1a462,2026-04-21 22:25:51,John,21,US,Для учебы,Advanced,60,0
92ceb884-40f0-4048-bc05-62373e134be8,2026-03-17 13:39:51,Benjamin,31,US,Для работы,Advanced,10,0
abc9346c-fb75-44e8-9049-2f13a60fcbca,2026-03-05 01:23:51,Lucas,31,DE,Хобби,Intermediate,60,0
28702d03-91b7-49e5-8b48-accf2a488b04,2026-04-23 09:40:51,Jared,50,RU,Для путешествий,Beginner,15,0
b634b5c7-89c4-4d91-ad0e-4582aa7f9807,2026-05-19 19:39:51,James,48,US,Для путешествий,Advanced,60,0
7111334e-6305-4f46-aed0-1b7f03ea38c8,2026-04-18 06:49:51,Tony,25,BR,Для работы,Advanced,60,0
7f6a9b5c-b7ff-4cb4-bab6-88dd9cca4c55,2026-04-29 10:52:51,Brian,55,US,Хобби,Advanced,20,0
e23120e1-e342-46d2-93c7-c756f2ec66eb,2026-05-02 08:49:51,Alan,40,US,Для путешествий,Advanced,90,0
6b7aaead-7039-4f17-9760-56ff071869cf,2026-05-14 02:30:51,Tiffany,36,US,Хобби,Beginner,15,0
8001de99-493e-42ae-a461-9a61fd86f7c8,2026-03-27 22:18:51,Anthony,47,BR,Для путешествий,Beginner,45,1
ff05d8f9-315e-4696-ae24-006c3e011207,2026-03-15 04:38:51,Heather,19,US,Для учебы,Advanced,90,0
f64f7171-6bf2-41d7-8888-a4d51b06eba9,2026-03-15 16:59:51,Timothy,39,ES,Для учебы,Elementary,90,1
d07226c1-3cee-490d-98d0-40bab273c176,2026-04-10 20:12:51,Michael,46,FR,Для путешествий,Elementary,90,0
e1aff8de-e846-4f3d-82d2-55c783b1e57d,2026-04-06 07:47:51,Jeffrey,18,RU,Для работы,Advanced,15,0
f4bbf97e-412a-47ff-b1e1-1beaebd01bd1,2026-04-20 18:06:51,Allison,23,ES,Для путешествий,Beginner,15,0
b512fa47-ab8d-4e5f-9e8f-e2e358f31fc9,2026-04-11 20:32:51,Michael,49,FR,Для работы,Advanced,10,0
9efe6264-7246-4253-baa1-82408b66702d,2026-04-06 14:36:51,Nathan,37,IT,Для учебы,Advanced,90,0
93b3706c-86be-47a0-8e38-77b7f9d61bef,2026-05-22 08:14:51,Cynthia,33,RU,Хобби,Advanced,90,0
5d4dac45-3eb2-472b-8ce8-57a6f3bd53d3,2026-04-10 00:05:51,Curtis,18,ES,Для путешествий,Elementary,30,0
675cc5b5-969b-4f08-a84c-92d8b0f0cdf8,2026-03-10 13:46:51,Jessica,39,ES,Для работы,Intermediate,5,0
90e5243e-ab40-44c3-9a5b-532626f91d59,2026-03-29 23:56:51,Jennifer,22,RU,Для путешествий,Beginner,10,0
1fdec97b-eedc-489c-b634-dbdd2aaf8796,2026-05-14 23:45:51,Jennifer,35,DE,Хобби,Elementary,120,0
985b4669-e338-4c54-b7b0-c74ab9d701cd,2026-04-29 05:10:51,Brittany,18,US,Для работы,Advanced,45,0
c8328646-3c05-4a7e-bf17-76f66def1892,2026-05-20 08:48:51,Bryan,18,ES,Для учебы,Beginner,20,1
c281c3c9-8212-4765-9397-d61cf7f46432,2026-05-06 03:44:51,Shelly,19,FR,Для путешествий,Advanced,10,0
e10ed8d4-323e-4dd5-b1ba-775b00e71697,2026-04-25 11:06:51,Matthew,19,BR,Для учебы,Advanced,5,0
e2713aad-b550-42f0-b9c5-417616268501,2026-04-30 11:20:51,Kenneth,21,FR,Хобби,Advanced,15,0
59816654-3ebc-4be1-9b2f-6ad5011b591a,2026-06-01 10:55:51,David,51,DE,Для работы,Beginner,20,0
1a9996b9-b76a-4115-b02f-b8f072560e73,2026-05-18 17:19:51,Jonathan,21,FR,Для учебы,Elementary,20,0
f01b3feb-fc9b-458d-86ea-346f95ab2591,2026-03-06 08:25:51,Pamela,45,DE,Для учебы,Elementary,15,0
65b6181d-6a63-4912-ad59-cabe5a1a8c06,2026-04-19 23:57:51,Theresa,16,FR,Для путешествий,Beginner,5,0
6843f001-2154-4da7-9e6f-f94f8e36ce8c,2026-05-25 09:16:51,Beverly,40,BR,Для путешествий,Beginner,20,0
fac0481f-6fb8-49e3-8b8b-219a9285c174,2026-03-19 08:59:51,Robert,29,RU,Для работы,Beginner,60,0
4a9a9702-f445-4b39-9db7-d893dff95759,2026-03-08 01:58:51,Melissa,44,ES,Для путешествий,Beginner,5,0
5521f6cd-69fa-4203-9b5d-10368eb88f76,2026-03-20 00:25:51,Hannah,16,BR,Хобби,Intermediate,30,0
e226ff12-06f9-4512-bccf-e0341ad03429,2026-05-07 21:49:51,Robert,48,DE,Хобби,Beginner,90,0
b3e29cd1-1f12-4c67-ad72-7a5eab241de8,2026-04-24 22:27:51,David,27,BR,Для работы,Advanced,45,0
5c0c4e60-d9f3-44d0-b11d-19554af76de8,2026-04-05 16:15:51,Tyler,45,RU,Для работы,Beginner,10,0
b557e884-3f48-477c-ba24-925d1df08240,2026-04-12 08:26:51,Jennifer,30,ES,Для учебы,Advanced,15,0
6a0ae02c-c77c-4ebf-9543-5baf757d4542,2026-03-08 11:24:51,Morgan,46,IT,Для учебы,Elementary,20,0
1a93f951-7b66-4957-bde5-773bcea64515,2026-03-22 18:59:51,Jenna,28,FR,Хобби,Elementary,5,0
13aef9d2-29b1-4d77-ae9e-e812a21ff76a,2026-03-23 18:25:51,Ebony,49,US,Для путешествий,Elementary,45,0
50ffffed-b0dc-4206-87d1-f9a1d428e76d,2026-04-20 13:42:51,Samantha,42,ES,Для работы,Elementary,30,1
5da27e9a-bde2-4485-b6cd-68cb3fbc6ae7,2026-04-02 07:44:51,Stanley,30,US,Для учебы,Advanced,120,1
3ee59d5a-c19b-4ba4-bf15-23b255e5b1d1,2026-04-26 05:54:51,Kathleen,45,RU,Для путешествий,Advanced,120,0
a3ce2366-3bef-496c-a268-1573aa958ce7,2026-05-30 08:35:51,Ashley,41,RU,Хобби,Elementary,120,0
bafc91fd-e654-412a-8e36-1e5710a769a2,2026-05-05 08:20:51,Carrie,32,RU,Хобби,Elementary,60,0
e82d6958-ef15-4b77-9202-1fe24b8f5399,2026-05-29 15:09:51,Janet,48,BR,Хобби,Beginner,90,0
260a5ceb-3c0b-45b6-8b8e-9d5ef25df97d,2026-05-01 08:45:51,Amber,49,IT,Хобби,Beginner,5,0
8554e343-bbf3-4cc1-90d3-30d572a8da39,2026-05-01 14:40:51,Crystal,55,ES,Для путешествий,Intermediate,10,0
eb63683f-a91b-48f2-8d47-a0d260383904,2026-05-25 16:53:51,David,26,DE,Для учебы,Advanced,10,0
5fdc5d25-f296-486e-b7eb-c76d7d16b0b0,2026-04-10 19:37:51,Brian,42,IT,Для работы,Elementary,120,0
608a129d-48c2-44b2-82de-816d7293e285,2026-04-21 12:07:51,Joel,25,FR,Хобби,Elementary,10,0
ea1e8f8a-19d1-4584-b914-2910cec1a094,2026-03-10 14:02:51,April,44,RU,Для путешествий,Elementary,10,0
09853e01-3c2a-4475-8710-f29c3cc23b36,2026-05-13 15:47:51,John,34,IT,Хобби,Intermediate,60,0
ac59d1d1-e94c-4d53-a436-86964963be56,2026-03-19 18:11:51,Benjamin,51,IT,Для работы,Beginner,10,0
dc36067d-8970-495c-b17b-8667700137fc,2026-06-01 12:37:51,Keith,23,ES,Для учебы,Beginner,15,0
2bd7c6cd-fa58-4f9f-81f8-9ccfa41e4ab0,2026-04-03 03:18:51,Ronald,16,US,Для учебы,Advanced,45,0
d7cf94c8-152b-4a0c-9078-9ac783730251,2026-04-22 16:22:51,John,29,BR,Для работы,Beginner,90,0
5562533f-e1e5-4b74-8301-3af51e388d4d,2026-03-06 05:41:51,William,20,BR,Для учебы,Elementary,20,0
b90e11c9-d4af-4320-aa64-cb3b7b3a7a76,2026-03-06 03:10:51,Eric,34,ES,Для работы,Intermediate,15,0
f3b0e2fc-73a2-4f2b-8ee6-4f053c247581,2026-04-14 18:05:51,Nathan,23,FR,Хобби,Intermediate,45,0
46b7c696-6fc5-4c70-9d59-394bad7ed163,2026-03-23 19:48:51,Alexander,21,FR,Для работы,Advanced,20,0
6fd0f14a-8eae-4b87-bffc-a187ee8a9d88,2026-03-14 13:47:51,Derrick,17,RU,Для путешествий,Advanced,15,0
b1652ddf-bf4d-43bf-81c6-9111bdc414db,2026-03-26 08:22:51,Amanda,54,RU,Для работы,Intermediate,60,0
841bab7e-5228-4f7a-988b-561445efb90e,2026-04-29 20:40:51,Rebecca,54,FR,Для путешествий,Beginner,10,1
58846587-4cf4-4607-8711-e4dd4470a729,2026-05-01 12:02:51,Richard,53,BR,Для работы,Elementary,60,0
b48dcfbe-840c-4d8f-9572-21dd2a45a327,2026-04-05 00:53:51,Julie,24,IT,Для путешествий,Advanced,20,0
9fd68c47-d9cf-4e20-99ae-d01fb04b4d59,2026-04-04 00:50:51,Amber,18,RU,Для путешествий,Intermediate,45,0
b0fdce9f-053d-4bf0-9c93-9874187b7301,2026-05-23 14:44:51,Richard,44,BR,Хобби,Beginner,20,1
d86166c3-ec78-425b-bc2a-b07555c74b99,2026-03-17 19:55:51,Alyssa,51,RU,Для путешествий,Elementary,15,0
5d641153-cf2c-40c7-8b5e-d87d4486f49b,2026-03-29 08:45:51,Carmen,41,IT,Для работы,Intermediate,60,0
c022cb9b-83fe-4500-8886-c2a91a0d898a,2026-04-04 12:53:51,Angela,18,US,Для работы,Beginner,45,0
9ecc5cc4-9aec-4091-b001-b78a603af642,2026-05-16 08:27:51,Allison,30,ES,Для учебы,Intermediate,20,0
1a514fc7-4cb6-42ca-8ba9-b601fdc8ebbb,2026-03-07 10:06:51,Ricky,19,BR,Хобби,Advanced,20,0
bb599c00-bb74-41b5-b19b-172921a042a6,2026-05-22 03:57:51,Jacqueline,39,IT,Для учебы,Beginner,60,0
772998f3-94d7-4667-b00b-5b1117513f84,2026-03-17 14:53:51,Gregory,19,IT,Для работы,Advanced,15,0
8d1b74cf-3a54-4814-a0e1-45068ba963f4,2026-03-17 11:31:51,Jody,45,DE,Для учебы,Beginner,15,0
51629e39-f20d-47ed-9458-ce0170aaacd9,2026-04-18 10:01:51,John,37,FR,Для работы,Intermediate,5,0
04e49b09-89b3-41d0-97d9-4726d1a00755,2026-05-21 17:45:51,Seth,30,ES,Хобби,Beginner,30,0
1c21c969-011e-4bf4-89bb-7e4d4197da59,2026-05-19 17:07:51,Michelle,33,FR,Хобби,Advanced,120,0
a2fba0ce-c87a-494e-9c24-ad67307de836,2026-04-20 18:54:51,Michael,16,US,Для работы,Advanced,90,0
41d4570a-d6f1-42ae-8913-0d8375485ac3,2026-05-21 20:33:51,Stephanie,46,IT,Для работы,Intermediate,120,0
7a20331d-000b-4bd6-ac20-bf3289b874b4,2026-03-20 18:04:51,Sonia,38,US,Хобби,Beginner,15,0
65fc4ea6-f0cf-4dcd-a7d5-412855185be0,2026-04-14 08:13:51,Mario,17,FR,Для путешествий,Beginner,120,1
499b7e83-4789-4b96-92d2-d543541bfee7,2026-04-29 00:46:51,Shelly,47,RU,Для путешествий,Intermediate,15,0
c61db2ff-dc07-4017-891b-891209a80e4e,2026-04-05 19:45:51,Jennifer,51,DE,Хобби,Advanced,60,1
6e01361d-50ba-4f63-a4d1-20c016e68dd1,2026-05-12 09:15:51,Andrew,53,BR,Для путешествий,Elementary,120,0
d9379b5c-9297-4238-b86d-c00bc49438db,2026-04-21 21:25:51,Andrew,41,US,Для путешествий,Elementary,90,1
c2bf8f34-85bd-4da2-b2de-466477e10d85,2026-04-04 14:42:51,Cody,24,ES,Для путешествий,Advanced,45,0
342c3271-7345-4b60-a786-0e856be38c13,2026-05-22 00:17:51,Thomas,40,DE,Для учебы,Beginner,45,0
c961ec49-6729-487b-9482-dcb03a63c80d,2026-05-24 20:33:51,Daniel,16,US,Для работы,Elementary,30,1
08039bdf-942d-4ae4-97c8-aaf7a9255620,2026-05-07 04:16:51,Leon,24,BR,Хобби,Elementary,10,0
09b87c2b-7d29-4088-85fc-6c972050a92f,2026-05-16 21:18:51,Deborah,31,FR,Для работы,Advanced,60,1
a8defd3c-522a-441c-a640-d7e35f6ecee5,2026-05-25 17:06:51,Lori,24,US,Для работы,Advanced,10,0
be26f2ca-c1df-443f-bc55-13aff4664e05,2026-04-13 10:07:51,Jeremy,47,RU,Для работы,Intermediate,30,1
8f138b8c-bc09-4815-ade1-92ca1cab5a35,2026-04-23 19:55:51,Natalie,23,FR,Для учебы,Beginner,5,0
65607f9f-a18d-4d41-b5c9-5d1bcd15844b,2026-04-12 18:28:51,Cheryl,26,BR,Для работы,Beginner,5,0
a0a4ccb5-84c3-42f8-8da9-0ade0397e6f5,2026-04-02 01:44:51,Suzanne,19,US,Для путешествий,Advanced,60,0
8c2e1dff-fc75-4121-941d-9194ca7f384d,2026-05-03 20:26:51,Joanna,43,ES,Для учебы,Advanced,10,1
a24b1d25-0139-4043-8a64-d32d1379c4d5,2026-03-23 19:25:51,Curtis,50,RU,Хобби,Elementary,90,0
011be094-5c39-4e62-9e0c-64cbe24841e6,2026-05-16 09:44:51,Jacob,39,ES,Для учебы,Intermediate,120,0
deb112e7-8033-402a-96f8-c4f79ca1b012,2026-05-02 12:03:51,Kevin,21,DE,Хобби,Elementary,60,0
c663d7e5-b4c3-4db6-babd-fb6e42c8f341,2026-05-29 16:06:51,Mary,19,ES,Для учебы,Elementary,90,0
9adc11d2-94e9-4ac6-a3ab-3b24a3bdd836,2026-05-23 06:35:51,Jasmine,28,US,Хобби,Elementary,15,0
62e10c3c-dca5-4c43-ae97-24f4c4dc628f,2026-05-26 05:32:51,Adam,43,DE,Хобби,Intermediate,120,1
077db473-0e7d-49d8-9c38-4f2157d46c7a,2026-05-28 21:35:51,Michael,17,IT,Хобби,Advanced,30,0
1c6a8354-60cd-49c5-8a64-ea30c89f0fd7,2026-03-14 17:33:51,Jason,43,US,Хобби,Beginner,45,0
891a28bd-fb41-4001-a02f-cba7dd6e183d,2026-04-26 21:16:51,Howard,26,BR,Хобби,Beginner,90,0
af5dbc77-e4a5-4282-841e-2016e6cf6395,2026-03-09 05:12:51,Kelly,30,RU,Хобби,Advanced,60,0
c3cc7a05-fa77-42d6-9bac-b2f432e77c7f,2026-05-23 04:22:51,Tina,38,ES,Для путешествий,Beginner,20,0
4a1e78f1-5d9c-436d-9c2b-fe409b2c2c8f,2026-05-09 15:23:51,Jeremy,24,IT,Хобби,Advanced,15,0
cc04ea65-c680-49a5-b334-5480da9f9fb2,2026-04-09 15:47:51,Jennifer,41,IT,Для работы,Advanced,30,0
4a178e74-9cf0-4e4d-a81f-9d1f833e3a69,2026-03-27 12:08:51,Christopher,29,FR,Хобби,Advanced,120,0
2bffe72a-8112-497f-8a52-0de0207126bd,2026-03-05 05:26:51,Chris,17,ES,Для путешествий,Intermediate,120,0
e62b01a4-479a-4666-921f-90132f3f148e,2026-03-27 03:25:51,William,25,IT,Для путешествий,Advanced,60,0
1600eb3e-9a01-47b6-8cd6-c7960cd582c1,2026-05-03 06:28:51,Steven,19,FR,Для учебы,Beginner,20,0
eebbd4df-a70a-4678-b36a-0a5913a7e320,2026-04-17 17:06:51,Daniel,46,BR,Для учебы,Beginner,15,1
bf566209-2ecb-409c-aef7-34298562e1b0,2026-05-06 16:23:51,John,44,FR,Для работы,Intermediate,10,0
3fc9351b-cd5b-4e85-8e8c-888437b02703,2026-03-20 18:24:51,Jeffrey,37,DE,Для учебы,Beginner,5,0
47ba800b-345b-4d82-b958-53a5f4ea4a32,2026-05-25 08:36:51,Amanda,31,DE,Хобби,Advanced,15,0
879b3ee7-0d1a-4202-8140-d05522678664,2026-05-09 13:41:51,James,54,ES,Для учебы,Advanced,60,0
ee564aeb-517e-46b7-8a12-41c6c4115f21,2026-04-24 07:13:51,Jason,27,ES,Для учебы,Intermediate,20,0
28e43979-4bcd-4716-a369-f0823fb207fd,2026-03-06 07:22:51,Isaac,42,FR,Для путешествий,Intermediate,45,0
8c89478d-776f-4165-9853-492aa7b54512,2026-03-15 12:04:51,Catherine,16,BR,Для учебы,Intermediate,15,0
3df879e6-e598-495a-9bd6-063f554776dc,2026-05-16 06:06:51,Tina,18,IT,Для учебы,Elementary,15,0
f8c5d7e5-eab6-4e3d-ac24-6d937580c5eb,2026-05-29 00:17:51,Angela,55,ES,Для путешествий,Beginner,10,1
6ad15787-6b46-4ad4-94b7-6751facb0a4f,2026-03-10 19:19:51,Michael,29,ES,Для работы,Intermediate,5,0
dc11a680-0947-43a1-b74c-7622d6cfd658,2026-05-10 12:19:51,Hannah,30,IT,Хобби,Elementary,120,0
616b039a-6a1c-47e7-8b22-a6ed54d4a454,2026-03-09 13:50:51,William,55,IT,Для путешествий,Intermediate,20,0
7c594bf7-5079-4bcc-9853-ee61ca4b63f7,2026-05-27 17:48:51,Jonathan,55,US,Для работы,Beginner,60,0
2917b1a2-3c0e-4c9f-a1f9-88419724c3bd,2026-04-02 18:51:51,Brianna,42,BR,Для путешествий,Elementary,90,1
9285ce6a-d287-41aa-b80d-71c91815956a,2026-05-20 11:54:51,Christopher,29,US,Для учебы,Beginner,60,0
d79067d9-e5aa-4ff2-8a0e-6a46381a67f3,2026-05-18 16:01:51,Jacob,37,IT,Для путешествий,Elementary,30,0
1908876d-4288-407d-aca0-547c20c86f62,2026-03-19 10:03:51,Andre,45,US,Для учебы,Beginner,90,0
357ca145-8ae3-4bdb-9f7b-97156ed30733,2026-03-08 05:26:51,Patrick,24,US,Хобби,Intermediate,30,0
b9fef629-be21-4154-b254-4e4f0473bd5a,2026-03-31 09:05:51,Craig,52,DE,Для учебы,Elementary,5,0
285ecbb6-7381-4eba-ab0f-e94885e87e71,2026-04-11 10:30:51,Chad,50,RU,Для учебы,Intermediate,60,0
b90411f4-e76d-4878-8718-c05b3e941c0d,2026-03-15 18:57:51,Benjamin,35,RU,Для работы,Advanced,15,0
7b6c5526-ff74-4826-b2ab-0519db12f40d,2026-04-19 01:03:51,Tracy,48,BR,Для путешествий,Beginner,15,0
16142f04-29c6-464f-9c75-cd022a1a48be,2026-03-14 08:24:51,Brittany,36,BR,Хобби,Intermediate,120,0
3132d230-13fb-4ccf-a968-6a5da7881021,2026-04-10 19:15:51,Jennifer,31,RU,Для работы,Beginner,5,0
5481a429-bff6-401c-8c7c-8163dfef15e6,2026-03-20 01:23:51,Brittany,33,US,Для учебы,Intermediate,60,0
712fa350-b390-4181-a69b-96fe5bc4c8c2,2026-03-21 02:57:51,Kelsey,51,IT,Хобби,Beginner,10,0
72f28a44-6b0d-42f1-9b2d-52671a6ac9fd,2026-03-23 20:29:51,David,35,US,Для учебы,Advanced,60,0
8beb643c-ed32-45b3-872a-999c63ea86b8,2026-03-25 05:40:51,Tony,22,RU,Для путешествий,Elementary,5,0
3de12617-eb23-4815-90d9-51f690af8c53,2026-04-24 04:54:51,Vanessa,52,FR,Для путешествий,Beginner,20,1
8555b633-4e48-4e38-b25d-4fb4755dd03e,2026-04-24 01:09:51,Kelsey,50,FR,Для учебы,Beginner,5,0
ef114ee6-34f5-47be-bd20-bb6d5279716a,2026-05-28 08:39:51,Kristin,49,FR,Для работы,Beginner,60,0
b3a65a11-fead-428e-b9a3-834f019a5b2e,2026-04-25 07:00:51,Robert,25,IT,Хобби,Beginner,15,1
12cb6b45-77b5-4fcc-8dde-259ce61e0007,2026-04-07 21:14:51,Katherine,27,DE,Хобби,Advanced,90,0
af79bea7-cbd0-4515-b1a3-2a7c119dcde0,2026-04-04 13:04:51,Michael,19,RU,Для работы,Intermediate,5,0
70e08c68-514b-41d0-82cc-a0ffd558c8ad,2026-05-16 04:23:51,Ashley,32,FR,Для учебы,Elementary,60,0
3a67ef00-0675-485b-a58f-947bbe59fdcc,2026-05-30 02:15:51,Sonya,48,US,Для путешествий,Elementary,20,0
7001dc39-f164-491a-b86d-e36d03c33b64,2026-04-05 22:07:51,Felicia,42,RU,Для учебы,Intermediate,10,0
01fc6daa-605a-4f1b-be55-cceab1915b25,2026-04-08 06:56:51,Tyrone,41,BR,Для учебы,Intermediate,90,0
571357cb-b265-46bc-a9d4-2c0877505a3e,2026-04-15 01:57:51,Marc,44,US,Для путешествий,Elementary,10,0
b7b54de5-79e1-4ec9-9540-0faaafc2d937,2026-05-01 15:02:51,Shawn,20,US,Для работы,Advanced,20,0
6cf99f57-774b-466e-9225-b7dc5fa3310b,2026-03-15 22:07:51,Thomas,45,US,Для работы,Intermediate,60,0
076b8ec5-63d6-41ea-95b7-3b24532f5b58,2026-03-06 19:54:51,Jeffery,44,RU,Для учебы,Intermediate,45,0
0ad5d032-1dc6-41d5-907f-c2f95fb24e45,2026-06-01 20:22:51,Laura,41,BR,Для работы,Intermediate,45,0
220ee7c3-798d-4672-b873-2d81c442e021,2026-03-25 08:05:51,Annette,18,RU,Для работы,Elementary,30,0
04b03472-b258-4e94-abaa-34a4e1bc07ad,2026-03-22 04:52:51,Anna,19,BR,Для работы,Intermediate,120,0
feb9d24a-e8dd-4987-9f8c-3807e0f3e041,2026-03-21 13:06:51,Rhonda,19,BR,Хобби,Elementary,90,0
6d9e7a92-f992-4460-9a38-15510de985a8,2026-05-06 00:42:51,Stephen,44,US,Для работы,Elementary,30,0
193ab7a5-7b48-47a2-88ca-92fc640e43d7,2026-04-28 07:14:51,Aimee,39,BR,Для учебы,Intermediate,90,0
5656bb5f-4f41-43aa-a21a-f23bbf14ecbf,2026-04-02 07:33:51,Mariah,25,BR,Для работы,Advanced,15,1
f3ce5c57-52be-4aff-80d8-4177355e89cf,2026-03-27 01:52:51,Amber,25,DE,Для учебы,Elementary,45,1
2cc56be7-2e3e-4b82-9354-d78dba236b97,2026-04-25 12:57:51,Brandi,55,BR,Хобби,Beginner,45,1
3055cb2c-4d85-41f3-8581-76322c12e169,2026-04-10 06:49:51,Christopher,21,ES,Для учебы,Elementary,60,0
9e06afdf-faaf-4f62-b383-344c9636acdd,2026-05-28 13:09:51,Patricia,46,BR,Хобби,Intermediate,15,0
767a045a-5a0c-41a5-a8f7-adf5dbe04a8a,2026-04-07 02:39:51,David,18,RU,Для путешествий,Intermediate,5,0
bfbc6635-9aec-460d-904e-150d4947c744,2026-03-05 13:35:51,Kelly,50,DE,Для учебы,Advanced,20,0
4b613dcd-300b-4e56-adce-531dfc0b2227,2026-04-25 03:25:51,Michelle,48,IT,Для путешествий,Elementary,90,0
86a5871c-46a2-49b2-be44-19eddb3159f1,2026-05-27 08:28:51,Andrew,20,US,Для работы,Advanced,10,0
8ec5c594-5f1f-4096-a44d-2662d010fe33,2026-05-04 13:28:51,Anthony,23,FR,Для путешествий,Elementary,120,0
cb3b0f1b-2328-4a29-999e-ccb1ae096f8c,2026-05-04 16:42:51,Christine,40,US,Для путешествий,Beginner,15,0
57d9002c-7d01-43ba-8b54-b153ddba789f,2026-05-05 06:59:51,Jill,40,US,Для учебы,Beginner,20,0
b623efe3-32df-4d52-9aa6-1c4b647f6d0f,2026-05-14 07:01:51,Melvin,29,BR,Для учебы,Beginner,45,0
19cf7913-ff75-4eb3-b1e3-e5e100ff8bca,2026-05-05 12:14:51,Pamela,52,RU,Для путешествий,Intermediate,90,0
c81ce011-1218-4da1-ae2e-f2d5fa063239,2026-05-23 01:14:51,Timothy,54,US,Для путешествий,Beginner,60,0
4d2e4cf7-08ed-43b2-ae1b-4d55d70fdffb,2026-05-13 15:36:51,Samantha,24,IT,Для путешествий,Advanced,60,0
4dbda289-44ec-49e9-bde3-42f2f47efb52,2026-04-04 04:49:51,Jennifer,32,DE,Для учебы,Intermediate,20,0
d79123fc-cfda-424d-89e4-2183455d1c4d,2026-04-29 20:26:51,Tara,37,RU,Для путешествий,Beginner,45,0
46d36f7f-150b-40e6-a245-d70046d0837f,2026-05-21 12:01:51,Dwayne,19,US,Для путешествий,Intermediate,120,0
34eb35d5-5d64-4941-be48-b18d34142499,2026-05-05 10:28:51,Rebecca,34,IT,Хобби,Advanced,120,0
462e76f8-ccdf-456a-ac9f-0b3fe2770bc2,2026-04-28 02:52:51,Jennifer,43,ES,Для работы,Advanced,120,0
14980a75-c503-49e2-89e6-3c74fc218cd9,2026-05-17 23:01:51,Kaylee,55,FR,Для учебы,Elementary,90,0
c27945db-1c35-49ae-bcba-11ea8773f315,2026-05-12 12:17:51,Tiffany,21,DE,Для учебы,Elementary,60,0
c224153e-3efa-435f-84b7-9f3563b11b8a,2026-05-08 09:03:51,Rebecca,17,US,Для работы,Intermediate,120,0
3a519459-f28a-47f6-909c-f8e6cbde411b,2026-05-08 08:38:51,Keith,55,DE,Для путешествий,Intermediate,60,0
209e402b-d2a3-4317-88c1-341a452a219f,2026-04-26 21:27:51,Antonio,34,IT,Для учебы,Intermediate,60,0
d30d9418-67e3-4b6f-ac36-32bc49f9cd8b,2026-03-10 02:01:51,Kristen,45,FR,Хобби,Elementary,15,1
91b85fb3-5f77-49f9-b2b4-73630d4bcf31,2026-06-01 21:34:51,Paula,54,IT,Хобби,Advanced,30,0
a216209f-b369-455f-9cd5-7ad5954329f5,2026-04-20 04:22:51,Anthony,21,FR,Для работы,Advanced,60,0
c787a3f9-379d-45d6-91f5-eb3e64580600,2026-05-24 19:48:51,Kristine,43,IT,Для работы,Intermediate,5,1
df252778-b416-407a-b843-9b9be6ea9d51,2026-03-21 06:08:51,Kevin,38,RU,Для учебы,Beginner,30,0
d1ef2435-9157-4c6c-9ac9-d7181fed9774,2026-04-28 02:08:51,Kyle,55,US,Для путешествий,Intermediate,20,1
12cc87f8-1b66-444d-8362-dfb686f7fc70,2026-03-31 04:24:51,Daniel,29,FR,Для учебы,Intermediate,45,1
747e0af0-56d2-4e66-bde9-8b40af45d72b,2026-03-11 23:07:51,Christina,27,BR,Для учебы,Intermediate,10,0
787bcd95-60bc-4cfc-a0c5-dfe04ccf58c8,2026-04-26 21:38:51,Mark,23,RU,Для работы,Intermediate,30,0
cba668ef-1543-41b0-94bc-b9b344b79c8e,2026-05-25 22:29:51,Kelsey,41,US,Для учебы,Beginner,10,0
efa4e51c-19ec-4b83-b917-4d8c968c5cdb,2026-04-01 19:30:51,Michael,28,DE,Для путешествий,Intermediate,30,0
a8a15194-edcd-46df-8f80-b4e671c4cec7,2026-05-29 20:20:51,Tracy,55,US,Для путешествий,Intermediate,30,0
4efc59bb-368d-4032-853b-190ed648b5df,2026-05-27 21:41:51,Vanessa,25,ES,Для путешествий,Intermediate,60,0
35b75130-c900-45c4-8227-916222522860,2026-05-12 21:23:51,Samantha,47,RU,Для путешествий,Intermediate,5,0
3b5648ab-303e-4da9-87a7-98015b95d79d,2026-03-14 11:30:51,David,25,DE,Для учебы,Advanced,90,0
fc4d8611-3b97-4257-8118-4756c10635e2,2026-05-20 20:15:51,Sarah,37,BR,Для учебы,Elementary,15,1
9b4e5aa3-dd4b-4a9d-ae30-37fb15f963a4,2026-04-02 09:44:51,Joshua,20,US,Для работы,Elementary,120,0
c5d1c2d5-2625-45f2-8802-8f3fc41c67f6,2026-03-20 07:09:51,Margaret,26,FR,Для работы,Intermediate,10,1
4db69b1b-2f59-4de1-b209-e66811b33551,2026-03-20 00:34:51,Timothy,50,US,Для путешествий,Advanced,15,0
9c567bea-990f-4f34-9b44-d183bd0b644a,2026-05-24 14:57:51,Stephanie,22,DE,Для учебы,Beginner,30,0
ec256aa4-0a6e-4372-beec-85cfb6a07b7d,2026-03-30 13:20:51,Caleb,20,DE,Для работы,Beginner,10,0
11fd0319-467e-467a-8bc1-52c577a5473c,2026-04-01 08:49:51,Jessica,49,FR,Для путешествий,Intermediate,30,0
4dade634-ccd4-48b1-87b9-fc0af10c72a7,2026-03-21 15:12:51,Robert,40,US,Для работы,Intermediate,15,0
4559cad6-da58-497f-82da-b190a2e8dc79,2026-04-29 17:02:51,Christine,42,RU,Для путешествий,Advanced,15,0
9a2376ec-73da-4f10-9413-47fba53d16ef,2026-05-28 15:59:51,Timothy,37,BR,Для путешествий,Intermediate,45,0
d293c3b0-8002-4e4e-8277-8888db6586fe,2026-05-25 08:30:51,Brandy,21,US,Для путешествий,Intermediate,10,0
fc374cae-3cf0-4da3-b390-ca113ad1fd5c,2026-04-06 14:02:51,Steven,16,ES,Для учебы,Beginner,90,0
77536fb1-0492-436b-8aeb-e3d3765aa044,2026-04-15 15:18:51,Brenda,31,DE,Для работы,Beginner,5,0
d144de22-264b-429f-850a-29bafe68abc3,2026-05-03 20:37:51,Elizabeth,44,ES,Для работы,Intermediate,10,0
8183c9e4-2ae9-4db9-8bb1-f1c21efa87c7,2026-04-06 03:30:51,Joshua,39,US,Для учебы,Intermediate,20,0
5f625c76-38eb-4189-bf52-48a382daad49,2026-04-23 03:45:51,Tammy,51,IT,Для учебы,Intermediate,20,0
b1376a35-bbe2-4cd7-b15a-924157b1760d,2026-03-06 10:38:51,Christine,49,BR,Для учебы,Advanced,5,0
a1f796d0-c5e5-4051-a948-5931efcfff19,2026-04-12 11:41:51,Jeremiah,35,US,Для учебы,Intermediate,45,0
917bb955-04ef-46ac-be05-fd3011b2e8ff,2026-04-23 15:44:51,Steven,41,IT,Для работы,Intermediate,45,0
e5a5910f-21b8-4983-94da-58262619e674,2026-03-04 19:24:51,Steven,52,US,Хобби,Elementary,45,1
f6bb19a2-b5bf-44e1-b221-1c0693a34d8f,2026-04-05 09:45:51,Bruce,20,FR,Для путешествий,Elementary,10,0
9800a4e7-e785-473c-8992-00fba15ba30c,2026-05-15 12:47:51,Cynthia,55,BR,Для учебы,Elementary,20,0
43c69be8-c5b8-4257-86a5-67b6dca552a7,2026-03-18 02:38:51,Raymond,24,RU,Хобби,Intermediate,120,0
df3a6c49-efbb-43e4-8d8b-ef2c7ab6d1dc,2026-03-25 01:06:51,Carlos,44,US,Хобби,Advanced,5,0
8eee9027-badb-4caf-8498-cdd8d123404f,2026-04-03 03:33:51,Sydney,49,ES,Хобби,Advanced,15,0
238122dc-ffa6-47e2-ade9-0f9b6debf8a8,2026-04-18 18:43:51,Elizabeth,33,US,Для путешествий,Beginner,5,0
ffdb60c0-c524-4a2d-aba5-883b674897e6,2026-05-30 00:16:51,Lori,23,IT,Для путешествий,Beginner,20,0
3b78a8e4-f06b-473e-9b54-bec0c5b31ad8,2026-03-08 21:41:51,Holly,27,US,Для работы,Advanced,45,0
6f86eac7-5970-4596-9811-bf13878b4ceb,2026-03-20 00:42:51,Nicholas,50,RU,Хобби,Advanced,5,0
dbaceb4d-c207-4108-9fff-2e4f651206e8,2026-04-20 00:01:51,Benjamin,47,ES,Для учебы,Advanced,30,0
07e48918-c0c2-444d-8725-908b3b5d1329,2026-05-31 03:28:51,Michael,20,FR,Для путешествий,Intermediate,60,0
d6e35142-2243-4313-81e5-f3cf86c1ac92,2026-03-30 10:23:51,Kristie,18,US,Для путешествий,Beginner,30,0
ff3f5865-e0b1-4a5d-b25c-972844439902,2026-03-05 09:12:51,Christopher,47,DE,Хобби,Advanced,60,0
3d8dac62-38a7-4381-a7bd-bde25bfa29a4,2026-03-07 20:30:51,Monique,48,DE,Для учебы,Beginner,20,1
2b4ad71a-66dc-4ffd-aa94-00b9b7171149,2026-05-26 00:42:51,Lisa,46,ES,Для учебы,Elementary,90,0
89232dad-24cd-40f4-a57c-91c386cd3957,2026-04-04 04:59:51,Faith,29,DE,Для учебы,Elementary,45,0
a29cc79f-6f5a-4112-a455-ce24186fbaa1,2026-04-17 06:10:51,Laura,52,RU,Для путешествий,Advanced,15,0
e766aed0-59b2-4804-92d4-983928cbee0b,2026-04-08 16:42:51,Adam,39,DE,Для путешествий,Intermediate,90,0
4d1a0d8e-d227-4a2e-8fc6-7430cb7d33f8,2026-05-13 07:00:51,Brenda,23,DE,Для работы,Beginner,120,1
19b62d66-213a-4681-9f6e-f9e887267bc9,2026-03-24 18:16:51,Brittney,16,FR,Хобби,Advanced,90,0
e5e456cb-a767-46e4-a077-67a6a4d79dc7,2026-04-19 18:49:51,Molly,39,US,Для путешествий,Intermediate,5,1
fac81a2d-0909-4444-8e19-bee8e051d039,2026-04-04 20:20:51,Antonio,27,ES,Хобби,Elementary,60,0
eebe76b7-1916-460c-b175-055641609661,2026-04-11 09:35:51,Luke,33,IT,Для учебы,Advanced,60,0
2a6fae20-f90e-40d3-9b9b-b7e23f404ae6,2026-05-06 09:22:51,Tara,30,BR,Для учебы,Beginner,20,1
bc16c278-f86a-4855-ad80-ebb854da0d61,2026-03-10 07:04:51,Michaela,23,RU,Для путешествий,Intermediate,5,0
757d1637-2b2a-4f2e-b8aa-f6d65550be42,2026-03-07 22:23:51,Valerie,34,US,Для учебы,Beginner,10,0
5439838b-3bb3-4e7d-886c-b50c15ee2116,2026-04-15 00:26:51,Linda,50,DE,Для работы,Intermediate,30,0
b299aabd-4ce5-4c11-a2f2-b6cbf033f4c6,2026-05-11 11:27:51,Darlene,20,US,Для учебы,Beginner,30,1
412a0df9-e3f8-4cb4-883b-052ef65e0f2a,2026-05-28 00:42:51,Raymond,32,RU,Для учебы,Intermediate,120,0
481ce8fc-3bea-46f0-baaa-dedb95a966c4,2026-04-12 18:39:51,Anthony,25,DE,Хобби,Intermediate,5,0
eeeafe8d-cb5f-4b72-90c5-ba8d823c307c,2026-03-15 14:35:51,Robert,51,RU,Для путешествий,Advanced,5,0
6a33e537-56f9-418a-9d7d-e77f21976423,2026-05-03 02:57:51,Robert,29,BR,Для работы,Beginner,45,1
021707c6-3be6-49fc-9f05-417f6ca79ef1,2026-03-14 08:43:51,Stephen,30,RU,Для работы,Advanced,120,0
9987027a-fd80-4fa8-9c44-c56d5e67df88,2026-04-20 03:30:51,Jason,37,FR,Для учебы,Intermediate,20,0
d5ea1ba1-6ba8-4da7-9bec-e915bab356bf,2026-05-22 05:12:51,Wesley,45,DE,Для работы,Elementary,120,0
af072814-bf07-42ef-be63-88baff91d811,2026-03-26 01:23:51,Corey,55,US,Для учебы,Elementary,90,0
ce46fa43-bc2b-49e3-8782-66d4d20d1dac,2026-04-05 10:23:51,William,38,RU,Для путешествий,Advanced,120,0
7efd151e-c389-4712-9184-fc6cb517c140,2026-04-17 00:09:51,Karla,53,BR,Для работы,Beginner,30,0
6e9b1e84-2130-450b-a87b-ba3c5850903c,2026-03-09 16:20:51,Katherine,44,IT,Для путешествий,Intermediate,15,0
def1744c-7d93-4586-b130-48fcba0bf5c3,2026-04-10 11:57:51,Samantha,23,IT,Хобби,Beginner,60,0
7bf18c5a-732f-4236-ad9e-59c98d6aa50f,2026-03-18 07:10:51,Victor,20,FR,Для работы,Elementary,20,0
3ac1bc1f-1d81-4be1-a3ae-0be153c400db,2026-05-31 08:20:51,Samuel,24,RU,Хобби,Beginner,30,0
15639e6d-feca-4c1a-9c42-99b6fb7280eb,2026-03-12 01:32:51,Jermaine,26,IT,Для учебы,Intermediate,10,0
1f810a05-4043-413a-b120-842f4636f270,2026-05-04 02:54:51,Christopher,54,FR,Для работы,Beginner,10,1
92c41610-e540-4212-baa4-447ab7549a90,2026-04-30 10:35:51,Jerry,29,BR,Хобби,Advanced,90,1
3eb56f70-7ace-47bb-89ea-fc04911aa15e,2026-03-14 10:23:51,Amy,48,BR,Для учебы,Beginner,5,0
a65b0fc4-80de-4b29-ad64-505539023cb1,2026-04-22 19:49:51,Rebecca,29,DE,Для работы,Beginner,10,0
c13c0920-bfc5-4c15-8ca3-b52724fede7b,2026-06-02 06:26:51,Nicole,16,ES,Для путешествий,Beginner,20,1
116eac07-385b-43e5-9f7a-52a1d6b01742,2026-04-11 18:17:51,Lauren,48,US,Хобби,Beginner,30,0
1e2de5fa-fd6c-4908-a92c-80ae734c7fab,2026-04-30 04:40:51,Elizabeth,28,BR,Для учебы,Advanced,90,0
5104b4c8-ab61-4eb2-ae70-cbf185eceb4d,2026-05-21 22:00:51,Kimberly,36,BR,Для работы,Beginner,120,0
5b25b7ae-b4be-4dd0-98bc-2963eb73ac7d,2026-03-08 00:19:51,Gary,33,BR,Хобби,Advanced,45,0
2a072d60-cd3a-40b4-9b8e-ef6e2fda3325,2026-06-01 18:07:51,Keith,24,IT,Для работы,Elementary,120,0
f44548d6-313a-45c5-ae2a-3a305c6c30b8,2026-03-31 12:28:51,Kelly,43,ES,Для работы,Elementary,30,0
4be3dd4f-5ace-4e24-a273-cfd2602e7c60,2026-05-29 04:52:51,Amy,22,FR,Хобби,Intermediate,15,0
5a20eeb9-2aa6-46f1-8c81-67cf30ee3751,2026-03-18 19:34:51,Sheryl,32,BR,Для учебы,Advanced,5,0
ad9d7c12-d266-4594-8b85-a9e16b9ad9e1,2026-03-04 22:47:51,Robert,22,US,Для учебы,Advanced,30,0
993e2fe0-9bda-46f8-8bb1-ccbe3d63d91e,2026-04-01 01:52:51,Steven,27,DE,Для работы,Intermediate,60,0
ad3c4be5-3b19-47b5-b6a9-38190d10886b,2026-04-08 04:11:51,Jeffrey,49,IT,Для путешествий,Beginner,15,0
24a00218-3ad5-4997-9b0e-a467a21ddcad,2026-04-20 05:06:51,Richard,31,DE,Для работы,Elementary,15,0
3be48dfd-d196-4a42-9214-5af7d2415462,2026-05-08 16:45:51,Matthew,40,IT,Хобби,Beginner,90,0
32f5daa7-de7b-480c-a156-c5ddf95a7544,2026-05-28 10:56:51,Mary,17,FR,Для путешествий,Intermediate,30,0
2f9c575f-04a1-40fa-b5b2-0582f13afe50,2026-04-02 23:26:51,Jonathan,54,ES,Для путешествий,Advanced,120,0
d14b13bb-a2f9-47fc-ae1d-cddbd3bec637,2026-05-29 00:52:51,Michael,51,DE,Хобби,Elementary,5,0
71ba16b3-2417-436d-a457-27f6e39c8346,2026-03-17 16:10:51,Ashley,16,DE,Для учебы,Intermediate,90,0
58a4908b-ea1f-4499-9af4-e534b4044290,2026-03-22 21:07:51,Beverly,18,DE,Хобби,Advanced,120,0
ddc65de2-f952-4e1d-bb87-563a05a27e0b,2026-05-18 04:06:51,Samantha,43,DE,Для работы,Intermediate,90,0
c03b6741-0537-4ff0-a5ef-8ca1b174160b,2026-04-02 04:09:51,Tyler,39,IT,Для путешествий,Intermediate,90,1
5e695609-3bd8-4891-adb3-1a71558ea223,2026-04-22 11:57:51,David,39,FR,Хобби,Intermediate,90,0
5c5f8dfa-8e5f-48eb-b5a5-23a665063f54,2026-05-05 18:18:51,Teresa,23,FR,Для путешествий,Advanced,90,0
247c0d38-d9cd-4d69-b594-8d3d626577c3,2026-05-27 09:46:51,Brooke,54,DE,Для работы,Intermediate,5,0
db07dd80-0332-4592-8005-2d4b17276666,2026-05-20 14:06:51,Teresa,53,ES,Хобби,Advanced,15,0
f39b1d5b-feda-4527-b458-f07a8923a9ea,2026-05-31 22:31:51,Daniel,46,FR,Для работы,Beginner,90,0
11ca34ff-f4fb-4485-82ce-a28cb6a05d6b,2026-04-21 23:26:51,Amy,27,IT,Для учебы,Elementary,10,0
24590cdd-136e-4809-84f6-9e19d35a6508,2026-03-14 23:17:51,Jackson,26,DE,Для работы,Advanced,5,0
8a73219c-cd2b-4294-b003-fc3a7e024dea,2026-06-01 21:44:51,Thomas,25,US,Хобби,Intermediate,5,0
b3439506-56de-440d-940f-f7d8ec1d06ca,2026-04-06 10:55:51,Penny,18,IT,Для учебы,Elementary,30,0
39cbd801-88d0-451e-aee5-c2a36fced063,2026-04-24 10:06:51,James,22,RU,Для путешествий,Advanced,5,0
4b72a6c0-0e6b-449e-a48b-0c6aee8e2ebb,2026-04-17 09:08:51,Anthony,42,RU,Хобби,Advanced,120,0
ce067b34-421f-4dc5-906b-b6dbf38b8230,2026-05-07 13:40:51,Troy,17,DE,Для учебы,Beginner,120,0
2a3dea9e-a2b4-4116-a69e-b72927349a2d,2026-05-31 13:46:51,Christopher,19,FR,Для учебы,Intermediate,30,0
43179835-e512-4538-9f5b-c9ea3dc3af35,2026-05-07 14:40:51,Yvonne,29,ES,Для работы,Intermediate,10,1
f40f4ce4-ab4a-4ede-818b-f492a0975717,2026-03-07 14:46:51,Karla,44,RU,Для работы,Advanced,5,0
6d691394-b59f-4928-ae57-f0e6470d832e,2026-05-25 15:24:51,Lance,28,BR,Для учебы,Advanced,5,0
ea95804a-e73c-44f4-9431-1a0b20e1f799,2026-03-18 13:08:51,Tina,34,FR,Для работы,Beginner,10,0
46d1a264-5b31-4eca-8cb0-60a805e18ad3,2026-03-10 23:02:51,Adam,39,FR,Для работы,Beginner,20,0
cd499e30-728e-4fc3-b656-dc4a4408a825,2026-03-26 05:32:51,Steven,25,FR,Для работы,Intermediate,90,0
f8cd29b4-9ad1-43e4-ad46-a0b415f8a6fc,2026-05-06 20:30:51,Todd,39,BR,Для учебы,Elementary,5,0
c980aeef-248a-4e44-ab69-99800a670646,2026-03-08 06:59:51,Stacey,49,US,Для учебы,Intermediate,120,0
59305352-ef7d-4ed7-b823-18130c3c34a1,2026-05-29 09:29:51,Dawn,23,FR,Для работы,Advanced,60,0
07dc4099-6a13-46d4-aa50-5b63544a9dd2,2026-03-28 09:10:51,Michele,25,IT,Для путешествий,Beginner,90,0
cb159487-a79c-49b2-844f-264157658d83,2026-03-16 16:15:51,Stacey,37,DE,Для учебы,Beginner,15,0
4e3575f2-e00a-42f3-9dc8-48d6f3a5a231,2026-04-01 20:33:51,Kevin,24,RU,Для работы,Beginner,30,0
7e3d2197-e427-42c5-b45c-2ca1c0795caf,2026-04-25 04:01:51,Tara,45,DE,Хобби,Elementary,90,0
ce7ceb5c-14f0-4e7b-96c3-cf02f979f4cf,2026-05-17 08:34:51,David,30,DE,Для работы,Elementary,15,0
d2c0e993-bdfe-4de8-90d2-66fc1ad51caf,2026-03-09 23:07:51,Jacqueline,26,FR,Хобби,Intermediate,5,0
13885aa4-1be3-4bfa-9eb2-bd50ed502f75,2026-05-21 15:36:51,Marissa,31,FR,Для учебы,Beginner,5,0
0ecdbf0f-2772-43fa-989d-dc951171c375,2026-05-03 21:21:51,Brian,52,BR,Для работы,Beginner,20,0
3751886e-2828-4179-b520-a78628edf63b,2026-05-11 12:48:51,Carmen,19,BR,Хобби,Advanced,15,0
77aa4e6f-17fe-4d02-80dc-5d15e37a9247,2026-03-18 15:30:51,Alec,34,ES,Хобби,Advanced,15,0
425ad553-bbe1-4f66-b55c-eac4a21a0b09,2026-05-12 03:43:51,Calvin,48,US,Хобби,Intermediate,45,1
fe456bab-3431-40e7-97d3-090ed2ad5bce,2026-03-18 18:35:51,Jesse,37,BR,Для работы,Elementary,90,0
c5861a25-822e-45bc-b108-af58810c174b,2026-03-26 17:50:51,Robert,45,DE,Хобби,Elementary,5,1
8a9b373b-d58b-4386-808f-7d06442ffcc6,2026-03-07 20:15:51,Heather,37,BR,Для путешествий,Advanced,5,0
3081144d-9995-4ece-bcce-dc5aec2f96a4,2026-05-25 02:10:51,Gregory,20,FR,Хобби,Intermediate,5,0
b69047d7-64d7-415d-9e4b-12776b88d235,2026-05-27 21:34:51,Sarah,37,DE,Хобби,Elementary,120,0
a9412d53-3dc5-411c-9fe5-87687de301fb,2026-04-10 20:07:51,Michael,16,US,Хобби,Elementary,15,0
4f6869bb-d856-4117-bfe1-45a1a0fa6d31,2026-05-17 13:01:51,Jessica,44,ES,Для работы,Intermediate,30,0
11f3ebee-52e1-4e35-bbe1-0bd6073c6999,2026-03-22 13:53:51,Mary,34,IT,Хобби,Elementary,45,0
f9057ecc-d3bd-42eb-bed9-1d0d7d64e2b4,2026-04-11 05:52:51,Breanna,30,RU,Хобби,Intermediate,120,1
9ed579b0-5817-4d52-b6a7-df607c89d901,2026-05-24 15:03:51,David,41,FR,Для путешествий,Elementary,30,1
5fa1c187-613e-438e-bb05-98f32315eac1,2026-03-08 02:11:51,James,37,RU,Для учебы,Elementary,120,1
49fcef3d-d5e4-4408-9686-3fbe23ab8d7a,2026-03-16 00:27:51,Nicholas,49,FR,Хобби,Advanced,90,0
7f822307-acd1-44d0-b0d3-93fc26eb9219,2026-03-14 07:11:51,Renee,35,IT,Для учебы,Elementary,10,0
4adb99f6-82cb-4040-a37e-d9e2a8fc4eb6,2026-05-16 03:34:51,Joseph,53,BR,Для путешествий,Advanced,20,0
7a824828-7bd1-4c8a-8e80-196981058554,2026-04-27 14:01:51,Vanessa,17,RU,Хобби,Elementary,5,0
98e0eacd-8685-41ea-84f3-fa0f5ede6675,2026-04-15 02:52:51,Kyle,41,FR,Для работы,Elementary,10,1
fc802a43-1645-4361-9ece-86ae1ac8cfdd,2026-04-30 23:45:51,Cory,52,IT,Для путешествий,Beginner,20,0
b833ac39-b79f-4a22-a029-895b8e6c0444,2026-05-24 20:51:51,Julie,38,FR,Для путешествий,Beginner,20,0
63054b73-51ca-4659-9562-4f9a60fb8f97,2026-04-06 01:46:51,David,46,RU,Хобби,Intermediate,90,0
b359bc11-f9e0-45fa-a96c-a90fd25b4b1b,2026-04-06 07:23:51,Jamie,52,IT,Хобби,Advanced,15,0
a991bb60-4b6b-4f94-abe0-446ed187f4b6,2026-05-24 13:23:51,Brooke,35,RU,Для путешествий,Advanced,60,0
93b4c13c-c4b6-45d2-aea5-277f9ec6cc3a,2026-03-13 08:19:51,Rebecca,25,FR,Для учебы,Elementary,5,0
90796c4c-62c6-482f-84d2-c5216e9a665b,2026-04-03 02:34:51,Melissa,42,RU,Для работы,Intermediate,20,0
02c68f54-ba2b-4de9-91e9-ddd4f8ab0c7d,2026-05-28 09:01:51,Ryan,18,IT,Для учебы,Beginner,15,0
750c6e22-c49d-40d4-820c-3abdab57228c,2026-03-29 06:41:51,Suzanne,19,US,Для работы,Intermediate,10,0
d841b6d9-b2b7-41de-8158-8581fda162b5,2026-04-27 13:15:51,Becky,40,DE,Для путешествий,Advanced,45,0
80ce7777-ec37-4c3f-acba-47574140e381,2026-03-07 14:32:51,Cindy,45,DE,Для путешествий,Beginner,20,0
3670d099-f341-4f48-b8c8-7e103a3d0d55,2026-05-16 16:44:51,Michele,27,IT,Для учебы,Intermediate,90,0
07e79430-2f81-41ef-a825-8b42ad3b21f0,2026-04-12 17:56:51,Michael,23,DE,Хобби,Intermediate,20,0
f84c0665-362f-48c5-a7f5-9889c94aa4a0,2026-03-25 02:48:51,Paul,51,US,Для работы,Elementary,120,0
480bfc02-f240-4546-befa-4383ae14b13b,2026-05-03 06:07:51,Ryan,47,BR,Для работы,Advanced,45,0
449e301b-466f-4a6c-b9d1-defdb75c6398,2026-04-22 13:20:51,John,35,ES,Для работы,Intermediate,10,1
e746eb6f-9370-463e-af5e-47439bd706fb,2026-03-27 00:43:51,Elizabeth,40,US,Хобби,Beginner,15,0
4e19929a-fc51-46ab-b232-e492fc8462a3,2026-05-23 01:48:51,Tara,27,BR,Для путешествий,Elementary,10,0
41dafa79-57d9-49bc-98af-e89391252aae,2026-04-26 08:38:51,Scott,27,BR,Хобби,Advanced,20,0
9ba7fad2-5d0c-4533-bebf-9fc140db3f08,2026-03-25 22:24:51,Gary,42,BR,Для путешествий,Elementary,45,0
800287db-e29e-4199-baf4-387105908e59,2026-04-23 00:57:51,Richard,54,DE,Для путешествий,Intermediate,60,0
373d22b6-45c1-4b76-a434-2c49f793777e,2026-04-02 11:46:51,Lisa,27,FR,Хобби,Beginner,45,0
03d5b89d-9a98-4e4c-a38b-a93feaa2f3b7,2026-03-17 17:46:51,Michelle,24,BR,Для путешествий,Beginner,5,0
744fc1eb-c862-4a51-8a1f-2c45118957d3,2026-03-17 06:26:51,Curtis,39,FR,Хобби,Advanced,90,0
7a8d663b-cf8a-421e-9dc4-c13834b193ef,2026-03-24 19:09:51,Brad,47,IT,Для работы,Advanced,5,0
3efc34ad-23c2-45d7-b5d1-b0963a2eab32,2026-04-03 06:49:51,Amanda,28,FR,Для учебы,Elementary,5,1
49a2dfd6-5393-4373-a178-27472a08f14e,2026-03-19 12:51:51,Amy,53,US,Для путешествий,Advanced,45,0
d48ffd03-6abd-4280-aad5-8f1021d3859d,2026-04-21 01:00:51,Travis,54,ES,Хобби,Advanced,10,0
ee40a10b-e177-445e-916c-331f6c761564,2026-03-17 23:33:51,Sarah,22,FR,Хобби,Intermediate,30,1
c4822c55-2aea-4ef0-871a-5785bc3257bc,2026-04-30 15:57:51,Judith,45,US,Для работы,Beginner,10,1
6a5b18f1-ddf8-4e82-972e-33fba6a1587b,2026-03-13 08:19:51,Kevin,44,US,Хобби,Elementary,120,0
2dac2946-3889-4f35-a25b-45c24f293009,2026-05-12 20:33:51,Taylor,55,BR,Для учебы,Beginner,5,0
4cd16646-6331-4f4f-8ee9-f7e252c802f5,2026-04-11 19:14:51,Ann,22,BR,Для учебы,Elementary,5,0
d0fff313-9c85-4606-90ab-071692ef55fb,2026-03-24 11:18:51,Justin,47,FR,Для работы,Elementary,30,0
ba3e4ea6-6154-4b49-8120-23c230b8a564,2026-05-01 15:17:51,Lori,38,DE,Для учебы,Beginner,30,0
5f5fb069-b6db-41de-a925-1f97bddb618b,2026-05-26 05:28:51,Alicia,54,DE,Для работы,Advanced,15,0
f514e535-a3e0-4cc5-83e0-9860ff3a2534,2026-03-13 09:06:51,Joseph,49,IT,Для работы,Elementary,15,0
33dc891f-c7ee-410e-840f-6193f0dc5770,2026-04-05 06:07:51,Amanda,19,FR,Для путешествий,Intermediate,5,0
ff3e71ac-7728-428b-9d81-075af6986375,2026-03-15 09:56:51,Erin,25,FR,Для путешествий,Beginner,120,0
db3fac87-4dd2-423e-abab-5d5805706532,2026-03-15 13:14:51,Lauren,52,RU,Для учебы,Intermediate,120,0
dc9a2439-4aa5-42f5-99d5-ddf3122cf151,2026-04-09 11:10:51,Robyn,19,US,Для учебы,Advanced,30,0
21a7651b-c87c-4856-92bb-038579f89820,2026-04-18 11:42:51,Stephen,28,ES,Для путешествий,Intermediate,90,0
fa6feaa0-fc4a-4271-9f81-33f2cf58e5d8,2026-04-04 13:55:51,Edward,17,BR,Для путешествий,Elementary,60,0
940a0e61-b0a5-41bf-b1ec-07769c52db78,2026-04-23 12:00:51,Douglas,18,BR,Для путешествий,Intermediate,20,0
e69cbf01-ceb1-4271-b056-b1898c1ac8c2,2026-04-19 00:34:51,Ryan,45,IT,Хобби,Beginner,45,0
f48873f0-95d7-4bfe-955d-faa11e76e3f7,2026-03-04 18:06:51,Holly,23,BR,Для работы,Beginner,10,0
05784c77-121b-4489-b4d8-84e3c1819266,2026-04-19 23:26:51,Sarah,54,BR,Хобби,Beginner,60,0
537c2c9c-f273-491b-a7b8-9d9ef988ec9e,2026-05-29 03:08:51,Emily,20,IT,Для работы,Advanced,120,0
06f6f093-2637-4831-ad2e-4717b5696e80,2026-03-14 01:51:51,Zachary,42,FR,Хобби,Elementary,120,0
0756b4ab-d867-4392-beae-061180234604,2026-03-13 01:18:51,Eric,16,BR,Для учебы,Elementary,60,0
32232f95-1d1f-4cf5-b181-f8a8c2ae407d,2026-03-29 02:55:51,John,47,US,Для работы,Beginner,90,0
601007d3-baad-4c89-9963-dfad8c4d1e56,2026-04-15 08:15:51,Tiffany,17,US,Для работы,Elementary,120,0
fa35cdc9-b6a4-4be9-974e-cbc79ab9fe2d,2026-04-22 07:16:51,Larry,20,ES,Хобби,Advanced,15,0
4a3dec15-8a0d-4728-a7ce-b2a80a67b7d8,2026-04-04 18:27:51,Stephen,28,US,Для путешествий,Beginner,60,0
9b782e7d-1ca8-4548-a276-8e786b40a088,2026-04-21 03:41:51,Lisa,28,ES,Хобби,Advanced,30,0
fff120e3-2cab-4b16-a101-728e186fdc57,2026-03-22 21:22:51,Sheryl,39,ES,Для путешествий,Elementary,45,0
19b81e12-cb7a-4e7d-902e-92259a08cba8,2026-03-16 14:18:51,Mark,28,DE,Для работы,Advanced,60,1
b47f9ed5-ca15-4c59-9a5e-b02345a2a3ea,2026-03-31 16:19:51,Jacob,32,IT,Для работы,Intermediate,120,0
865afb82-4099-4e11-aed7-0cd59747156e,2026-04-03 02:28:51,Laura,30,DE,Хобби,Beginner,120,0
e20e008a-48f2-49d0-b50c-1ea55f7f5428,2026-05-06 09:09:51,Laura,21,DE,Для учебы,Beginner,30,0
26fff833-199a-4db1-8af7-927974f58e79,2026-03-08 09:37:51,Ryan,32,DE,Хобби,Beginner,30,0
b9ef8b66-f07c-4d21-be19-8f59b05b03bb,2026-05-25 17:30:51,Mary,53,US,Для учебы,Intermediate,20,1
62708924-0ef2-4d87-b987-0fce31e1c8f8,2026-04-11 11:01:51,Benjamin,35,DE,Для путешествий,Advanced,120,0
2ac5a0a3-0eb6-4d61-8714-f9c5def054c1,2026-04-30 13:57:51,Haley,33,US,Хобби,Advanced,15,0
28a1ecd4-bac2-46da-80c6-1d1b3c41f67f,2026-03-23 12:37:51,Amber,18,US,Хобби,Intermediate,90,0
a2910a35-bca9-4472-8b8a-037ca5856c7e,2026-03-25 08:38:51,Joshua,50,ES,Для учебы,Beginner,20,0
aafaec2e-a236-4d0e-875c-ba967c951183,2026-04-10 05:49:51,Elizabeth,37,FR,Для учебы,Advanced,5,0
703b1c96-4056-4864-b444-59fa6bbef41f,2026-05-06 11:49:51,Brenda,35,IT,Хобби,Elementary,5,1
117f7520-81a3-43d8-a528-4fa91b948a5f,2026-03-09 02:56:51,Sherry,43,BR,Для работы,Intermediate,90,0
38eac994-a59b-45ea-b599-1ad7fbd08403,2026-03-22 05:23:51,Jacob,26,BR,Для учебы,Advanced,10,0
45aed4c8-1dbf-4181-8fe2-af00c7082bd1,2026-05-20 23:33:51,Eric,22,US,Для путешествий,Intermediate,15,0
837874ed-a6b5-4028-8f05-360d6ae40b66,2026-04-14 23:12:51,Alexander,26,FR,Для работы,Beginner,90,0
7f52d040-550c-45f6-8a7a-82d77c306136,2026-03-21 13:08:51,Karen,29,ES,Для путешествий,Intermediate,120,0
6198f840-7c4d-44a9-8d80-4d47ecb56657,2026-03-11 03:41:51,Benjamin,50,US,Для работы,Advanced,10,0
11f496c4-7608-467e-9ffb-ed2fd987571b,2026-04-17 09:11:51,James,41,RU,Для работы,Elementary,90,0
2e2fc4d8-41c0-46dc-bfe1-c0a54f7290f2,2026-04-01 05:35:51,Michael,16,BR,Для работы,Elementary,10,0
1e97e337-3b3c-48f8-be0c-91c17ec20cca,2026-03-19 20:59:51,Stephen,18,IT,Хобби,Beginner,20,0
a8765370-0b77-44e7-99c5-d7b2ba2e53a0,2026-03-05 05:06:51,Michele,55,IT,Для работы,Advanced,20,0
052281bc-16c6-44ab-9972-c6995fac8bcf,2026-03-24 20:10:51,Natalie,20,RU,Для работы,Beginner,120,1
5407c3bf-b6cd-4838-96a7-72c233eb1cc9,2026-05-25 09:52:51,Jennifer,22,US,Хобби,Beginner,10,0
0ff2acf5-13b1-463b-ab7d-bf7f40db6feb,2026-03-14 03:30:51,Catherine,19,BR,Для учебы,Intermediate,30,0
820deff3-66d1-436d-9380-9bd36eb65c2e,2026-05-24 16:26:51,James,48,ES,Для работы,Advanced,30,0
09a59a14-1dd1-404d-8804-542d1048ceee,2026-04-12 18:20:51,Alan,28,BR,Для учебы,Intermediate,10,0
6836a671-d353-4d63-8836-fe21a0fe5cd1,2026-03-07 00:52:51,Paul,53,BR,Для учебы,Advanced,45,0
ae447603-8290-4f50-9579-95d7374d235f,2026-05-29 13:08:51,Daniel,22,ES,Для учебы,Elementary,15,0
bcbe6c95-6340-488a-8128-7795d31d7962,2026-05-24 13:57:51,Kim,42,ES,Для путешествий,Advanced,45,0
35bea52f-ba04-4162-a332-85cf61a38d8b,2026-04-18 23:42:51,Kimberly,50,FR,Для путешествий,Elementary,15,0
4bc69e3a-1be8-4c84-89b6-5a66d62daa97,2026-04-19 13:15:51,Amy,26,BR,Для учебы,Advanced,20,0
cd3ef1a0-399c-4be7-9d15-f4aa03626b81,2026-05-07 15:56:51,Robert,49,BR,Для учебы,Intermediate,10,0
c5f5460a-771d-4ed8-995e-a440b78bf0b2,2026-03-08 15:03:51,Joseph,43,IT,Для учебы,Beginner,20,1
b8aea939-bd10-43e3-a838-3b57fd07d269,2026-04-15 16:40:51,Tiffany,33,IT,Для путешествий,Advanced,15,0
1ca06a76-2a92-41d3-b55d-95b298060be6,2026-03-15 23:49:51,Peter,39,FR,Для путешествий,Elementary,120,0
e9672395-5af6-4d7c-958a-07fb0b98245c,2026-04-02 20:23:51,Beverly,23,DE,Для работы,Intermediate,120,0
99e3edaf-a430-4f92-873a-36ed6aaaeb2c,2026-03-09 22:43:51,Rachael,36,BR,Хобби,Advanced,10,0
533c4bdd-5a58-4b40-8b38-29cd4ea6abec,2026-04-03 13:24:51,Michael,26,BR,Для работы,Advanced,45,1
e4dae8d6-32a0-4ca6-8e06-96d8691ace1e,2026-04-16 23:01:51,Kyle,28,BR,Хобби,Advanced,10,1
5530bb82-379a-4f79-b159-7a88e6cef92a,2026-05-20 05:05:51,Brenda,26,ES,Для путешествий,Elementary,45,0
bb3ba511-41a5-4afd-8060-731b8f4a3dd1,2026-05-06 12:17:51,Douglas,20,US,Для учебы,Elementary,60,0
b2cdbb73-7265-4b3f-bf7e-37737f9fb235,2026-05-19 21:32:51,James,16,BR,Для путешествий,Beginner,10,0
bed8466b-1a77-4f2a-95c6-a96bd3d08105,2026-03-12 08:28:51,Michael,32,BR,Хобби,Elementary,120,0
3ca40698-d2d3-406d-b7f0-c4be0a2db3da,2026-04-21 03:24:51,Jerry,31,DE,Хобби,Intermediate,90,0
741c46e9-88a0-4929-b672-0bdc9951128f,2026-05-19 09:50:51,Ronald,36,US,Для учебы,Intermediate,60,0
6b5e1ec0-e873-407e-a148-0a6d26945350,2026-03-05 12:18:51,James,49,US,Для учебы,Advanced,90,1
523b2a0d-80d6-4485-924a-69a3abfc8514,2026-03-24 13:48:51,Elizabeth,41,FR,Хобби,Beginner,45,0
a70fce4f-4347-4f76-8aaf-d35bd0845659,2026-05-28 00:18:51,Brian,25,BR,Для работы,Intermediate,90,0
88303793-4d71-44d9-a2d8-835890fa65a2,2026-03-16 02:07:51,Barry,37,RU,Для путешествий,Elementary,30,0
7f813da1-bf99-42f4-9e37-8c41d5eb6c0c,2026-05-30 04:15:51,Christine,54,IT,Для работы,Advanced,5,0
b10dffba-47ce-48a5-88da-7479544590ca,2026-05-05 02:56:51,Robert,43,US,Для работы,Intermediate,20,0
928b8adf-cbb3-4e03-babb-9422cdfd0110,2026-05-08 10:02:51,Nicole,17,BR,Для учебы,Advanced,60,1
8a303778-a075-474f-b8d3-912a1d30d4b5,2026-05-23 03:46:51,Cole,51,FR,Хобби,Intermediate,60,0
6e8dac4c-2122-4c5b-9f1b-407164d323e7,2026-05-12 13:10:51,Bryan,45,DE,Для учебы,Elementary,30,0
52621d29-e16c-4d2f-a5e1-a664901473d1,2026-03-16 10:14:51,Ashley,23,DE,Для работы,Advanced,60,0
4600b27d-2dd0-4b02-8e86-da7644cc09a8,2026-04-19 07:55:51,Kelly,48,ES,Для работы,Beginner,120,1
09b51bb9-dc3e-439b-a366-ac9c22ffe353,2026-06-02 08:38:51,Tammy,18,RU,Для учебы,Intermediate,120,0
aede6775-2093-496c-9124-b3a1163074c5,2026-03-06 09:16:51,James,32,US,Для работы,Intermediate,120,0
f7f5e01b-6646-498d-985e-146a23250378,2026-05-06 13:45:51,Robert,44,IT,Для учебы,Beginner,90,1
72433158-ea34-4feb-8128-f9138a178f84,2026-04-13 03:13:51,Philip,18,FR,Для работы,Elementary,20,0
5d771a92-11a3-4040-b878-07742eb9d2f4,2026-04-14 20:03:51,John,31,BR,Для путешествий,Beginner,15,0
063f02a0-a433-49b9-8932-d6ea6892703c,2026-03-12 13:15:51,Patrick,21,US,Для учебы,Beginner,20,1
d904b220-1660-4b21-bf24-8d3bbb8631ab,2026-05-16 17:20:51,Denise,25,FR,Для учебы,Beginner,20,0
2883306a-4afa-4007-87fe-c9f5b79dc485,2026-03-06 00:40:51,Dave,22,FR,Для путешествий,Intermediate,90,0
d0594eb3-1761-4714-8190-3d8bc07d2951,2026-03-11 08:03:51,Steve,42,RU,Хобби,Beginner,20,0
091e4333-af53-4d84-9a25-cab7d432fb7f,2026-04-12 06:57:51,Heidi,47,ES,Для учебы,Beginner,30,0
a875b169-b7c9-438e-a356-05b0e436ed68,2026-03-27 09:20:51,Christopher,19,DE,Хобби,Elementary,15,1
e6159b53-fd80-4882-9ebe-935198702e5d,2026-04-02 11:48:51,Michael,38,US,Для работы,Advanced,45,0
92b36b4e-b79a-4e03-afb0-c12e1bea48ab,2026-03-12 11:55:51,Matthew,18,US,Для путешествий,Elementary,60,0
117ef0d7-062c-43d8-b318-5935244cd028,2026-05-14 12:48:51,Chad,48,US,Для работы,Elementary,90,0
c10a9e0d-4662-41c1-b99c-01250db88bc8,2026-05-23 12:29:51,Kaylee,36,DE,Для путешествий,Intermediate,30,0
c3100fcd-069d-4e70-8c9e-6415b6784acc,2026-06-01 09:36:51,Emily,44,US,Для путешествий,Beginner,5,0
4efb4b61-5dd3-418d-a1ec-5dfc04f85f89,2026-03-21 20:02:51,Jennifer,30,DE,Для учебы,Intermediate,20,0
9c6477ef-d75f-4821-ab5b-16a17c495200,2026-03-26 10:54:51,Sharon,29,ES,Для работы,Intermediate,45,1
47ce8e6e-a434-4a79-8808-8f9ee78fe260,2026-05-15 13:52:51,Julia,54,DE,Для путешествий,Elementary,60,1
4f410392-2abf-44d8-911e-a592a239e63f,2026-04-24 04:30:51,Caitlin,34,ES,Для учебы,Beginner,15,0
d84d9428-9ed3-42a2-abd1-b70aead11966,2026-03-28 23:57:51,Anthony,20,RU,Для учебы,Elementary,30,1
3e0abee8-4bb4-403c-a1dc-2f4d2148302b,2026-05-26 19:42:51,Kaylee,55,BR,Для путешествий,Intermediate,15,0
b9f23a0e-3080-47ee-a3c9-de24030ccf71,2026-05-24 02:55:51,Joseph,41,US,Для работы,Beginner,45,0
eda9f454-8865-4b05-ad15-9cab7c2fb65c,2026-05-20 07:43:51,Shawn,39,BR,Для путешествий,Intermediate,10,0
114db6d8-7b9e-4a02-ab4c-88553c18fd0e,2026-04-12 22:50:51,Robyn,44,US,Для путешествий,Intermediate,30,0
25b0d27c-4c6a-49f5-9b54-9d2e78dc917c,2026-05-03 11:42:51,Kristina,47,US,Хобби,Beginner,30,0
1669c9ca-8b55-47a9-882b-df839f682d2b,2026-05-01 17:14:51,Carrie,28,US,Для учебы,Advanced,60,0
f6fe8648-01a1-497b-a3dc-bde2924ad620,2026-05-15 17:15:51,Sierra,48,BR,Для работы,Intermediate,20,0
99445f9f-7ee7-43ba-9808-ba05a2656d98,2026-05-09 17:30:51,Carol,39,ES,Для путешествий,Beginner,120,0
8b6d6b2c-e0a1-4f67-889e-2653a80d454d,2026-04-15 06:08:51,Barbara,49,US,Для работы,Beginner,20,1
858628ec-62d6-4eb9-ae88-a71d5ba9d4a9,2026-05-08 01:45:51,Adam,17,BR,Хобби,Elementary,30,0
3185b326-b64a-417a-b97f-00c3201bbb81,2026-03-26 14:31:51,Karen,34,FR,Для работы,Elementary,5,0
c3f2205d-0beb-49ea-ae41-a45fb394af48,2026-05-30 15:09:51,Ryan,36,DE,Для путешествий,Beginner,5,0
a290be9a-6d25-42f6-8f15-ea4f1343ffe8,2026-04-25 22:49:51,Amanda,40,DE,Для путешествий,Elementary,15,0
e3c3c6f6-a26e-4b8a-8dbd-6b8faf462102,2026-03-31 23:14:51,Alice,32,US,Хобби,Advanced,5,0
fcf0f917-ce6e-4a49-b02b-455726a8073a,2026-04-18 23:47:51,Jessica,33,IT,Для работы,Beginner,60,0
5b33eb58-db36-4b27-a933-77f98e3d2fa3,2026-03-29 20:43:51,Michelle,55,BR,Для путешествий,Advanced,5,1
b09f6d2d-16a2-4a1f-ac6a-b0f3b9cd9c11,2026-05-19 07:19:51,Noah,31,US,Хобби,Elementary,20,0
3ee5d797-1049-4c08-9cc9-a39492511774,2026-04-17 09:02:51,Melissa,38,RU,Для учебы,Beginner,5,0
e545e26e-97cd-41ba-861a-10bd8c5c6f95,2026-04-21 17:51:51,Joshua,34,IT,Хобби,Beginner,30,0
fc1ec533-9075-48d4-b5e9-5ca5c0da421a,2026-05-25 16:01:51,Carol,24,RU,Для работы,Advanced,10,0
47beadc8-e64a-40b4-9d09-03ff3dd4e983,2026-04-12 03:51:51,Richard,50,DE,Хобби,Elementary,5,0
41648e94-1f9d-4c89-8e66-ff735f6f95f3,2026-05-20 11:41:51,Joseph,35,IT,Для путешествий,Intermediate,90,0
c22d0215-7fb1-4983-888d-60d47ef34639,2026-05-02 10:03:51,Melanie,36,RU,Для учебы,Beginner,15,0
dd245915-dbba-41c0-bbdc-8d3bcb5d270e,2026-04-07 23:32:51,Mario,37,DE,Хобби,Intermediate,30,0
8bfdb861-ad57-4bea-84c3-9237715c5ca4,2026-03-28 10:05:51,Lauren,20,RU,Для учебы,Advanced,10,0
804ccbb4-dc81-4a59-a62d-a0134af74be5,2026-03-16 22:45:51,Alexandra,27,IT,Для путешествий,Beginner,5,0
cb36580d-9983-4aec-8944-e98d92365cb4,2026-05-31 04:23:51,Brandy,33,FR,Хобби,Intermediate,30,0
409fea32-4c1d-4a65-a71c-b9537c8df93f,2026-05-06 11:25:51,Peter,46,DE,Для учебы,Elementary,45,0
45abc064-9781-445e-a78c-f2ddf26086a6,2026-04-11 20:32:51,Daniel,20,FR,Для работы,Beginner,45,0
bb61be3e-11fc-49e2-b720-dfde3acab690,2026-03-24 14:00:51,Ronnie,35,DE,Для учебы,Elementary,30,0
098f139a-aaf1-4e55-a1f9-38c4dd50cd88,2026-05-02 13:53:51,Daisy,51,RU,Для путешествий,Intermediate,30,1
2d61a102-657f-4428-9ab6-00c0f6d48d02,2026-05-27 18:40:51,Andrew,27,IT,Для путешествий,Elementary,120,0
be6baf73-0f85-4d6e-aa34-4d263710a39c,2026-05-27 03:57:51,Jennifer,34,IT,Для работы,Intermediate,20,0
75a6adb6-23b9-4db6-896c-10d2ca4e698e,2026-03-25 12:46:51,Jessica,27,US,Для учебы,Elementary,15,0
76663860-9298-40d8-b9df-8ab4f4c034f5,2026-04-09 22:51:51,Christopher,16,IT,Хобби,Beginner,60,1
dc7694d8-08af-4891-8d9c-9b986ff7ac56,2026-05-30 19:13:51,Michael,44,FR,Хобби,Beginner,90,0
81973f64-9632-437f-bf09-b7939993a286,2026-03-30 15:36:51,Garrett,28,FR,Для работы,Elementary,60,0
139130ff-a06e-4ffe-927d-e9b6657bb042,2026-06-01 09:28:51,Allison,24,FR,Для путешествий,Beginner,10,0
d7a67205-6395-41f8-b79a-26e5d99cc7a0,2026-04-22 04:35:51,Jason,29,ES,Хобби,Beginner,20,0
904e1611-a755-40b9-9e7a-9d2cc7d7ab79,2026-05-12 19:05:51,Matthew,18,FR,Для работы,Intermediate,60,0
5dfa5bbd-dc28-4758-bf83-979aaf30281a,2026-05-18 11:53:51,Jose,41,ES,Хобби,Elementary,120,1
df1b6a6d-ec4d-4d65-9226-1042341c57da,2026-04-20 01:32:51,Ricardo,51,DE,Хобби,Intermediate,120,0
644fb643-6668-44f0-89bf-26bcb95a5da3,2026-04-26 07:30:51,John,38,BR,Хобби,Beginner,15,0
b70b35e5-17f2-42b0-8ddf-fcbc150af888,2026-05-14 15:48:51,Debra,25,BR,Для путешествий,Intermediate,60,0
06296e12-77cd-4f63-9df3-63a68a0b1332,2026-05-26 14:37:51,Courtney,36,DE,Для учебы,Beginner,5,0
3e168584-3380-457c-af1d-9baf56bb83dc,2026-04-18 01:42:51,Jamie,52,IT,Для путешествий,Elementary,15,1
27aa8a84-20ed-4547-94f6-9058d1a1468b,2026-04-18 21:29:51,Donald,16,DE,Для работы,Elementary,90,0
f63a9705-ea7b-44fe-91f4-e8d6ab1d649e,2026-04-30 09:07:51,Monica,35,DE,Для путешествий,Advanced,120,0
de1128ec-1445-40c6-914c-89112e50be46,2026-05-14 01:09:51,Kayla,22,RU,Для путешествий,Beginner,5,0
08969a27-7561-4c5a-b0f1-6402cfe79a4e,2026-05-19 22:28:51,Brenda,42,US,Для работы,Beginner,120,0
546f1bf8-c9d0-4b6b-a883-7b57ed8ddc6c,2026-03-18 08:41:51,Monica,34,BR,Для учебы,Intermediate,30,0
4921aa9c-612f-4cf2-80c6-aaf301c1d1da,2026-03-05 12:54:51,David,20,US,Для работы,Advanced,90,0
d1f3a973-9bd5-4001-82e7-49ea77d46154,2026-04-20 20:05:51,Michelle,22,IT,Для работы,Elementary,20,0
3d5fbe65-0584-4332-8e49-86dfd1933186,2026-05-02 13:05:51,Roberto,34,IT,Хобби,Intermediate,5,0
4c21f3ce-e035-40d4-aa39-2a04d4ee3421,2026-05-27 08:25:51,Jamie,41,FR,Для работы,Elementary,45,1
6fc5073c-357f-4802-ae3f-ec5318b0e585,2026-04-02 05:00:51,Sherry,34,DE,Хобби,Elementary,5,0
adec00de-9c47-46ba-a287-4299be90a80a,2026-05-16 22:51:51,Holly,30,US,Хобби,Advanced,15,0
0c01732f-5947-4c08-bf3f-83cf3a30565c,2026-03-28 17:54:51,Kimberly,23,ES,Для путешествий,Beginner,5,0
ff1bcb1a-6b09-4364-a781-fd0044afae16,2026-05-19 07:46:51,Christine,17,DE,Хобби,Elementary,60,1
01f4f4ac-c0ef-4a88-95ff-f09da6c02bca,2026-03-11 13:01:51,Michelle,46,ES,Для работы,Elementary,60,0
64fd097e-ae24-4617-848a-bded509cdd78,2026-04-30 19:17:51,Laura,17,RU,Для путешествий,Beginner,90,0
a58e666f-06ca-474a-88b6-315f0840fc1c,2026-05-15 13:41:51,Clarence,30,DE,Для путешествий,Advanced,90,0
710d2f0e-cabf-48fa-9414-44f5cd684974,2026-03-08 02:41:51,Anthony,23,IT,Для учебы,Advanced,120,0
997bbca4-572d-45c1-a8b3-6fc0a900d1e5,2026-03-06 20:03:51,Seth,53,DE,Для учебы,Elementary,90,0
8bb4459f-2241-4652-b19b-7925b0f18e15,2026-04-02 05:56:51,Marilyn,54,FR,Для работы,Advanced,5,0
e2ff0698-7d4e-4256-a6cc-aa333ceb0673,2026-05-27 05:50:51,Connor,54,DE,Хобби,Intermediate,30,0
6e6aa8a4-fb70-48e5-a79e-974fee287076,2026-03-04 17:52:51,Kristin,24,ES,Для путешествий,Beginner,5,0
aa94db86-02b9-49cc-a03b-9c3a102b3a2f,2026-04-17 21:50:51,Omar,20,ES,Для путешествий,Intermediate,60,0
d6b9af88-995b-4abe-880d-ad1600f0816d,2026-05-22 22:20:51,Michael,49,BR,Для учебы,Intermediate,15,0
1822416d-3063-4480-9196-633a710de5d7,2026-03-20 21:53:51,Tammy,42,US,Для путешествий,Intermediate,10,0
cb19ca89-fa7a-4b70-8f3b-b46267e0b098,2026-05-06 04:19:51,Jeremiah,40,DE,Для путешествий,Elementary,10,0
afa98702-74f3-4df7-8ec4-af7837a3deeb,2026-04-14 00:06:51,John,38,ES,Для учебы,Intermediate,15,0
6967c1bf-8515-4fb5-bb2a-0a52099d07bc,2026-04-06 01:30:51,Michael,20,BR,Хобби,Intermediate,45,0
d688a556-02e5-48d3-b73f-817c0c26a207,2026-05-29 17:02:51,Linda,43,FR,Для работы,Advanced,90,0
e6d0d53a-07fa-44f1-b00d-fcd5fdac711d,2026-05-11 14:47:51,John,54,RU,Для учебы,Advanced,15,1
43dac5ec-b886-4e31-a74d-b6cc4128efb7,2026-05-25 15:56:51,Stephanie,21,ES,Для работы,Beginner,30,0
32ac57ff-9ee6-44a8-881f-8e8ac86fbdba,2026-05-08 19:24:51,David,38,IT,Для путешествий,Elementary,60,0
8f96ca0e-5bb8-49a2-a3c8-b0f6bb21df80,2026-04-17 16:43:51,April,26,DE,Хобби,Advanced,15,0
2cd79fdd-c074-4064-bc45-c5fa8fb36007,2026-04-02 02:41:51,Jean,21,BR,Для путешествий,Beginner,15,0
e2331dda-2948-44ae-b82d-a9de60025584,2026-04-06 17:55:51,Joel,37,US,Хобби,Intermediate,20,0
20f44656-0d19-45ef-8fda-546f7d9d869c,2026-03-13 19:43:51,Amanda,34,BR,Для работы,Intermediate,90,0
ed129f6d-4dee-4990-9eab-b10b7abcc217,2026-03-15 06:13:51,Kelly,23,ES,Для путешествий,Beginner,90,1
74bc613f-3471-4d47-ba3e-0ef5cf95ef11,2026-03-26 13:38:51,Monica,18,US,Для путешествий,Beginner,5,0
7de99a3a-649b-456f-9705-8cb725c3a09d,2026-04-13 05:19:51,Samantha,40,IT,Хобби,Beginner,15,1
0765b21a-1162-4524-b779-eeabeb97d441,2026-04-01 01:27:51,Anthony,40,ES,Хобби,Beginner,60,0
b48b1b70-7536-4c2c-b11a-39fdb4dc7c51,2026-04-23 07:48:51,Robert,45,FR,Для работы,Advanced,45,0
1f286a90-3e52-4726-a5b9-fb5d68aa423c,2026-04-08 13:34:51,Robert,22,US,Для работы,Intermediate,120,0
e5acfe71-4c50-4c6e-bed8-7ebd8bb50a85,2026-03-10 11:18:51,Michael,28,RU,Хобби,Advanced,90,0
f4ef08c8-f50a-4709-ade5-ceebf9bd0a2d,2026-04-20 00:47:51,Deanna,51,IT,Хобби,Intermediate,45,0
84e5689d-9098-4d91-8b9f-bc1e3e444a81,2026-03-06 00:47:51,Jacqueline,38,US,Для учебы,Advanced,30,0
228a9669-53dd-4203-924c-04e1af5fd8fa,2026-05-18 00:22:51,Holly,23,DE,Хобби,Elementary,20,0
a29bfac5-f265-4808-b7a3-c9ad05fbfc09,2026-05-26 01:07:51,Erika,29,DE,Для путешествий,Intermediate,5,0
c505101d-2f3a-4097-9c01-d1aafeec61e9,2026-04-21 17:21:51,Gerald,50,FR,Для работы,Advanced,45,0
8621f257-bd20-4799-a3e7-ae56d4f8d2b4,2026-03-07 10:38:51,Laura,19,BR,Для путешествий,Beginner,20,0
de50b0e3-7818-4ca1-9cfd-44961a36ca05,2026-05-17 20:01:51,Lynn,16,IT,Хобби,Intermediate,30,0
ecf4d586-4b98-4694-bf9d-664a3d3c4333,2026-05-28 14:42:51,Kathryn,44,US,Хобби,Intermediate,10,0
1566c1a3-4851-4c6b-afcd-3c28a1e8fab0,2026-03-27 15:44:51,Melissa,33,RU,Хобби,Beginner,10,0
f830d18c-5293-41d2-be31-e209f866c0fe,2026-03-30 09:28:51,Ricky,16,FR,Для путешествий,Elementary,10,0
b59a3aa4-9d04-4d23-92d3-cc73b4d1ab20,2026-04-17 02:14:51,Jonathan,28,IT,Для работы,Elementary,120,0
676da3b8-2778-4be0-bc9c-0ba5f6b8a43c,2026-03-21 20:12:51,Jessica,50,IT,Хобби,Beginner,5,1
af127af0-13e1-45c0-a3ab-5061bbed42a4,2026-05-29 18:31:51,Sara,21,FR,Для путешествий,Advanced,5,0
460423f8-86a4-436e-8ca3-852cb081e22b,2026-04-07 01:26:51,Veronica,28,RU,Для учебы,Beginner,90,0
98da4162-de7c-42ea-b721-3bcfd9b486de,2026-04-11 07:14:51,Michelle,21,IT,Для учебы,Elementary,5,0
98fa47dc-1006-4fc4-908e-11da0e99a549,2026-04-19 19:03:51,Christine,45,DE,Для работы,Beginner,120,1
9b861a29-69a2-40d4-9ea7-aa0f77321f57,2026-05-30 16:22:51,Kevin,21,IT,Хобби,Advanced,5,0
f49771dd-6fad-491b-b157-dfab6ef12c53,2026-03-06 17:16:51,Patty,51,US,Для путешествий,Elementary,10,0
9ef852d3-862b-41a7-b031-fbcda76201a3,2026-04-04 13:06:51,Carolyn,43,US,Для учебы,Intermediate,90,0
93bdc00f-76c8-4624-914a-1958f022e5f3,2026-05-31 21:48:51,Jennifer,17,BR,Для учебы,Elementary,10,1
f8a7b1df-5d1b-443b-952a-337eef4ccf0e,2026-03-29 07:40:51,Scott,39,RU,Хобби,Intermediate,5,0
d220ff88-4ed9-408a-ae62-87e57dbd034a,2026-03-21 18:00:51,Connor,24,FR,Для работы,Advanced,5,0
9a82b283-b758-449a-9d58-e2220fa6d3e0,2026-04-20 04:43:51,James,37,FR,Для учебы,Advanced,90,0
b6d7668c-5419-46af-bb88-bfb33d26749f,2026-04-20 00:50:51,Linda,39,IT,Хобби,Beginner,90,0
728aaebd-bcda-41ad-8571-08a6d60b67ce,2026-03-16 20:05:51,Laura,54,BR,Хобби,Elementary,45,1
09b1f95c-9eb9-4b11-a18f-2b81a471ba21,2026-05-08 21:36:51,Cassandra,33,BR,Для учебы,Intermediate,10,0
c7cb998b-3ff8-4ffd-b611-1122e1a58e94,2026-05-03 21:36:51,Michael,46,BR,Хобби,Advanced,120,0
b09f3096-60b6-4acf-9d6b-ee34410b959e,2026-03-18 02:12:51,Janice,19,RU,Для путешествий,Intermediate,10,0
8949949c-b637-43e1-8760-fe9f7c6db64a,2026-05-18 16:24:51,Mary,46,DE,Хобби,Elementary,90,0
185c75da-9440-44a8-827c-e0dd9a37c742,2026-03-07 18:26:51,Austin,26,BR,Для учебы,Advanced,10,0
766f2d8f-3089-477d-b6a7-cfd360221d24,2026-03-27 21:35:51,Ashley,52,IT,Для работы,Intermediate,10,0
3260d9e3-ac63-4eef-a111-dc141546e69b,2026-04-29 11:29:51,Mark,52,US,Хобби,Advanced,10,0
c21df3c8-095f-4588-84ce-3189d1f70675,2026-05-15 16:41:51,John,16,BR,Хобби,Beginner,120,1
d818e57f-cd13-45bc-a5c6-e55fc9816bb8,2026-03-24 00:21:51,Heather,40,FR,Для работы,Advanced,10,0
eb7c67b2-3bed-4c46-b3a4-011c0a888639,2026-04-08 04:34:51,Nicholas,54,ES,Для путешествий,Advanced,10,0
958bb00a-8e38-4aac-8cef-ea12a3e54311,2026-05-30 05:26:51,Angelica,42,IT,Для учебы,Elementary,60,0
6483fcb1-05fe-434d-b8fd-31e2dcba235d,2026-03-21 01:42:51,Ruben,39,RU,Для учебы,Beginner,60,0
e128e6de-5488-4912-8f5b-c657f339870b,2026-05-31 07:39:51,Max,39,RU,Хобби,Beginner,45,0
b0f730a8-b888-4b3e-a30d-3065bb16b40a,2026-03-22 04:11:51,Jenny,45,ES,Для путешествий,Elementary,20,0
41d5c5fa-f23e-4f8d-ae9e-ba0190a35921,2026-04-05 14:50:51,Barbara,25,IT,Для учебы,Elementary,30,0
49f761dc-492c-4a92-8d3c-9fcbcd38f71a,2026-04-23 00:34:51,Ryan,48,FR,Для работы,Elementary,15,0
b61657f3-76f6-4ae5-aae1-d2e1316ac38a,2026-04-30 05:18:51,John,33,ES,Для работы,Beginner,60,0
fc0b7b77-06ae-463c-8442-95018e5d453b,2026-05-31 18:21:51,Brittany,22,FR,Для путешествий,Elementary,60,0
754527f7-7823-455d-a207-77b8417ae067,2026-05-04 15:34:51,James,33,IT,Хобби,Intermediate,20,0
ab551124-3d0c-4f36-9822-858fc471a771,2026-03-29 23:07:51,Stephanie,32,US,Для работы,Advanced,15,0
7ed08687-f73c-47a3-bd6c-5935ecd11fa1,2026-03-11 01:08:51,Michael,53,US,Для путешествий,Beginner,120,0
62d048a8-6dc5-4ef2-a4c6-3c0740e480be,2026-03-08 20:07:51,Brittney,23,ES,Для учебы,Intermediate,15,0
599afdd2-f401-4ff1-afb6-bf71d4961f1a,2026-05-26 22:42:51,Brett,50,IT,Для учебы,Beginner,30,0
3699417f-245a-43f3-b607-c035b75b0c2e,2026-04-19 07:30:51,Samantha,17,RU,Для путешествий,Elementary,20,0
2485d4c4-b6fb-466a-bbb5-474f1afe0d7a,2026-04-09 03:05:51,Michael,29,DE,Для путешествий,Beginner,15,0
0b01ec2a-20cc-4fad-b941-f056434b8881,2026-04-19 19:46:51,Jared,51,ES,Хобби,Beginner,90,0
d47eb8a0-e0a5-4bb4-a08b-7be7faaca539,2026-03-05 17:25:51,Terri,18,US,Хобби,Advanced,60,0
ea14b835-6908-45be-8aa7-0e29fe592d95,2026-05-26 02:15:51,Carolyn,36,US,Для путешествий,Intermediate,15,1
b386f2b6-d0c9-4a71-9465-52c017ca57bc,2026-03-25 23:59:51,Joseph,42,IT,Хобби,Intermediate,20,0
819b1ca2-6a39-47f1-a04a-2693ff6612d7,2026-03-29 18:07:51,Annette,32,ES,Для работы,Intermediate,5,0
1509131f-fe20-45b1-9908-9368df035537,2026-04-23 22:41:51,Amanda,51,ES,Хобби,Intermediate,120,0
19d05f97-0796-4236-b9ad-7c6895eb10b2,2026-04-27 06:09:51,Reginald,29,US,Для учебы,Advanced,120,0
83298066-3c02-4e62-84de-64c9907416b9,2026-05-31 16:58:51,Lori,45,FR,Хобби,Beginner,5,0
9eff0b7d-2bf4-473c-8f45-0e1cf4b0e119,2026-05-04 23:53:51,Charles,25,DE,Для путешествий,Elementary,60,0
20344984-1567-45cd-a27a-e4da937c3a45,2026-04-05 07:35:51,Donna,19,DE,Для путешествий,Intermediate,60,0
83635001-333d-4005-a7e0-509eda1270cc,2026-04-15 23:32:51,Dustin,46,ES,Для работы,Elementary,60,0
23d83625-4f96-40b9-af33-de9001bda0e7,2026-05-15 01:11:51,Amy,44,US,Для работы,Beginner,60,0
3c4eb8b8-b8f9-4bd2-80c3-d2edad1680f1,2026-03-20 02:31:51,Rebecca,22,IT,Для путешествий,Advanced,45,0
4c9b6403-05ea-4b4b-b40a-41ec93a17f92,2026-05-18 13:11:51,Carmen,41,BR,Хобби,Elementary,30,1
60eb4b03-6547-4bed-bf2a-58c7c3052a12,2026-03-05 20:48:51,Michelle,52,IT,Для работы,Beginner,60,0
ffa873b5-758b-4af4-9755-5040f84c26d3,2026-05-29 20:50:51,Albert,35,US,Хобби,Advanced,60,0
867b01f4-c9c7-4afb-9b59-2797060551a3,2026-05-24 16:33:51,Jodi,50,ES,Хобби,Intermediate,90,0
0b6b21be-f8c0-45ed-a20d-f93d6ffc84fe,2026-03-13 21:15:51,Joshua,19,US,Для учебы,Intermediate,5,0
be9d833b-828a-4223-9c12-4d0ef6054a4c,2026-03-09 03:24:51,Michael,24,BR,Для учебы,Advanced,10,1
1d4fb4e4-b7e6-4fcf-9771-c8fcbbbdd74c,2026-03-13 14:16:51,Shannon,19,DE,Хобби,Elementary,15,0
0831773a-36af-426f-950b-0a25b020bed6,2026-05-27 03:13:51,Christopher,29,RU,Для путешествий,Advanced,120,0
2ca4fd52-d769-470c-a5f1-66d8f77ea3ce,2026-03-29 17:29:51,Madison,31,US,Для работы,Beginner,90,0
1008e328-4f8a-4489-b6e0-3abc1478b079,2026-03-19 01:01:51,Craig,16,IT,Для путешествий,Intermediate,20,0
5ac37fb9-b97b-4364-864a-cd2d9f764900,2026-03-29 02:40:51,Steven,19,BR,Для учебы,Intermediate,15,0
c8218868-28b8-403a-80e0-048eb369c8e6,2026-04-09 09:47:51,Jennifer,50,ES,Для учебы,Intermediate,120,0
e67b2686-d4e0-49e4-b079-665e04f2d94a,2026-04-26 22:39:51,Hannah,54,FR,Хобби,Intermediate,20,0
07476388-fed8-4d67-8164-3563b7dcc1fc,2026-04-16 08:13:51,Michael,35,RU,Для путешествий,Elementary,30,1
3afe7f8f-69e4-46e4-a22e-ec191f1ee9d1,2026-03-14 04:11:51,Gerald,54,BR,Хобби,Intermediate,5,0
214b95a0-ee07-48ca-884e-369f2c051667,2026-05-03 11:28:51,Holly,21,IT,Для учебы,Beginner,30,0
6892de9c-50f1-421e-a540-2220e1d5bbe8,2026-05-09 16:09:51,Aaron,27,DE,Хобби,Advanced,60,0
dd270a97-bf21-4d65-a7c6-c9f31210a220,2026-05-06 00:27:51,Tamara,48,RU,Для работы,Advanced,5,0
fcb40690-2cdb-4e5b-a795-5ad1cbc3a274,2026-05-10 01:06:51,Brenda,24,FR,Хобби,Beginner,30,1
d06a843b-4272-4a06-b657-4b15958905f8,2026-05-06 07:10:51,Tanya,28,RU,Для путешествий,Intermediate,30,0
d11b3527-57e6-4634-8b9c-a8436cd98e78,2026-04-01 01:25:51,Jennifer,52,ES,Для учебы,Beginner,10,0
21efedd6-aeca-4b70-93b1-4afd48a8c985,2026-03-31 01:49:51,Matthew,45,BR,Для работы,Intermediate,5,0
b68ce605-d7c5-4f81-bca0-793d08314947,2026-03-04 11:46:51,Christopher,53,DE,Хобби,Elementary,10,0
93f8f6ce-f953-4a81-afcc-9dc8d4a42fbb,2026-04-19 18:58:51,Jason,28,US,Для учебы,Elementary,5,0
eac8bceb-b787-4d72-99be-853201b521d2,2026-04-26 15:12:51,Victor,51,ES,Хобби,Beginner,5,0
2f22ea96-51a4-4b2c-8eae-1e3b0a123c1c,2026-04-24 02:10:51,Isabella,49,RU,Для путешествий,Intermediate,90,0
e18dcd63-8470-4bae-a571-360288d9e7c4,2026-05-04 01:30:51,Peter,23,FR,Для учебы,Advanced,90,0
e4598df5-2ba1-48da-8c03-92cd9026d12d,2026-05-26 04:11:51,Jonathan,19,BR,Хобби,Intermediate,15,0
d7276515-edc1-4e94-839d-09540b121917,2026-04-06 16:35:51,Laura,43,ES,Для путешествий,Advanced,20,0
57d2f07b-d05b-4609-b535-a0713f334769,2026-03-11 16:33:51,Daniel,19,FR,Хобби,Advanced,45,0
e82fa731-51dc-45d8-a5e9-d0e0b7e5cecd,2026-05-05 19:37:51,Danielle,48,FR,Хобби,Elementary,15,0
9f7dad46-e38e-46f2-80d2-4b9a055f85e7,2026-05-08 08:11:51,Lucas,42,DE,Для путешествий,Elementary,60,0
06bd5ce0-bcae-4237-b904-f8dd92c18c6a,2026-03-08 03:36:51,Peggy,26,FR,Для работы,Beginner,10,0
53f0f7f5-9e56-4ca2-963c-523894b9d7ca,2026-04-16 08:48:51,David,43,FR,Для работы,Beginner,30,0
51d2b0ba-33c9-4177-9330-4287579eedb4,2026-04-01 20:23:51,Erin,38,ES,Для путешествий,Elementary,20,0
ae61b2e1-f250-44d0-b5ae-803feb0175f8,2026-04-07 13:59:51,Rebecca,38,IT,Для работы,Elementary,45,0
23f0fcad-ee7f-4b78-a3f7-d4bcc2b646bb,2026-03-21 11:36:51,Robert,18,RU,Хобби,Advanced,5,1
09648fde-4564-42fe-a355-171f9a13fb50,2026-03-21 11:33:51,Cynthia,43,ES,Хобби,Intermediate,5,0
37dc3af6-62be-4a4b-b2c9-490b79081125,2026-03-09 11:47:51,Christine,40,RU,Для учебы,Elementary,10,0
9aed9a46-db49-43a6-933d-9e5a1e583b14,2026-04-06 06:19:51,Tara,44,BR,Для путешествий,Beginner,90,0
7b8b4544-b602-4146-8680-4c29b1320f5f,2026-05-30 13:41:51,Kristin,48,DE,Для путешествий,Advanced,5,0
b3914d06-e056-4ca2-ba12-256532d5ad5b,2026-03-05 06:18:51,William,17,ES,Для работы,Elementary,120,0
5f404dd5-8f94-4a14-be35-747c22140724,2026-03-04 14:24:51,Edward,41,BR,Хобби,Elementary,90,1
a8a36aaf-454c-47cf-a6e8-b2088f51e6cd,2026-05-02 10:09:51,John,32,DE,Для работы,Beginner,45,0
9c5392ab-a769-4056-b2f4-f0c0464a1099,2026-03-14 09:35:51,Tyler,41,DE,Хобби,Intermediate,30,0
1a9b8ec4-723c-487a-be79-274951a8bbd0,2026-05-24 15:58:51,Andre,23,FR,Для работы,Intermediate,5,0
f8245883-664c-40a1-970e-9c6ca4e780b6,2026-03-17 14:15:51,Julie,34,IT,Для учебы,Beginner,10,0
dc5dc3a1-b893-430d-a373-dbf1a1cd5587,2026-04-26 22:51:51,Susan,26,RU,Для работы,Intermediate,30,0
2e42ce97-4377-4a2e-b6fc-83f4c1446c72,2026-05-25 19:46:51,Eduardo,44,FR,Для учебы,Intermediate,15,0
d230103e-1a79-40d1-a214-30f8ef9881bb,2026-03-11 00:22:51,Andrew,45,RU,Хобби,Elementary,120,0
71f736b7-da4e-46ab-83aa-6a53bf4d1f43,2026-03-27 13:01:51,Brandy,40,RU,Для работы,Intermediate,15,0
0117a647-1a0a-406d-b097-191f83f7741e,2026-05-14 13:10:51,Timothy,39,US,Для работы,Beginner,120,0
b23e1d88-63b2-4d9f-bec3-9cf48f6c27c5,2026-03-21 18:50:51,Leonard,45,RU,Для путешествий,Elementary,5,0
3a47ccfa-c4bd-4776-94bb-4d9209dcd941,2026-04-18 05:54:51,David,24,FR,Хобби,Intermediate,90,0
617d4717-9ea5-4618-8780-c5e82ecd16ee,2026-03-08 02:30:51,Matthew,54,IT,Для учебы,Intermediate,10,0
b5c3562d-b1e4-4c3a-9fa4-c48838e39ea1,2026-05-23 01:50:51,Vickie,41,RU,Для путешествий,Elementary,45,0
a31e37fc-734c-4bd8-81e1-ce90f26e5a4b,2026-05-30 13:26:51,Kayla,22,ES,Для учебы,Advanced,90,0
e90d7981-f2b4-487e-b39b-0893503db892,2026-04-03 05:35:51,Donald,31,FR,Для работы,Intermediate,5,0
60cc6ad9-466e-4a6a-b83c-7b36338f6f54,2026-05-22 13:58:51,Michael,49,DE,Хобби,Elementary,120,0
8a51cc38-87d5-4d37-9a20-e7c4c80984a3,2026-04-20 07:57:51,Karen,55,DE,Хобби,Elementary,15,1
97fffb58-a08b-4c1f-a4f7-04fb677e0d7a,2026-05-12 05:29:51,Dalton,49,IT,Хобби,Intermediate,60,0
17d887c5-13e2-4dec-938e-0a9dbcd2fd77,2026-05-01 23:50:51,Amanda,31,BR,Для учебы,Elementary,45,0
0e27f1d0-448a-4e29-81c1-5cb2e79fef2a,2026-03-16 16:57:51,Timothy,52,BR,Для работы,Intermediate,5,1
5afc789b-7fe6-4ce4-a977-2102af07ab3a,2026-04-19 15:47:51,William,37,DE,Для работы,Intermediate,60,0
8ac70ce9-fd4c-4b1e-aae8-5538704713e2,2026-04-25 13:42:51,Laurie,39,BR,Для работы,Beginner,30,1
f627eeb6-09c9-4e6a-a868-d3d70ac6b828,2026-05-07 14:47:51,Raymond,33,BR,Хобби,Beginner,120,0
087d4bb9-1951-4358-839a-72e60e13a6cd,2026-03-26 09:50:51,Noah,16,RU,Для работы,Advanced,10,0
ac1627b1-6dc6-4d67-ae5c-c6ea1e5aab51,2026-05-09 03:10:51,Brian,28,DE,Для путешествий,Intermediate,90,0
07ceb130-9c5b-4e5a-995e-978501fa783f,2026-04-19 18:22:51,Lisa,50,BR,Хобби,Elementary,5,0
8b4c0445-f9f1-45e2-aeb3-9b6b57ef24f7,2026-03-25 16:43:51,Kenneth,33,IT,Для учебы,Intermediate,20,0
32a2533f-6575-4c3b-bc7c-da057b563e70,2026-03-06 17:12:51,Anna,34,RU,Для учебы,Advanced,60,1
66c70566-2d3d-4e43-9c87-3317eea7b8a0,2026-05-06 08:00:51,Kathryn,37,FR,Для учебы,Intermediate,5,0
ce7e1ca0-8028-4bc7-8490-8c05cd237032,2026-04-30 08:43:51,Michael,51,US,Хобби,Elementary,5,1
b6f1d579-98e8-4cf1-9f04-a0e0cefc7bea,2026-05-05 18:45:51,Kayla,23,RU,Для путешествий,Advanced,45,0
32702ce9-623e-4210-aafe-b7856502b177,2026-03-25 09:27:51,David,26,DE,Для путешествий,Advanced,120,0
ae7075a1-2f01-4bd3-a92c-ac866a40f1f5,2026-03-31 02:28:51,Kevin,52,BR,Для путешествий,Advanced,20,1
1630fa08-f7c9-4127-bbd2-5ee5c8e68f28,2026-05-05 16:14:51,Molly,40,IT,Для учебы,Intermediate,30,0
8c36cd8e-73ae-46c4-8cda-d72ea2eb92ba,2026-05-04 18:26:51,Jon,54,DE,Для работы,Intermediate,5,0
a5e7758c-ecbd-45b9-b4df-d95cc621a06f,2026-03-08 21:48:51,Cameron,21,BR,Для путешествий,Beginner,20,0
bb166318-97fb-456d-9eea-374afc9c38e1,2026-03-13 05:46:51,Kristi,32,ES,Для путешествий,Elementary,20,1
3d7d1a9d-5c5a-43f8-bd0e-7d3b344d9ddb,2026-03-22 00:47:51,Rachel,49,ES,Для путешествий,Beginner,5,0
79cf15e0-5627-4b4e-8724-cf1d220a6252,2026-05-10 07:45:51,Paul,27,DE,Хобби,Beginner,10,0
57132bcd-b165-4909-ab50-8d8d74476bb2,2026-04-29 16:04:51,Gabriella,52,BR,Хобби,Elementary,30,1
66de93ef-abf2-42c2-95e2-fa8550d2a616,2026-05-25 17:14:51,Edward,43,BR,Хобби,Elementary,90,1
cd5c3d25-e02a-483d-8b99-b54c3c210d98,2026-05-24 23:46:51,Alexander,49,IT,Для путешествий,Beginner,15,0
b58e6591-f30d-4589-8a0b-cc308d449ac9,2026-05-10 14:10:51,Taylor,30,DE,Хобби,Elementary,90,0
fd4a6bc6-f6d5-48b5-94c2-6e870381638a,2026-04-29 06:49:51,Adam,50,IT,Хобби,Beginner,5,0
33333558-f01b-4c71-bd1f-52ebe1c00a8d,2026-03-07 09:58:51,Jason,40,DE,Хобби,Elementary,90,0
ac300f73-2e2f-48be-a614-1a04f3de73fe,2026-03-14 09:10:51,Darren,18,BR,Хобби,Elementary,90,0
d985625b-592b-467c-b099-086cb615b9f7,2026-04-23 23:54:51,Patricia,19,FR,Для работы,Elementary,10,0
79d25986-817b-4a2d-acf0-447ebc468edb,2026-03-31 18:35:51,Felicia,35,RU,Для работы,Elementary,45,0
20cbe470-df48-4db6-8625-1d7fab60ad5a,2026-03-09 05:41:51,Patricia,52,DE,Хобби,Advanced,10,0
f6fe6b24-3fd3-42f6-a170-ae448a88589e,2026-05-21 00:29:51,Christopher,18,BR,Для путешествий,Advanced,90,0
07a788e8-e1ee-4fb9-b967-71691476a5ec,2026-04-02 09:00:51,Alexandra,42,RU,Хобби,Advanced,15,0
37e95f20-7086-4a38-ad46-865b20b2bde9,2026-05-29 02:36:51,Laura,34,IT,Для работы,Advanced,45,0
dd234320-e5c0-4242-a5d0-6b715c6bbd68,2026-03-29 16:26:51,Brian,22,DE,Для работы,Advanced,90,0
cf4cb945-1cd2-4953-aedd-75d416c10c15,2026-06-01 14:15:51,Andrew,22,ES,Для путешествий,Intermediate,120,0
0036affa-d646-4868-9789-f0b811e1c9b8,2026-04-20 08:58:51,Brian,38,FR,Для работы,Elementary,90,1
5f7700e9-8260-4f3f-9cfd-505e756fcad2,2026-05-19 01:40:51,Madison,17,FR,Для путешествий,Beginner,30,0
0a3d876a-877b-42a7-b0d4-ff2fe4edb775,2026-04-20 15:53:51,Melanie,51,BR,Хобби,Elementary,10,0
2dd9450b-a78d-4dca-b9dc-e6de55f51594,2026-03-11 19:45:51,Tamara,33,DE,Для учебы,Elementary,30,1
3672e21a-fbe9-48d9-b22d-4a8492cf56d2,2026-05-25 10:48:51,Christopher,49,DE,Для учебы,Intermediate,60,1
206b7f9e-eba6-49e4-a05f-b310c4ea12c1,2026-03-29 01:16:51,Tracey,31,BR,Для учебы,Elementary,15,0
20d5d868-22d0-42e8-aa01-bb2f56e08e18,2026-04-21 13:18:51,Lori,45,US,Для работы,Advanced,30,0
4879e918-32da-47b4-a03e-c0f4abcdf44b,2026-04-10 10:22:51,Albert,24,US,Для путешествий,Intermediate,30,0
03501203-c7fc-4e11-9b40-7cceebf2c0b4,2026-05-28 14:00:51,Karen,48,FR,Для работы,Beginner,45,0
78a91dab-93f7-43eb-8b6e-9032d3429ffe,2026-03-17 11:20:51,Gary,28,BR,Для путешествий,Beginner,20,0
19a60884-d6de-46b6-b075-bee831822094,2026-05-14 11:25:51,Arthur,25,FR,Для путешествий,Intermediate,120,0
82d3d4aa-5338-46c0-90ec-609e9dcfe839,2026-04-29 03:35:51,Christopher,50,DE,Для путешествий,Intermediate,60,0
b99b608a-5d64-4db7-a8fa-0d9f9372a806,2026-04-23 08:15:51,Shannon,43,US,Для учебы,Intermediate,120,0
a6c19250-7aeb-46f5-95ce-9ed0f719316c,2026-04-30 16:50:51,Christina,16,ES,Для путешествий,Advanced,60,0
7340d3c4-4564-4985-a26b-a2d3a8930c03,2026-04-07 01:15:51,Ann,27,DE,Хобби,Intermediate,45,1
344fcb02-6b4a-4ad6-9ff0-f73126c006ff,2026-05-06 02:22:51,Christopher,41,DE,Для работы,Intermediate,15,0
ef79196a-7ac1-415b-ac81-97d2daa42bc6,2026-04-20 19:46:51,Debra,34,BR,Для учебы,Beginner,120,0
16a93b55-83b9-445b-bb58-4ca6c12d84cb,2026-03-30 22:24:51,Charles,26,ES,Для работы,Advanced,120,0
0447f272-5fb3-40a9-9657-24ab1d24503f,2026-03-30 06:42:51,Herbert,40,RU,Для путешествий,Intermediate,90,0
bf610dcf-4f08-4e19-82b9-0b97cc162148,2026-05-24 20:28:51,Melissa,37,BR,Для путешествий,Advanced,45,0
57a90862-131e-4cd2-b444-27f71f1bbd6b,2026-04-27 18:11:51,Todd,20,DE,Хобби,Elementary,120,0
e6e3b583-5155-4edf-97e9-1f1a20554272,2026-05-20 17:22:51,Logan,30,DE,Хобби,Beginner,120,0
0a89cb76-4abe-4669-b0d0-8d25e1e111ab,2026-05-07 12:00:51,Jeffrey,44,IT,Для работы,Beginner,45,0
60225db7-dee6-4cf9-a57f-51e899452d32,2026-04-11 12:41:51,Stephen,52,BR,Для работы,Intermediate,20,0
8abf7df3-4fb8-4c8d-b230-cb19bdd98c12,2026-04-26 12:39:51,Jesus,28,BR,Хобби,Beginner,10,0
e79223a0-1b86-4af5-8ef2-678489217981,2026-04-20 20:57:51,Courtney,49,IT,Для работы,Intermediate,15,0
0dada0d7-9e29-4b7a-838d-4dc5a4733825,2026-05-13 10:55:51,Stephen,29,ES,Для учебы,Intermediate,45,0
814a5c63-02b8-49fd-9293-ea1cfb5959f6,2026-05-19 04:33:51,James,44,ES,Для путешествий,Elementary,120,0
30f1243f-fcb2-48b2-ba17-f02074793d48,2026-04-03 06:11:51,Joshua,45,DE,Для учебы,Elementary,5,0
2ec45064-9dd4-4f7d-8295-f14b01f59afb,2026-05-13 00:55:51,Regina,19,US,Для работы,Beginner,30,0
a7408c94-8e84-4aa7-ad0b-eef574622324,2026-05-16 20:46:51,Sheryl,28,ES,Для работы,Advanced,60,0
6d628586-8373-42b9-9c2f-23d2d8a9ed1c,2026-05-14 00:55:51,Savannah,36,US,Для учебы,Intermediate,45,0
c017216e-2a1f-4a59-9bc8-912b2667c7cc,2026-03-09 15:20:51,Brandi,44,RU,Хобби,Advanced,20,0
c5bbafa8-254e-45b8-8bf2-5d7d474e04c9,2026-04-08 14:45:51,Robert,16,FR,Для учебы,Advanced,20,0
5619a254-62b7-41e4-bbf8-e852c382292a,2026-04-24 23:11:51,Carrie,32,ES,Для работы,Intermediate,30,1
ae23be75-f622-4a50-bd38-52dfcd2807a3,2026-04-06 15:03:51,Amanda,30,RU,Для учебы,Intermediate,30,0
ada70d79-9fed-41c7-80ff-1da5542bc2fb,2026-05-05 16:17:51,Brandon,36,RU,Для учебы,Beginner,60,1
b6231e16-ab78-465e-82cc-3acba3c40e1f,2026-05-15 06:25:51,James,50,US,Для работы,Advanced,20,0
28456348-e0a1-4d81-b1a0-bb2fdddba047,2026-04-19 17:54:51,Michael,35,US,Хобби,Intermediate,60,0
1b934d2e-08bc-44ca-93ba-9b619e2e8aec,2026-04-02 05:42:51,Christina,18,US,Хобби,Advanced,20,1
772c5f2b-7ede-4923-9765-6fca489082e0,2026-05-28 18:56:51,Louis,22,ES,Для путешествий,Intermediate,60,0
e499accf-0884-44f8-a1e8-6cfe67fc84be,2026-04-25 09:57:51,John,40,RU,Для путешествий,Beginner,10,0
5c3485ab-26a7-4cdd-a67c-7221083bd2dd,2026-05-25 16:27:51,Jeffrey,35,BR,Для работы,Advanced,15,0
a05eac08-321c-40e8-abf6-03807fdf0294,2026-05-02 08:26:51,Ronald,28,IT,Для путешествий,Advanced,15,0
24ac78ba-3b41-4bbe-80f7-f18739566f61,2026-05-17 02:52:51,Ebony,28,FR,Для учебы,Beginner,120,0
6f1a9e86-c39e-41a2-8963-bbdf3cb0a265,2026-03-30 03:35:51,Erica,47,BR,Хобби,Advanced,20,0
d111d6f1-7e30-4c7b-891c-1b9f83ea0a58,2026-04-29 12:22:51,Sara,55,US,Хобби,Advanced,30,0
1852e446-0ceb-4f25-841a-557819c3a7cb,2026-06-01 12:50:51,Brendan,36,RU,Для работы,Elementary,20,0
8dc8c512-602a-4c61-937d-f2297ff547b5,2026-05-08 10:54:51,David,53,US,Для путешествий,Elementary,30,0
a87b9e32-0969-4ba4-9a72-789ab049fa60,2026-03-16 13:06:51,Brooke,26,RU,Для учебы,Elementary,120,0
078aa0f2-2a96-4994-a3c4-fc5c140c80bc,2026-04-11 02:52:51,Amanda,40,FR,Для учебы,Elementary,30,1
4002859e-ca8a-45b1-99fe-236ebd4ab82c,2026-04-12 06:43:51,Amy,51,ES,Для путешествий,Beginner,15,0
d444e6d4-517d-4f97-883d-78253611cf77,2026-05-21 07:02:51,Michael,29,IT,Для работы,Intermediate,20,0
b4feb3aa-e8a0-4936-b2da-f22744915a71,2026-04-26 13:46:51,Jacqueline,21,DE,Для работы,Intermediate,5,0
078907a4-cbd7-4676-855e-b4a2b3db51bd,2026-05-21 00:20:51,Paul,32,BR,Для путешествий,Elementary,10,0
ad72cbd8-7657-446b-adee-d1c034f0fbd6,2026-03-29 22:24:51,Alyssa,22,RU,Хобби,Beginner,60,0
4c629153-1841-4287-9591-2eead31d05f3,2026-03-24 12:13:51,Brianna,32,DE,Хобби,Beginner,120,0
ff69b1b6-2c48-4832-b958-7c1deb11c54c,2026-05-02 14:48:51,Michelle,22,DE,Для работы,Elementary,90,0
fed9d75c-1f4f-44af-9764-cde1ab2c76a3,2026-03-26 17:03:51,Kristin,20,FR,Для путешествий,Elementary,30,0
73b13c87-3dba-4755-b05f-f0e733722c46,2026-05-12 13:23:51,John,53,FR,Хобби,Intermediate,20,0
a0844f3f-0f0a-4f56-9f4e-9fd073cb6187,2026-05-14 12:45:51,Miranda,37,IT,Для учебы,Intermediate,20,0
59984c7e-fd34-43c1-ae8c-de6b7b19db8b,2026-03-16 14:47:51,Timothy,18,ES,Для работы,Elementary,90,0
86e46c9d-27a9-4256-9100-34188ba20fbf,2026-03-18 09:29:51,Donna,41,US,Для путешествий,Advanced,60,0
ec99ad53-f51f-437d-9692-7de5b82756a6,2026-03-15 14:14:51,Debra,24,ES,Для учебы,Elementary,30,0
2a5cf962-6c1c-427f-abef-1ef141cf05fb,2026-04-26 08:13:51,Daniel,37,IT,Для работы,Beginner,30,0
549e8276-8463-4cf1-a821-d88b7f3c308a,2026-04-06 06:12:51,Adam,37,ES,Для работы,Elementary,90,0
ff8e99bb-141e-4401-ab3a-87244bd0832f,2026-03-21 23:01:51,Tom,52,RU,Для путешествий,Elementary,90,0
a41c83df-b85a-41ab-9151-c2425af26b1b,2026-04-27 05:11:51,Jessica,20,ES,Для путешествий,Elementary,30,0
d3bc68c6-2462-46ad-bdef-2cc5c78710fb,2026-05-07 16:26:51,Cody,55,FR,Для работы,Intermediate,10,0
de097e62-d0a1-4006-b6aa-af50d2b485a5,2026-05-09 08:30:51,Brittany,51,ES,Хобби,Elementary,20,0
dd5a6393-a480-4200-a878-ae6eb1a62fdc,2026-05-02 16:53:51,Chad,34,ES,Хобби,Intermediate,60,0
ce0f87ac-eab4-4f2e-87c0-e732e1f2d287,2026-04-29 10:29:51,Tracey,51,ES,Хобби,Elementary,45,0
eb65ed5f-174b-453e-a133-e6df5b27570c,2026-05-20 02:16:51,Laura,19,RU,Для путешествий,Elementary,10,0
9ef179c2-e612-4949-aa16-2f6fc6d00085,2026-03-18 23:45:51,Daniel,19,BR,Хобби,Beginner,120,0
cdb8555d-5ae7-41a8-bacb-579117b47254,2026-05-27 12:16:51,Danny,55,FR,Хобби,Advanced,90,1
7e05581b-4bb4-4e39-a2a7-eab1d3a2cd5b,2026-05-06 00:44:51,Yvonne,33,IT,Хобби,Intermediate,45,0
14e4bd7e-ee2d-4286-a182-486453468963,2026-04-13 20:29:51,Shawn,54,ES,Для учебы,Advanced,60,0
0d45eb9c-360f-4c95-a1f6-b7e00a51e5b7,2026-05-14 01:06:51,Joshua,50,FR,Для работы,Beginner,60,0
9b177b56-9b20-4abe-9a79-891ab47acce9,2026-06-02 06:26:51,Jenna,45,US,Для учебы,Elementary,120,0
2e5baaa5-afa0-42e5-a8be-3a2a1b0ae1b0,2026-03-29 22:42:51,Frank,32,IT,Хобби,Elementary,120,1
2e30895c-b139-4b30-9359-cce5d3b52954,2026-05-16 14:01:51,John,41,IT,Для работы,Beginner,45,0
82bd82df-85a9-4102-8cf1-2d249084ca3a,2026-05-23 22:22:51,Kevin,19,BR,Для учебы,Elementary,10,0
1620529e-1993-4535-a38f-840aedad04f8,2026-04-19 06:13:51,Anna,26,US,Для работы,Advanced,45,0
bc39e47d-89bf-4c6e-a725-9ce1537aaeb5,2026-05-08 05:27:51,Paul,51,BR,Для учебы,Beginner,5,0
138905f7-696a-4dba-adcc-569bd05dba49,2026-04-03 22:09:51,Mark,52,IT,Для путешествий,Intermediate,30,0
c27f5564-cec5-4ed3-8475-38674d43f0eb,2026-05-14 21:14:51,Karen,49,IT,Для путешествий,Intermediate,15,0
86b53e10-16f3-436e-9e0a-3e518dbddc4d,2026-05-23 23:29:51,Nathan,17,RU,Для путешествий,Beginner,45,0
5c797c82-65c1-48c3-9ad1-4bd6e5caf6ec,2026-05-21 15:34:51,Rachel,39,FR,Для путешествий,Beginner,120,0
63ee813b-7248-4513-b1bb-6b95f0dcff4b,2026-03-10 07:40:51,Carol,21,FR,Для учебы,Beginner,30,0
60d2a166-5a72-4b1a-9847-9a2f8575a865,2026-04-22 22:19:51,Jocelyn,52,BR,Для учебы,Advanced,120,0
50072264-54a9-4c3e-a3f0-8e0f7e9c4641,2026-03-25 14:56:51,Casey,22,IT,Для путешествий,Beginner,120,0
6eec23eb-5a10-413b-ad76-be50dc18197e,2026-04-16 15:15:51,Maria,49,IT,Для путешествий,Beginner,120,1
ee36f9d4-703f-461b-bebe-f7f84498274e,2026-04-11 07:13:51,Anna,26,ES,Хобби,Intermediate,10,0
5fbea453-eaab-44f9-9e3e-0943935e2874,2026-04-04 00:29:51,Meghan,42,ES,Для учебы,Beginner,15,0
197cf9e6-7ef6-47cc-88d1-c601db1a98a6,2026-04-10 09:12:51,Samuel,37,US,Для работы,Beginner,20,0
ddca92f9-3894-4809-a7fb-1be9cba605c2,2026-04-02 02:43:51,Derrick,24,US,Для учебы,Advanced,20,0
1a9f6827-f1b5-45e8-a8e4-99870013a0aa,2026-04-01 23:10:51,Beth,41,BR,Хобби,Beginner,120,0
dc2a0ea6-44dd-4e65-b8df-60245c0c01a9,2026-04-13 23:38:51,Nichole,40,ES,Для учебы,Advanced,60,0
ae2e55aa-4945-4237-98ab-c720398f9cf8,2026-03-20 21:12:51,Cindy,44,IT,Для путешествий,Beginner,5,0
4ed6bd06-1c59-4ab5-a77f-1ca5b373b253,2026-05-06 20:58:51,Kiara,52,DE,Для путешествий,Intermediate,5,0
c41b3280-cc6a-45b5-9cb9-6b33632c23e7,2026-05-13 12:03:51,Ricardo,20,IT,Для учебы,Advanced,60,0
cde294ea-4e1f-4ec5-a9b3-75cf2993fa12,2026-03-11 03:10:51,Jeremiah,19,RU,Для путешествий,Elementary,20,0
7c1d5281-72d0-4d7b-9815-7b88e98d42af,2026-03-11 02:05:51,Desiree,17,FR,Хобби,Beginner,20,0
b4399763-73fb-4469-b839-1c5a843a0c13,2026-04-12 11:56:51,Jessica,28,US,Для работы,Advanced,10,1
29b00593-786e-4db2-8ac6-c7edfe50f922,2026-03-23 10:57:51,Gary,46,RU,Для учебы,Intermediate,15,0
fe480584-3bd0-402a-8e4a-8787c5f1e89c,2026-05-03 03:33:51,John,46,RU,Для путешествий,Beginner,60,0
8c12c18a-36a8-4abd-9c4e-886a668df2cb,2026-05-01 20:45:51,Christian,19,US,Для учебы,Elementary,20,0
a374e14c-8872-485a-bf56-aefcebab8d68,2026-04-25 20:07:51,Anne,33,DE,Для учебы,Elementary,90,1
94788bef-6a32-4a42-bc33-ee46745cbe6a,2026-04-27 21:04:51,Jill,53,IT,Для путешествий,Intermediate,45,0
ac7fdba2-77d4-433d-91d2-587051745ed2,2026-04-27 13:52:51,William,23,FR,Хобби,Beginner,5,0
b720877f-b150-452a-af19-6381de549b3f,2026-05-18 14:27:51,Jonathan,45,FR,Для учебы,Elementary,90,1
2ac49046-c4a2-45d7-aa0e-25e2eccf9470,2026-05-15 21:28:51,Katie,38,IT,Для работы,Intermediate,20,0
2395fb79-4bd9-49ff-ac5a-bd381d88d59d,2026-05-12 23:22:51,Allison,55,IT,Для работы,Intermediate,60,0
38b9579c-2321-49a9-b695-18083bc9231a,2026-05-14 20:54:51,Joy,54,DE,Для учебы,Beginner,10,0
e613d501-25d5-45e3-a38e-6b398bb02018,2026-05-31 11:46:51,Robert,37,RU,Хобби,Elementary,45,1
bbdfb977-45aa-4c72-9813-09e39a2d210b,2026-04-11 21:43:51,Jacqueline,36,IT,Для путешествий,Intermediate,30,0
1805010d-ee22-41ee-a7b7-0e0e0fe851ce,2026-04-30 10:00:51,Donna,27,US,Для путешествий,Beginner,45,0
beadf00e-8aaa-43c9-94ba-5c19a09dbd2e,2026-05-19 10:24:51,Michelle,55,FR,Для работы,Intermediate,90,0
22247512-ca55-43fd-b62f-29ebf16241e0,2026-04-01 19:48:51,Carlos,30,RU,Для учебы,Beginner,15,0
1b6ba13e-5ede-49a5-8699-7a387f69543d,2026-05-19 20:57:51,Nicholas,23,US,Для путешествий,Advanced,90,0
6449d92e-c2d2-456c-a12d-5e6bd8f35361,2026-04-17 02:06:51,Donna,46,FR,Для работы,Elementary,45,0
e6c36cfa-42be-4906-9390-f3fc11e7dcb1,2026-05-07 03:04:51,Angela,36,ES,Для путешествий,Intermediate,10,0
3b21e906-ef42-4642-ac10-3bd796b663dd,2026-05-02 11:14:51,Scott,29,US,Для работы,Elementary,20,0
0895c947-1429-4061-a3e6-4ddec74edebf,2026-05-15 22:26:51,Sean,33,RU,Хобби,Beginner,20,0
264acf76-28da-42be-a40f-b6ce395d2f05,2026-03-18 11:12:51,Mariah,28,FR,Для работы,Advanced,45,0
c23773d2-4a7e-4672-a50f-3545583ba253,2026-03-19 20:30:51,Victoria,22,ES,Для работы,Intermediate,90,0
b87f41d6-6f63-410b-a6c4-5c008d30af8a,2026-03-05 20:49:51,Susan,36,US,Для учебы,Elementary,45,0
c09a1253-e8d6-4428-94f3-0863e7fee8a9,2026-05-05 21:29:51,James,22,RU,Хобби,Intermediate,10,0
47702f45-0952-468d-9353-b23aa2f77bfd,2026-04-04 09:41:51,Laurie,39,US,Хобби,Advanced,45,0
75bc910d-6f01-490c-a610-26a772db779c,2026-05-19 12:14:51,Alexandria,33,US,Для путешествий,Beginner,20,0
a96e2b6a-766f-440f-b55b-aa9873820d5e,2026-05-15 15:46:51,Sean,55,ES,Для работы,Intermediate,45,0
d87fa47e-4d09-4f8d-a873-6ce88b0f6bec,2026-04-03 14:08:51,Steven,33,US,Для путешествий,Elementary,90,0
6ff48d2c-9b6e-42ee-a50e-37cc90cc704c,2026-04-22 11:03:51,Ashley,18,US,Для учебы,Advanced,60,0
5eb8ecb3-026e-46af-bc99-91505bfc751c,2026-05-19 19:51:51,Anna,46,RU,Для путешествий,Elementary,45,0
c1c06140-c89c-406f-ac9c-edb8d96ce527,2026-04-12 16:35:51,Jason,38,ES,Для путешествий,Intermediate,45,1
c6c33c21-1c74-44c9-a920-aa1ceae7a71e,2026-05-17 22:56:51,Elizabeth,55,ES,Хобби,Intermediate,60,1
8c5296f3-ca0d-4adb-8925-1b8a77243c2e,2026-03-24 01:47:51,Paul,18,ES,Для учебы,Intermediate,30,1
03466c52-aea7-461e-a4bc-3bca7ce71541,2026-03-10 05:24:51,Alyssa,23,ES,Для учебы,Advanced,15,0
f2a8ab44-6360-4186-a20f-2615c321788e,2026-04-27 06:42:51,John,54,DE,Для учебы,Beginner,5,0
476d27df-8cba-4782-ba59-efa36ba8d1dd,2026-05-29 14:49:51,Amber,22,IT,Для работы,Beginner,120,0
cb473aaa-ab99-4d31-b052-b401b57c91bc,2026-04-16 17:18:51,Jon,42,RU,Для путешествий,Beginner,90,0
76c069d0-d7bb-4aac-aa9e-252823487d84,2026-05-05 03:47:51,Andrew,18,BR,Хобби,Advanced,90,0
3707f76b-4b69-4c8a-91c5-d23c6f0b63f3,2026-03-21 13:33:51,Victor,26,US,Для учебы,Intermediate,45,0
f4a65f55-1639-49e8-8509-66ae9fe6bcb2,2026-06-01 04:57:51,Julie,51,FR,Для учебы,Elementary,20,0
759fcfd2-5e01-436f-9dc7-b95d537c6f5f,2026-05-19 00:26:51,Adrienne,26,BR,Для работы,Beginner,60,0
39f4777e-6230-4134-ac98-f8faf8f70517,2026-05-09 14:02:51,Ian,50,FR,Для путешествий,Elementary,60,0
a344458b-2d37-4770-ad3f-32d833c60b02,2026-04-07 07:16:51,Renee,29,ES,Для работы,Elementary,90,0
5a171b28-022d-477b-a603-c1eaaeaabdcf,2026-03-14 00:44:51,Lisa,43,US,Для работы,Elementary,120,1
c0b46124-2e3d-45e6-8cf2-a1b0032ce7b7,2026-04-06 18:10:51,Michael,17,BR,Для учебы,Beginner,5,0
7f2c2d86-138c-4333-87a4-0f5eef4ca29a,2026-05-16 10:07:51,John,48,IT,Хобби,Elementary,60,0
5f574043-0ca0-4e78-a817-841acbac7b0f,2026-05-03 12:58:51,Alicia,50,IT,Для учебы,Intermediate,90,1
2eefa775-4d91-44e6-a80f-dfbd4174446a,2026-03-11 07:49:51,Regina,31,US,Хобби,Advanced,30,0
b0ff9084-242e-4c51-b52a-e540d26562f0,2026-03-24 09:50:51,Katherine,26,RU,Для работы,Beginner,30,0
e778f68f-2b62-40a9-89d4-43499b7979d4,2026-04-19 05:14:51,Danielle,24,ES,Хобби,Beginner,90,0
9850ef85-ea7b-413f-b24b-6d0717fd251f,2026-05-22 23:05:51,Fernando,38,IT,Хобби,Intermediate,20,0
ee7060d8-72af-4481-947f-1ff87640c076,2026-03-15 06:06:51,Lauren,39,BR,Для учебы,Elementary,45,0
43903159-3e7a-41a4-bbab-9b6c84f7e234,2026-05-09 22:31:51,Crystal,22,RU,Для учебы,Elementary,45,0
59c772b8-1421-44a0-8331-45b7a91335aa,2026-04-24 18:51:51,Ronald,45,DE,Для работы,Advanced,10,0
1f7b04f0-ca9c-47c2-aac3-6742f61e3bb3,2026-03-15 17:54:51,Janet,38,FR,Для учебы,Intermediate,30,0
2a6fa1c8-f755-4eda-a9e2-dc52cd9f1981,2026-03-23 04:55:51,Mark,24,RU,Для учебы,Elementary,45,0
825d45dc-3836-4ad8-9e2c-d32e29cc2941,2026-03-22 14:11:51,Teresa,45,ES,Для путешествий,Elementary,30,0
6ee24eb1-1218-40da-ac9e-e2937cfb15de,2026-03-20 07:45:51,Sara,42,ES,Для путешествий,Advanced,10,0
f26e283d-6ce3-4d12-97c1-59a12d362e13,2026-04-24 01:31:51,Todd,43,BR,Для учебы,Beginner,90,0
ca767717-0150-44b3-bd37-467767b8b161,2026-03-17 08:24:51,Jaime,18,RU,Для работы,Advanced,5,0
91112d69-9e7f-42eb-a796-bf770b8f87ff,2026-05-11 19:16:51,Kelly,36,BR,Для работы,Intermediate,10,0
2060eb4d-84e8-4e35-b662-a6cb2e9cef7b,2026-03-07 06:34:51,Emily,49,ES,Для путешествий,Beginner,10,0
afba359b-6530-40c2-80f6-5a61352ff5cf,2026-03-30 22:11:51,Stephen,48,FR,Хобби,Intermediate,60,0
2bb808b8-3d4b-4b1a-b244-a4fb7b043750,2026-03-29 05:45:51,Joseph,39,US,Для учебы,Intermediate,120,0
821a7dde-3d44-4ea6-94fe-3ee68f3f1897,2026-05-10 17:30:51,Chelsea,50,IT,Для учебы,Intermediate,20,0
bb35e47d-1b9c-4e4f-a131-eee653faaf71,2026-03-25 16:15:51,Vincent,25,IT,Для работы,Intermediate,5,0
15043c7a-d3c9-4192-8288-7d2dbd7d3b5a,2026-05-02 13:39:51,Kristy,37,RU,Для работы,Intermediate,10,0
349c9534-57db-4010-9826-97d28d02cd6a,2026-05-03 18:42:51,Cynthia,34,FR,Хобби,Elementary,30,1
fc1e99d4-d4ba-476d-871f-fb9fd2c159aa,2026-04-14 11:27:51,Kelli,36,FR,Для работы,Beginner,45,0
bceaf9b2-8a8a-414a-abfc-aa022d6902d0,2026-04-04 18:25:51,Victor,50,US,Для путешествий,Advanced,10,0
134c20de-2550-406b-aadb-affcb849ef65,2026-04-12 15:02:51,Kyle,24,ES,Для путешествий,Elementary,60,0
ff2b605d-8afa-4837-9b4b-7878c7ae151a,2026-04-28 09:19:51,Penny,49,ES,Для путешествий,Advanced,20,0
52929eb1-0db2-4150-8beb-224a8cfc037a,2026-05-14 21:58:51,Wayne,43,FR,Для учебы,Advanced,10,0
b968fb71-6072-4312-b02c-50181de63ee5,2026-05-17 10:24:51,Joseph,19,RU,Для работы,Intermediate,10,0
bf9af73f-a771-4b5c-998f-465bca260d58,2026-05-20 10:32:51,Michael,38,ES,Хобби,Intermediate,5,0
ddc0d65a-ab89-4392-aada-1d20789cf411,2026-05-25 14:27:51,Michael,43,DE,Для работы,Advanced,5,0
6d60895c-8141-4785-93a1-fdacd364d305,2026-03-23 17:21:51,David,53,US,Для учебы,Elementary,60,0
bbd91bc2-792c-4389-9ce3-3bb15b7b9694,2026-05-13 19:29:51,Misty,24,US,Для работы,Intermediate,20,1
fd6133b4-3891-49e0-90f5-2916a05864f8,2026-04-19 07:56:51,Yolanda,39,US,Для работы,Advanced,60,0
e1035bc9-0e9b-4b65-aa98-6462d4516c1f,2026-04-21 04:06:51,Amy,37,BR,Для работы,Advanced,90,0
d9c8ca3e-3aa9-4843-80a1-c584606dfad4,2026-05-19 04:00:51,Audrey,43,RU,Хобби,Beginner,10,0
ee2a5f02-0136-4b6b-848b-ab2045c8a6d8,2026-04-10 12:59:51,Elaine,40,FR,Для путешествий,Advanced,15,0
6aab07bc-de93-474d-a109-9375c6200b30,2026-04-18 10:10:51,James,30,RU,Хобби,Elementary,60,0
b2084697-f1a8-4755-99f5-e6d68579a746,2026-04-30 18:21:51,Kimberly,45,RU,Хобби,Beginner,90,0
87fa3226-cd58-412f-a463-afd055d67bd0,2026-06-02 10:11:51,Heather,31,IT,Для учебы,Elementary,5,0
3f44dd93-b4f7-408f-a5a1-640de6c91089,2026-05-16 05:41:51,Joseph,33,US,Для работы,Advanced,90,0
664dd571-78c8-47ba-89a5-24c2b83f0c0a,2026-03-19 10:52:51,Steven,36,IT,Для учебы,Beginner,20,1
026bdd52-8bd7-45d7-b4f7-4e72b90c6ca1,2026-03-05 22:24:51,Anna,31,BR,Для путешествий,Beginner,20,0
e18e9883-c865-4995-a046-de16f656dba0,2026-04-23 09:12:51,Teresa,32,DE,Хобби,Elementary,20,0
1e33016a-ec42-4ef0-9979-c4b956d1ee4b,2026-03-25 20:10:51,Allen,21,IT,Для путешествий,Elementary,20,0
d829b96d-f33e-4959-8af0-a21f5764d918,2026-03-19 13:33:51,Jessica,34,IT,Для путешествий,Elementary,10,0
052dca29-6d70-4c8c-8737-66efb5cf14ee,2026-05-01 15:07:51,Christopher,21,FR,Для путешествий,Advanced,30,0
cc3d93a7-0059-4858-8fd7-c4d7e18a49ca,2026-03-27 09:23:51,Anthony,42,DE,Для работы,Intermediate,60,0
c1d868b4-04cb-4ce5-8341-36acad038d0a,2026-04-15 23:34:51,Tanya,55,IT,Для путешествий,Elementary,20,0
322b1fa1-1bfd-4747-b432-3a454d0a4f71,2026-03-13 03:53:51,Charles,37,BR,Для работы,Advanced,45,0
119beccd-3092-41da-97bd-4bdafb8c3b74,2026-04-15 22:17:51,Juan,25,ES,Для путешествий,Advanced,90,0
dd1fb104-b317-47f8-b699-a724b87907d3,2026-03-14 15:32:51,Patricia,19,RU,Для путешествий,Advanced,10,1
36572c46-cf07-4204-ab4e-114ae7219b32,2026-04-05 23:36:51,Kimberly,52,BR,Для работы,Intermediate,90,0
b1aa5963-f645-4f73-9ffc-71c0f833f8ee,2026-05-12 21:48:51,Andrew,54,BR,Хобби,Beginner,5,0
93878fd5-8b01-4248-bf6b-0cc2f63f29b9,2026-03-18 13:25:51,Rhonda,28,BR,Хобби,Intermediate,10,0
47b0a5cc-7173-4160-b4e3-3e454b220cc8,2026-04-25 06:45:51,Tammy,36,RU,Для учебы,Advanced,20,1
3eb8995a-a245-456e-afbf-82a13208a9d1,2026-04-16 21:54:51,Maria,51,DE,Для учебы,Intermediate,45,0
745cdf2d-acac-430b-b906-926e67b8ebaa,2026-05-12 06:02:51,Jennifer,52,RU,Для путешествий,Elementary,90,0
2326f651-552f-4d1b-a44b-2a44a6d971ad,2026-05-19 13:54:51,Julie,34,US,Для путешествий,Intermediate,5,1
70d09e90-4bff-4a4a-8745-e6054a0695de,2026-04-19 23:56:51,Anthony,46,FR,Для путешествий,Advanced,60,0
7587ac53-2398-4bdf-bdab-3dcc25a339fd,2026-05-13 12:14:51,Steven,32,BR,Для учебы,Elementary,90,0
04b1a079-06a1-4d29-870f-d8e31a0453a2,2026-03-12 14:49:51,Mark,38,FR,Для работы,Elementary,10,1
92dadd7a-1fce-437a-b0ac-9046a1fbd0b1,2026-03-28 05:18:51,Scott,27,BR,Для путешествий,Advanced,60,0
6a0412d2-ced2-4c43-a795-12496544b003,2026-05-10 09:50:51,Andrew,32,ES,Для учебы,Advanced,15,1
6ebc92ec-8522-4386-a3fd-0d1e09337190,2026-04-08 14:15:51,Zachary,25,BR,Хобби,Elementary,45,0
fec228d9-c6de-42d7-a04b-a60c4bcafcc9,2026-05-15 00:11:51,Robert,44,US,Хобби,Advanced,45,0
eec61805-da94-4b32-b5e5-befb77c5aa77,2026-05-17 04:30:51,Sheila,54,IT,Для путешествий,Advanced,45,0
49369b14-cf8a-4512-b5d1-5e2bef4306a5,2026-04-30 21:23:51,Steven,50,FR,Для путешествий,Advanced,15,0
cc8d5e75-ad02-494f-979a-77e63c66225b,2026-04-19 05:09:51,Wayne,23,FR,Для работы,Elementary,5,0
