transaction_id,user_id,event_time,plan_type,revenue_rub
8a61e3da-3346-4b38-86de-6d61d8630a8d,e0089133-8e26-43dd-91ce-c6887e9550b3,2026-03-22 05:21:49,quarterly,799
a280c278-84c0-4e02-8216-c28d65de352d,4f876de6-1329-4e6b-b06b-883fedcc4a96,2026-04-14 09:47:03,monthly,299
83e15c5e-74f9-4457-89f1-925768583ecf,9f15e1bf-4066-4df3-90e6-69ee5360ec0d,2026-04-16 00:32:27,quarterly,799
9949fb4f-07d3-4086-b8a2-398f07e40d85,c7169b7b-2e5e-43e3-984e-089fb43dae23,2026-04-09 18:19:05,annual,1990
0842459e-2d53-4034-a547-3fdcf9f183f4,83f5653a-773c-4c5c-82a1-c3b6a4a37ddd,2026-03-10 02:25:26,monthly,299
bcbe098a-bdf1-4c18-a57c-0cee257c0041,6faf5b4b-4727-40b2-9b01-4d96bc472cb6,2026-05-29 23:55:25,annual,1990
86d4c127-b843-4472-90a5-d27b7d9a4fd3,359b7780-7851-409e-b52d-38aa567c48a6,2026-05-08 23:20:41,annual,1990
259afdbb-086f-400e-aff1-46897910a203,55f5dde2-f433-4cc5-aaf7-109d55652e2a,2026-05-03 04:53:01,annual,1990
c121a426-4a29-419b-8e1c-a07506829e16,68efd610-6418-4803-bfef-d1f0afcb6a18,2026-05-12 16:47:25,quarterly,799
17b5bcb4-8d3d-49d3-979e-522c52cc5adb,c6985b1b-f3fc-444b-ab87-8dd804b2492e,2026-04-11 20:40:36,quarterly,799
2ca883a2-556e-4406-b2e8-981ce0eca149,36c86c2a-93c9-48d2-80e5-51175deb8174,2026-04-03 19:23:30,monthly,299
0c9d2c9f-827f-49e9-b2de-e948002576b5,157aa301-d2b0-43c8-bddd-86312af689ae,2026-05-19 03:59:32,monthly,299
d174be79-1108-4330-9a4f-2f2bd5fbe723,46fef0e6-0a23-47dc-86a9-cbfdcfb91ac4,2026-04-15 08:39:12,quarterly,799
ffcf9337-d6b5-460c-8a01-5ffc15201ba1,537fdda5-387e-41ff-8a3b-7e01904c0418,2026-06-08 04:20:36,monthly,299
62107c37-5f93-4781-8e29-3cc748c00ce7,85a61ba1-a833-47c2-a3bf-2460c61a5920,2026-03-09 00:05:53,annual,1990
17b6782e-59d5-442d-ab37-627e8ca834f5,1f949bf7-aa48-4eb5-b2ec-6136154ab559,2026-04-10 06:29:10,quarterly,799
0ca93b3d-f764-42dc-8dc4-f40efe179bbf,3cf1c5d8-fa58-44a4-8731-882977a836f2,2026-05-26 06:50:26,annual,1990
90a5eb23-db4c-4893-9e2e-d59fb1201714,fd733136-9596-4bde-b273-198543eb8fea,2026-03-19 23:02:59,annual,1990
6ea69189-0bc6-4017-ad76-5a29938c99a1,653a0956-e4e4-4971-838c-4a1811b88a16,2026-06-02 19:15:43,monthly,299
a56de1a2-a6e1-4c63-afa8-99af78f0bdf2,2c6240ad-cb37-4ff7-acb9-db13d06cbd25,2026-06-05 18:50:29,quarterly,799
6a5ae734-172b-444e-9c80-33d113d86b00,3455c4c1-433b-4dde-930b-e91560913f29,2026-05-02 01:45:26,quarterly,799
695d4654-c1aa-4c3d-bf91-fe28616c8793,3d1d973e-f533-48aa-a218-fc864cf6fe7f,2026-05-12 00:07:45,annual,1990
d44b8303-4bff-411f-bfc6-994636ec29aa,d3e482ef-bcfe-4ff2-98c1-e6b696b19091,2026-03-21 03:15:13,annual,1990
db529346-e8ac-4e85-a453-d36e367881ee,f90fc172-3ff8-497e-8384-9c9ad6f7062b,2026-05-07 03:25:36,monthly,299
698ea235-b32a-46c9-a4df-027556c9ae9e,4aaa342e-2206-414a-8c64-0eaab01670ac,2026-03-17 08:09:07,monthly,299
65d4e142-f2f4-4db3-b5a5-82da65569291,4feca782-0191-4880-bae3-64152a16c3d1,2026-06-02 17:37:48,quarterly,799
fdf0c02a-c9cc-4f12-afe7-43a870ac2b76,be1dcd00-4a96-4c50-9ae5-31df9660c19f,2026-03-19 21:38:41,annual,1990
49f5d047-6d06-4a49-a93d-e89108ed92d3,c43884e1-cc3b-48b2-8ae9-a6fa121e6823,2026-04-30 03:48:55,annual,1990
8a3865b2-5b45-41bc-b125-f0db068dcfb0,facb1123-32dc-4c1b-aa72-b35709b3c1de,2026-05-03 19:31:47,annual,1990
555a2d8b-67d2-4f1f-9e68-74341b2b47be,bb40108b-8d94-449b-925b-adaf8a71c7cf,2026-04-22 17:09:28,monthly,299
fe67b06e-15c1-4111-b03b-f2ba1deab073,279325d1-db54-48b1-89c9-d5344070565a,2026-06-02 17:07:14,monthly,299
2b979026-1779-4796-a461-cfd59f51d14d,fa2b2177-3773-40ec-a00b-eed7be8a2064,2026-03-16 14:04:31,monthly,299
b92ae689-2628-44ee-9643-3cf6539c1237,7d3f342d-9f1e-4d0a-ad8b-16721479b41f,2026-06-01 18:48:22,quarterly,799
d71b564b-6e21-49f1-88c2-e0830d18bd9b,72bbfc67-63e1-42f6-85a9-4c98ef5c3ba3,2026-05-22 20:17:02,monthly,299
ff31e2f1-4b94-44fc-ab5e-e4ab1d037f13,24e8d729-2d25-43e6-bfd1-2ad700700824,2026-03-07 14:50:35,annual,1990
7daaee0a-9057-4d41-be47-51b52b6c0411,9f633f41-14d3-4db1-b75b-2e337d7400e1,2026-05-13 16:41:43,monthly,299
dd8992c1-6cb0-4e2f-8ed1-f94552070a4f,be5ce1a7-9f27-489e-9544-75c471cdc1be,2026-05-04 05:33:57,monthly,299
2ed24eb0-6dea-4361-885f-beb85a3b2a9f,cb18942a-efa3-47dd-a9e2-0c10c2e26019,2026-05-22 21:21:10,quarterly,799
957d44c5-fb8d-47d6-a451-479b8f0f39a8,b5ce7e58-d209-49cd-8022-38ef01f04012,2026-05-22 07:42:26,monthly,299
0ea5dc6c-968a-4ac7-ab12-0ad449fc9ac2,0d3076f4-99db-4d44-89bf-41dd6e70bdee,2026-05-13 08:13:07,quarterly,799
db3955d8-2c5c-44a2-a9ef-31c81de3fa20,39b72bd3-f193-40ba-82b5-42d8fa601f49,2026-04-11 21:29:53,monthly,299
20b9aa34-3add-4029-9a25-dc3e75efd67b,e95a3d4f-9c36-4c9e-bd1c-2cd162d72b23,2026-04-25 01:54:49,quarterly,799
c2b9c36d-490a-4315-b1a2-46a96a38cc0c,fdadcd7c-215b-48a1-8dcb-e8429339f4b8,2026-04-10 09:00:13,quarterly,799
cc1285d5-a34a-42f2-951c-f030b495d216,a04322bd-198d-4aa9-8383-bda5d0998fc1,2026-05-08 20:25:24,monthly,299
cc6e9efe-921d-46e5-96c8-2bd340835113,f7178dfe-463a-4fd6-9f8b-a34e332df5a7,2026-05-18 08:16:42,quarterly,799
af2e76d6-2209-4504-90bd-f92e181efbae,a3d7de9f-2f46-419e-8eda-41b5ada582ff,2026-06-01 06:02:18,quarterly,799
3f53597e-6031-426b-b4c3-99b40827bf38,74626ac7-5191-41fe-a276-41ba0db20c9d,2026-03-26 10:39:44,quarterly,799
4cd9721b-6e48-4f7c-9dc6-76b8a16197cd,6bf13d00-bd9b-4ddb-907e-aaa255d5e96a,2026-06-04 20:40:08,quarterly,799
4d780e37-c5b6-4d1a-be34-8507bf17871b,40b48a06-db83-4c47-a9e0-9174b79adb64,2026-03-16 17:52:58,annual,1990
2b4660e5-ff67-4043-99a5-07fb5bed20a6,8d74e8d0-977e-4494-893d-fea09b2694d7,2026-04-21 21:09:39,quarterly,799
aa8a20c8-4c56-4187-9a7c-f86edcfcc15c,377bf9cf-5a6a-4033-bcf8-f20d80589a31,2026-03-22 02:47:08,monthly,299
a8cb8f72-9892-42df-8c72-139c3a19aa3e,ee44b856-1527-4f9b-9bfd-2399ff35d468,2026-04-11 20:04:28,annual,1990
871139f5-79bb-4f78-abe5-28916106dcc3,ac5eb003-6060-4fc2-b287-f848b3d9162e,2026-05-04 04:39:53,monthly,299
38e2eee1-b30d-4b6b-8fff-21b81a123839,b39d9958-8c73-4b30-9614-d63dee1f2f6d,2026-05-21 17:24:15,monthly,299
95b08a8a-a921-42f2-8454-e7796655ffdd,e6fabece-3956-40fb-a626-b7f8e19603dc,2026-03-21 02:40:27,quarterly,799
588fab4d-5934-4ef8-aa0f-7e7ebdaa365d,54754307-e32d-4e9b-b26f-562cd5077560,2026-05-15 17:01:19,monthly,299
3def7a61-dec9-4c16-b4a8-f141651e53c5,e7d1cbed-dc1e-46f2-9629-1807bf89e19e,2026-05-26 09:58:13,annual,1990
aea17ac2-0df2-4501-9a54-aab123c5ccef,92115b41-f9d9-45d6-bd2d-1ed1e04cae5a,2026-04-07 01:13:49,monthly,299
bb2dfced-9a5b-49a0-b63b-accdfeda462f,ce392717-c1da-4328-bb4a-04796f789c69,2026-04-16 03:46:02,quarterly,799
b23ee982-a912-4636-a11f-0b533d049ff3,f7741a9a-832b-49f5-b59e-f0f407012659,2026-03-29 20:16:42,annual,1990
975552ed-2c0f-4ff4-b06b-d76cd46bf1fb,6f58c1f8-87ee-4c0f-a1b8-d47cd67436b4,2026-05-07 03:21:34,annual,1990
26e0f141-4088-492b-9892-df374eeb576e,fcfc3e2b-6547-4b3b-9939-17e60f31a67e,2026-05-16 21:54:24,monthly,299
5f0690cb-94c8-4910-9ba4-28f8cf80fef1,fb9ee838-8364-4b90-8837-245c3dbfbe3d,2026-05-24 04:28:49,monthly,299
3835d6db-3537-4fdf-84ea-ec41a14c6632,c4ff1b4f-019b-4044-a885-92c9c48decb3,2026-03-05 21:58:53,annual,1990
5d15469c-dfe4-4897-b47d-f6776598b0e7,2533e309-2a2d-4f6d-bd8a-07ebb2d3dd2d,2026-05-03 11:55:54,quarterly,799
8fce3dd6-f0f8-49c2-a711-ac99a346e5a7,6b15f66f-5887-4f23-ba48-84bd8d9035b5,2026-04-07 22:41:25,annual,1990
a457cc81-32c9-4cee-8d29-ec966b37fa40,e0ccec5c-e3a1-4a9d-a206-40e5ad04eebe,2026-04-01 00:36:14,monthly,299
53545ccd-3106-49db-a7b4-cbedeb667c46,771d2a5d-d015-4e6a-9126-6631e7a17b79,2026-04-02 19:09:09,quarterly,799
999308f0-401b-430a-ae71-60e0fcf3bf19,1141ee49-ede0-49dd-b6e7-4d37ea0a760a,2026-04-06 13:28:03,annual,1990
fafee3c8-cd7c-40c2-8479-57a3d6f27977,2883de28-8f57-4adb-a19f-3d2dbd3e0ca7,2026-03-29 11:04:43,quarterly,799
54dd2772-d1f2-4b5f-8e2e-670c760b383c,0ac16817-d1bf-4816-aa05-3685cb244d1d,2026-04-27 21:00:28,annual,1990
64ca89c4-9f7b-4b7b-b43f-79f1f855c268,fe22a413-be80-4f6a-b4bd-ded162b9753a,2026-04-23 12:49:24,monthly,299
cd3a1169-283e-4b8d-bb88-9371daf3cee6,d58c2740-0c64-416d-a03c-7a5ac560bea0,2026-03-20 15:00:08,quarterly,799
90d7ae4c-f469-4edd-b6e7-ac28133bb0be,fd032d3a-d84d-4e88-9428-c05025c9a37f,2026-04-25 19:13:34,quarterly,799
1aefd63e-26f2-4dc3-b13a-1be5b225dbaf,1d3ffb5e-394b-4ca3-85bf-f3192ad5ba2a,2026-03-31 00:17:33,quarterly,799
e18e8721-8ad6-47a5-bbb9-563cf6e2c087,79274043-c0ad-4560-932f-bc43ba588a12,2026-03-18 11:32:38,monthly,299
28895898-8023-40aa-8e5c-dea873b56fa7,f85c827c-b015-42b4-95be-d830440f667c,2026-04-26 15:22:28,monthly,299
76d6ae22-a6c7-4fa5-9ac3-a43f2fa63508,59c7e4bf-9888-4541-8470-1f2af7a58376,2026-04-21 07:03:12,quarterly,799
d415fd56-50f4-441e-8772-fb677d47f715,4ac31af6-a76a-4490-8f90-290a29a69600,2026-05-15 20:38:36,annual,1990
897476d9-f463-4897-994e-9469b65f5f2a,3ce9127f-e4ac-45c9-9d55-7b1424dd6a45,2026-04-28 00:51:07,monthly,299
3c996f6e-e5ac-419c-af6f-3bd673369e5a,2a0a9a58-f076-44a4-a0e0-950bd8987250,2026-03-22 18:32:53,monthly,299
1dbb0723-bb73-4c1d-86e7-fd8ccf78061c,497d3778-3469-4010-9ee9-0eb5c6cb2648,2026-04-16 20:29:08,quarterly,799
a13ce7ed-ddca-4170-a164-378be9c50548,96d431ec-12d0-4544-b626-f9003981d0a8,2026-06-04 18:20:56,annual,1990
da2fed22-66b5-4115-b68e-6b1a1bafaabc,a362eea8-3418-4ef7-9d8e-ce05cfcbf087,2026-03-27 03:50:33,monthly,299
d9e538b4-b964-42f2-8536-25d1f71dbba6,531d06f9-2ebd-4bcb-b27a-5e8f8b093b5b,2026-05-27 22:30:37,quarterly,799
787dc131-16eb-430a-8193-e1204cc3ed01,a159cb84-1cce-460c-8ee5-82650bfae8f6,2026-03-09 04:04:41,annual,1990
0701674e-0f4e-42ef-b008-aba5c0ae7a9e,aaece9c2-eff6-4bc4-ac8c-f286cf5b5060,2026-05-30 11:26:50,monthly,299
b753ea1b-8b85-4a75-800b-61ef7dd63ce0,98ab9b2b-fac2-4c23-bbee-ec6fda0295cc,2026-04-21 10:55:55,annual,1990
1d26f7ed-93bb-49ad-860b-9fa9c8d7f2b8,103a5feb-ff99-424a-91f0-9ec971f3dbff,2026-05-28 20:50:45,monthly,299
3df4d36d-a242-4019-ac5e-8d8709274c6b,5420f32c-57ce-4c23-90b0-9d084e199c78,2026-03-24 06:48:55,quarterly,799
1083124a-7f24-4123-8641-d37e350408ee,cce1c74c-86c7-4758-9715-c3b540020b1f,2026-05-11 18:27:39,quarterly,799
1649ee3f-0e2b-423d-acc9-72cadc067803,1678d50b-a272-4556-ba99-eee350bdca16,2026-05-07 09:55:31,quarterly,799
15b0bc37-53fc-49a5-afec-63aed021e753,de34798c-010a-4dd8-a155-35f05466dee0,2026-04-27 09:13:41,quarterly,799
523ce4bb-d09d-47ee-b63c-da9e29992905,78801dc0-41c8-4412-96b8-1cf129d4147e,2026-04-19 03:27:38,quarterly,799
b1e3cfcb-97e2-4ada-a199-4af94d2a2ec6,331441f4-8380-4767-aec6-a4f907524a34,2026-04-13 12:18:58,annual,1990
d4e89617-3833-4f9f-abb1-b2c382e25db7,c83da3a9-1279-457e-bc9a-904f41f3c645,2026-04-28 06:56:56,annual,1990
8872d767-fd53-4edf-b9ef-954876fd5baa,dd89fd8c-b890-4515-9f66-bbfba9f865d3,2026-05-07 20:26:16,annual,1990
68eb2c08-95f5-4fa0-8506-0e4a4dd5b584,bfbdb7ac-f1ad-4717-8faa-bc18cb276375,2026-04-25 15:24:18,monthly,299
c8ad0cc2-7d4b-4bb2-b0ad-afb96c366196,94444e61-00a7-4b76-8b61-52a729720366,2026-06-15 19:19:03,monthly,299
6a644797-1658-49d9-81c8-fcf9f23d0e72,6ff992b7-3fd9-4e44-9631-5fb717cd97d6,2026-05-05 22:31:18,annual,1990
dd766015-9f10-4a0f-8d46-28bc413e8f8a,83b5cf3f-9812-4527-ae1e-5b91bc069a5f,2026-03-27 04:12:21,monthly,299
71a79463-74cd-4ec8-ab84-4a2a3f7c9f93,1691479e-aefb-4549-937d-5b604ab3b130,2026-03-08 21:54:34,quarterly,799
c7e5221e-994b-457d-aac1-dff63d829ff3,25a7a8b1-5290-4f7c-b241-561a3ea0eb26,2026-06-01 15:15:01,quarterly,799
55d96a35-8391-42e3-b9b6-f3a1949de27b,c2f30ce3-9de1-44f5-bd26-b8a23bcd8759,2026-04-26 00:16:23,annual,1990
7d81b3b6-ea8f-4ce7-92c7-9e087e42bec5,56d67972-df23-41bb-90af-8c7992da7bb2,2026-03-12 13:45:09,monthly,299
242d3c61-e213-40b7-99e0-2275d492f459,96892466-c11c-4b0e-bb45-9cb338d73414,2026-03-19 00:34:54,quarterly,799
56e7c6fc-25f3-4c3f-acd1-245b3a9a1cd8,6d775f74-5a9a-4384-b8d6-9dc6b53076f3,2026-04-07 15:18:24,quarterly,799
5dafe687-9bc2-41be-ab04-b4d363374b29,5cc468f6-6714-4a63-b848-cbe10b896221,2026-03-07 07:38:40,monthly,299
874b3f21-83da-4196-873a-f398cccf671e,929b0167-192e-43ac-96f8-25266336b464,2026-04-24 04:13:17,annual,1990
b6772591-b92f-426b-a41e-56eaa3137852,6d653036-498f-4069-a067-bc49cc058ee9,2026-05-13 12:57:09,monthly,299
ba21d4af-810f-4936-a676-54499c1d82f2,377b29d2-b88b-4467-bde8-4237da63691d,2026-05-22 01:16:45,monthly,299
a2de693c-20d8-46a8-9671-0b40710f8b18,befb3eb3-4217-41e4-afb0-9f6baaf589de,2026-05-08 09:11:24,quarterly,799
8e62bc5d-d948-485f-b4c1-cb8569b8ee19,76590eab-1ae6-4fbe-8dab-6d013aa4468b,2026-03-27 02:45:50,quarterly,799
ac9d8834-e378-4568-8ba5-cda6354aeda3,93105d71-cb3a-47ec-9a94-cb39d0e07af2,2026-04-29 09:40:58,monthly,299
6a9ae440-097c-428a-a774-161831866aa0,9d44c950-7b34-47c8-a6cd-1110bff1b9c9,2026-03-25 10:16:39,quarterly,799
c98a8b5e-e1d5-40bd-87e0-779b37f967a2,ecad6b44-bedd-4b53-a3c4-74ca061d94a8,2026-03-12 02:46:26,annual,1990
9c72f4b6-7e37-415f-a533-443e708618e1,51027c40-e964-4563-8c07-ec9f4e3c024f,2026-03-16 14:13:31,annual,1990
2d23b5e2-2395-464b-9bf4-0e9a7b07eab3,d6a6d044-fd97-4236-b5ad-005e836a4c78,2026-03-24 13:29:18,monthly,299
c2b5d52e-b2c9-4c43-bce2-dfa13e9d9975,8bfccc2b-096f-41f7-a2b7-35b0b2e52e22,2026-03-09 06:32:33,quarterly,799
ab071bad-f592-4e39-be81-e1d08f2c8fd2,7570f71c-60b2-48dd-a386-c71014cc30a0,2026-05-10 06:53:04,monthly,299
b1342e47-dd93-42d8-ad5e-fe172b56fbae,36365bc6-fdb1-4533-9e89-54b43e8d3e86,2026-04-13 08:14:58,annual,1990
c77cfa6b-2d40-492a-b6a5-8e6e2c885731,00fadeae-5fb3-49e5-b62d-6cff5751b153,2026-03-31 11:30:23,quarterly,799
10ba5270-86d2-486c-bfbc-ccbe5d91c653,0f872d49-befd-4542-9e56-e4fafa3b9a0b,2026-04-10 02:33:03,annual,1990
1f18d342-747a-4d9c-8ae9-46c253e21b2c,f1826421-b32e-4f49-8731-30f1f7cd97ee,2026-06-04 11:11:52,annual,1990
7329b4b3-b0b1-4faa-ab81-f5be2e960c18,d73ead34-f01d-485c-a467-3a0a3f7aa8e5,2026-06-11 14:36:49,quarterly,799
c72693cd-f9e0-46a6-a220-c293e2c3c168,d42d16db-b200-4c5a-8f0a-b5f531a32cfc,2026-03-22 02:20:23,quarterly,799
834741ac-eb5b-4a54-b19e-ebd533182dee,a5feb2cf-74ee-45f6-b454-123247fa9d17,2026-05-09 10:32:05,monthly,299
e1a1003f-446d-493d-bd64-83314bbab758,be9e4be3-d2ab-409b-a794-1f08098df633,2026-04-27 11:32:33,monthly,299
cd4dad3b-bb1f-4209-882c-c3484eddc863,e75d8af4-a76f-4248-ae8e-ffa0eb43b81d,2026-03-10 12:37:22,quarterly,799
c3f94602-9866-412c-ae9d-f1702f19ee95,1b745b83-dea6-4248-8583-7044b9d05dfb,2026-05-21 08:44:14,annual,1990
72280573-627f-46d0-8509-860b822885ce,527b1a8b-a2ef-4809-8354-c2f58c8e9170,2026-05-25 06:04:40,monthly,299
41a8fed2-f4b2-4910-ab0c-13240e324d52,134120b6-6509-4c6b-bf8f-ff47e642ffcd,2026-03-23 04:32:50,quarterly,799
b885c6fc-d78c-4966-8a0b-3e4d43fc2f16,d4a499a7-62d9-444b-a88d-18ac20b43d8b,2026-05-21 15:46:44,quarterly,799
0c478a90-2036-4db6-b5a3-caf47f699469,44af95c1-9ebd-431b-af0d-c32d2a1ea856,2026-04-25 21:29:01,monthly,299
d3bfa460-d6d1-4af1-810a-c29c3bb067bb,86ee6335-32cc-42df-8c6f-46e5ecd34c3b,2026-04-01 06:19:16,monthly,299
32a8371d-b192-4cc9-b507-4194fb8ff9e3,50a36c7b-04d0-49fc-981c-684a429c9422,2026-03-14 12:44:59,monthly,299
291346c7-3867-4008-820b-95704a34f8d2,f18500dd-5c40-40bf-96a8-5a2f0b659afa,2026-04-22 01:07:33,quarterly,799
21824dac-384f-4865-88bf-a15128510887,fc47189a-f957-46ef-809d-3d9f84957259,2026-04-12 04:02:57,quarterly,799
7301a4e1-1b13-4130-a29e-ff90c28a6ea7,30cc303f-e377-4060-9a45-63c2fc7e5d64,2026-03-27 07:02:29,quarterly,799
427fa790-027f-4d51-a177-5b278a4c6987,8cc10141-1dc4-486f-9015-447da665115f,2026-05-25 22:14:30,annual,1990
96156044-9d7a-4b8e-ae95-46a82bc307ab,0e53832a-b7c0-425c-9964-b90a158ff8d3,2026-04-11 12:04:42,monthly,299
02f7c89e-2093-4a2a-99ef-259a47c7a54f,987fe54e-a83d-495e-ba4d-ff7e9fea73d9,2026-06-09 01:35:58,annual,1990
a6fe3b12-062f-46f6-ae2c-75716e6a0912,859b9796-9f97-4fe6-b9d5-d0c787ca7ed6,2026-06-01 23:25:49,monthly,299
3fea6a81-c675-418e-95a8-212c03a91827,ac88da50-6f8b-402f-b5fb-3294fd03cb1b,2026-04-07 21:31:55,annual,1990
00e31c6c-c736-460f-a07c-28cc71310467,6081fba7-6a74-4d81-91ed-e338e82f7ed3,2026-03-05 08:09:15,quarterly,799
e0733b99-390a-497b-8595-c2c753a9ba00,1192d365-a235-4866-ac7a-c580ea83c05f,2026-05-04 22:46:59,monthly,299
a6fb67e5-c715-44df-ab43-dd06df49518c,91e135c2-89ed-40f8-8095-47d44f6f7193,2026-03-08 08:15:31,quarterly,799
54ca5ec4-6018-4330-82c7-33d8eeeee71f,091ca1a0-c634-4fce-84d9-3e05c37104ab,2026-03-14 10:19:09,quarterly,799
8cfa72d8-1f7f-4a66-8b9c-f3065ca11444,ce4886a1-0e44-49f7-b30a-492d1ce2a9b7,2026-06-04 20:55:57,annual,1990
dc6a32a2-1793-48a9-a713-d59e764bfb92,cd77c475-d1a1-466f-8351-62c8c81fa2cf,2026-04-29 04:00:44,quarterly,799
7f2c1f9b-95d8-4629-af43-09fb22b77e24,1da3be21-22c2-4b8a-85c1-18225d42f9c9,2026-05-26 05:22:46,quarterly,799
ef2bcae5-3714-41fb-a062-23a17aab1913,0ff26f58-367b-4beb-86bf-26437c3d08ad,2026-03-29 14:10:58,monthly,299
68671e98-404d-48a6-a2ea-2d2d6a017d01,164e7b37-207d-4688-ad57-4892900e616e,2026-05-02 08:24:46,quarterly,799
49c4500b-f482-4a96-b42b-8e43988ab438,1e3b3d3e-2f19-410c-bd7e-02c1c48dd28a,2026-05-03 20:45:58,quarterly,799
dfab2747-3c04-4648-947c-5a3e15f80e70,e07ad87f-66ef-48ef-a770-9ec0482f5cdd,2026-04-02 17:44:49,annual,1990
3c053f0e-6a8e-44ae-8807-1df341612602,0b9c4c50-7b09-464f-aaf7-b6cd1df1b456,2026-04-24 14:00:52,annual,1990
d72b39dd-0f5a-4d88-8eb1-a54e3d983404,7177ead9-fac2-41f9-ad3c-a2970afc2f88,2026-06-16 01:23:09,monthly,299
4c4246fd-1a38-4636-92a5-2ff9fcb4cccc,d96fd59e-1dd3-416e-a9a9-1369a6976bd8,2026-05-22 02:33:11,monthly,299
269d8858-b9c4-43a8-924a-6662ba060f89,61c20734-dd95-4322-b1b5-955771e6fcbf,2026-04-04 14:55:43,annual,1990
56dcb9a2-9f6f-4c3e-b311-335a19adaccc,31cee48f-b82e-4de6-a0c4-e4c890058411,2026-06-06 06:12:10,quarterly,799
5f56c437-0bed-4a08-9e0d-c0efbcc8d7fd,ffae89b0-606b-495e-98b0-bfe7d5f71344,2026-05-04 16:56:00,quarterly,799
99f49af7-609e-4444-9269-a329ed4d646d,049cd91b-7feb-446e-9656-c9e74db28ad1,2026-03-14 02:38:58,monthly,299
bf46be81-7e56-49b1-b782-5b6a70b0a941,ed7e8c15-4be3-4248-bed1-c7f8040ceab3,2026-04-02 16:03:28,annual,1990
9c524fcc-c289-42a5-9e1f-ca8ef749756a,094c485e-e0a4-4362-9be1-27920efd4e6b,2026-05-05 05:17:12,quarterly,799
21517abb-5f59-45bc-8ad6-8276cdb360a3,cf6bf2b5-5515-4586-81dd-b574bf331bd9,2026-05-11 01:54:32,monthly,299
bb95a820-3c14-41af-8d4f-c0c54b0f767f,d53477f3-678a-43e5-aeb5-0aeee6413b76,2026-03-15 07:10:00,monthly,299
4f7f9ac4-56ae-45c9-a8f9-2737cd746be0,424fca62-c4ce-4e9d-abd8-3fe093646123,2026-03-19 15:32:10,monthly,299
4081373e-9b87-482a-a479-3913a5cd4b5c,c4b394ad-d4bf-4b75-9c57-b3353e599cfc,2026-03-09 12:27:28,annual,1990
036bd34e-8b84-4b8f-937a-f7eff0e275d9,0c330dc2-933c-4e78-acfa-66eb185e5437,2026-05-29 19:29:09,quarterly,799
2b94fbb2-c8df-4b21-8ca6-1821285de652,100486da-dd4c-4c09-ae1b-1807ae3b6607,2026-05-20 08:02:16,quarterly,799
4b4ffb99-bc85-4388-8825-36666cf0689f,b5133a71-7f90-4c4e-90b0-065cbb6d072c,2026-04-01 02:57:16,monthly,299
5ab0c365-85ae-4381-bff0-95980a13ac8c,415a3079-23d2-4ed0-a305-a006d0b654e7,2026-03-14 12:57:02,annual,1990
74ea30bf-5782-439a-aec9-f329c490aa21,f6d314a1-3c45-4f0d-ab99-fad1e72aef41,2026-05-16 07:15:05,monthly,299
98b5163f-6869-42e6-ac6d-e69765183aab,70d96721-cb49-42ac-8fd6-eb1a97dfbb86,2026-05-05 10:12:12,monthly,299
b40afb8d-b57c-45d5-b164-3e16d09db72c,500c5159-0fbf-44ac-98c0-3b1e3bd181be,2026-05-09 12:58:05,annual,1990
3c08a17f-1376-41ea-83d1-1913a04a3a84,1783d0d4-e4f3-48ba-a88c-ddd9a2ef2a2a,2026-05-26 10:54:50,monthly,299
9d5e37b1-7d15-461f-8d8c-910d32ea7766,5630a1f3-186b-4e0a-bb65-78fbf7208284,2026-04-30 07:06:23,quarterly,799
58f63c77-a3f9-473b-80ca-939a0ed23cf6,00a49d80-2832-48ee-81ec-505f0dc496d1,2026-04-13 03:09:23,quarterly,799
859cb5ac-5b73-4450-9b5c-230eca12f992,acc35d47-f149-4337-a9fa-e7e783f2c539,2026-05-20 10:43:44,quarterly,799
7ff54fc9-7e6e-4c9d-a655-939af32d21b3,91dfbf6c-f884-49b7-a0d7-efb5670b5ae7,2026-03-14 16:34:51,quarterly,799
c2587bd2-170a-46a2-aa9e-7391308194b9,3eac2ab3-be83-43ea-b01f-8ee811a84381,2026-04-28 10:34:39,annual,1990
a11edb3e-5bb6-4d3f-9265-28b764c7c0be,bbb715ef-25a6-4dec-916c-6398c6645ef5,2026-05-12 10:49:29,monthly,299
149dff0b-eac4-478b-9129-0d7fabfaf924,6b099aee-0f3d-462e-9647-494fa74e9e3e,2026-05-20 04:35:41,quarterly,799
c5c2edcb-f29c-443c-a738-6adeb2171f88,a3a6afee-de4c-40e6-a971-2ea858fd498f,2026-05-04 16:20:29,quarterly,799
b015d21c-9fc0-40da-8086-c1c36c27c955,b661bd36-dca0-4b9e-a026-53161f9a6acc,2026-03-29 15:01:27,quarterly,799
ebc51c1b-638d-4a8b-9014-dfc7b0fdb43a,69af6796-c4a1-4303-a4af-77894110bf41,2026-05-10 05:43:27,quarterly,799
eafb3fd2-1170-4abf-90e9-a69e6738dd4d,fa3404be-61ab-411c-b818-47fb84e4a1ac,2026-05-31 18:22:56,annual,1990
4727abee-c696-4332-98ea-0dba0a5fb821,4b8d5d9e-7755-41ca-b087-087d929c264c,2026-04-20 15:52:32,quarterly,799
d3648f68-71a5-4e4a-b054-22494a74d555,a2c073f3-2341-4226-9bde-4a69aedef997,2026-04-08 03:32:13,monthly,299
94947843-7dc3-4792-bfc9-1ebf104f4e0b,c0fcd596-11e7-4499-9898-0f82a664c61d,2026-05-10 06:16:50,annual,1990
b496a430-f067-48e1-b071-00aff6c798f3,65376fd1-bae7-40c4-85a3-afaf5f74e7a4,2026-06-05 06:22:29,annual,1990
07cf530b-c4c4-4b1a-a04b-a1f843640417,918a502d-99f5-43d3-bf6b-9f12d7529a65,2026-03-16 17:27:50,monthly,299
a08b9ab6-8c43-4695-a7e5-a403f7681dc0,42829be3-8c6b-42b4-8bb9-7f9fc4f0bdc6,2026-04-28 11:19:24,quarterly,799
a9ade0e6-1eb5-47aa-982e-d25712d1a7f4,90d83bb9-b285-4b50-9325-aaa13e015ef4,2026-05-04 17:14:44,annual,1990
a7a89c4a-a29c-4d1e-85cf-73547a326a66,b31ee02a-5080-49b9-92af-cf102b1d0048,2026-04-29 14:52:59,monthly,299
329bc4f0-2eed-4102-9172-8947c9f1954d,b33d7048-b4f7-4df7-be26-9738a9bb1edf,2026-04-03 20:06:43,quarterly,799
86861097-4215-4926-a4b8-065ea9beff79,9c28185b-e19e-430b-a825-dda5770dbb62,2026-03-25 10:39:00,quarterly,799
db4b19b5-5d20-4f8d-8b42-7fe2ff1d0246,7d88530f-6ead-4d86-9b21-e78410b0ce0e,2026-04-21 10:05:06,annual,1990
16d38d83-c894-494b-8d42-ecef3146cc26,b5157868-ada1-45b4-948d-808b48ad4e97,2026-04-08 04:54:56,quarterly,799
a3008dcb-4a8a-42a1-975c-7421b7833c32,079da692-36c6-4bc5-a44c-05e60862b6f2,2026-03-21 19:44:05,monthly,299
231e56c1-c757-4afb-9889-5b299b0b5ab8,5adc6223-5f06-4192-848e-f6c71f1472c7,2026-04-09 09:03:42,annual,1990
068fd34b-3199-405a-aad4-f05db39a6eaf,0bbe921a-afd1-4638-b403-ce60af039c03,2026-03-27 12:55:24,monthly,299
1c72d658-4071-4d73-84c0-6ea6b407a074,3277d409-4690-4fed-9f60-1ca811eddceb,2026-04-11 22:35:19,annual,1990
71d77a5b-ea97-4610-8404-0259fdf10b06,ad0b5415-4fad-4a6d-98ba-0ad91fdcd7b7,2026-05-29 06:14:20,annual,1990
c1cd6255-04c7-4f93-8abc-5f9d2c842732,f07450cb-21bd-4d7b-8f9e-098188e1cd17,2026-06-11 20:40:36,quarterly,799
4d4fe5b4-5ed6-4395-b1aa-1cb714a244ea,ab2d4533-bbda-4688-a980-2be6493c3968,2026-05-02 21:16:23,annual,1990
beb118bd-9324-4e83-a6d3-8398fda8eb98,9c183723-5a32-4c4e-bb16-6fd1f5388bf6,2026-05-10 08:44:51,annual,1990
10c7fcd9-ee2b-4b59-a5e4-a4ac4afcfd47,5240e6a0-fd7a-47be-b07c-463ac4d0a246,2026-04-02 10:16:53,monthly,299
33bce082-4e57-4227-9e60-fe39f57728b1,0954574c-1382-457b-8a6f-5cfa0f79caf0,2026-05-08 13:43:00,monthly,299
69375be2-4d4d-4fe7-b9ba-5f2fec08dbba,753ddbe3-2a8d-45c4-a6e7-6928ab2f6624,2026-04-24 20:34:25,quarterly,799
d1022c9d-483d-4790-9b35-17168858e364,b1c8d798-33ef-4ee9-865d-b0f14ce3082b,2026-05-19 13:41:35,monthly,299
f465bcab-1810-4c47-a449-210a73a5ebb1,a098eb67-80aa-47b9-94dd-3263d8f78bb3,2026-04-12 06:51:13,annual,1990
889ed67a-0f06-46bd-92ba-085300c05aa2,f90bb27c-5295-461e-acce-a4a8bd1c33fa,2026-04-22 16:37:46,monthly,299
df121eb2-a864-46b2-9108-15c4e0cf609d,f91b8710-7380-4878-adfc-0b343965b934,2026-03-10 10:28:57,annual,1990
2c3081d8-5301-48c0-9e97-4e7711ad0e3c,4d30006e-69b1-456d-8134-748906bb40e9,2026-03-13 08:57:02,monthly,299
e58ecc9d-9955-41fc-82dd-e2c5cdc9c0b9,0f64ba0e-f932-4d95-ad53-1b2d5614bc9f,2026-05-23 16:28:59,quarterly,799
92f9fc71-8d8b-40d4-ad1e-b68054a774bf,8a832204-1a8e-437c-a45e-6758b6f014ba,2026-05-13 15:03:27,quarterly,799
4907472c-89fa-4914-a2c5-03f7393e5491,4b302fdd-10d2-4b44-8519-12848cb7a578,2026-03-24 14:19:40,monthly,299
698603c3-cd00-47cc-a429-9b06a48499bd,05c70de0-9e33-4c92-ae16-6ba1100109fc,2026-06-03 22:49:21,monthly,299
26a748a3-6331-47f0-bf7c-ec30cb5532e7,7fb3ba98-33c2-4e06-b47d-a78a152bd61f,2026-04-21 14:37:33,annual,1990
ec67c1b9-5193-4e4d-85c2-2803c461fadf,c87f4477-a8dc-4a8b-967b-643dd07ee625,2026-06-04 05:46:10,monthly,299
cee8257a-4835-4c27-a27f-49547833691f,cd58ee70-2b91-4152-bd89-17378dafe6bb,2026-04-19 14:33:46,quarterly,799
0d823e0e-bec0-45cf-8319-7b69a54ff8d1,03803f5d-1bb7-4816-9f9d-e11d32f3426a,2026-04-01 09:17:24,annual,1990
a155a1d6-615a-40c9-9f00-1f51b6fdb92e,c6e6a4b0-708c-4301-9cce-a324bfcd0eaa,2026-05-21 16:45:03,monthly,299
07bcb216-d194-4735-a965-093a578d9302,bb149033-da76-4f8b-b75c-c29591cab06e,2026-05-13 02:08:26,monthly,299
d74fd6c5-db68-4afa-8ff5-afec053aa1bc,5feb3da3-48ee-41e3-bd74-a15fe098f02d,2026-04-27 16:45:28,annual,1990
e0a69fe6-58ac-42d2-a221-916e210496cc,78cbcd2c-2c2a-4305-aaf9-216fe54884e7,2026-03-26 19:57:14,annual,1990
42af7131-d9f2-4fb4-b8a7-5e1f18ea2906,26baef81-7054-4c75-abf4-61ae4b9a6f36,2026-04-06 16:53:23,quarterly,799
af6d9cf8-989a-4697-a3a0-6212a8e44097,01be436a-b823-4993-b5a6-beff5b67cc7c,2026-03-22 22:48:02,monthly,299
417aff46-ae42-46dd-bcc9-f87b5f608ae7,f85dd26f-13cf-4371-b395-b13ade94d4d3,2026-05-06 19:40:54,quarterly,799
503888ba-95c8-4e58-95c6-a57f9f97203a,0d569a27-8cc5-42fa-8d7f-86306f425aa1,2026-05-03 18:25:52,quarterly,799
0a3ecc51-e4fd-43c1-8f0c-5b5ec897e357,62958991-1b26-4265-94d7-268c6e61650c,2026-05-10 05:37:54,quarterly,799
bdda2c02-5c5e-4b62-926e-909a02564cd4,74f554f8-6d67-4551-aa86-446610286cc8,2026-04-18 00:11:16,quarterly,799
dbfc6c37-d622-4a6c-a347-945b19b177f3,47878895-974c-456d-8396-12d0121fa08a,2026-04-04 05:12:42,monthly,299
222075b0-ab58-42f4-a276-c97a9e04920d,ef15de69-2863-4441-8fd6-918a916d175c,2026-05-28 03:39:40,monthly,299
55088ff5-bdb2-4f11-aec2-c9d53f006084,49a5bd33-4a68-4a2b-b187-941525797f4c,2026-04-24 22:13:06,annual,1990
e06f51e8-3841-4838-9ede-879e80080103,ab732b4b-b526-4a81-af96-e61523866e33,2026-06-01 03:51:49,monthly,299
47cf6c38-4e39-4079-86ce-f88fcc3458cf,a57d9f81-6fb5-4574-a01d-bf30b290587e,2026-05-29 20:41:20,annual,1990
7197f282-4ed2-4a5a-9fad-629949e84566,db267a7b-39a0-41e6-8c6c-b384dae9ac74,2026-05-22 23:27:45,quarterly,799
5e557ca7-3482-4f5a-8225-28a16fa4f20f,4f563ac9-44b1-47b6-97b9-adef231d4843,2026-03-24 15:36:28,quarterly,799
e16cb3b1-0881-496a-848f-5270cbc92478,77439d15-6970-4287-8e54-0a30b4692bd6,2026-04-25 21:02:48,annual,1990
bec57fbf-d3ed-4bd4-b847-295a66e4ffc1,0ba321a8-f1db-4282-984f-97d07c4f921d,2026-05-08 10:10:37,monthly,299
6c0f4854-c290-432c-93e4-23de11e5883f,1754f3eb-225d-47a7-a26d-fd3a4697decb,2026-04-18 18:14:48,quarterly,799
4095ecbc-6b5d-4234-82b0-48850054e79e,21f1b9a9-71df-407f-a045-55bd01828445,2026-06-05 23:11:53,annual,1990
bc2e1a8c-e116-4523-8564-998d487a6477,bf3b1f46-e7af-443c-ae2f-652318577a11,2026-05-03 06:03:16,quarterly,799
8be82abf-fcc2-462d-8fdc-280bee2ca6e9,71c7adfb-54e6-4958-89ae-1c408b2562fa,2026-05-16 12:12:39,monthly,299
7a5b1bce-a458-4e5b-9a17-f7081373782c,225a6d00-6c8b-447c-b91c-4ffa49c43c78,2026-04-07 06:12:33,monthly,299
6fbb2b5a-8e46-4de2-93fa-55d989e1df9a,47bf5772-7fb3-4f37-8ef6-91d904c2e30e,2026-05-22 07:59:56,quarterly,799
449592c8-a98c-44b5-98e8-2add027fd537,43b9f122-ba5e-4d0a-a641-2b44710406b1,2026-05-02 12:07:38,annual,1990
9e5a7048-2eb3-4dd0-a365-cbc33e7c97a2,b78562e8-b456-4941-98c7-9ce5a12bce9d,2026-03-12 06:25:21,monthly,299
0f8cd23a-1a39-4190-9029-06e9494d3f1a,6d50de4d-7c73-4942-8a39-e51543183d20,2026-03-15 23:50:27,annual,1990
58829181-ce70-4c9f-8102-804fc87684de,6b8cee2c-e909-47c1-8db8-17c3389064d7,2026-05-17 19:37:16,quarterly,799
060fa670-974b-4548-95f3-322b0786ede6,f7b433f6-c8f4-4754-86ae-8db329c520e8,2026-03-17 09:37:34,quarterly,799
71dd52d7-f4d0-41c4-a7d9-9b1e943c1b7f,f2ed4c95-c2f7-40b7-b36c-c52c8115cef8,2026-05-04 21:31:15,annual,1990
3f75a639-7cfe-4f15-9219-4499c75b3ae5,487a033a-b944-4ce5-918b-e999715b89e3,2026-04-17 18:35:25,quarterly,799
8c7784c8-7c92-4ac5-8608-4761f952d29c,84b72ffd-2d32-4818-bfc3-c54eafe7531d,2026-04-23 06:03:08,annual,1990
b7d4c329-a295-4bf6-a133-7bce23c019f0,03d7d418-a204-4de5-b51c-3c344e747dcf,2026-03-29 18:37:41,quarterly,799
7853b3ab-e70e-4a04-b76c-343d9e73d5f6,d1fe388f-254f-4bd2-ad04-93d4a6f4b5d1,2026-04-13 15:20:57,monthly,299
87c567cc-13cd-4322-ad0f-c48d645fd189,0046cbbf-2f1a-4b17-951f-4fee47663e71,2026-04-03 12:44:45,quarterly,799
c33a9a17-b38d-4de2-ab36-b56f01465ec2,50dbdadc-dcdb-48b5-9c9c-c7028771ed79,2026-03-24 01:33:59,monthly,299
2624543d-df43-494a-98c3-723c42d27cbf,97eb2e46-1908-4ca3-8d6a-616b4006d72b,2026-05-06 12:49:55,annual,1990
82e0d665-8b93-43b0-a799-df4e3ab0ba1f,c327fcb7-190d-4ab8-a72d-d5829f4c5221,2026-05-25 09:46:29,monthly,299
7b1e5bc1-d4e8-4971-993f-b411375f5cfb,3eeb788c-e98d-452c-b088-aa868527f13a,2026-04-26 08:53:24,quarterly,799
2bb647e6-3500-472b-8734-a54f4042b528,9cde5257-1ce3-41ae-8006-e7952e4dbe37,2026-05-25 23:46:35,monthly,299
355fe655-4122-4e11-9d26-79a92d0d7a1b,e6f2fe58-3390-4dc1-a0dd-3c9199ce6b55,2026-04-25 00:42:34,monthly,299
a960060c-a095-4b00-a214-0e36e3730a78,2a51b559-d7f2-4831-837e-5420c0b99aa8,2026-05-06 18:27:05,quarterly,799
913b79ce-ea83-460c-8e96-0fbf4b58688a,587569cf-4074-4c3c-978a-13408e8c23e1,2026-06-01 22:52:44,monthly,299
4117fb61-6333-4a14-a992-35a8a54af0c1,ec3f9734-ddca-414a-b281-b6cc7bc0c4a0,2026-06-01 04:46:18,annual,1990
69b6f03e-ebad-477f-915e-b2b91023f312,4f4e8a71-30d6-499f-86ba-279feaee1094,2026-03-11 11:50:21,monthly,299
a29d6fed-d1fc-4a97-aed7-cbd075e1bf34,39bc1757-5574-435f-988d-ca151beb9560,2026-06-16 09:54:57,monthly,299
a72fb3c2-a6aa-4050-9471-c47d7de3cfd2,951fcfd2-773b-4588-be0d-b3d912f20e49,2026-05-12 19:21:41,annual,1990
dbac06cb-9ff1-44a5-9e67-bc86ac07ad90,ac41793e-8362-406b-9c66-d4d645088214,2026-05-05 07:39:31,annual,1990
e13912fc-047f-4f36-86a0-9c6656615d04,4f573345-0f30-40fa-99ae-89c6c0959fed,2026-05-30 19:55:08,quarterly,799
d2322997-fa3a-4fc2-9e03-9a80d7ba7632,d74a1ecf-8d2f-40a2-a4be-674705b044f2,2026-05-29 01:50:48,annual,1990
e02390f9-138f-4b48-85b2-3819fe0e6366,1bac86a5-99a8-4655-80e8-677ec9624daf,2026-05-20 01:11:17,quarterly,799
df38872c-5a54-4f88-8cc2-a98185e32a9b,dbb0e9c8-5fcf-487e-af60-e4ec88d43a74,2026-05-05 01:19:24,monthly,299
32c4fcd7-e45e-45cf-9980-5058814581a4,f3514ccd-3b6d-434a-ad06-f61e2564347f,2026-05-16 08:54:16,monthly,299
9e18b5ef-f215-4892-95fc-bf61adfa1fbc,c0626859-3714-4e27-93f7-6890ca75a31a,2026-05-28 12:29:01,quarterly,799
7f95efab-fc86-4638-a8b1-a2845da3ae8e,ff2790d4-9f1c-4f87-8f9f-ca3f998b405d,2026-06-03 11:12:38,annual,1990
4ee8a56d-8f27-4c16-99f3-ec7312a9995d,8b58e81a-e14a-4a15-86ec-d0ce77176376,2026-05-25 12:21:37,quarterly,799
c41990a8-3c2b-431d-b982-ad4fa366073d,6f31b605-b81b-45cd-80c6-86308c5a2ca4,2026-05-12 16:07:48,annual,1990
e529fe93-1de6-4e33-b463-f42c03d2d55b,a1c84e0e-217a-4718-bc0d-f45255e4717e,2026-03-08 21:16:47,quarterly,799
33820fde-d623-4dec-a1fe-8461851062ba,f8e587cb-3abe-43c9-a625-7b2d88da203c,2026-04-08 20:36:40,annual,1990
9f08b1e1-66de-41d4-8a83-a55d700219d8,f68dde99-dab3-4d25-8b63-00cbc7bf767a,2026-05-19 06:22:00,quarterly,799
573c9d6b-0375-4475-b14d-5e7fe1ec28d0,29c4f300-e34d-4d10-9a0e-0e83d08be379,2026-04-13 00:56:39,annual,1990
358af6aa-3246-4f8f-95ac-b054c77fea4a,47032d19-f326-4855-9bc4-8dc299c15aee,2026-04-19 06:51:47,quarterly,799
8efba967-eb63-4278-a753-a0a61c877c32,9b88bffc-1f89-4d20-bd00-6a3d7333f6c8,2026-05-29 07:28:53,monthly,299
74a77943-8488-4cf3-968d-208d991af83e,a2eed033-71a3-4848-86cf-d972611ad5c4,2026-03-23 18:10:25,annual,1990
ff8a9715-d5b0-460f-846c-e534b8818266,bb0e81f4-f4a6-4bb6-9a36-1cde4f3de600,2026-04-12 10:20:08,monthly,299
3b017411-feb6-437c-8767-2bdaefd849cd,f108914e-95f3-441f-9716-723e93ec064e,2026-03-10 00:22:01,monthly,299
d8ed9c63-5353-4164-8053-9cdb3367e4d9,544739ef-41b0-48a6-9683-105988d78580,2026-03-27 18:32:03,quarterly,799
11f4e945-dab9-450d-8b38-4ebe7428ef42,b80bbc0f-2e6e-4745-89a1-769b8d928e36,2026-05-27 15:03:26,annual,1990
4f77450f-bd56-4d96-8d25-58a01f2f063b,ec7a4d41-76c9-422e-bc9b-6bbd639b7854,2026-03-24 17:11:47,quarterly,799
79b2f9d9-c51c-4be8-9e10-88cdc75ebc1a,dec3a06d-8bb1-4ee3-80f8-b524fb6c82cc,2026-06-01 09:19:16,monthly,299
b758b49b-50dc-45c3-bf9d-519ef5397a86,3411fbab-cccb-488b-9867-4a99554f7242,2026-04-10 00:41:04,annual,1990
17f2fb93-a5d5-48ea-bdd6-3c2d7eab36ca,16c9267b-4965-4dc1-b4a3-11815928d01f,2026-04-29 00:43:18,quarterly,799
8a6edff5-d5c5-4dc2-b45c-5c28f5d7bd7d,27a84d68-d7eb-4f73-8a8a-d16a4e4edf49,2026-04-17 09:23:11,quarterly,799
4fe3a503-3cca-47be-965d-98f17b154550,1da1b712-3ef9-47e1-924d-3cc87f35f940,2026-03-21 09:47:36,annual,1990
93d8370a-fffb-4aef-a187-6a2634a8c704,343d015c-9639-4d67-8633-a6fc19d6a2da,2026-04-14 15:19:29,monthly,299
660c1fbe-5b0e-47f0-a160-9ed03b58d1b9,4abce8b1-8f9d-48a0-955e-09d7fe16ed81,2026-03-19 05:29:59,annual,1990
2d005a30-8606-4f5b-8ce0-28c56c58a610,1e5724ea-62f4-4daa-9cbf-4f1a0ac50f79,2026-04-30 14:28:26,annual,1990
bf422e23-95ad-452a-9ddb-8e7f5b54a7db,9b4cee27-3006-4c1a-8438-b9a34c79fcf4,2026-05-31 22:05:37,monthly,299
f7e3c7de-dc9d-45bb-9f46-1727a70f31e5,2e88a787-0a19-4814-96ea-a1b8d5065fdf,2026-05-21 22:21:45,quarterly,799
902e9334-bcaa-43c7-83b5-28ad4ade32b4,00c42f6d-8391-483c-a07e-abf9cab2ee88,2026-06-04 19:44:31,annual,1990
be3a920d-7d06-461b-88e1-3ad394a08744,b3c4f093-79bd-4a9a-b90b-1a9aac6c3891,2026-04-03 16:20:52,monthly,299
69742819-b170-40ed-a103-5e15741baecb,ff0b0042-2ed5-4c7e-aa80-9f06bfd01228,2026-03-25 06:34:19,quarterly,799
6b76d8fa-28fa-49b5-85ee-acdc792e5596,33eb53c2-bd84-4300-94fb-dcf623e47158,2026-04-07 22:03:05,annual,1990
22c60a61-06e3-4c33-acbb-f8df31e99301,81a84be1-b5c3-4298-a515-7ebaab9ba00c,2026-05-03 19:09:18,quarterly,799
7d9c8710-998a-40d2-9649-73bcb035b437,7f67855a-b6ee-4f10-9aa2-fb653f79da3c,2026-05-20 04:59:35,annual,1990
f57bb65b-c9e6-4add-869d-45eb422268ee,6f461519-ad31-4a4e-9ae4-f3498c6e83f0,2026-06-01 19:15:58,annual,1990
78642632-7fa1-4ecc-ad4c-9caa39162bdd,26b6f7b6-7437-4ba5-bb38-e12f21191387,2026-05-21 13:45:45,monthly,299
79967af7-b039-488e-8be7-6e6edb5bc349,b0a78f3c-d230-4363-b374-63c691566e44,2026-05-01 11:28:42,monthly,299
d23ae37c-bdde-401e-b8c0-822a8007bbe1,97529f2a-44ba-46c9-9a0b-b66ce9b0ef1c,2026-04-12 06:45:33,quarterly,799
b29a0601-d0ad-4017-a775-42d177ee95c6,e4cf9a2a-e216-44ca-b3e8-e21f55c7b6b5,2026-03-28 18:34:28,monthly,299
afc690be-3db0-44ef-b41b-ad0b81ba233c,c998bffb-75cb-4e83-8bee-3699344b1aef,2026-03-31 22:13:25,annual,1990
cf8a2963-1f81-46b9-85f6-69c171cb3043,979aa64c-5acb-456a-898b-bf01f98e6dff,2026-05-06 02:05:44,quarterly,799
74ee4e2c-ea78-490b-bc25-4a8d13b39af9,7a433b1c-2ac7-45ea-8916-03610448da16,2026-04-15 08:33:54,annual,1990
909b16be-abf5-4c32-b3f7-53d46f3203cb,a55d5943-d3bb-41e9-8f11-3f1bdeeec926,2026-03-10 18:11:52,quarterly,799
7d8521b6-7215-4326-b461-c45ddebed0c1,3a5d78d7-d579-4325-967e-8f5ccd362ff6,2026-05-03 22:14:05,monthly,299
f524b9c3-f268-4cc2-8ebc-d2af7ce8e876,1d6e4051-0cb1-400d-9999-737b7161aebb,2026-05-24 19:56:42,annual,1990
e9ca11cf-de4b-4201-897c-3028c294d015,afbb2eae-0794-4c97-a767-abfa6639b474,2026-04-11 03:12:08,annual,1990
473440fa-b216-41f2-aca1-e7540de4a540,e737cb1a-0f0d-4041-bc0f-42ceb827a2fc,2026-03-18 07:28:55,annual,1990
7282e1e4-0a68-4923-8b73-56b70ccae66b,3ce1c290-d7a5-45d3-89fb-ae9308a8c22a,2026-03-23 01:00:13,monthly,299
148eceda-dea5-49fd-b234-32c7894089c1,ca5a201d-8c69-46f6-8be9-692914ac5938,2026-04-11 07:34:57,quarterly,799
53e56439-4b20-4efb-aaf4-4427aaf52bdd,0932c708-0bfe-48aa-83d4-b959cfc5d88b,2026-05-19 17:52:15,annual,1990
bf859d94-29c3-4f2c-a965-fbc04d8087b3,8aab8031-1b14-494b-99bb-ebcd0ffa8af8,2026-05-20 16:52:39,annual,1990
184dd4e4-fe8c-4ea3-908f-4738cb1a6b40,18cfc4a8-80b2-4827-850f-ef03be78de1b,2026-04-15 23:32:45,quarterly,799
3526edee-2aa7-4bda-9212-cddddde57da6,6a71cca2-360d-4a36-ad6f-bc25f5139359,2026-03-28 20:29:32,quarterly,799
7c247854-4958-4d6c-bb14-8cb52ba0838e,38597c00-f88a-4641-94e6-cdea6180c40b,2026-04-13 07:11:39,monthly,299
fa60aa30-c425-4f48-b196-2c5698903738,508a0ad9-0e40-411b-bb25-39a98e2b0a84,2026-04-29 18:11:04,quarterly,799
3c75d428-6caf-4291-b2c5-92219f249560,b01eecc6-6ac4-44ac-b81d-b57fff62870e,2026-05-02 01:22:37,annual,1990
d380e34e-b20a-4335-8747-166cb9a07ab1,fb5d1730-03c8-4869-be22-3f80698e04a4,2026-04-24 01:35:39,monthly,299
80048984-ea12-4ea7-827d-0d1451c6217b,5aa966e0-4fee-441e-abdd-85e7db6b34ee,2026-03-11 00:51:52,annual,1990
1a408be4-22a6-417e-bf71-caec50f625b3,dccd68ed-4616-4b1d-9273-05f809dd11ff,2026-04-03 04:40:51,quarterly,799
f49db798-904c-4917-b66c-ad343c8968a9,58cde856-f479-4b7b-bfba-291d27fcc501,2026-04-17 18:01:23,quarterly,799
0406c0f8-6e9e-4337-b1e7-b5483075828a,404a9dc5-73a9-4b05-8834-15282f6b6f2b,2026-05-13 16:36:57,quarterly,799
769841ec-112f-472c-afd4-7abc11ca3612,a3bd3aef-dfb3-4d39-b303-d7d3a9d6086e,2026-04-11 07:30:37,quarterly,799
3a017e03-63d6-4f64-815e-f95544c40572,31bb23b2-94ee-4f83-b1bd-cd676c2de115,2026-04-17 23:19:05,quarterly,799
baaac1f4-ec25-4aac-9093-7a321742eddb,9a85e688-14eb-4dfc-b7e9-1c7ca77927ef,2026-03-31 07:25:27,monthly,299
95c21c6b-dd64-4c6d-8ee2-9d33d779f202,2c6dc915-5dff-4257-b134-9556335fc688,2026-05-27 19:00:00,quarterly,799
e5b5b704-f398-4676-a930-684b89884db1,ca031944-58d6-4b9a-bfeb-6a2b9839942e,2026-04-04 03:20:09,annual,1990
e8ff176e-bba7-4218-ae3a-cf3ba3611d57,9fb82065-030f-451d-91c3-1f3dbd82e906,2026-06-01 04:40:42,monthly,299
39fb6e7f-aeb8-4bb4-9e7d-1253d2f4984c,753dc0cd-7277-4dd1-bc03-9aba5869a1a5,2026-05-11 07:27:31,annual,1990
92c2192c-6c8f-46ab-a85f-05c477b857ff,1f3712b2-da36-4b14-b22f-b9c15a4467d7,2026-03-18 21:53:21,annual,1990
c51d19fd-f241-4ea0-86f0-25af10692673,e9e907ce-11bc-4049-81d1-b0c70451769e,2026-04-16 14:59:17,monthly,299
b54972a8-620a-45e7-90b9-ccfd9586d437,63ad4eaa-b7e7-47d3-bede-11869e5237c9,2026-05-14 08:04:39,quarterly,799
f9842225-7bec-4adf-b21e-4ffeb50cff14,0de2db6c-6997-48a9-8c87-ba822e3589cb,2026-05-29 12:06:00,annual,1990
2c836185-27f4-44d0-ac7f-8e8453817b11,d0a24c05-1df7-4d0e-b2ba-a43ed69735c9,2026-05-05 20:42:07,monthly,299
c58cc3b3-1c01-4b2d-aaa2-e735be121051,76e14bb2-3002-49f0-8288-000cc03d9251,2026-06-02 14:21:47,monthly,299
db6eac0d-e614-4d16-b0f1-753808cfd8e5,c970c50b-b7f3-43e8-b8fb-0ae745195292,2026-06-02 00:54:29,quarterly,799
b6f22f0e-6c0a-45ea-965e-2d65d3667af9,7dcfb3ad-b121-4ac7-82ab-067798758bb7,2026-05-04 08:41:20,quarterly,799
ba5529bf-ce79-47c8-bc15-58ba8b1bef90,6bb9b6dc-96bf-43eb-88a2-3c496a414e18,2026-05-08 00:46:11,monthly,299
29de5638-7498-4725-b7e9-f27a3192368a,9ad01cbb-5024-4db1-ade7-e2a3f5a18636,2026-04-27 05:51:05,quarterly,799
f0bb8ca3-702e-4cf3-9150-5cca490fcce9,08c57d00-ac3f-4e3e-88d6-63dfb21bb179,2026-04-06 15:00:01,monthly,299
ca7cf906-34d5-4f1e-a257-611a02c5ff9d,caa24c38-a557-414e-b0b6-3ae86756fd2c,2026-03-24 09:49:43,quarterly,799
6010f0f1-1ec5-4e26-8005-e171bf148102,25fab5df-6cf0-4071-ba9c-791ccfc4c508,2026-03-19 10:04:39,annual,1990
a98390da-86ef-40fa-b0ce-8d4d397a5318,9a72ca84-82e7-4491-ad3e-78e3f8be92e1,2026-06-10 08:13:29,annual,1990
c13d3fe3-9b31-4da6-80ad-a29fd59b8e1d,0c297a93-94dd-4e79-8f52-8ffc7da09b03,2026-05-28 03:06:16,annual,1990
00f2fd31-00e4-4de8-95d9-b5e06ff08782,aa98c0e9-74b4-4a0f-b373-eb9b430da828,2026-03-13 19:23:56,monthly,299
aa4c2292-e6e9-40dc-9a2b-eba6ddc6adce,4ab504cd-d294-48bc-a339-feb09c0f64f9,2026-05-04 03:40:24,annual,1990
d9b8720b-f8d5-4f26-877c-7b55526cd9bb,95f20392-955b-4af2-929e-bd8283b56f49,2026-06-02 20:47:37,monthly,299
ac7a342f-b4b1-452f-a781-7b5109231a4e,f0f99927-c869-4286-8f1b-415d402968de,2026-04-03 08:04:53,annual,1990
f3e0fa01-2cb8-4a68-a115-84691001b49a,04d2c2d8-fce9-47e8-8212-bffc5a22b3e7,2026-04-14 02:21:36,quarterly,799
1472e08d-0101-41a0-a98e-4870f0ba532f,97ffd73f-4042-4373-a16c-268d5d0da4fd,2026-04-06 08:33:59,quarterly,799
6d3ea349-2b2e-4009-9432-e14d9a18a8e7,cc43f609-4499-4292-9d19-28f912886d27,2026-05-12 06:43:00,monthly,299
a1fbff9c-0c29-486b-8655-3dd32b523f3e,ce81af00-67ae-482d-9d51-338a34f27e73,2026-06-01 21:05:33,monthly,299
7d3e2939-b329-4615-826a-aecad480a748,f667d89e-8629-4c7c-8caf-e4bc75a86662,2026-05-14 17:15:55,annual,1990
dc0a5fa3-0391-4931-ab12-497ebae42022,cece6d91-3b4d-4808-8a3b-c2e6bf66f77d,2026-05-18 21:01:13,quarterly,799
0b7b56ea-d6f8-4ad1-bb92-0678f9366496,fce10965-8a2e-4dca-8d9a-ae785177e6a9,2026-03-24 10:36:52,annual,1990
17653dc4-dd19-480e-9f26-43e848ed645e,44e1fe97-48ee-48a7-9dda-c2e3499bdec5,2026-03-18 05:46:39,annual,1990
84045138-5d4a-4dc6-a066-570970e36fbb,738a231d-662f-4629-9692-1ee83c5e9e9b,2026-05-31 03:32:25,quarterly,799
5f34b59c-7d35-4c2e-94ca-0f3aa6ec78cc,08dea1a3-22f7-427f-9af1-639c0848dc80,2026-04-02 16:59:04,monthly,299
84d2ab65-8907-4b37-8d9b-283dbfbe0ffa,62f16708-c7b8-44a5-b51e-2884cf7720c8,2026-03-28 06:50:51,monthly,299
90d4c31f-4ac5-47a2-ad52-83d7ea1f4dfa,1f1a1b81-e0b5-42d6-88e4-9c5b42614ec3,2026-04-08 15:02:30,quarterly,799
a323c586-9241-4395-bad4-b75329ad2e0b,8826a768-3e8e-466b-8474-190761a96b04,2026-05-06 18:45:19,annual,1990
032e91f2-6fb3-45e7-ac6b-15e621fad6de,9469ef2a-4f85-486a-9a1f-de939cdd78d6,2026-04-30 12:28:00,annual,1990
da83b102-9c5b-495d-8f7f-5cf8702806cd,d3038962-c7fb-4f3c-a88b-2443feb7b139,2026-04-18 16:03:45,monthly,299
d161ea17-af69-4782-8d2e-73e00428c4a5,e69ddb19-962b-42a8-a527-8b2aef9d6f54,2026-05-16 01:58:48,quarterly,799
89ec27cf-2497-43ec-b553-83abac71c25c,fba3060a-ff11-46a7-8378-b99e28b4f5b2,2026-03-12 19:56:34,monthly,299
8ce6d160-2aec-4509-a82c-28732af98059,c0884b82-7a40-4a6b-bc54-6095732bac80,2026-04-14 05:47:48,annual,1990
ef7ea0b2-818f-4920-a263-579fe8660d85,c8175a1e-be00-4434-9945-aed345099945,2026-04-29 18:12:30,quarterly,799
d7fec4cf-a5a8-4ec2-af23-42c57da2ec2b,138a2dc2-4509-490a-ab1a-c321bada77f9,2026-05-17 08:55:44,annual,1990
0ebe27a4-d33c-4c82-bcd4-1224bb5fc144,1d37be22-7c82-4216-93c0-53e67f502696,2026-05-28 05:24:01,annual,1990
d8942a6a-27b0-4bf7-b284-d338f984e7b2,70f38d95-b98f-4e90-95ae-d9a71ca9cf84,2026-03-26 18:58:12,monthly,299
1e46ed57-a280-461e-b9c5-3241b1756dfd,f5c179cd-f77b-457a-824b-4b16f129f331,2026-03-11 01:50:17,quarterly,799
dcdb359c-5786-4544-8b21-03ed62b27951,32b9df2a-9ab1-49f9-97c4-8687e87a2f9d,2026-05-02 17:48:17,annual,1990
bd25bcfb-31ee-48e0-9f89-4a2928505cd9,661403e9-172e-4534-84df-e55ed6e3dfe7,2026-04-26 22:31:30,annual,1990
59b90d90-ba25-40d1-8c35-8e7b942c1887,7f0bc8b7-e7d1-4a07-8549-383542daa7b4,2026-05-04 00:50:09,monthly,299
b112a04e-5190-4b78-b0a4-66544a55bf26,376ba8b1-f97a-4532-91c1-d740e04b8ad9,2026-04-27 06:56:40,monthly,299
6d2a3686-7fdc-4027-87ac-abf49c12ec39,b3c7e72a-19d5-494f-bb97-9168e0f7ae07,2026-03-12 21:31:26,annual,1990
26d1bcc8-574c-4a76-8bfa-d3ecbca93892,8bbf4ecf-6213-42d2-bcca-9440680275ae,2026-03-21 06:10:53,annual,1990
3c8e9306-09d3-45f4-b6ca-4bd75dda4e55,f9827a0f-bab0-4277-b7a9-4a4525342f20,2026-04-21 12:30:20,quarterly,799
389a549f-6293-43d7-83e1-268dba83545c,7ba6e819-945d-460e-b59a-90aadc9f01e5,2026-05-13 02:25:03,quarterly,799
4b1565af-cef6-443b-aac1-c39b759011fd,24875c51-1ccb-461b-bc0b-fac0e8702b81,2026-05-07 03:15:49,monthly,299
7fa06d47-259d-478d-9696-ef23af2b82d8,28f2c744-3152-4b67-aeb6-e2b6932d959a,2026-04-17 01:15:06,monthly,299
b976260d-6713-45ab-9134-db515a2553d3,690b39b7-1a05-4665-ac19-c34abc12b330,2026-06-09 19:21:25,monthly,299
397e0e86-ff51-4ea7-b839-73086574762c,f51b9e35-5f41-47bc-b553-182656066c0b,2026-05-24 10:06:42,quarterly,799
05c6cba2-8701-4024-9a5f-081d8cdc3fa4,c95fbab4-ef89-47da-a67d-5055827c7da3,2026-03-14 22:38:01,monthly,299
578ea5ed-7862-4013-a549-81b13cdba36e,9e18db98-61ec-4b5a-87f5-95448b1e6169,2026-03-23 20:03:51,annual,1990
7fd82d2d-fc82-4203-8465-e92cae06dda4,6bca0b84-d108-4f32-9d6f-a77d9874b9e8,2026-04-01 03:19:52,monthly,299
54d2844b-b1a8-4544-81dc-99411f51d47f,fe6120a7-f865-494b-aae1-01714c561bc3,2026-03-23 00:38:29,monthly,299
3da10c05-bd1d-49b8-a32e-dfbb11edabb8,0cb6c5e7-6883-4555-ad06-23d87c72a16d,2026-04-03 22:46:16,annual,1990
a3b4d07b-9fc5-41e5-91ec-30c4b5f86c94,daacb4f7-80ee-4fb4-ad10-e3bf8ae6bb8d,2026-05-04 11:51:29,monthly,299
f941c84d-3885-4fd3-8f4e-529daf828833,9ec70cb2-69a0-467f-a91a-d384ab38b0ff,2026-04-23 06:34:27,annual,1990
8bee4a6c-019e-48ef-97ed-1590101c0683,e3c84b75-95f1-47bb-9b58-07bbae317cad,2026-04-08 22:04:48,annual,1990
eb7c888b-ea35-4ffc-9206-5e26582af19f,2533249c-e0de-4c66-86a1-310b2d92e264,2026-05-06 02:28:00,monthly,299
8896b855-0fc0-49e6-96c8-1c7795adf5f3,1d33bff3-c84b-443d-be5c-e36169908fc9,2026-04-28 23:25:46,quarterly,799
ca34e692-9ea1-4209-8b40-44a3332b8aaa,bc7f38ac-83c9-4416-b501-88949e70f962,2026-06-01 22:48:28,monthly,299
40453532-e85c-42b8-875a-12b81deb738a,c9f97dda-d209-4ff1-91f8-afaa83f57a61,2026-03-06 20:07:27,quarterly,799
30afd497-c800-4483-8e3a-df90de813db4,5e751ec0-de5e-48e4-8717-887c3e5ec2c7,2026-04-20 07:59:14,annual,1990
24a2aae9-1a0e-4e43-8a7a-732ecd485c2d,00b2e408-b44f-4c61-90bf-53064fea718d,2026-04-17 17:29:35,quarterly,799
e029fa19-1252-4960-a51b-35c2413fa356,c08a8ab9-2c0f-4482-9845-9d9bbd7e3ceb,2026-05-14 22:10:44,annual,1990
7978ed9d-158c-41f2-aa16-528a5fe7d50a,145a02ae-07d2-4f75-b040-d0c3e81f28eb,2026-04-07 05:17:24,quarterly,799
c90bde36-f3fc-4511-81ba-2e5677810849,b7f63b2e-7e8a-4a97-8b24-64115364333a,2026-04-20 01:12:55,annual,1990
cfc49cb2-e4c2-4c8f-b65a-0cac7932c2c4,9db959d6-a203-49e2-8e32-c76b53029cc3,2026-05-17 02:06:11,annual,1990
19f1b9d6-2f35-4d7f-9205-34beccf6d5cb,e0f4bc12-ad73-4a91-88ca-7d470fbd51d1,2026-05-30 22:06:35,monthly,299
ee8cf0c7-0638-477d-87ab-0aca3f0e22f4,578160e9-83f9-47c2-8b74-a6032a369171,2026-04-18 21:55:19,annual,1990
ee7ab803-1b32-4845-84ce-37ee1872e05b,cb95fe34-b2c5-4ab7-a472-d4664f8bc01f,2026-05-21 01:45:55,monthly,299
bf05657b-763d-400f-89fc-b1d1a5e77102,b5a39792-9b45-4df3-bc81-c33d4a1e1a1f,2026-03-18 12:51:40,annual,1990
f5e2d880-90f0-432c-abe9-33374b43684d,27e4971b-a7bc-4f33-abb4-42c43417bda1,2026-03-31 17:28:58,monthly,299
9b04b596-b3a9-49b3-9d49-f93706b16c39,e969a4fe-20b8-409d-8d0b-2b35a7daeae6,2026-05-12 18:28:35,annual,1990
cdb18e20-df32-4a19-ba22-00b52772bc32,e934d503-d65f-4bda-817a-0340a85be95d,2026-04-13 21:45:37,quarterly,799
e38e8fb6-7c2d-4ccf-b32a-0a61a785a6e6,4a892b1e-0ed3-48c1-8c31-5eb3830dec79,2026-04-05 17:25:31,monthly,299
1bd2ebcb-8260-4ef7-bce5-67563cc4c26a,6011314e-71bd-4aa3-899a-bef78e5be7d1,2026-04-26 14:36:47,annual,1990
48c0b48b-a09e-44bb-9f9c-5f2a6deb23eb,ca71a407-08f5-4a0c-b0e8-8043e920be78,2026-04-05 06:28:16,annual,1990
92b84bdf-4d08-49a9-9286-03bc4e2fac5d,5ed3133f-4a03-4486-808a-a9968d23a4ed,2026-04-18 18:15:43,monthly,299
a8d8acfd-259c-40b6-b49e-c0e0c6f6979e,5aa24b8a-5d1f-4593-a883-b31fa81c122e,2026-03-13 03:07:10,quarterly,799
c373414b-4418-47ae-9f90-e9912088c079,b521d23f-4176-4201-b276-86d16a668871,2026-03-24 09:36:50,monthly,299
61d55a36-c256-44a3-a9d8-4831f39e8e3f,1abe8199-2d10-48e4-971e-c15db5f1cb2c,2026-05-13 04:12:35,annual,1990
2e8d7e6b-a7ac-440b-9633-b2a5872272bb,1ef3594a-259b-49a7-b5c0-0be92dce29f7,2026-06-16 20:38:34,annual,1990
0dd263b2-ccf1-42d1-8003-d2ef145032ce,95bcc3f3-4a50-4474-84fb-8bc1f9e8e6d1,2026-05-11 12:30:15,annual,1990
dc1373aa-e605-4b4f-b01a-ba8d8a46bac9,3b89648e-cd8a-4119-9ded-3d2b41b659e0,2026-05-22 01:27:46,monthly,299
05ecb015-7a1f-4621-a9f2-59c15df1af38,54342f8f-676a-440f-9b5c-e180923171ca,2026-04-09 13:57:15,quarterly,799
04de8f7a-a9ba-4d03-8c7a-bb942022627a,412bf3ca-8e47-4be0-a3dc-8ee85390772c,2026-04-13 20:19:11,monthly,299
2fd3c7f3-2749-4f7a-84ec-1416aaac3ca2,6e5e9d5a-468d-43d6-985d-2016419ef2a0,2026-04-13 08:08:03,monthly,299
278aff15-7800-4d50-b30f-cc690149843d,b5dbfbe7-7fdf-4383-8b7b-9c71da4f7390,2026-04-01 09:23:39,annual,1990
9630576b-cfc4-4fc6-ba72-a80b7c02905d,624e6fdc-4ce5-48f2-96fc-8449ef00c46e,2026-05-27 12:00:26,annual,1990
0e1d1c70-89b2-4312-ae1e-2f15739bca73,01332524-2f29-4de6-8b5f-72e267661ac6,2026-04-23 18:31:31,monthly,299
54065159-3de8-42c7-8d34-7a4b1aa24280,6f81cab8-f0fd-41c3-97f0-b6cf322a0e33,2026-06-01 02:56:02,annual,1990
b9f8c00d-fe5c-449a-854d-8dbcb0e85d26,323e2ba9-3357-4397-a30b-be889f8be983,2026-06-03 06:32:04,annual,1990
69119416-9ee9-4b4a-8650-de570c962e7c,5f390fa1-32ca-4d65-8e06-844cea52ed7a,2026-05-26 07:08:24,monthly,299
540d3d7a-9724-455f-a327-81cd3253d172,7a947222-21a2-4ab5-b657-03f2cd425a23,2026-03-14 15:57:35,quarterly,799
015c3e7f-d43d-4772-b56a-a96aff9dd283,03a858a8-3e9f-4e28-8ab1-1abcfa10a73b,2026-06-01 21:01:08,annual,1990
48d1f183-9144-4643-aed2-44428034a489,3c0c2752-7a98-475c-8c7f-e4a4811c01e1,2026-06-04 23:03:35,quarterly,799
fa8380be-fc93-487f-adc5-1cd2420315bc,be36a27f-6466-4419-a0b1-7ee8b0b6b13a,2026-05-24 13:21:02,quarterly,799
4961ee96-f12c-41d2-b4cb-201c50bccec9,8d697945-4b2f-469b-b558-0fa5be032d16,2026-04-26 16:47:25,annual,1990
59858bb6-d8c9-4bf3-a17c-50c002eb0ed3,a1f9a27d-e439-46dc-bb19-97b62f24a3f6,2026-05-01 09:10:45,annual,1990
033b8f2c-e639-4bbe-99d4-7e7efe083b9e,42ca6dc1-9576-4895-a9cc-9ec1a04e3601,2026-03-21 23:18:40,annual,1990
d1f77563-afbc-40a3-944c-e8068ee44d19,adb14ffb-95fd-4994-9b50-1bd635300ee0,2026-03-12 04:26:27,quarterly,799
361d18dd-1e0f-4124-8dd2-8d34f6bf9854,c092b8a7-672a-4594-be0a-08818ab6111e,2026-04-21 17:13:52,monthly,299
c3c3a239-32de-404c-8cee-326f1deaa035,54b27cd1-864d-4eac-81e1-66a40493dc98,2026-04-24 13:00:17,quarterly,799
0e4d6164-8571-46a7-88e8-226abbb2836b,f6e8709e-d4ad-4145-8445-1d6be2b4b924,2026-04-28 05:45:45,quarterly,799
6cd4ed27-a758-40c6-aa9b-19f441be0698,42550e45-ba9b-4db0-8d48-83c57b5af125,2026-04-15 21:02:17,annual,1990
78f18080-60b2-41da-a55f-39f15cb107dc,d3d7b69e-588d-4f96-978d-036b1e5674e8,2026-03-16 00:49:59,annual,1990
c6727cfe-a60c-483f-89fc-3dfe51122a93,ea32672f-fac4-4b86-b359-8951232e94e0,2026-03-25 22:51:26,quarterly,799
83a58274-7272-4ae0-8668-d890be96af08,64e6cf02-e7d0-4e17-89ab-05f20a4f7bf0,2026-04-11 00:31:45,annual,1990
5cba6802-52b7-482f-b206-09bc2232333b,886997eb-8db1-439d-96f1-d0c0f4e49db2,2026-04-08 03:29:13,quarterly,799
bd6929e5-4bae-4b58-b33b-fed3ad064781,5a22c74d-cd8a-4a6d-b542-8b118f1968cf,2026-04-27 19:17:33,monthly,299
2a58de49-5971-4917-8885-d2cefc8c73ec,e01ebbf2-f920-4b79-aac9-5ba3962e566a,2026-04-09 18:06:55,annual,1990
5556ba8b-c41a-4ed0-888e-be16f6cab652,3b40f666-fc93-4553-8732-4a37e916488f,2026-05-28 19:34:51,quarterly,799
cb88a805-ebdf-4d32-8b99-c714988e71f3,1c74a731-f030-4a7b-ba8f-76966cdb0205,2026-04-07 19:37:45,monthly,299
f8d752cd-7f9b-46fe-9030-f0ebc3a769d9,4788d59c-c52b-4fb5-bdc1-4f82c20aa0a2,2026-05-18 23:31:40,annual,1990
284fe5ac-2843-43a0-8b24-e11ee768acf6,90a3303b-005c-4778-a191-4abd3e7acde3,2026-04-07 13:11:59,monthly,299
e7ddb981-bacc-4c4d-a3be-71e607b8f86f,6fcfc283-4997-40ed-8b32-dec11e7282ff,2026-05-13 19:41:56,monthly,299
044709af-d45f-45d7-888b-762aaa738b57,8226460a-eb1e-4e28-b011-11bfdfdf6574,2026-03-10 13:10:30,quarterly,799
3f53d944-bd1a-457b-851a-346f229a7809,7b96d8b6-b23d-4f7f-a63b-57e669876b35,2026-05-07 20:57:50,monthly,299
1133664d-6bbb-485a-b2b6-524bcecb3025,07759126-49ac-4e78-a165-ad36deeaa405,2026-06-11 21:44:15,quarterly,799
40200e1b-253b-4733-a857-cb64d0e7c537,decb81bb-0011-45b9-82da-c4ee65e7567c,2026-03-22 19:46:53,monthly,299
94a85225-7a49-4d31-b8c5-b2030a134d6e,4d44b980-daae-414f-b681-d051c0a774fa,2026-03-21 06:48:27,quarterly,799
8d6823e0-1371-453a-8efb-3263bebdda46,d6c6014a-bc33-4ad4-af75-a8576968e23a,2026-05-17 02:44:30,annual,1990
bf41bb28-62f1-43b9-90cb-b807bb309e91,f2e221a4-dbe4-4622-bb81-f075a1cc4664,2026-05-30 17:57:58,annual,1990
2fc6ce6c-1f66-4ebd-aa23-0b8a1f7e4192,88691c32-77c7-4e58-b843-387e3d20defa,2026-05-02 21:58:32,quarterly,799
23b13dca-79a2-4355-b791-7d4aadfe0fb0,2a6de822-bc14-4384-b284-7ef588e095fd,2026-06-02 09:59:50,annual,1990
03f68f07-b0ca-4259-b861-3916854f06e5,d02cc861-0d01-42bd-a621-86849812869f,2026-03-19 01:47:31,quarterly,799
d94181ad-f9fd-4d11-b870-d96a803af6c6,6f894dfc-58d1-431e-b23d-7338d65fc6d4,2026-04-11 12:49:01,quarterly,799
ec5d0b82-7347-4177-b1e9-8b384efd4569,2f8bcec6-408a-4383-b51d-da73cb9a0be3,2026-03-23 12:10:48,quarterly,799
30b8860b-51ef-4353-9076-3bf96e33ccff,41dacc0f-ed5b-4567-8f09-c67a7db3d62d,2026-06-12 10:24:13,monthly,299
6dac3eba-4b59-4156-887e-7aa185626d2a,9bcf2544-eb28-46f6-8588-a10624b1c27c,2026-05-25 21:33:02,monthly,299
e8665105-3157-40e8-ad13-c804680571df,bdba70a1-3553-4dc5-af25-0d1cf7c94b24,2026-05-28 06:26:46,annual,1990
b60e1f70-b5f2-42b5-8756-330fb95bfb39,d319ae7a-3912-44e5-9bf6-9e2a2945ef5c,2026-04-17 13:52:37,quarterly,799
ed9178a0-d3fb-4c7b-a444-97985dc38ee7,419a568c-d144-43a5-8d8e-14d72d0a2023,2026-03-12 20:54:02,quarterly,799
4ba1eb39-f0d6-42ca-8f0c-867a3ed129c1,38523a13-7986-4c6d-a9fb-ce5c5e8da29a,2026-05-11 21:58:03,monthly,299
da65a268-b3f5-4517-a111-213ba3410046,1ae339a9-68c7-4a6e-b3bb-9f67fc4dedf3,2026-03-17 21:20:50,quarterly,799
32aecec0-a6e8-475a-ad60-1aae1a4b2e2a,5cd7e9e0-e485-4ade-bafe-6517b2ab8de8,2026-04-02 00:34:53,annual,1990
f6179399-bfaf-4e03-848c-fd1430e741c6,accd3809-b4b7-48ca-97fb-4448146b5857,2026-06-11 22:09:49,monthly,299
af0244db-100c-4a08-844c-cbb05e829411,eadb3556-3b8a-44ff-91d6-5b5ba7fa4699,2026-04-07 04:28:47,annual,1990
72af3e73-c206-463f-a7c7-28a6d7c36730,9d803b71-eee6-4c5d-9663-95c8bde57596,2026-05-25 14:41:06,quarterly,799
6582d4b6-261f-4bea-b73e-028e55836582,60609cc0-b2e8-43f9-844d-28e4d9fa3fb8,2026-05-24 09:13:54,annual,1990
e6e1f031-dc1c-4133-837e-36ff28894f6e,9fd8000f-0b6f-4533-829c-701cbaabfd68,2026-06-03 22:25:56,monthly,299
70044d84-d362-48e4-a4b9-be01f81b0128,e3844ca8-b764-4a25-afcd-e8027f960e8b,2026-04-04 22:04:13,monthly,299
9905c329-b57f-4a55-834c-2f55dea0debe,85cc0356-e1ff-4424-b961-e12e6b256a4c,2026-03-16 14:08:23,annual,1990
4ff46d75-5c11-4f4e-bced-bc11ba1d2eed,533b830a-136d-4c18-a7e1-c7a21d7e2976,2026-04-02 07:26:04,annual,1990
26859cb3-6ac1-4a70-9a30-d77c97989b0e,8db1ed81-a02e-4021-b61c-a65220cbe3a8,2026-05-22 19:45:51,monthly,299
1e192cc4-e328-4eae-806d-763cd9997933,c356d1c6-43a1-40e8-9835-efc2c4c10aef,2026-03-21 06:09:02,annual,1990
523b4513-15be-4a12-ab36-bcdf84307935,43f7f37b-894b-459e-8bbc-476936074cb2,2026-05-17 10:45:51,monthly,299
3562cab3-8536-4697-b0fa-dd4e6a76125b,1617a7ed-c55b-44b5-9225-fe9831fdf556,2026-05-20 11:14:10,quarterly,799
1cd8ac93-360d-47cd-99a5-4781bb601ccf,ed9288d2-ed19-4f95-9167-38c4055eab10,2026-06-08 11:54:39,monthly,299
9d822a2b-7501-4503-a893-28466ddcfb10,a5d88504-3700-4e17-b643-b1d561598ff9,2026-05-27 14:21:58,annual,1990
11e5103a-c8a3-4bef-9529-a19827e91a87,853426d7-25ad-4ad0-9caf-28909214578e,2026-05-03 19:39:03,quarterly,799
ef5b0c40-3439-4b22-b5cc-960d622f1b59,30c647c9-de99-40ef-808b-f6fb2e2899c3,2026-04-18 07:06:16,monthly,299
aecad667-b0e0-4c37-bb2e-32f4fb0afad2,ab902766-0372-4568-8257-8ecd5f78c3a9,2026-04-17 15:08:47,annual,1990
43a602b7-e0f9-49b6-873a-b7f1f1ae50f5,c31ba63e-b147-437f-8706-6257e2d44c98,2026-05-04 16:05:40,annual,1990
d50d3710-0a16-4a99-874d-b88ae0843c9c,07ad4da5-ceea-464a-a771-157f09cce9f5,2026-05-27 05:42:23,annual,1990
151dd82c-8ed3-4efd-85b1-bfd41aaff8cf,3bdf9598-73f8-4746-995e-ed5b68b3b85d,2026-03-09 12:12:52,annual,1990
1ef25f13-ad53-466b-98de-051821cb1262,f7bfc471-39f0-4866-b921-868ee355dcf4,2026-03-24 09:09:16,quarterly,799
387e535b-3f6a-4cce-a244-cc75bd83e0db,6079e0ca-452d-4759-8188-d6617da1ea80,2026-04-27 23:32:53,monthly,299
20226811-2715-4058-8dcf-5a413e6cbca7,de6f0194-2ceb-4501-8f31-a303386ad7a1,2026-05-09 20:05:58,monthly,299
fa550398-ef1c-4a63-92c6-60599bcb51e3,d7663a4c-d7ed-4eb4-9dea-191eedd446b5,2026-03-29 11:28:46,quarterly,799
7d9f6bb4-fd77-4f5c-bfc4-b23d6610778a,97e6c010-46d7-4b12-b23f-a7daa9081de3,2026-04-26 19:29:56,monthly,299
f021975c-77fd-46df-bbc1-29b2e55224f3,391987d2-9c5c-444e-b4e0-147f551b6057,2026-05-27 04:47:35,quarterly,799
8885049c-ae16-4606-a374-af412c1fc325,0dd837cc-bf0c-409c-b775-d3695c927577,2026-04-20 17:09:33,annual,1990
7db39eb2-3c1e-4cb8-b5c0-fb68be624dbf,886b4a83-57e0-49f7-a163-fc820933d729,2026-03-05 19:56:44,quarterly,799
3fcbf2a9-7f13-4308-865f-be2092e2b636,c740b8eb-214d-43d0-9622-fc5840fe0f2b,2026-05-05 08:07:36,annual,1990
9f6e35a2-7bc9-4718-928d-0e69a5696ace,4174f24f-a162-4f75-9b05-1a2a1dde807a,2026-03-12 06:30:18,monthly,299
c4fa29e9-ad9f-4d2d-b3c9-2dbae4a94db8,60436417-8e48-458d-a97c-560eef0f4040,2026-05-02 20:07:23,quarterly,799
ff0c0cf2-1f52-46b6-969f-fe10b207ec23,8ed1d867-4c83-41f5-91d3-cb33cdbbb4ea,2026-03-25 04:14:43,quarterly,799
ad6e2d6b-51b4-4b6f-84e9-e81cc1eda366,1ac5a855-9b5f-4b62-9a7f-cca5f442602f,2026-03-29 14:41:05,quarterly,799
34c7a8ea-aae8-4e34-825a-2936d0aa6ade,26bfffe8-f73b-45ba-8ba0-652f531e7fc9,2026-03-11 23:17:57,annual,1990
8d22460c-c997-4f06-bf12-f0dcb3ed3a78,a36c1d6b-7b87-47f3-9ee0-85f142a69c38,2026-06-10 17:55:05,quarterly,799
608620ad-d2da-4a3f-a9e9-bbe2223b7a9a,b7fffed8-46f7-4aef-ad1a-8451ee58b6ab,2026-05-11 02:43:50,monthly,299
c235606d-7a4d-4d44-a5ce-5b26dd5eeb45,373efa2c-6034-4efb-aeb5-6d13475525c9,2026-04-23 15:17:55,monthly,299
93d8ce14-70d2-48f1-9692-6b0e9ae69581,158b4cde-2728-477d-a9b3-e63ff1a3cd8e,2026-05-24 19:11:09,annual,1990
891a6a04-972b-491d-9ebf-92dbfb3ca1a5,f5a26b6e-4191-4a95-b703-292fef7a0279,2026-05-08 14:53:31,annual,1990
f22ac54d-a135-42a6-b72a-7515f55dbe43,1ce45e49-1131-4b9a-8211-f5a9f8ff55aa,2026-04-12 23:55:26,quarterly,799
c79dae22-a490-4f2c-b2d6-1d9380720dfd,6d02ecfc-3dbd-4b84-8e45-cb552afa0c75,2026-05-06 06:25:10,annual,1990
d9928300-e6a5-4211-b6ec-93952d7b3468,11db9c42-8031-4750-a0b2-023ca88f9e98,2026-05-27 03:06:08,monthly,299
42fe2919-8522-49b4-9f44-b93f4c09f286,fbde2d25-9b78-47b3-b9ad-7c13ba2b0b15,2026-03-10 18:32:37,quarterly,799
06da45c6-56a3-478b-958c-142e03f9abd1,02dd05d9-1bf7-4a08-8dc8-893abfb5985c,2026-05-04 07:52:29,monthly,299
695f5666-d595-4d7b-a353-cc5ccf7fc474,ec4b8a31-5da9-40f5-b2ad-59ef1ff7aa96,2026-06-03 10:55:40,annual,1990
621f54ab-49e8-4098-b224-7340d4c9c370,12f17986-7e73-4c01-92cd-de89664be8cd,2026-03-26 21:22:53,monthly,299
a9e923dc-2804-4876-8a51-0e643a664a38,f9157156-a8b9-46d2-97c9-d4e47c377108,2026-05-24 04:09:11,annual,1990
dd488f19-6e26-43db-b9d0-9a718397f1db,7ce380b7-5404-4baf-90d9-a2ae5a25241d,2026-06-04 07:26:06,annual,1990
edaa7d79-f318-4ad3-ad26-ffcc3eb6ca04,46ad0c31-daab-4c42-a1f6-39a10792021d,2026-05-12 02:02:50,annual,1990
d0f8847e-1e71-40af-94f2-2dd104c56232,0c7d3baa-6b4c-4e52-9d6e-46e05c976012,2026-03-28 02:28:20,quarterly,799
a9a1596a-e91d-413f-9627-2e1491e4432f,b994851c-e262-4ba7-8646-b015ada7b5e8,2026-05-28 10:27:59,monthly,299
ac01568d-7a4f-4c03-8f7b-2c290cbea592,955e81e0-28e2-406d-a993-f68dd50d9c45,2026-04-15 08:20:27,quarterly,799
bc96acf8-db3d-4f16-8300-3f481a559f69,40ea4461-e16d-446a-8b4f-bd25a4fe1d3d,2026-04-30 17:35:35,monthly,299
66c51ba9-86e0-4080-9805-5466d1dc0926,7e0904a2-4f0a-4af7-a710-f57aafbbc306,2026-05-04 13:48:09,quarterly,799
51171982-1cd8-4a06-9f73-7f7151ed8fbc,c3449ba9-a24a-4c43-8c01-82267b1c6684,2026-05-02 13:40:02,annual,1990
f52dcfff-ce69-4fba-8518-1a66780bf413,c3a3afc5-4827-469e-88fb-129ba33411a0,2026-03-19 08:33:23,quarterly,799
766a9c5c-2fb1-4583-9544-451494803979,261dc9e9-2e65-4631-99f4-1d60a8eb55ce,2026-04-14 02:23:08,annual,1990
a9be2895-5067-4b5e-aef7-febb740b45d3,20076e2f-2e74-4480-a23a-4254f936519c,2026-05-27 02:02:13,quarterly,799
e30079e0-ef3f-45f2-aef1-61f0b0115e32,f1a7e7fe-178e-4ad3-95da-23b33d22f7a3,2026-05-15 10:14:32,monthly,299
105b2643-395f-443f-ae82-943a381482d6,becbaf1a-8437-4fa7-a38d-145c70fa2e72,2026-04-01 03:31:32,monthly,299
44c35e9d-0931-4235-a94b-4054d057133a,9ea8e0ae-29ff-44cc-85d5-2b5834c264f3,2026-05-20 18:04:17,annual,1990
06d858a4-cb05-44da-b44a-11fb359d5ce3,5bbbc84a-816f-4d22-a89a-00f0cf78b1cf,2026-04-03 23:24:07,quarterly,799
460ba186-fe1b-4674-9024-644513f4d989,46798225-45ce-4726-a286-c72fcd4ce3df,2026-04-26 12:23:33,quarterly,799
06fcbf5b-a947-4137-b75a-cafa90a3eac2,0487b70f-2099-408c-8e98-08e417bd7a95,2026-03-29 07:20:56,annual,1990
d2f7d25e-53de-4347-a5b7-fd963b30dc7c,734ed9aa-557e-45fd-9ffd-91ce6ad05a7f,2026-05-31 20:07:39,annual,1990
01a06806-c947-4963-b25c-b0009a56aa4f,18bcc50c-42ea-45e7-8ada-4b01a9537bc8,2026-06-18 08:45:04,monthly,299
96bca4e8-7e23-4c0e-ae8c-bcd814632753,5bf9ab9a-2183-4869-8197-ecc0ab0955c0,2026-03-29 14:35:54,quarterly,799
10508d47-4b91-4fc0-9b9b-5910357974dd,1997b7be-f3cb-4525-ad2c-ab433ac489f5,2026-04-22 02:31:55,annual,1990
17a9848a-79d5-4419-b8e7-5b201ad44ead,befaead7-75f0-48a7-853f-f65ace76faf1,2026-04-12 09:14:12,annual,1990
0f5e12c3-c245-4967-b235-772be7892b46,9c43f0ee-533e-4f44-aac3-9750464361b7,2026-05-23 16:00:22,quarterly,799
654b8670-f891-42ac-9b1b-0b9b48477449,9f1ecce0-b072-4f6b-b54a-182452387381,2026-04-23 22:34:10,annual,1990
49d0bf66-6bec-4f8c-99c3-9a494d0125fb,ec9ac96c-1a12-41c3-bc9f-0667ff56e814,2026-05-31 12:25:40,annual,1990
9bc24f4a-423c-4dce-b6fb-ace3d3bc9b8b,360e4514-6057-4b76-9bd5-a9462acc0b2c,2026-04-03 15:25:04,monthly,299
3a521f4c-2a43-47d6-ac58-00b81de23b47,d7b0737f-44a7-4b3d-bdf4-886ec6f8e0a1,2026-05-05 02:32:13,monthly,299
5c1c94fd-4461-435a-b4a0-ead4841f898b,bbf393f9-6d3d-4b11-af26-93242fb2e8cd,2026-03-25 19:37:29,annual,1990
a780abc1-7782-400f-a855-8bae5d1dd09a,4a1ff0e3-9dbe-422e-86bb-e452e8625832,2026-04-04 15:04:12,monthly,299
b44157cb-7062-418f-9881-560dd77473b7,19f1c5ab-7519-431e-b0ed-308cf65c7b89,2026-05-02 11:21:36,quarterly,799
41ca684d-96c4-45db-a58f-af43788d0da8,9c736541-ff9e-4078-a3da-83b609c5c67f,2026-05-16 02:55:33,monthly,299
f295e6a7-9b2e-4b40-9472-aa561b8dc805,5a8df0ec-5fb5-4741-a901-e1d84f4bde05,2026-05-28 08:31:33,monthly,299
a31f0f91-b537-4e3d-a087-2de54b631201,cd60509e-c4d6-4365-a877-08ae1570238e,2026-04-07 07:21:54,monthly,299
555a6c67-8199-42ff-9557-c3a4ca849b60,9ec7e0d9-008f-4d71-b50c-99d986eb443f,2026-05-31 10:49:41,annual,1990
078c1f02-c9ba-428c-8957-94a4f2536a95,b29825a6-ee28-44d7-b023-76876d4e674d,2026-03-16 08:36:37,annual,1990
93d81c3f-b26d-4cc2-b4e4-83c821f40116,6e9b2590-57a8-4c6c-86e5-491ad6fd449a,2026-04-25 03:01:00,monthly,299
47dc5386-fd8d-46fc-9776-a7af7128bada,e2916c38-a95e-4873-bd88-2f3850d7854f,2026-05-31 13:57:57,quarterly,799
43e83582-dd37-4c5c-8009-8e0dfbde0f78,f5b47443-e7b6-45e2-ad90-2b97e1bcf046,2026-05-11 23:14:25,quarterly,799
d1d35f33-254c-4622-8c3c-71fb20d1e93c,d3fa569c-0da1-4dc2-9e94-2d5811525789,2026-04-30 09:01:50,annual,1990
b9c491f8-b526-4153-bfb7-1cfebd24f352,0187fe47-6f11-4a6f-80e0-24eb929a6536,2026-04-05 14:44:27,monthly,299
83d985b5-b004-4b44-9f65-8715c5ccdc7a,d93c8fe4-ea9b-46f6-be3c-a74bbb6b5c98,2026-06-08 17:53:46,quarterly,799
adbcd26d-a74f-490c-a4f1-452cf47ea65f,09c81d84-249b-43ad-9fbd-4b6756d760d3,2026-05-28 10:39:29,monthly,299
56587066-84ac-41a2-8f4a-55f96e9bb35d,d2521a7c-1ab6-42c1-a838-f9dad344e6c5,2026-05-25 14:05:33,quarterly,799
eda5e8f4-d192-488f-9594-4842e02d956a,95c0f5df-d03e-41f7-be1f-9b7d1f122299,2026-04-26 06:47:42,monthly,299
87e58a47-6396-428a-acd7-c4f50cbe1196,3e3280ce-627c-4ff7-b4d3-155adeb4342d,2026-05-07 13:55:20,monthly,299
be867a96-fec9-4c0b-89d3-3a9cdfe34fc8,3a05c8cb-e9b1-423c-8684-e65d6669c939,2026-03-31 01:04:18,annual,1990
fee58d11-a4bf-4124-8f72-72898d17dd30,01eb367c-b508-4a7a-a6fd-9466c9deaaee,2026-03-22 21:38:51,monthly,299
6b53245c-3732-4c5c-a073-70d5ac936486,5cb1c595-544e-46b7-9ab2-6a61808edea9,2026-05-13 20:35:56,annual,1990
78fa4676-7ed7-4aaf-8d66-68e2ad5b12cb,22ede384-4292-4897-a5c0-5b452819d646,2026-05-19 05:34:45,quarterly,799
bce4221a-5d05-414c-908b-c38377ce0f91,20867407-4d23-43b6-951d-34f581d10ce0,2026-03-22 06:37:22,monthly,299
0665c4da-8e25-4350-996e-03312e225e63,d697b336-9dde-41e3-87bc-4322c46ecb67,2026-04-12 12:15:37,monthly,299
1716d626-9c1b-4c75-9344-43b27b759864,e3f4544f-41a6-4ca6-958b-5abb009998fb,2026-04-10 05:35:36,quarterly,799
eae5a90a-395b-48e0-852e-7ec3a9a87e5e,33feaf1f-ca5d-4dd1-b0a7-0feb2a000597,2026-05-16 10:30:49,monthly,299
64235488-8f68-4eb3-a729-5b5b08fd6193,7974971f-9017-44b2-b691-0add1547df65,2026-05-21 12:20:49,quarterly,799
94f2fd07-a66f-4d42-8ffe-668b1e935832,8abeec0c-4804-4d41-9c68-1ae9add5010a,2026-03-30 03:20:15,annual,1990
03e5ca70-f1b2-4665-864e-95dcec58bbee,11b63a2d-3585-4676-8d76-1698bc19a0b3,2026-05-14 14:57:31,monthly,299
e5d7c93a-bd7c-4a52-9be1-466aa6a6c726,9bfec69f-fb94-46a4-8e63-f36d02fa68c7,2026-04-28 01:37:36,monthly,299
36048777-a4f6-4bee-9149-c3f96e3a799a,8f9f3ec9-ac2d-4c8c-a16a-8481a58806cf,2026-04-27 17:31:51,annual,1990
fb67e059-f81d-411b-9f87-3e590b5392e4,1439ddc6-3cdb-47c8-b01d-1647c552dc1e,2026-06-05 14:13:26,annual,1990
ef1ad065-349a-4d23-b373-ab3f6153c136,f413139b-731d-43cd-872b-f75e0a8f0a9b,2026-05-17 07:46:11,annual,1990
63b903b7-cc99-43cf-886c-d45fa8baae52,f5baad9b-9919-4b3c-bf18-2deb7ebc9b64,2026-05-10 01:06:01,annual,1990
81d8c302-668e-4595-9cd8-0ad267eb08c5,d49e16c1-9f80-4ff8-a3d9-35bc393a26ed,2026-04-23 08:22:32,quarterly,799
e874f5f6-49e0-40ba-874c-3b4d3ad09ca7,cc31ed7b-8ee7-4311-a702-60aa68660c69,2026-05-08 07:18:06,monthly,299
c6c67f3b-8761-40ee-98dd-1ca2a77db63e,a250da1a-ed49-4205-9c56-73d0b1e99421,2026-03-28 13:15:40,quarterly,799
757ba690-c043-4c9e-9f6c-56c596351761,43546358-0704-4497-9b82-2d6595aa1660,2026-06-10 20:54:52,quarterly,799
a6232731-6dfe-4e9c-a48a-8f6bb9bffed2,43d4a655-082d-4000-bd73-fa7e3ac3feb1,2026-06-10 12:50:03,annual,1990
cbf52819-3805-40ba-82af-fbe02886b187,3863ea3c-2faf-41ba-9b9a-82e9b770cd13,2026-04-07 09:37:28,quarterly,799
ac3eacfc-8651-4990-86c9-5f54a086eee2,b4ebb588-7d0a-4fe5-baf4-c1fecc9a9cb1,2026-03-06 21:03:32,quarterly,799
ac62d6b4-1d3a-4570-98b0-2bfbc79db39e,3fd99327-4bae-4b5b-b282-9a62ddd4960f,2026-05-30 23:25:20,quarterly,799
86d9f7f1-cebb-401f-affb-d5c5ac9885bb,64d2d855-4fa8-4f15-99e3-09a98ca82312,2026-04-07 04:45:40,quarterly,799
52e0c105-8334-4b51-a991-8b7b746ef1d5,5c3986ee-b0b7-48a4-b273-2f1952db5a17,2026-04-25 23:16:27,monthly,299
e192e038-49dc-4d36-a0eb-a6a55188adef,3b82f72e-9b68-45c6-ade4-1e6b15e71c6f,2026-06-01 12:49:15,annual,1990
8d33cbe1-29c8-45f3-b73f-aa6b8bc2a0e8,61673c31-4f96-4d0d-b720-7bea52bf7d52,2026-05-15 18:36:22,quarterly,799
7cd2d1c7-1817-4ab3-b066-8a01ade78c03,22ac61ef-6cac-42c5-b560-c431297690e8,2026-04-30 20:35:00,monthly,299
1b348fc5-262f-477a-a433-4c4d6ce83b90,2d19a733-3e8e-4caf-badf-fee015ff2a54,2026-03-15 23:10:35,monthly,299
2a32b824-5f42-4dc7-9237-2cc176190358,4014b9ae-2ba4-4904-8eea-b4e29c3e7d0f,2026-05-26 19:20:27,annual,1990
272e9e03-ee0b-4e80-8255-181d6fb0e5a2,a0004912-e2cd-4e78-aba3-e2ff817c800a,2026-05-22 03:06:37,quarterly,799
f9387855-6b4d-4e6d-b91d-393738d2dcf0,0750139e-1e8d-4882-8981-b6db438bcaca,2026-04-03 16:26:29,annual,1990
9ee4628a-eaba-4cc6-ac7a-fb05ab792b40,ce9e9e41-7ecd-4cd0-a893-68c73d545caf,2026-03-30 22:15:53,monthly,299
8d549cc4-4c2f-4de2-bce8-f120436c2e1d,637ce726-8582-417c-80b1-2d3f9b94c459,2026-04-24 14:03:43,annual,1990
90553bb1-33ad-4e76-9030-b16f2e875abc,b8399aff-9ca1-4d96-8da7-40c370fc38dd,2026-04-07 09:23:53,monthly,299
97f86f9d-b1ea-4208-943b-0a4fe840f185,f37b5f7c-ed60-4dbd-96cf-11c240b3bfdd,2026-03-13 03:35:41,annual,1990
eb9d12f4-96dc-44c7-b33c-46a872d05f8f,f8123b52-d547-4e73-9bfc-91f6bf9961ed,2026-04-22 00:51:50,annual,1990
b5ec3371-1f97-4a3f-9176-cc2df13e70bc,47969a1c-5e26-4b95-b34e-0815b6055162,2026-04-06 00:23:08,monthly,299
834cbbf7-2cfe-4b21-8261-050cffd18d04,24807731-2ca6-4117-b216-1b503327afaa,2026-05-02 17:42:36,annual,1990
a88a45a3-74e8-43a7-b1d6-dba152fa6403,eb3e3dd3-88fa-4da6-8cda-b172bdf91bf4,2026-03-28 20:18:10,monthly,299
2fbf264c-30a1-4522-b2e6-3d44381fb4af,0f5b137f-12da-4026-906e-00b60fdc241f,2026-03-20 06:04:02,annual,1990
dd39852f-52cd-4d91-b60a-7258e6f318d5,1c37f044-2ffe-411c-be1c-8069e062de90,2026-04-01 04:25:20,monthly,299
f44e5d47-8acf-4c10-9d55-1093b4bf0fb7,babd5745-4e18-4238-964f-b87f1d1cade7,2026-04-27 04:49:35,quarterly,799
807d02b9-5adf-4198-815c-20bec8e71914,b22371a7-5714-465b-b9fa-b3fdbe9c1a09,2026-04-16 02:06:41,annual,1990
6fcb367e-b532-4cee-9190-984da035f594,f6a7038f-a42f-4557-bea1-7c751400df54,2026-04-30 21:43:47,quarterly,799
033a820f-a21c-43a0-993f-4b142e75a992,80517607-2248-43d7-8f24-0253e735eb73,2026-03-06 01:52:24,annual,1990
8cacbbb3-2f40-4e80-800c-4ed01301987b,b1692e33-71bc-454e-b31d-013de455e02c,2026-06-01 03:47:49,monthly,299
128730a6-e8dc-4122-b72c-3dbade7a5fb8,6d5503a8-211b-4867-b071-272b36f866ba,2026-06-04 02:38:01,monthly,299
e21b13ea-0a86-4a55-8755-07294670784b,866413c6-1dfe-41e9-ad94-4546bbab5f6e,2026-04-30 05:29:35,quarterly,799
8d77a355-f346-4cb1-b90b-f4a09326a199,6567108d-6282-470c-8a27-38cfce1808b6,2026-04-18 04:13:33,annual,1990
fe88e408-6c60-4c07-9b34-7e51aaaa1904,33bf32b4-154e-4d7b-ab5e-12ad2fb67b78,2026-04-07 22:21:43,annual,1990
fa1876e4-ad40-40ec-a7d2-500de9f090e9,89095db9-c76e-42bf-81d7-98d0f22d9076,2026-05-23 10:15:45,monthly,299
9a048329-f6c5-4827-8b9d-15a9fe1988cc,70e06fa0-7cf1-40cd-87e4-4bfa4c91e330,2026-05-12 10:15:07,quarterly,799
597f7581-cd3c-4a39-b675-f88e2e6e3f69,251c7993-f3ea-4c45-9cc4-9883bb0216b5,2026-05-24 17:52:54,quarterly,799
b5a81b55-d367-4346-adf8-6ee630c784aa,9a2b852f-9d5b-4cc1-846f-a53bc1301b7e,2026-05-10 15:43:33,monthly,299
d92f7b38-e935-4d44-88d1-a9588b53a065,32b8d4e6-d89e-4dc6-ac9c-3aae2125c924,2026-04-17 08:02:28,annual,1990
4753be66-61a2-4822-ab1b-34e67f4585cb,8ce92220-8442-4479-a64d-645137640286,2026-05-21 01:30:33,monthly,299
010c24ab-9a96-42c2-a9a1-d319d9b4ace9,ff5d517e-5995-4ad1-921d-71fc29a1db8b,2026-04-20 04:08:51,annual,1990
b01aee12-e3ef-444e-956e-b4e61e3e6626,9514d8a8-2963-485c-9d71-09fb5bf6ec7d,2026-04-19 14:04:48,monthly,299
5d333aa7-0ebe-4a4c-861a-161d232646a1,5d198ea9-26f9-4b46-8974-0a2b2268965a,2026-03-05 17:53:45,monthly,299
9e5ed1cc-c6c7-4234-b50c-b3376dbdc37f,6c0aaac2-bd05-497d-8d06-854299e26d24,2026-05-07 01:24:02,quarterly,799
9acac27a-1f2f-4105-ae43-2ad831140ca0,ffba2c41-7958-4af5-8acf-0cb4fc76c04d,2026-04-22 10:34:37,annual,1990
02b7b04b-be7c-4b51-b3ee-240314331808,1ca3d4cd-de4f-4531-8e4d-e236fa73332d,2026-04-17 10:55:17,quarterly,799
d5cc603f-ed43-4ee5-bc15-b923ce25ad3d,4d9fce02-3755-47ad-8b13-684bddec22d6,2026-04-04 01:10:32,annual,1990
0a8df470-b21f-45a2-9416-42cca5c2876c,02c8210d-c627-4213-b21b-326a43253ee1,2026-04-12 02:36:09,monthly,299
bf9f2020-9a85-49e7-94ec-7f593396db7f,0e036f9f-50ae-472e-a3e8-7c87f84a6f09,2026-04-28 22:05:02,monthly,299
7ac30735-56d4-4624-8dd5-b80f1e28539f,9fec3010-877e-4221-b731-559962b8aabe,2026-03-13 08:54:29,annual,1990
a2a11c82-dfab-4a43-8228-48a3ab095d83,699adb73-fc48-43ba-a8ca-71a3d2cbfa62,2026-04-24 09:37:22,quarterly,799
5ced082c-5c91-496a-a4b5-095e42fff28a,85f10854-cd05-43ca-b07d-d0f6f977d3a9,2026-03-11 06:09:57,annual,1990
65a3413e-ebdb-43b9-ab12-69705beafa23,648eeb47-27a6-409e-9bde-ad5c5a1c3b2e,2026-05-08 16:06:02,quarterly,799
b4a82ef8-d570-4f53-a3e0-63557a1d8c32,4d8e65c1-46bc-4867-b367-7fe9587aa65b,2026-05-14 09:48:55,quarterly,799
04b292e7-96ef-493e-990f-72293f299aa6,922084fa-4233-40b6-916b-cbf4a8bcee35,2026-05-05 18:39:07,quarterly,799
c8c3a864-5a05-48eb-9c3f-b848d00e62cf,946677f5-95b5-46a2-a999-d805093a6bc9,2026-05-28 05:56:38,monthly,299
eb46ad82-8c88-4e35-82d1-b4559d8894d1,0fb57258-a603-44c4-87e6-11caf8ac39ec,2026-04-29 21:44:12,quarterly,799
e5bf252f-f149-4b55-9604-af78eb39e30c,e854fe86-b84e-488b-b98a-2ba8ff60f3a9,2026-03-28 08:05:39,quarterly,799
21c21cda-6bdc-4e04-a825-28ed0bd63a2c,b1b94745-6858-413d-9ca9-a40c26a6a087,2026-04-23 06:48:37,monthly,299
e4aec7cd-2e82-40a6-926d-3546c27c9cd0,caf78c44-9b8b-4b19-8786-88aa65b11ccd,2026-04-05 17:05:41,quarterly,799
fc558ba3-4eb8-45c4-98a7-0a5ea8b93b13,83944faf-6cf2-4f9a-bfbb-e834f04947b5,2026-03-20 16:41:58,monthly,299
c6aa0657-dab1-4da2-9de6-32544d04013d,7d1613b9-a939-444a-b248-8d4daece1964,2026-03-26 06:18:14,annual,1990
a04753c3-195d-45c5-8db7-cc0acee33769,8a645332-7370-44b8-8258-5c120d7cdc34,2026-05-05 17:45:02,quarterly,799
7d5b84c9-2dc5-4534-b783-e714e9dd95fd,60421dda-1edf-41d8-bd87-c016a534bdef,2026-04-05 19:57:22,annual,1990
a031474a-2be7-4c80-b549-0e833fbe3b16,425c0a6c-e5a6-4c78-aef0-615421964a3c,2026-05-17 13:53:26,monthly,299
684fdc26-261e-460c-946e-1e229e6c2174,3838dc49-1176-45d3-9a0d-118219af8194,2026-05-24 04:08:11,quarterly,799
da2f15ed-54e8-4ce3-b5e3-73b4eb82f505,8d59413b-ad70-48d3-9c4e-111279a1964e,2026-03-21 08:38:40,annual,1990
2d782c5b-e7c9-44f0-8ffc-ddbc5697a083,8b129b5e-69af-4840-a4cf-3649bec8f609,2026-03-29 06:53:42,quarterly,799
f1673948-6d47-466b-9b05-4992965a6783,f1394ad6-29d0-467c-84fa-56f5eb44dacf,2026-03-22 18:50:19,quarterly,799
3ec0a735-ab5f-42df-ae36-e240c5d26f34,674b7351-7f5f-44b3-bc0c-957fe1f54887,2026-04-09 15:05:59,annual,1990
64888322-666c-4f37-8fd3-1908400b6934,cb41d2bf-e000-40bb-b920-b81a7d9a3b9e,2026-04-27 12:11:00,annual,1990
6508b10a-9abd-4be8-affc-7e986a7ac6a4,c0c9d148-7b65-460b-a81f-26c6b3c432d9,2026-03-16 12:14:06,monthly,299
6cf55b5c-4a37-4bd8-aa88-06ba44f6c572,0e2ac713-a8ca-4fdf-8d32-100b1a853c6d,2026-03-15 02:30:51,annual,1990
f5f5184f-5e2a-4f11-972d-7f906f346d4d,74352a8a-d0c2-4726-9666-5d3b604da664,2026-04-03 13:34:00,annual,1990
96f9f9c3-9d59-42ad-9f63-3e78a56f5a1b,932fd6be-e176-4bbc-ac9f-d5a276cd4105,2026-05-16 19:26:21,quarterly,799
f6d98ade-466d-44c4-966f-134e58e98006,c7b83b2a-036a-41f1-9175-1776f7e6d800,2026-04-28 07:48:53,quarterly,799
428e5f4a-d483-40b3-86ea-c51042b88269,2419be3c-c0ae-42c1-b86a-f2f2b4f1af7a,2026-04-09 02:40:05,quarterly,799
badbc91e-e566-45a2-a5f2-88dcd8a66498,ec07f2d2-ac7a-4760-97fd-89a42453436e,2026-05-08 05:06:06,annual,1990
6cd59e22-1ec1-40a6-be4c-3398f289a780,0c1b4eb1-cfa8-4d88-a2ef-111a4173e02e,2026-05-04 09:45:50,quarterly,799
31545d7e-e074-4a22-ae62-642df902e6de,c4824f66-0f31-4d81-8875-9858867216f4,2026-05-01 18:40:33,monthly,299
d7f49b78-3e0b-42c4-abba-c94ed113c8c3,38ed146f-3a29-4860-993a-3ae8e0da485b,2026-06-06 05:25:10,monthly,299
25652e26-f86e-489d-bb6d-7c569bb3c287,1f42bc6f-b3c2-4bdd-b82c-2c1f31b1d51b,2026-05-27 11:56:10,quarterly,799
ef88379c-30ce-4fbf-8fd8-71809ddc7669,43053730-0c94-4836-9aa3-7c29913aeead,2026-03-13 23:23:52,annual,1990
5975edf5-b66a-4527-a3c0-02975cc7e633,8c7c944d-7779-46e8-bc32-6253f3340765,2026-06-03 18:07:38,quarterly,799
a6e593a7-178b-4b0b-bf58-4df7e82a5a94,d04d0d06-4e70-44ad-acd6-550509191fb6,2026-04-02 07:54:58,monthly,299
572d096a-9379-45d6-b7f4-e9c014869e3d,96cf892c-ebc2-41f2-a92a-a66a47f83dbe,2026-06-06 11:02:43,annual,1990
6f50e27c-5883-4945-9141-fc721a17c1bd,40bf33eb-18af-4178-a83c-6e051f2b72e5,2026-04-14 13:16:40,quarterly,799
f610d7fb-bead-4318-a3cd-25a1cafa0459,44fa0c0f-2523-44c8-ac62-7d523537e367,2026-05-06 22:20:24,quarterly,799
dcb02ed1-5134-4599-942d-cf89b59b34a1,4c94bb68-36ca-4f44-be50-feec370b3113,2026-05-05 14:20:49,annual,1990
53ea09d2-d101-401f-87f6-0e454540b3e3,a89efa1b-c0c4-4c61-bad1-6d58305129b7,2026-03-26 13:55:44,monthly,299
433e9636-4cc6-4d60-9ad7-dc0cc66f4e35,7ff1c449-3530-48c5-af5b-cf4383a5a649,2026-05-28 02:20:02,monthly,299
9b328571-efea-49a2-9941-5b2fa2214771,989bc4be-55cd-4522-8230-0f270068563a,2026-03-19 07:11:48,quarterly,799
299109aa-3eaa-4f59-b7eb-9daab2561266,e89e9d3e-4cd4-4478-b987-c8b87dbeac45,2026-06-01 03:02:24,annual,1990
3d32aeeb-972f-48a5-81d6-79bf8f340fd9,6a4b57a9-cdf1-48bb-af72-f24bf5c22787,2026-04-23 05:34:22,annual,1990
1fc714ae-bc38-43da-b501-7e5e01cfa588,43e85652-4281-48aa-8ae8-ed0110092fea,2026-05-28 12:44:55,annual,1990
64d9694f-011a-4588-a52f-5f034346e4f5,1d3bceab-5ae7-4b77-92ae-e83888e9e121,2026-06-15 15:12:52,annual,1990
913124b2-0bbf-47a1-904f-73d51fded0c7,e979824f-d970-4a66-8d93-a1af17792d65,2026-05-06 18:19:23,monthly,299
bc3f4ff4-268f-4713-bacb-fb0dcd933850,56b7c55b-6738-47e7-9fe6-4afd59165ebd,2026-03-24 13:30:15,quarterly,799
b6233a93-0303-4290-956e-464f984328d6,7584ccce-1d45-4d5f-a141-86e809730d91,2026-04-21 16:50:30,quarterly,799
ab62f894-36a4-40bc-ab8d-eee3277e237d,53adc008-c30c-4458-a951-dd96244b4ab1,2026-04-06 08:31:49,quarterly,799
5f6b7bf4-42ac-4e49-81d0-1aa4cda45ba7,867c5a07-8ebc-4f15-9c3d-38119da02e14,2026-05-14 13:21:54,quarterly,799
6301dfef-fa97-45b9-846f-d908cc3166d2,ae18a65d-f825-4014-8188-737cc83ae2a9,2026-03-27 21:21:01,annual,1990
eb0c73a3-22fd-4b64-bcfe-94133f330d76,a662c70f-8bcd-43d4-bf7a-adc7161d0dcb,2026-05-17 00:56:53,quarterly,799
31a2f9e6-8085-49ff-a0c3-54bb07a4a0b5,45ccea01-e8be-48c2-a5da-3cddae4c5f5a,2026-05-04 05:59:11,annual,1990
23db701d-410e-4ac5-b420-3b06998848b7,9a25d60c-967d-4407-bcb4-a70ec10f91d1,2026-05-04 09:34:36,quarterly,799
34556a91-017d-4a01-bd56-506dfec3282e,b24afda2-d04a-4049-a28b-7bf4293ad9b8,2026-03-17 19:56:55,annual,1990
d9f60c3e-18ce-4647-8c22-3ffa8877eba6,d749ec54-cff0-4ab2-b0d3-62769254b728,2026-06-05 03:32:15,monthly,299
75436532-7374-4f11-81cb-115039c85b00,5c81c6ef-2d1a-437e-9a70-8e8a06430c29,2026-05-22 17:54:02,annual,1990
6cfa7271-35f0-458c-80ac-26bd8a8b7e83,a5b5024d-ba01-42fe-96d5-3443e052513a,2026-04-27 02:19:33,annual,1990
9e3db258-fad0-4a26-9b50-f0e275026c2e,8b05144a-fa32-42e2-a415-e53e48efa40d,2026-04-22 16:41:07,monthly,299
1ce93c15-b5a9-4bdb-8a05-56fe47965fc9,77a22ebb-cf3c-4283-a56f-94a4d6cc939a,2026-04-25 20:03:57,quarterly,799
3b34b53a-b6ad-4f3e-a33d-dd25ae1652c8,58d8e0be-99d1-475b-8015-2f2d6b90d387,2026-04-02 01:56:11,quarterly,799
8ec86197-e906-4395-a93c-5dd0ff8ed766,4e406cf4-7f5a-44c1-9d5d-45a66feb00fa,2026-04-14 21:51:04,quarterly,799
6ce31b81-c6ed-4b2d-abc3-0e1215c54fee,899923ae-cdfc-4b13-8199-89c4753bb1c0,2026-04-17 01:31:59,monthly,299
d329ba67-82d8-49f4-ac82-a98c4036cbbb,aa134322-dc1d-4307-b32a-a4ca0e9baec3,2026-03-15 20:28:41,annual,1990
72f20555-e378-44a1-b83c-b38051c2949d,86e0ac37-9064-442a-a3e2-a9229377fe64,2026-03-27 05:21:46,monthly,299
aabb522e-92c5-4f36-b436-eb0d5e712cd7,b93cad2b-a817-49c6-a03c-b0f57dd9d5a8,2026-05-30 15:00:14,quarterly,799
085e8fed-9295-4a06-a9f3-1d46992d3e9e,65b279f4-744e-4581-b960-0fa919801ca7,2026-04-20 16:31:28,monthly,299
f9eaaf57-43ee-417f-af49-8423f0a8e160,2d94eeee-c570-415d-b947-b8266c890bff,2026-04-13 09:01:45,quarterly,799
7827f965-d9f0-4761-81c4-4600b99c08b5,50ee4014-9331-41f1-b638-697fde9b0b92,2026-04-09 01:39:26,annual,1990
9c50f98e-bc2c-4972-ab49-63a3c3b12a9d,89e66395-ebc5-4aaa-959b-144996eac127,2026-05-31 19:06:40,monthly,299
05c86d5c-1ecd-4d2b-bd95-edb427bf4188,5e0652e9-c987-4477-a610-b31607e0aea6,2026-06-01 22:23:47,monthly,299
b7a48c8c-9da4-494c-b920-fe6de6c1c95d,328338a3-7e49-4dff-8e6b-a9abba66db70,2026-03-27 12:27:47,annual,1990
ae6d6df2-ec31-4879-b1c9-637cf30cf313,eb1c0c96-9e20-46d2-9a00-3ff2d7a128fd,2026-04-07 22:53:53,monthly,299
f2e914f9-8a2b-4bea-98ad-33d5405744bc,6adcfebc-47d0-4f47-bcad-464162c1c39d,2026-05-15 07:06:06,quarterly,799
8a6ad20b-7c06-41a5-8d1c-f5644d1df78e,d4b7552b-add9-4a08-a1a1-157914d1bf84,2026-05-03 21:12:40,monthly,299
f046d708-3642-439e-a92e-5924bbe17a5c,0f03a94d-7e07-40b4-8990-3e5473078557,2026-04-12 17:41:12,quarterly,799
f7fb9723-6ff1-44d3-a189-c0fafdc47cf1,f24bdb73-8848-4ccd-bed4-8e26411fb1b2,2026-06-01 00:18:12,monthly,299
9d3b27c9-4644-4bb1-9018-5ca990788ca7,19397e6f-8bbe-4354-9c4b-44892c467563,2026-03-29 23:52:13,quarterly,799
74554d6e-5721-484b-bf61-e80e35b886ee,53b10f4e-d88b-4320-9837-0236649da2c2,2026-04-20 23:08:48,quarterly,799
ca44bf2d-221d-4c82-8da3-e0d9ee7562d4,264e944c-345f-4783-8a27-6278dc5d0995,2026-05-25 19:04:29,annual,1990
cb593074-f39c-4bbb-8ae3-b6738cd216a0,abbe49a6-6189-4d63-96fa-d1db2fb5d6cc,2026-04-19 07:24:15,monthly,299
cfe168e6-f0c1-4a02-91c2-6a77575039d3,32826438-c578-4ee4-a9c2-8e562c03024b,2026-03-15 06:38:23,quarterly,799
17f620f1-ba43-4664-b044-410706bfddb4,7e39dd96-fd8a-4e5b-bd68-087c10a94db7,2026-03-28 21:01:18,monthly,299
fbc32026-f6b9-4424-8244-a98cb1be9899,f7c0579f-52a1-4eac-8dc3-c7fe308473e9,2026-03-22 08:50:40,monthly,299
44b7a5e4-199c-442d-aef9-cc6b55462e5e,17cbbeff-6772-48da-bf5d-a08b4afd7b2a,2026-06-05 09:40:29,monthly,299
b90a219b-f0f3-48ae-97bd-da5a2474cbe9,92ee78c4-03a9-4675-a1aa-616dac1bb1d5,2026-03-19 18:22:53,annual,1990
b77797aa-e4c9-44b1-b389-dd5ed0527ef2,b2cc3e43-45ec-49a3-9e5e-26d549513fe9,2026-03-10 09:07:28,monthly,299
9875e22f-05ee-456b-b580-2aa593330898,6ed3c69a-0cb0-436b-b350-efbde9fa4227,2026-05-22 20:50:25,monthly,299
0a508edc-3b93-4d46-9835-9432fa4b50d6,5dc4b5aa-0c3a-4116-ac88-a946c6044656,2026-05-26 17:12:44,annual,1990
0e28b7e8-ec25-492e-8e52-81bc99a1a6bb,b2866c18-8050-4a6a-99dc-e0c2e5ded7f4,2026-04-28 02:27:38,monthly,299
f018ecb9-a657-46df-80cb-6573f424f4bd,e42432f7-f00a-457e-816d-a66788a0431f,2026-05-03 16:15:14,annual,1990
0d101c6b-90f3-4ff2-ab71-e27ed78beac6,4f6d471c-0644-4c8f-bfef-33c4de26ec18,2026-04-06 05:41:50,monthly,299
0ff6b0b0-492d-465e-888f-0131b9147cca,7390b046-3e22-4b20-a3ad-2219aa7ea773,2026-03-17 04:04:06,quarterly,799
7f6982cc-18c5-4445-bd80-9a28566a1aad,3e7be3cf-38a8-4d2f-b110-37cb08a8713a,2026-03-22 12:25:42,quarterly,799
b056a766-7fae-4c46-8ea2-295adbf1a82f,b3f8d6bd-7918-4fcc-b83b-8a0193641113,2026-04-03 08:25:15,annual,1990
f1f2412d-1a79-4c25-af3f-3d8e46a905bb,32a0b279-04f5-44e8-9905-6b26a16780e5,2026-04-10 04:18:34,quarterly,799
3d13b1e1-4a17-4902-82c9-aa37c2a45a31,177d1180-dda3-479d-9941-28273058f0dd,2026-05-11 01:13:23,quarterly,799
714464a6-c3db-4c1a-8c15-7d1a9ce59c4b,b79bdafd-6f53-4f8e-b3bf-bac4d7f3ec5e,2026-05-28 23:01:51,annual,1990
d99285c4-2f73-4950-8591-1b19a1311e3e,8f37e6ad-c968-4281-b566-4b69a796972f,2026-03-19 12:08:35,annual,1990
f6700fd2-fb2b-4893-9c41-141153e217a8,7dc0a23e-8819-4fc3-a888-93514018c311,2026-04-18 06:29:25,quarterly,799
619cd042-113a-4734-bc8b-e6266fa09a6c,d52128d4-d784-4b88-a7c5-3fac307b12b0,2026-05-04 01:42:05,quarterly,799
ab523c0e-6951-47ab-b08c-7caa70297ab2,5c41540c-ebcc-4d98-8b59-85a34adc7e7a,2026-04-23 12:24:33,quarterly,799
f119c7e1-78fc-4d71-89f8-2f6154593ac3,7d660691-7b17-4de1-8c32-44a119789751,2026-03-11 07:31:37,annual,1990
596c3384-6548-46d9-8deb-4b24462cca3a,53b540dc-5e54-4850-906e-2f509bf4c8e8,2026-04-14 05:58:00,annual,1990
dee9b52d-01c3-4eac-a738-c81572f5c3f4,a6fd33ee-ab46-4299-9341-240752763f89,2026-04-15 09:10:10,quarterly,799
0e8aea82-d5c9-481a-b8da-abd39df32151,b4cf6e05-37e2-49a9-8d8a-500b4cb8f794,2026-05-03 20:55:16,monthly,299
f1139dc8-3953-4575-855f-ff2227f95eb9,9521762b-aa9d-4ff9-a3aa-0f991f2dda41,2026-04-15 02:59:18,annual,1990
990f1852-690d-4d4c-a6bb-d2ec4aa41020,10db4268-2b33-4085-bf89-389e646d746b,2026-03-19 05:43:56,annual,1990
7c0e5505-8bbf-4365-81ef-e9c98a394212,9b5abc67-a8cd-42c6-8379-47a09b5e0c83,2026-03-22 01:44:33,quarterly,799
5fde4bb5-cc84-4fe4-b410-6d3aa667ef15,03a36f88-6a3c-499b-910f-7f1ae6a3a090,2026-04-24 06:42:21,quarterly,799
367ee328-479d-4832-b153-ff903694a48e,5e4a0b2e-e5e1-4442-b161-fca64d33fc4c,2026-05-09 09:07:02,annual,1990
fe4af863-02bc-4e8c-995c-8355d2bb11c0,bd73a19b-3e53-4b87-908b-8f2b1232aaa2,2026-04-13 20:35:50,monthly,299
dc83dffe-5848-4e74-aec8-86a500547ce7,a45dfb48-f271-4da1-962b-23aa25856543,2026-03-22 20:06:17,quarterly,799
e425a73b-bbbb-47bf-84e3-89db203413e9,39a4dd56-f0c5-4cbb-95b1-2f823779efe5,2026-06-05 20:34:07,annual,1990
c32348d2-0781-413f-9fe6-99e59ce9a7a1,de6b95e5-e42d-438c-88e2-df7f54b35bc7,2026-05-21 18:41:26,annual,1990
2e9e2561-5431-46f5-9e5a-1fc453fb377d,76021990-3c7e-4326-a5b6-e1919e51bdca,2026-05-14 17:23:18,annual,1990
95d823a0-a79b-4e9c-b2bd-d4e57f136034,474e7177-eff9-40c3-93b7-741d3d0d383a,2026-04-03 23:23:51,quarterly,799
624d0055-3e1d-4e3f-a8d0-4c0bb85de5a3,52d58c9d-eb6e-4854-94f9-3dbf44ee2495,2026-05-11 08:17:45,annual,1990
37dd1e74-c641-41be-b1cf-0a495884a11c,ed84596d-9c5f-420d-aa86-6e0cb65cb62f,2026-03-28 22:28:19,annual,1990
649dd44b-4eea-4a76-86ed-6d1c19888488,aac0ea5c-a496-4768-9846-2395e5c706df,2026-03-28 05:04:36,annual,1990
977d9489-fdc1-4707-bab0-e685f04c6ed2,482e2cba-e599-4d81-844f-a3a77ef18978,2026-04-18 09:55:36,monthly,299
317fbc59-32b1-4e54-a402-3462d304a8c7,09feced4-d3c4-4dba-8e04-ef3bcec0ddc7,2026-06-05 13:45:28,annual,1990
7f9e556d-e875-4808-a679-0b70ff714516,88a69529-387b-4265-a153-4887219f3be8,2026-05-11 13:07:51,quarterly,799
ce14e686-4a6e-4777-8aae-21902212a0cb,67afdfa6-d566-4ae1-8011-6263e4d5403f,2026-05-29 07:50:31,monthly,299
5aeff94f-6bb7-4106-864e-14537850592c,c9b9a832-b2a5-447b-9402-b008994c0cce,2026-04-02 15:53:42,quarterly,799
c9e5de7a-b7eb-4431-a6ad-e774411f95ec,86a1a2bb-1691-4088-950a-b3556858eaf8,2026-05-09 07:29:00,annual,1990
5cdc0810-cc11-43f1-85dc-f94a02789852,45c344e7-909b-4c63-8bd6-7f8cd532efba,2026-04-29 23:09:32,quarterly,799
4edfc8bb-dbc3-4a6a-94f4-8cab53a9d255,def48f99-b85f-4208-a732-154f26ec6294,2026-04-24 16:20:50,monthly,299
e8099931-6cbb-48bd-a670-00fd44351c34,75a70f80-d05b-4624-ba46-30913da3ad39,2026-04-04 22:55:58,annual,1990
c9df8ef7-1743-4b09-9f37-6c2f44086ce5,6833cbdd-b400-4e7f-913f-75491cd24d0d,2026-03-15 15:50:10,annual,1990
9026775d-fc10-41a1-9084-4576f4a0bedc,6353663d-2655-45aa-bf8d-41574d01b7c7,2026-03-23 12:20:47,quarterly,799
54320f16-3a3f-4a01-a26d-6a4a482ee1e2,494d029f-110e-4461-80f0-82a4aeb2f782,2026-03-07 19:36:56,quarterly,799
831d03a2-fa11-4dbd-9607-bfa56e0c647d,0a35e62d-05c0-45e3-b273-18bcadf50630,2026-06-08 00:52:46,annual,1990
62d5321f-7586-4a36-afe5-6144f1ac1444,eaa41487-8edb-42ee-bb8d-1bf4e94f7976,2026-04-13 11:06:20,annual,1990
f32eeb59-1b3b-42f6-ae93-d47ad4f41a36,61c031ae-771f-451e-b992-de7523ef30d5,2026-04-02 04:12:15,quarterly,799
e6095150-35b3-4e99-97b3-8e2c851b0bc7,eb31b454-5337-4f4f-847b-e20b23a4eb4b,2026-05-29 23:31:28,quarterly,799
38beddb2-5a2d-4523-8dfb-53ef3dfdd0b1,3d624192-c777-4db8-ab14-b369bcd68184,2026-05-31 11:18:07,quarterly,799
21a2820b-8135-485a-9f11-67b670804441,9720cdc4-69ad-444e-b68a-e3880320ecc4,2026-05-20 12:15:06,monthly,299
e5078376-7411-4316-bb70-d572f4a12fcd,2fb6b7af-c7ae-4e7a-aff2-07991a1495b8,2026-05-27 15:12:50,annual,1990
7882d000-c84b-4c8b-981f-45b91a26ce6c,0824c842-80f7-430c-ba35-739590dcef59,2026-05-23 03:26:43,quarterly,799
cb8e2685-a43a-461e-a789-262a82a8fc53,32c3c0fc-febf-4779-a745-07b878e0f2be,2026-04-22 09:25:02,monthly,299
f3054b89-a9b6-4adb-a472-99c806d23ff0,011c6f76-c8d1-4ce8-a331-09dd6dea08d2,2026-04-08 09:20:27,annual,1990
d592d83c-0302-4b40-809d-348c61325af6,8c5e0ad1-0ec4-4883-b30c-1c964fc7dd9c,2026-04-09 10:02:55,monthly,299
cf3a4e22-f1fa-4ead-8b54-27ca796a4257,791088ac-dc47-46a5-beb5-f68b8d39207c,2026-05-20 15:22:06,annual,1990
86c6ef60-1148-4a86-97b5-d26b3554a361,61c05337-b1b9-4e99-a8ec-272e3dc1842a,2026-05-17 01:47:50,quarterly,799
2ea5915f-e8ff-4d22-8a95-06a8e10bdad0,118ed5d0-4d04-4806-aa46-e130a29bd065,2026-05-29 19:25:17,quarterly,799
5f005cf4-d14e-4435-a943-a63c9555a29a,41dbd9eb-2ea9-412c-a93d-81b299c6941d,2026-05-10 22:41:31,annual,1990
8941de26-a09f-4aa5-9606-71631e27c703,a4830ed4-1ccf-49a4-affc-7a192814e655,2026-04-12 12:52:07,monthly,299
93f24fd5-6d59-4471-8448-72278ec6bc6e,67546929-0e89-4c93-b6dc-266c0df28146,2026-04-20 02:17:42,quarterly,799
a332b9a7-8eb8-4664-9a7d-ca9be14fb390,9c107a31-41d7-4a1e-8557-6d6c67fc0c22,2026-04-13 00:49:28,quarterly,799
95f9115c-2929-4275-ae85-b00759758eb4,38d7d089-39f1-4102-8a23-25652270777f,2026-04-21 09:57:25,quarterly,799
ddd56699-61d7-4cc6-8691-c655b63c192f,583aca2b-91a9-4359-af13-7bf27e61b69f,2026-05-04 03:51:02,quarterly,799
aef6d612-e8c2-43ef-b6a7-135e5c502713,c91c97ed-d6d3-4476-9730-bd611281f1d0,2026-03-19 00:50:07,annual,1990
91471700-993a-43b1-babf-f25c4bffa74e,58274c3c-e330-46ee-956f-67c8ffa5ce78,2026-04-10 15:47:34,quarterly,799
7505439d-cc3c-4c13-a4d0-897cc6a0d601,afb8f0ef-fe78-47e8-bdfe-e64dfab55bc5,2026-05-12 22:42:35,quarterly,799
77de4baf-9803-4508-99cb-5528a82751b6,07d0d630-335f-4e03-b73a-63c13cce0002,2026-05-26 07:39:24,monthly,299
199391cd-8c1f-43d7-91ed-08e6b77b40f3,3cd65e67-52f0-48c0-9426-aabdbc0bd070,2026-05-12 20:00:17,quarterly,799
898e802e-5d41-4c00-9fb4-c93262659468,aa646037-3af3-4fe4-8688-82013e72b7fe,2026-05-16 05:32:28,annual,1990
710b99f0-39e8-42d8-ac52-1aa673a1701b,80e9e13a-fd1c-4175-88de-eedafc80128a,2026-05-04 04:54:52,monthly,299
848582d8-675b-4cb1-9d9a-60ae24c7acf2,e4081bea-73dd-4dea-bc48-5b6965b0f626,2026-04-21 09:28:25,annual,1990
44a82178-4e9c-48b2-9525-399f442ddeb1,7490f91d-503b-4398-8324-791610c3744e,2026-05-09 01:31:16,monthly,299
5111aafb-7d1b-4df0-8ba5-8ad6b1ce6fdb,c638c537-a15c-4d98-9e32-8cdd133ddbd3,2026-04-14 10:03:57,quarterly,799
6e8b1eaa-6237-43b2-9f08-7fd4a74091cf,62c2c698-5ffe-4f80-9210-e24d97e485ad,2026-04-11 10:47:32,annual,1990
058a2823-feec-49d5-ad3a-989393dafb73,9d641fca-ea5f-4107-863b-394f7c803523,2026-04-19 10:14:49,annual,1990
b6fdfb61-c082-48b7-935d-e309b7e90a7b,f6e72787-d776-464a-980f-e080919209dc,2026-05-28 02:51:59,annual,1990
9ddebfd7-0d45-441b-ba52-ae7745177697,afbf569d-9eaa-488d-bf6a-b4908305dd24,2026-05-14 17:54:08,monthly,299
0b0002c5-0978-4f2a-bfde-155e6a65207b,f4c07a64-aba9-41b0-be7f-1c78045f06f9,2026-04-24 04:15:55,annual,1990
fa626ce3-9313-4fe1-8669-702789a1994a,ebf1dd66-8562-4bc2-9adf-d9817a6fb347,2026-03-28 02:58:05,monthly,299
534010a1-6892-45f2-9a95-58433aaba866,84b9a9f0-f894-4e9d-8fd8-65803c75be58,2026-05-31 06:10:28,quarterly,799
6578a734-9cc1-4079-a4e9-6b902ab34aee,2d08ee41-bea2-4fa4-b847-476321e42b0d,2026-03-18 14:37:22,monthly,299
6c56c8dc-3c2a-4240-92f1-2ce9926aaf9d,cd470a28-bcd1-4cc4-8ead-5dfb8edeec26,2026-04-12 19:48:33,quarterly,799
d3ca60a4-8410-46e6-9ed0-f95957c48f78,505ab30e-aa32-451e-b69b-c1c3b0432de6,2026-04-07 13:58:15,monthly,299
9000b7b1-985d-4162-aab3-bd3de655d5ef,9755fa7c-1f8d-42d7-be90-f75f7103cccc,2026-05-27 03:10:22,annual,1990
1607ad93-0f4e-4e19-b401-26f6b56d1133,77618e2f-62dc-4146-8745-4c86687bd804,2026-04-22 14:57:42,quarterly,799
34292a32-a516-44df-8495-abc05eeeea89,eac7fc8d-f9cd-4ab7-9284-208fd5ab1929,2026-05-08 03:44:25,monthly,299
74f7ccf3-d5ca-4122-ba54-dad1b19bddf0,82010291-e320-4abc-b9a9-693533912e7e,2026-05-24 14:40:14,monthly,299
aebb7943-ed94-49f0-b8df-f00b72ed7829,82aa92a6-ffe2-4501-ad8b-65899c134043,2026-04-14 00:33:24,annual,1990
23124d9a-ae8c-402c-be10-0361b814a3b5,9c4f566d-0d97-47bf-b942-c867ae56b315,2026-05-16 22:23:10,monthly,299
05f71182-f673-4ebf-8f07-fecb75e0242c,6f54ea5b-2ff8-4659-a694-1739478c48f2,2026-03-07 19:04:09,monthly,299
0b106361-8451-4f62-bd8a-6b4036363c47,73574f85-2475-4206-8a9c-87412321e530,2026-05-25 06:00:36,quarterly,799
030e9092-7fe7-4368-9a01-fadeb3a7c74c,f9c9d83e-fa06-484f-8e1c-edeeb41f7e8c,2026-05-30 17:09:30,monthly,299
404642d9-f5eb-4488-8b72-76679a665daf,d8ae5664-572b-4e8b-b4f1-e9b6ccb32caf,2026-04-28 09:57:07,annual,1990
7a257d44-e1ba-43cf-9f93-452961be5eca,3bc1bcbb-5d5c-4eff-9c97-3440e2ad667f,2026-05-09 07:41:46,monthly,299
4afab933-4a6b-4b55-9e73-2395b306613a,93618fe7-37cd-49b2-a7f9-6b46a59fdc43,2026-04-25 22:55:00,quarterly,799
759fae9a-3e96-4554-8349-ac15c0819800,8d4c5789-fc9e-42ac-ab10-cddcdac7c8c7,2026-03-25 19:33:07,quarterly,799
12d95640-6acb-4cd9-98b0-bfb58b2b22fb,ba2d490c-a47e-4664-8b27-f3161a6e7c61,2026-05-11 00:29:01,quarterly,799
58baf8e1-44c3-4011-a351-cecc3e3744a2,29d30318-96df-40a4-a916-5b1f6e565cc6,2026-03-29 10:53:59,monthly,299
343b3330-c58f-42e1-8da2-ed7c8594b67d,9f8177b2-fbb2-4d31-bd08-986c6d1fd4d7,2026-03-13 07:54:23,monthly,299
264b2b2c-86a0-496a-ad65-005fa0b90cc3,d8d84895-8518-45d0-991d-fe00cc0d3f25,2026-04-04 12:47:38,quarterly,799
510c4408-d174-4374-864e-d5f07e2d03ea,1b857db1-b6d4-4e24-8009-1da432f15aa1,2026-04-18 20:47:50,annual,1990
6e2ab66f-e68f-4b74-a16a-e4b978f75c19,2decccdc-e234-4111-b870-1d5e98d091ad,2026-05-22 10:58:28,monthly,299
4c31e3c8-2c88-4a5b-8c8b-b721844fbd95,5d97d2e0-7cfe-4d76-9902-76137e125e42,2026-04-30 05:47:45,monthly,299
34c65e45-38dc-4a08-9fdb-b0323e4e34f7,ce3eaa15-e269-4644-99d0-3a7ac663a849,2026-04-23 10:22:48,quarterly,799
c1474583-6189-43e0-8569-0d92d510ea19,1387035e-3a68-491e-bf1a-2eac489da658,2026-05-13 01:26:49,monthly,299
61f8cea3-6c29-4a0d-bee1-3ed1709cfef2,be5f88e2-1451-49e6-8d70-723f5d2a8d89,2026-04-01 08:40:35,monthly,299
ed17da01-b3c0-4cae-ab52-e6351b945d2b,bbddfa11-c945-46d0-9403-cabcfd13c85f,2026-05-19 19:56:25,monthly,299
7230a3ca-a996-4e33-bf3d-087ac2310528,4682c76c-a774-40cd-bdfa-1d68de4a8731,2026-05-20 18:55:13,annual,1990
f071bc3d-9c79-405a-b593-b46e465617aa,48c2494f-883e-4fd0-bfe1-11bc6159fd61,2026-03-09 12:47:42,monthly,299
bd8da4e4-ca1c-44e0-a61f-537b6acf4b45,06a7c349-e6c1-4931-935a-3f3b05d3dd81,2026-05-29 09:48:36,monthly,299
aaa806ee-5e9e-4fa2-ad3b-4f7e3e965339,05ded435-0cae-442e-859e-63eeddd1ddfc,2026-04-19 14:25:59,annual,1990
0d967a59-3a84-4900-a79f-31fe68848f2b,2c0c39a7-70a3-47ff-9e54-a86eda517b1b,2026-03-12 03:49:09,annual,1990
ca9706cc-a5d2-4977-b556-a3d193156c6e,46743225-a70a-4caa-93c9-d693aedbe05e,2026-05-21 08:39:25,monthly,299
de84b3cc-dc37-4563-b6bb-ef66d6400189,8005491b-e179-4335-b6b0-ed73e8a21d39,2026-03-30 13:02:23,annual,1990
70c60be9-5d74-40cb-b6b9-46a3cbc5faa8,cb9f0dbc-b920-4b1c-908c-ff2ee667c0cc,2026-04-14 22:17:18,monthly,299
8fad0fc2-510a-49ec-9670-a06cb402f055,8ebb59af-c84f-4415-96d1-aaa24d548bdc,2026-04-22 08:53:00,quarterly,799
ff8a872b-6bd8-47d1-b64d-c0148b112635,e964b7e0-5ec8-4c50-b308-ca34c7f0ee13,2026-04-30 10:14:32,quarterly,799
bf680fb5-4e8c-49af-b197-efe38eabf471,59d25829-803a-4aa0-be3c-357d45fe455c,2026-05-06 11:11:55,monthly,299
8f843127-9a79-4d72-92eb-a2725b52abfc,9165efcb-5cfc-4281-9012-1cc0f7dd7900,2026-04-02 12:39:24,quarterly,799
6ff02f56-7a33-4bf5-9c71-c9841e43e335,7e08320e-5f01-4255-9961-017a7a34d3d0,2026-04-21 11:07:05,quarterly,799
4ce2b1f1-1162-4202-a294-e42c47d7180d,916fdffd-e606-4b4e-8450-9d72f98b64fe,2026-06-06 06:23:27,monthly,299
e64b97c9-7ac2-43cd-8018-a3c631deafb7,691c2ecd-87f1-4270-a2f0-3c9517813c6c,2026-05-06 22:00:47,monthly,299
264c7a3f-763a-4873-aa41-96d33010caad,271cdebd-2950-4cb5-a292-02b090b3e900,2026-05-18 13:21:00,monthly,299
991e0883-88f5-4b7a-a65a-a17812dd56f3,03c994be-b901-4742-8a2d-8cbc48a70963,2026-05-08 03:45:42,annual,1990
126301ed-5ac6-4400-92c1-607b36bd7af9,c98a2973-1894-45d6-9ade-db612e3e4902,2026-05-24 23:18:57,annual,1990
d185ee99-0f2e-47ae-95a0-17e9257a0114,c40eed99-fccc-4dcf-a6b7-fa8f05771891,2026-03-18 21:47:33,monthly,299
9140d3bc-6de4-4468-abcf-a7a57bbf5ae6,5d7b1798-6f7f-4aaa-b106-2852ac2d0d27,2026-05-03 23:33:23,annual,1990
f6cf64a3-f980-4281-b15b-8171a437ee56,313465ae-0aa7-48ad-8404-d373fa49e92e,2026-05-05 23:59:02,annual,1990
f106a1e1-e4a5-4c39-bba2-c36d74f31d57,0e787c14-f73b-473e-85ad-c233ffce51e9,2026-04-29 13:24:43,annual,1990
4dcae969-9e7f-4e8c-9aff-467c94ffbdec,bfffc8fd-77ce-414f-a705-c7d46529960c,2026-06-02 08:08:00,quarterly,799
56d10c6f-6484-430c-8533-9284ffce42f2,c465a012-504f-4387-8624-7c8ee7f82f2a,2026-03-26 11:03:50,annual,1990
95220a5d-23b4-4acb-a7ff-df3886ebf639,376fc2a2-41da-4d0c-b825-8a99d9751015,2026-04-21 08:37:01,annual,1990
06775274-cc6f-45d7-a9f4-6ebfcc2eeac2,6bbf412b-1044-4d6d-96b9-f71b77571bfe,2026-04-15 08:41:01,quarterly,799
7044009b-a64b-4c94-8730-22e38e09c87c,6b656993-7d52-4236-8749-fabf1433bf49,2026-06-05 12:25:12,annual,1990
39a3cff4-9dff-4a87-85b7-f0196db60788,abdc36d1-ee14-472a-b2b3-e625f6209d2c,2026-03-29 16:06:22,quarterly,799
289e7aa8-38b5-4816-b3ed-6f05ca1141c4,0dcf89bb-9e6b-4c9c-81d5-95268bb59a3e,2026-05-03 10:26:42,quarterly,799
4dfe0d47-f528-4bdb-b8ed-2132d49121e7,17df31b6-6087-409e-839f-405c08a9d0ec,2026-05-17 10:55:43,monthly,299
1d61f58d-54bd-425b-968e-1ed0ae9beab8,7936d972-970d-4b56-8ca1-6192f39614cf,2026-04-07 13:58:54,monthly,299
026196c9-12d6-4544-ab4a-f3c63acc7ffb,07351b5d-9881-4007-a420-7a059ae9c181,2026-05-28 00:44:27,quarterly,799
bc4ab785-ae08-4e3f-b146-395cc3caf770,0f37374d-9026-4bc7-b6d3-46465293e85b,2026-04-01 21:16:20,annual,1990
e2bedb11-ee0f-44ab-958b-a8ea56b06fb2,b5fbee1e-a979-4265-9214-137d2dee116a,2026-05-19 21:18:39,quarterly,799
6586f01b-873a-468c-8d44-63284daba95c,a90e1122-f4ce-4535-83d2-bdb71bad04e6,2026-05-06 12:19:29,annual,1990
fe6f1f35-bb28-4b88-9d73-d1ab56f7213f,3038bed2-9940-4af1-b7df-fee44abb9f47,2026-05-05 13:00:57,monthly,299
c3e2893c-35c1-4e37-ad1a-885b13cdea41,7351534f-c094-49aa-b2df-d09485cb4a7c,2026-05-20 08:29:34,quarterly,799
4f4be6e6-e0b5-4744-a256-272eeeb425d0,ae1a5e26-4a4d-4976-a426-f8eca679e0a5,2026-05-30 11:05:07,quarterly,799
9506b2c8-5e2c-4829-9a94-45e95f0ad5eb,6f2eae6f-1e07-4ea0-8cf5-0010f2989468,2026-06-05 08:45:23,quarterly,799
aa159d4a-7718-404a-9c1d-7ec213b55545,bf9e3a2f-9742-47cf-823b-2a9d1b0d0799,2026-04-19 05:46:14,monthly,299
81736b1d-856b-4d67-ab2f-1fdee5cec319,c8eabd67-0553-4a36-a1b9-17e13a64d894,2026-05-03 00:31:11,monthly,299
f5fcaed2-5e0f-4513-8cbe-defc5b585d6e,d4d7db9b-95e3-44f3-b435-11aab709e4bb,2026-05-27 03:16:33,annual,1990
9b572948-6b7e-4abf-ba38-85a194d1a659,a65c9aa8-93b2-4b67-8dd3-258234e081b3,2026-04-13 21:05:52,monthly,299
f08c6f40-83f2-4802-a1ff-95e77cf24e1a,f0fcf083-db1f-4a21-b27d-caee92019e86,2026-04-19 05:43:21,monthly,299
d0e96976-0b96-4e40-93b8-13db67560c9d,58527a50-6aeb-4a32-b128-205259e16f49,2026-05-10 03:35:05,monthly,299
096bec15-d282-4415-9a8d-66fd823928c9,40ab2ec8-d918-4613-ad90-4cbeb7e0c9be,2026-06-11 15:53:46,monthly,299
ecc71dfc-a2c8-4f86-84d5-bd487f9a44a0,5cff4d6c-a01f-4475-8e62-0811eee2993f,2026-04-27 22:06:06,annual,1990
355dfe4a-6c00-46be-8ba9-852312c2e0c3,e0732942-679b-404b-8365-796d9cdfc46a,2026-03-23 00:24:21,monthly,299
79f7ab84-392b-4346-8cc9-4f630b7b209e,f7105da2-fe15-4296-84a8-45f21cff766d,2026-03-30 15:04:05,monthly,299
ed4fd89c-2f5f-43f8-bd4d-d38a9f550061,315b416e-1d54-4609-ae82-db75fb68791a,2026-04-18 22:19:57,monthly,299
b7384a98-ba9b-48e0-ac55-670fe211b6fb,c29dd7b9-6b4f-46ba-9e15-f17de4e22148,2026-04-01 06:45:42,annual,1990
946cf656-c907-477a-8dd9-190b04b7cc3d,f04db249-c492-4aa1-af26-ab7f38be7146,2026-04-30 07:25:41,monthly,299
62f5fe2e-ccee-4eac-8b5f-488655c8652a,c431b436-f1e9-4dd2-86ce-4f9a158a49e7,2026-05-24 23:52:02,annual,1990
9e3f3f6c-702d-4fc8-87b9-5a5de1492617,47560fce-12e5-443c-b260-64bc76a7a504,2026-04-30 05:52:44,quarterly,799
1bc66ec8-e2ab-4836-bdbd-ccbdfe80df65,6e2327d1-8dbb-4e29-8440-4ac42b3f32ed,2026-05-28 18:26:29,annual,1990
263489de-5271-4630-aef7-27629fb6665e,276804d2-8d5d-49e5-9c60-b69053bab75d,2026-03-17 07:00:53,monthly,299
0a7da04a-8c62-4051-8982-f41fadfab077,8a793e7d-641b-426c-900d-6b905715a2f3,2026-05-25 14:22:21,quarterly,799
39465b89-487f-40b6-8e88-6c5f23d44384,c6cb2faf-5baa-41b8-9711-f4b78feff5a7,2026-03-19 07:19:06,quarterly,799
cb6a33ce-912a-4456-b492-fd4adafee1f2,7d84d064-21c1-461b-9e86-f6da3fe1f535,2026-05-11 06:05:06,annual,1990
baf270df-40b2-4942-9501-6242265bfe81,e0a10b45-e368-49b6-9645-2d0214e71c49,2026-04-04 10:10:53,annual,1990
be2963bc-7001-46a6-928b-45956804927c,fec33838-b114-4671-9864-68f07ae4d638,2026-04-03 00:46:20,quarterly,799
26a96848-1039-427e-883f-446a1edcfd82,bc701b46-7af3-4a89-a0bd-900c5c2ac8ed,2026-05-06 23:14:35,monthly,299
9c315b98-f089-490c-a4d8-1817b394eba8,29634132-8ed7-4c20-8dc1-cd6299e0f144,2026-04-25 00:57:36,annual,1990
969a3795-1e3f-4b2c-b1a9-7db313032ffd,0d2f1a7c-cadf-4144-a4fb-cd2d61170f67,2026-05-04 03:35:01,monthly,299
fe8d2d42-99e8-430d-9783-310e1cb8ab7f,5d295911-f9c3-45b5-a995-00af170fc4ce,2026-04-26 10:28:39,monthly,299
7f7c725d-0c80-49f7-baad-a41a3b30461a,e645c98d-3580-4583-82ef-2edb7b4f6ce8,2026-04-10 12:47:43,quarterly,799
f332ad32-3d31-415b-b0a0-7066fb90691e,ad49f7d0-7064-4ea8-85dc-8fd6e7e6229b,2026-05-14 02:55:55,annual,1990
fdc07e2f-a414-4b11-9051-a2f57907cb70,0055e165-21d8-4eb4-8dba-7b604b161f31,2026-05-13 22:23:58,annual,1990
9c5dc4a9-9dc2-4019-b08a-6ac0d9d4ee27,8d32aa62-bbf3-4a2e-bddf-5dad75b2c47d,2026-05-02 22:13:29,quarterly,799
6b938933-8d00-4fda-a9c3-bd82165c9dce,56580c2c-a262-4662-ad09-b37ee8a91bc8,2026-03-22 16:11:09,monthly,299
6cca4e92-87a4-48a9-a223-97eec83d808d,94e2d9fe-08b1-4252-84f7-06df2fa672df,2026-05-30 23:05:40,quarterly,799
cdffc896-6f37-4eee-ab29-3c7765ea4073,c1d589b5-6a04-4a36-aee6-d3ad6706a9c2,2026-03-17 21:35:00,quarterly,799
f9357fb1-20ec-433b-aa77-31d060433cbe,3d90b862-9d96-40a6-af84-5af2190dcd74,2026-06-01 01:35:55,monthly,299
4dfee7dd-962a-4f19-b8c1-76fa022800bc,75ec14f2-88e9-4550-9f19-b72ea3e9eeb8,2026-03-28 14:46:44,annual,1990
7b2e695f-0b0a-49e3-9e4e-681beb4b714e,a8fd731f-35ca-427e-a5f5-4f05d0770202,2026-03-18 19:36:54,annual,1990
b99065e6-c5fc-4f6c-b2f3-ee97c99fddb9,19e0524d-a2ba-4cdf-98f5-37f984c474f6,2026-06-01 09:53:28,annual,1990
5fc529dd-ca4e-4545-a7a0-ac133383e621,edd066ff-7bf8-43b9-ab68-87507c8f402b,2026-03-20 11:28:10,quarterly,799
8d8e0b6c-41e2-494a-bb6e-0415112514f6,8204b520-dff8-47d6-abe2-e3c5568fb870,2026-03-16 09:33:02,monthly,299
4658f981-1332-4465-82ce-1cdde72ac67b,62003474-3a6a-4a28-89bc-2648be8d8635,2026-05-07 08:12:32,monthly,299
871dce00-a768-4811-b1d9-2e161aa71217,ec8926da-8408-4159-b1ca-cacc9118ed41,2026-03-14 20:18:07,annual,1990
5063077c-c18e-4f59-b6ac-0629c5a7c6e6,8fcbc907-8a6e-41df-8d2f-44bba767b7c0,2026-05-17 07:13:51,quarterly,799
8aa791c4-6abb-415e-9acf-2a43edcbdfce,2a19fd91-56c2-4bd5-aaf4-1534aef679b5,2026-05-31 07:04:39,monthly,299
1723df1a-7e1a-4d48-8990-b9bad0adda01,9c48b127-6603-4abd-8884-ff4d031ad340,2026-04-15 00:44:42,monthly,299
7ad0f522-8615-4feb-a82d-3d3367310c38,05bd1e01-ea43-4acc-85b9-16ea7287d055,2026-04-12 13:57:19,annual,1990
dbf002f6-2bac-480f-b31f-7820e3b0d363,7a23f31d-faa1-40a3-971a-98e2b4f3e71b,2026-05-05 15:15:35,quarterly,799
ef47baa1-6cbe-49c3-bbd5-3c3a84a4986e,a05f37fa-1ac0-4408-972e-15d6310c4252,2026-04-26 20:10:16,annual,1990
9b2e520c-56eb-4ed2-929d-94027c356a79,69d5c039-faae-420a-b8d0-ddc0ed5da287,2026-04-06 04:09:31,monthly,299
fd00c5ea-01da-4149-a834-14a31598ab14,bb5df387-b7e1-4cca-b2bb-c9ce22c4d5df,2026-03-27 21:03:05,annual,1990
04903b43-423f-4a23-9278-08e28bd8f952,0803bcf2-0d69-492f-a122-df087a943008,2026-05-06 00:18:45,monthly,299
cc6e4467-bb39-4456-9bf1-aa94c2b2f939,e15e8c51-cc08-4da2-a23e-08a8d34b7127,2026-05-09 18:25:56,monthly,299
29957a62-eca9-43b1-a1d7-d01138bbce0d,a5643656-d4aa-42ff-a59b-1fadb869bdbb,2026-04-06 22:57:30,annual,1990
e64f6fd0-acf7-4035-82fb-726afba55369,06bc7a76-f296-4311-a623-d6309d0eee3b,2026-06-03 01:17:24,monthly,299
ce1261ee-009d-4867-8863-0eb7898e65d7,cda88bb2-445b-4d89-90b7-dc467b0cee98,2026-03-23 14:47:01,monthly,299
38bc503c-6f66-45cd-b7a2-d1476316f3d1,c5690570-0d46-4f62-9660-48750cd3d0d4,2026-03-19 16:13:12,quarterly,799
8aa52bf4-dae2-4ac1-8244-ced6a0c1afa6,fba15c69-9864-40a9-a65e-30646f367e76,2026-06-11 15:50:40,monthly,299
ccdf97f9-58ef-4f51-a4b5-d661a89ebc81,747c62bb-297b-4348-8d77-2173e16c6231,2026-03-22 23:52:01,monthly,299
7d7429a0-e0d9-4fe2-acd9-5ab2b8175177,d8303c43-6baf-4e17-8f86-49c4712a9f6f,2026-03-16 11:14:28,monthly,299
886fa44c-529c-4cab-834b-e8c6fb6a981d,ee527a4e-08e6-4544-8c8c-48a81fca9d09,2026-06-02 23:29:03,annual,1990
97cd831c-5b98-4561-8a57-dcc5d1aee9b3,a7fd5a4f-cd49-4562-89fd-95581cf6fa21,2026-04-06 01:06:28,quarterly,799
5a4b1116-7da8-43b9-9e44-80504b778b9f,d26f7242-a3da-470e-8386-fd039edaa786,2026-05-17 17:16:04,annual,1990
d5f9a605-de3a-47b4-a33b-f214dbef4e20,219af65e-5bfc-45d3-a9dc-e273b6ab042d,2026-05-19 22:09:20,annual,1990
7b34a4dc-058e-42e5-a899-5cef349c3593,f3dd263e-a034-4bc2-ab4a-e02239ec740c,2026-06-03 23:31:19,monthly,299
b3d12ef7-32c3-41c3-a1ae-c0d2f5a5fd42,dcef0ebf-a7c3-422d-86d2-2e7d4a912739,2026-04-18 22:36:53,monthly,299
bc62146e-ae22-4dcc-96a0-fd57e74e45ac,de79b6ee-06b3-46c0-a4f5-416d928d2346,2026-05-19 18:57:21,quarterly,799
bcf565ec-7d31-4b94-91db-ec5560ec3d79,467512b5-1cd8-4282-8fb3-03ecf650bda3,2026-03-14 13:44:02,monthly,299
6faee044-2871-412e-ad60-61f153075dd7,b8dd0103-63a2-4696-9fbc-6c297f49466e,2026-04-22 10:09:19,annual,1990
25eab2d8-2d32-4079-b81c-b37a242adc30,784d783e-c5e3-4591-9d8f-f441f816e42e,2026-04-23 00:32:16,annual,1990
0085dbda-3d2d-4a15-b771-2af00dfa227b,e2bfb202-974a-4a26-b395-49940fafd662,2026-05-08 09:41:52,monthly,299
c9f25639-f1ce-4605-9cd8-44b812d23db3,65ad8de7-3801-4db5-923b-7486d8b82fb7,2026-06-10 04:26:34,monthly,299
5af09800-52b9-48cd-b461-43a8f4a0e160,7e8b9769-bd68-4ae9-84cc-e9c29e5c7163,2026-05-13 02:15:39,quarterly,799
7e82763f-87be-41a8-bec7-4f2b40ec9fa8,f8fa9914-0e7a-4dda-9048-66acb8300a78,2026-06-07 00:08:42,quarterly,799
c0f932d5-9955-40f2-a560-d5d60a6f2d34,6bc4b581-a55f-482e-9256-13dabf9ef1d2,2026-03-18 10:37:17,quarterly,799
82babef2-f654-4cb8-8ca2-8ea2bd7ac659,2748bcd0-7b55-427b-9684-b1cd23ec75ae,2026-06-01 12:33:52,annual,1990
abd275bb-9dac-4bb6-84f2-fded480e3859,83da8cbd-de7a-4811-9b2c-9c963e5e8385,2026-05-17 00:20:41,quarterly,799
edc8f183-7865-4bc4-baca-053213b6c6c4,ea7ab721-59c7-41be-9ef7-dd195db6ef4c,2026-05-03 07:16:31,monthly,299
e0930952-aab8-4763-a5b2-6fcce2d42a0a,af5fc14e-fce7-496e-b7fe-072db31e4cd2,2026-06-02 03:40:52,monthly,299
bd2ff023-2bef-4fac-bed9-5037e0a39adb,6d0c50c4-d87b-4a3c-aa46-723d28212113,2026-04-03 06:41:38,monthly,299
652d8a82-bed1-4a2c-9dc8-061a31b83906,0b714ae2-29ca-4723-b612-28cfc8f5d6a9,2026-05-13 18:31:32,monthly,299
ff5cee90-23c9-48ce-a467-c37fc7398ca4,8a42e8c4-3bda-42ba-83b6-e55b4d71725d,2026-05-16 00:37:48,monthly,299
87570975-57b2-4e12-bcff-80e4bfd2147b,68d3eacd-59d6-44f1-aa12-bca17217dbfb,2026-04-23 23:35:04,annual,1990
21be515d-6bb6-4cdf-b2ad-88d459373f6d,6deacedf-be54-4c7a-b6ad-6ddfa0d94f87,2026-05-02 21:07:55,annual,1990
138c3263-beb1-47da-a00c-b0b946afb250,eeb7df51-a0d8-40c5-9165-5729920c91ed,2026-04-25 20:30:34,quarterly,799
f4eff90c-12dc-4417-b328-6ec8e885a638,3a4ae4a7-fbeb-404d-8b0b-24a9e474f396,2026-04-07 22:13:37,quarterly,799
0e345aea-60cf-4523-a703-92c1816572d5,9f90468d-91c0-4b38-ab05-373f34a784a1,2026-04-26 10:40:14,monthly,299
2c8d0798-7116-4fd1-b4c4-211286fccef2,229bc42c-b47b-4c9c-8101-daa727e1eae6,2026-03-21 22:53:07,quarterly,799
9400625e-f706-47e0-87d3-c21938412ab5,3ae73df0-d514-492a-b694-48f3c5b1a4e9,2026-04-14 21:35:31,annual,1990
75b9ec81-7385-4096-8b67-89ae4fe68d56,ea607f3a-01ed-446a-9f46-c898687f1efc,2026-03-25 05:26:53,annual,1990
d66e51db-0797-4249-9f34-b6cf9377cea2,75faa3d7-eb78-42e8-bf32-fede9d412688,2026-04-12 00:37:48,annual,1990
32ecdf7e-4cb5-4287-b85e-338e9d0acbb4,a02931f9-261d-4468-ab53-06e65454f266,2026-04-10 00:30:39,quarterly,799
0574ac0d-f54a-464e-afe4-017585193243,3627a689-8d0d-4bf6-bad5-830326a8e5c3,2026-05-11 01:02:18,annual,1990
49975c92-9609-439a-8c92-92d795532ffb,b9dbd16e-6ad3-4ad8-a1dc-6a474c4b4473,2026-05-26 01:19:15,annual,1990
298a346b-99a7-4f0d-933e-5bb3dc38ac70,2c42e736-3dc4-458b-b126-c5ae182e6261,2026-05-07 05:30:50,monthly,299
95b7f21a-940b-40ab-af81-6d97d6ec42cc,6d1e84fe-b933-4ce2-a579-01570e4f8572,2026-04-06 20:33:35,monthly,299
d2422e4c-377e-41e2-bee4-37ac86142387,a7b49614-c91d-4e2d-92f2-ecf59e8a83d2,2026-04-10 16:54:05,monthly,299
5d003390-b7ea-425d-a184-f8d4fe1b875f,09c02435-83c1-43d6-a69d-110735b1eb55,2026-05-02 02:05:43,annual,1990
447f0ae5-5a89-47ee-b67d-03d5a7262f4b,567c314c-517b-4bb2-a7ea-dd10b8803714,2026-04-01 04:13:32,quarterly,799
cb885b79-88f3-4e29-af86-249798100146,688b006f-3749-488e-8115-231b7a714970,2026-05-30 20:31:39,monthly,299
69380b74-481a-4a61-956c-113c938a33ae,33ccad77-7fba-4a15-9ce8-d2467fcec07b,2026-03-07 01:53:08,annual,1990
b1fe8cf3-b23a-409b-a74e-543038ba388f,14177f3f-9c0e-4b9d-9903-3213075f4847,2026-05-15 03:49:01,annual,1990
f87ca738-a270-4ce2-b296-aea70cac453f,4e7f4e21-b462-4f22-a19b-c07cca5cc0c7,2026-03-25 16:56:01,quarterly,799
2f35c358-91f2-4bad-a3bc-e2fdf3fa477d,e4f48b9d-02c1-4ce5-bfd0-55ff51890b4c,2026-03-21 21:38:44,monthly,299
17de396e-9d3d-4fb5-a410-9cbeabf35f50,781b678f-1870-43b8-bd96-f3cb4229aae8,2026-04-07 04:15:49,quarterly,799
2275d671-c72a-4050-a218-2379866da03d,4d1776b4-ed5d-43e1-89bf-71735171ca01,2026-05-29 03:23:57,monthly,299
4ddd3b37-7fd9-4afd-9d7e-d10e8d4589d8,601cdc84-f4f8-48a1-af63-6def620e266f,2026-05-02 04:20:18,quarterly,799
f8a94ec2-b276-4353-95b2-dc22db699aa8,a19a7e21-3739-4db4-8bab-6c6be67ac47d,2026-03-18 20:48:58,annual,1990
7b6f5b1a-9b48-4984-84d5-70f26ef451bc,339bc914-4c85-4a8b-9372-923b0033ea71,2026-05-19 23:45:13,quarterly,799
5842659b-5283-47f7-8c8c-c8d8542dd997,6ceee63b-31ee-4a9b-a3e2-f5e63a30ccb3,2026-03-12 06:06:38,annual,1990
051fabe5-01f1-490a-8f62-650945ba0b29,6663a2b9-63e2-4ca0-850d-63ad7702b1e1,2026-03-15 12:13:03,annual,1990
e2e60fee-7d90-41a8-8858-7d644dfd682a,e38c25eb-0136-4c62-abd6-f107f1f3d866,2026-03-12 21:23:03,monthly,299
5efbbead-e093-49e2-aede-470462b1b2a6,291f4f73-992b-4580-810f-b050ce689e09,2026-06-06 06:41:32,annual,1990
73221c24-898f-44d4-8b93-1cc415de3368,91d57d91-f7b9-48fb-8a5d-f167a7c0a918,2026-05-05 01:17:06,monthly,299
a0c6860f-6846-49e8-85dc-84124db37d0c,2ea2ce5b-230f-42be-b4bc-08dc22af7d2d,2026-04-29 10:37:41,monthly,299
a21aff15-528a-4f1e-abdd-bf4f2febea52,3b1f3907-0fb9-4ab7-8afb-ac8f597ae9e0,2026-05-20 23:57:46,annual,1990
79bdcaf9-207f-4384-b0c1-1e964bbb0531,d0f7097b-fa3f-45e5-a492-13fd689c4836,2026-04-11 00:00:49,annual,1990
45c359be-816c-4d27-ab05-7c7631c9fcfe,d1aa029c-392b-4f6a-aaa8-e01725444b77,2026-05-04 01:49:27,monthly,299
9368ae8c-002b-4fdd-bd61-c0e9cce75b75,53c94dbc-8da6-4e6f-948f-49384d1882da,2026-05-08 07:39:01,annual,1990
ed773c14-62b7-4918-8476-75d4673cd4de,4ff4a00c-19c8-4a28-81e2-5bb595e3d49a,2026-05-10 20:28:31,monthly,299
f05716aa-6fbf-407e-b5a7-39b2ef03cfac,7574cc2b-7b7e-4eac-9459-47d17ebcad77,2026-04-17 23:23:55,quarterly,799
0de6a173-a60b-4204-b668-e57c8442eb8c,9277bf0f-e872-47f1-9ed3-3e580a498c4b,2026-03-23 02:28:07,annual,1990
f09c7406-40b9-4153-8a6a-622694daaca5,b8126173-658a-4677-b23e-d66a8d7aa167,2026-04-30 02:07:37,annual,1990
e97b4e00-8274-4f89-ad09-f842ebf30dae,00b1b290-4708-40d6-90e2-72098bfb09fd,2026-05-05 20:53:58,quarterly,799
1020da33-f770-4061-9d38-3b7bc59a9dea,e8bf0a7c-6bd8-4256-b17c-34e2366ff126,2026-04-26 13:49:03,annual,1990
793e493f-1769-48d3-b7cc-8ed1ea03b525,68c46bcd-4a83-47f9-8c95-32bb930e323d,2026-03-27 16:48:00,monthly,299
90176d43-2779-4235-94b5-e3e704259d7e,5dac8305-1b9b-4fd3-9d3a-27ecc758d04a,2026-04-17 10:24:50,monthly,299
373bb9b0-39cc-4ff8-af1f-ff45f2c604f9,a19e341b-2a73-4461-8277-d013f869e5a2,2026-04-07 19:28:49,quarterly,799
7eb47011-7dfa-489a-9c08-3429e3c280b7,47006859-4f6d-4d18-9ce0-4b1f05ce9ff5,2026-05-15 10:38:39,annual,1990
5d6195eb-cc39-44b6-bd50-ee1417f0b69f,eea60fa1-946b-44bf-bf01-35dc81c825cf,2026-03-14 00:39:54,annual,1990
fbe427f3-7111-4efa-96e1-321a6fb93754,3ffa0c15-1206-4ed7-8507-a833854f91d5,2026-04-11 06:43:03,annual,1990
23fb8ff9-a041-4182-af53-e8a8ec7252d5,53d28def-2be9-4306-8563-5ce4ae48b52d,2026-03-23 23:32:17,monthly,299
136309df-aa0f-4de2-a86b-8f6fc9ad6e81,48e2a51d-a88d-4bf4-9962-5d5d92cad880,2026-05-08 01:52:57,quarterly,799
39f7c89f-4cff-41c7-a44a-d054562ae708,f068c9db-5cd3-4060-8e21-ace280aac68b,2026-03-20 16:48:16,quarterly,799
81bd41e0-dc38-402a-888f-bdd417b60a81,032cd520-af99-4f70-bc69-e2400a84ca5a,2026-04-21 12:53:20,monthly,299
c6127080-0c99-41b5-a192-6c6df2da6496,dc14009b-0f1c-4125-a30c-3c7fd1ff261e,2026-05-26 03:43:11,monthly,299
58cef99d-9b93-4f14-9334-d6443769afd0,5306a5e4-4979-4696-a0cb-d705d38beee9,2026-05-16 12:37:44,quarterly,799
5e43c7f0-bbfb-4305-b665-05d1dfd55c6b,d820861a-52b7-4b3f-85c4-ea9f3036cf5b,2026-04-01 15:16:43,monthly,299
d29b4c74-c54f-4be0-b419-4960b4b93388,c686b37a-5e95-4eab-a6eb-0696003ebee1,2026-05-25 20:57:16,annual,1990
1cd13b32-5a89-477c-a4ad-e97d44ec3c75,a41d7b54-780e-4814-86ab-e107f93e1e75,2026-03-24 18:37:15,monthly,299
c64032db-6fef-494f-aa2d-2040f683ea8c,681d475c-91e2-4b43-b771-5b5737929b4e,2026-04-21 20:26:38,quarterly,799
5fa46668-57b0-4318-a423-70c89c7bfbd1,672c4365-5952-437f-ab0e-ba517a4a373b,2026-05-29 19:37:13,annual,1990
8c4e207a-fad0-4e0e-bda3-4ac0960cfa87,efb751db-de95-4692-9f10-372e3103fa02,2026-05-25 06:09:28,quarterly,799
cd6b5a94-788e-4edd-9a73-1472c201d6cb,19846386-08af-473d-9ed4-8ab636ac5b5f,2026-03-06 10:45:48,quarterly,799
c5e0f076-cae4-4d91-84dd-d5fdd46a2ff1,3c8e3b7b-3e12-4cdd-a3b8-770a048aa586,2026-05-31 06:17:25,monthly,299
0e1d8347-e8a1-485e-b9e0-6f62ebe7f0c0,91d1728f-a838-49d0-a4b0-52189e259722,2026-05-28 22:54:17,quarterly,799
95186017-24d1-4203-8315-0424667f3de3,69052904-ca14-4e06-a8e4-16fdb7bcb122,2026-03-19 22:59:26,monthly,299
f2dde9f1-a965-480b-80da-7a17fadf5728,a63762cd-0a08-4101-9546-fe8417fbf0c9,2026-04-21 18:40:53,quarterly,799
bc259c72-1076-4091-9ee8-43ebad7d2be8,46e0e27d-861d-47b7-88e7-7bc38c18a5f6,2026-04-19 07:29:16,monthly,299
e224222d-2a20-42e5-9847-a287a93ae28b,4f2078e4-24de-4b75-8157-72f71743c252,2026-04-05 04:39:29,annual,1990
31d88e3d-b101-414b-b587-6fd38ff7c600,f018a018-5b0d-4faa-8d2d-e421c03382fb,2026-03-20 20:49:13,monthly,299
567b44af-1e87-4198-a52a-8a0fac7d8c68,2b28c5ff-91a6-4b87-a2c3-68bf30e933a5,2026-04-24 05:46:14,quarterly,799
a519233e-5659-49ba-8a5f-3ef32cc6e901,51e126e2-1845-4074-b70d-938e23b810b2,2026-03-17 06:08:55,annual,1990
13591906-26cd-45bf-a115-984e605a5b8f,67aedd89-b141-4429-ae6c-591e1cf643e1,2026-03-18 03:03:51,annual,1990
9661d7b0-7940-41f9-8294-959812669980,0b4d8f66-76da-4096-8d0d-da8c61781fd6,2026-03-31 15:40:10,monthly,299
d12056c2-71e4-40a9-942c-99979bbe3e55,20bd4e2f-990e-47cf-b8c3-cf42150b6f67,2026-04-25 10:31:51,quarterly,799
d62cd21a-571c-437d-8f70-165504cc34e3,6e0d1da3-20e5-4170-b943-e69af0038fea,2026-04-27 07:32:09,quarterly,799
034bcaa9-8382-47c9-8b58-600bca684e19,d8921edc-effb-4244-a4e0-8ee96b4baeab,2026-05-03 01:54:43,quarterly,799
94c518bc-5770-4906-89c6-becf8afa3c95,81f55d3a-f50d-435e-a87f-ed4604e8960e,2026-03-08 05:28:36,annual,1990
3761ec1d-5f15-4abb-abd9-4dde3ae2f533,9dc2e8a9-cbf9-4970-883e-222d0cc49bf0,2026-03-21 09:55:00,annual,1990
7ea6bf9c-6164-4c75-a283-8944e2b872b2,1359a2d7-65e5-48f1-8109-0d94dd1dd0e0,2026-04-08 01:31:56,quarterly,799
bcf34be4-b7fe-46b6-a19b-4efe2dc5ac6b,5d93597a-8475-468e-84cc-aff1eda5da94,2026-03-26 14:42:13,quarterly,799
91328950-cf53-4117-a92d-44cbfca576c3,abdfbc40-1eee-47cb-9cdd-80c2dc0028b8,2026-05-14 15:22:09,monthly,299
c3aeab01-c363-42b6-9cda-c72985e5c4df,0503c380-653e-47b2-8bc2-13066ee232a2,2026-04-20 16:00:02,monthly,299
2863f8f5-f6c9-47a5-83ce-2e1b3b9353e3,c784674a-6ff8-4332-a26c-0977f1515c4a,2026-05-12 11:43:17,annual,1990
84fea12a-2c44-47fa-8285-4166cf2dcb37,d17cf62d-0d55-4d78-a492-1e9d327de6aa,2026-04-09 09:57:11,annual,1990
0a809f58-5a9a-4b06-a4ea-541db8ff552a,e9137bf8-f51e-4546-b38f-297998344970,2026-03-29 16:55:02,quarterly,799
862822af-e5c7-44aa-bdf7-fb778d9fee96,335dac78-ef25-4b2d-bdc3-5a90fdc75d54,2026-06-07 22:55:01,monthly,299
aeeca1c9-7263-4e41-babc-b6bf996aa47f,c6a61247-bb4c-46c8-a79e-b4ed58e59411,2026-06-05 22:01:38,annual,1990
614887e5-f61a-493d-9a7f-f5a8052f1f74,de15ecf1-bc11-41c4-a0e0-b4e48dc7fbfc,2026-05-22 10:16:40,quarterly,799
9f7ebda1-0dc0-491f-b523-df12637b912b,3fbcec63-4e9c-4e44-a96b-ac0ed2280c2b,2026-05-09 09:35:32,annual,1990
caceff64-2e06-4f30-acac-8fb4d90d87b1,a4373718-afbd-4718-bbc0-4f081cc0e7a1,2026-04-18 22:52:47,monthly,299
34f65af1-d02e-41d9-b2e9-1fd281e2774b,439a2267-05ec-4dc8-8865-9dc98efb06ef,2026-03-28 21:00:02,monthly,299
5837d572-9afa-441d-9ddf-8fa7f93a164d,c0d3d875-6062-4ce8-85fd-2aad9c208344,2026-04-17 20:28:25,quarterly,799
b67c6e33-d3bd-4ab0-b022-dc8f901d829d,93a40787-2433-434b-8c18-461a3a7389c4,2026-04-30 08:12:28,quarterly,799
2cb8c075-e7e2-4e94-a4db-554cef7f3520,72d4a0db-4877-4db4-a55b-e36b3d4ef1bf,2026-05-05 12:28:29,annual,1990
13adf2f0-0d92-4cc5-9ae3-80a589dce73b,fb33138a-34e2-47ce-8780-e9a67b00f7ed,2026-03-26 04:36:21,monthly,299
f8cf237d-e8d6-42ed-83a6-5359b869e543,9d86aca8-403f-4fc7-9dfc-dd9759dfe8a5,2026-05-22 15:40:20,annual,1990
724010de-d6ed-46f0-af7a-6a7d8b470720,a88dd8be-279e-4981-b1ad-f5f2264f1d8a,2026-05-21 07:51:22,annual,1990
fb026a2e-8736-43a8-b28d-14019e768831,33ed8b7c-3e79-41f4-8e89-db718156dbb6,2026-04-12 21:57:07,annual,1990
2c03642f-e728-45b2-b771-98faddbfb4f0,2719ab82-c084-426f-9046-da8022b3a14d,2026-05-17 09:59:08,annual,1990
bb0f295c-7167-4946-b7bd-c5a6e110889f,4a5d59c0-fbcb-4e0b-82b7-f85009d6b407,2026-06-02 22:09:46,annual,1990
e4aca806-7b1f-4858-85aa-5654debd755e,f65699c8-c52f-4dca-9d33-32dc9f128577,2026-05-19 17:38:57,annual,1990
54a56f7b-d620-4570-bf5c-5e8d170542e4,0478864b-bfec-404f-add8-4d93dfc0ad0c,2026-03-12 22:56:20,annual,1990
26ccd6d8-268a-4d52-8e38-bc836b916141,e9386380-31df-4eda-b33a-64d08419ab90,2026-03-20 04:26:25,annual,1990
b0423c51-f306-4fa4-ba9b-abd653f37803,0de4e1a4-ec8a-4310-8437-0a948412e0e3,2026-05-02 20:15:35,quarterly,799
f1172f21-7a4c-4866-b3c8-522dad166b93,598baf83-0658-4d75-9f5b-1e1b580bafdd,2026-04-20 10:35:58,annual,1990
ed02dedd-b111-46b8-9e9f-1ada76c9ebeb,38992437-ecf1-46b0-92dd-b7beb3c1fc5f,2026-05-27 16:25:50,annual,1990
ddd43954-7f21-4604-92b8-eca9ba1e9312,a2cd47bc-22a3-4037-bf49-0611dd5cc8d6,2026-03-31 19:53:00,annual,1990
b5c24263-2800-4730-8eb2-a152308c93dd,6e36f274-86a8-4b88-99e1-b60553ab457a,2026-05-19 20:14:26,monthly,299
c960d4cd-42ee-445f-8ab6-a934783fde71,01a3671d-ce13-43ea-a2e7-cd70eed109b8,2026-05-04 12:50:38,monthly,299
d869ad68-a861-4ceb-b6ac-b1b763418d58,fb7abb23-82e7-4a4d-a735-d7c7352410e3,2026-04-13 02:31:15,annual,1990
2529c269-db62-4383-9084-fca2188ed072,74405d5c-b244-4245-b369-0a584f1f6dd6,2026-03-30 00:30:33,annual,1990
86159955-4c6f-44ca-a5c2-8a74ff22b682,0c9b0e92-d6f1-4d33-991b-b579488d1040,2026-03-31 06:06:22,quarterly,799
3868cbc4-16a1-4be2-99f2-ba3053a62228,ff4ad58b-6f36-479a-b931-8a89d59b90d9,2026-05-05 06:11:48,monthly,299
0384ff7c-9181-4a34-8591-7344a55ecc84,51027bac-128f-4cc2-a246-8c511397e8db,2026-05-12 00:15:19,monthly,299
fa03db56-78b0-405a-8154-eab775bc19a3,c72c1701-9812-4b95-ac6c-990f8dfe210d,2026-05-17 19:23:24,quarterly,799
371b338b-3eec-4b1d-819d-6fe895b27ffa,164641ff-a8c0-433f-87a6-288e5bb429f8,2026-04-25 13:11:43,quarterly,799
29ee0243-67e5-4b0d-94c0-693ddf4fec49,b15130c9-378e-4676-b746-7b3aefcfaf1e,2026-06-11 08:00:13,annual,1990
b8822ee1-0377-4f14-a8a0-4296e8012902,fba1195a-6482-4844-927b-bc30d2ce70e1,2026-05-23 10:41:47,annual,1990
e280fc82-06cc-4b12-9a55-e396e50ef71e,00c90108-0273-4578-a493-6bdd813a87fe,2026-05-07 22:30:17,annual,1990
52cfa1e7-15a6-4c7d-90d2-24b51de33f58,894035f4-27ac-45fc-b54b-5d28c7e49c36,2026-05-02 23:08:51,monthly,299
b3b63a68-583f-48a7-be3c-a2c213a00578,617fd96e-d8c8-4cf7-9e84-8bdf173f7f12,2026-04-21 06:47:09,quarterly,799
4b845438-cfc7-4f02-b84b-cf30451afe32,ce7800e8-59ff-4f98-99de-aca7ebcb3357,2026-03-19 18:50:03,monthly,299
760b0080-5a25-4138-84dd-49484c3df360,369b824a-ab9a-4b4c-80ad-0879f8b5cd0c,2026-04-14 17:37:13,quarterly,799
c3022a75-bdb8-4187-810d-608448364116,0166028f-2562-4df1-8861-46d63501a28f,2026-04-03 17:59:34,annual,1990
e1cc822b-5779-422b-a1eb-d3546f776907,2b63c52f-007b-479a-b253-dcd52b0b3d5f,2026-05-26 03:15:56,annual,1990
c183f9b7-e996-4672-b832-2500b495698f,2887d1bb-2dea-41cf-8781-75710dd2c68d,2026-04-25 14:22:19,monthly,299
65fd3e7d-ce22-47d6-a769-23ffd50f52d1,31a81511-2312-4146-893b-99765c092dc2,2026-05-16 22:30:53,quarterly,799
b64a4ada-4d1d-4670-94a8-d7bdb7205479,8d6f7126-8cf6-43e3-83c3-4a807d429ebe,2026-05-10 04:27:48,quarterly,799
0c2d2e6c-2242-4b81-aef0-342af9615842,02c741cb-24dd-4409-98eb-0a5fa6bff502,2026-05-20 18:25:24,quarterly,799
eb0bd4c3-4bce-49e1-a5a9-23f874ecedb8,cd359f0e-61d1-4c2f-862e-e8ed1041bfb4,2026-05-27 01:15:57,quarterly,799
8dc0bb06-7936-40b4-9266-fc8f04444653,d489d093-2c39-41db-8a87-046f0709f04c,2026-05-15 02:30:26,annual,1990
79b35d5e-3a7a-4ca2-ae8e-9c9475e1477c,56599218-f39a-43f2-bcf8-bda542739ce7,2026-06-04 10:11:56,quarterly,799
27d17c3f-db52-49cc-bed5-49e8d6f6b5d9,f2819bf1-e28f-4e1e-ab98-5974cc2ed08e,2026-04-01 08:51:15,quarterly,799
d15386ca-ad82-4d53-a2c2-b3aa3005e8df,41fad683-adeb-48ca-b049-11df7c3ffc98,2026-04-15 06:27:20,quarterly,799
d7289cd5-3ed4-4ed3-bb55-561079e3d57f,5911d29b-5a81-4a50-8982-5958449726c2,2026-05-12 03:06:04,annual,1990
3a01fed3-62f9-4e89-a0a9-f39b09c8dd2a,240019e0-0252-4846-9f5d-0996c39a34e1,2026-05-30 07:16:55,monthly,299
690f9578-aaf3-42ba-b844-a6f65e03ff15,26f27558-6320-40b6-8bdc-c3da8228963b,2026-06-05 10:56:32,annual,1990
e9f96e12-6487-4dab-9f6d-67434c2c9c16,8860896e-63d0-418b-a997-c9ec33e907be,2026-04-28 16:10:19,quarterly,799
50743761-a9f0-4640-987d-a64bf1c28a0a,5ba806af-626c-4b5b-b50f-5fc018371d45,2026-03-10 00:22:14,quarterly,799
67b377b0-9bb8-47fc-b734-67c2f792ebb8,f92b327b-a29e-4a77-8647-889350082161,2026-05-07 21:38:45,annual,1990
f4393615-e0fd-4a97-82c2-58d3cc3709e6,decabfa2-8eb0-4449-b1eb-552a7b31cb6f,2026-04-04 20:32:08,quarterly,799
d385569b-703b-488a-b46a-2cded9f6c144,80043a7d-3737-456f-b64a-4a6dcf7c42c5,2026-04-21 13:52:27,quarterly,799
6a46ec3a-19ca-4204-a105-850fe2eca819,d1b559c3-4f17-4e3f-954e-7e78cc88ff2d,2026-04-07 09:48:06,monthly,299
bde4b0b8-2cd6-43e4-9554-abe967b1b1f5,25f89bf8-4a84-437f-9705-f1ab13d14991,2026-04-10 10:24:09,annual,1990
19df063c-5bf2-4426-9e4e-8838106a75e6,d1aedb25-1004-4e5a-8091-b8b64e021e13,2026-03-30 08:33:12,annual,1990
bc1b3cc8-cc70-49fb-9ac4-1a7dfeeafe3b,23cdf44a-f1b9-4a81-ad33-de648049e783,2026-04-11 16:01:53,annual,1990
4855ac98-d780-4d7c-a11b-1428375b8247,4f0f9f47-a68d-449f-8ab7-2611e45c0ffa,2026-03-23 02:01:59,monthly,299
864c4fd8-acdf-485f-95fb-98cac305520b,c70bdcc8-36c8-4220-b92d-5f5b98c55596,2026-05-26 00:24:48,annual,1990
73823747-1a33-42f5-bd38-cabab6fb8080,7464b015-fcf3-41ae-829e-292480bf2b0b,2026-06-01 08:37:06,monthly,299
fb7ba448-a3b9-4e6f-a6c2-231ac88f0784,618a0efc-d759-433e-8bf4-8842f24069db,2026-04-13 15:16:31,annual,1990
9b1c029e-78a7-436a-8373-83a2eba190ea,35695f9c-3384-4fab-933f-52addbdc031a,2026-05-01 00:24:40,quarterly,799
ae512286-4401-4919-bd12-6f4dbe44f188,014f0cd8-c384-49af-88b8-b47ac8d3ef99,2026-05-19 14:39:16,monthly,299
cacdbf36-eb49-4005-bf5c-daba840d12f4,71d47ce2-8dd9-4c3b-bf71-ef33fa5cff85,2026-03-31 13:40:47,annual,1990
6294c37c-70ca-4268-ba1a-7455c42b338c,27c936ac-d82b-4583-8085-b4fafa55f4a3,2026-05-20 23:52:28,monthly,299
47796b33-e9c1-41bf-a521-f2c45922628b,9c812b22-0396-4121-8195-b1a337f4d24f,2026-03-30 06:35:50,quarterly,799
3331209d-c48c-42cb-93d0-79ba4dad1fee,c157c6f2-2101-499b-ae7a-1cc3d3c131d7,2026-04-22 11:48:28,annual,1990
48307c3d-111d-43be-9673-4cb126b75f8e,65156fad-6f0c-421a-a48f-a9386c25c1e4,2026-04-05 23:45:12,monthly,299
861e0d57-88c3-480c-9724-0dfe2cc7df93,1c487f18-2c55-4bcc-b6a9-2519ac09177c,2026-03-25 05:09:53,quarterly,799
ba88d551-f341-4c41-8d93-8bf73f7e153f,f84efd74-6386-4f09-be9a-7518579103c5,2026-05-10 02:47:46,monthly,299
abb99a30-bdc6-46a0-989e-aecd6ac2aafb,6ba463a7-cf93-4d07-b5c8-2a6cf46f4bb9,2026-05-11 12:25:02,quarterly,799
14192762-b4e7-4961-b335-c2916412b8a6,e292fa39-5110-45d8-bc9b-aa131344b6cc,2026-04-27 03:30:07,quarterly,799
3c966453-bf84-41b6-a75a-9b386e29aaf4,0d6c0011-d03d-4228-afaa-760c7082e2b0,2026-03-25 05:55:21,quarterly,799
98f39917-c7b4-4b5c-97d8-070eb245a3b5,2cd2f999-fb97-4f21-ba27-019f88eeb5ae,2026-03-17 16:27:02,monthly,299
6e1f848a-ce95-4361-ba50-b4e6d1236f3c,7ded74ee-7274-4b89-830d-e427b92152cf,2026-05-27 08:43:58,annual,1990
71cac3a1-2807-42ca-ba2a-1179eb1a39c0,0c211c28-8bdc-4350-b8b8-f42c17a8c592,2026-04-26 15:51:58,monthly,299
8ba5d406-582f-4100-ae1f-2c0b175edae2,44d1728a-55c7-4b42-80ce-028484dd3711,2026-04-19 19:26:44,quarterly,799
a5b1ae40-8e9c-4503-a0dd-b4dee2d142cd,3040b6f4-3ed5-4a23-b339-65ad1ea59836,2026-03-15 17:04:35,monthly,299
b863399e-2bb1-4e46-908f-e365fdf87165,5a4caea8-f5ab-4ec7-bba6-6e0c47f10c75,2026-05-21 10:27:50,monthly,299
27806971-f558-42e9-88c1-29cb92efa873,45e6d098-f766-4607-8761-414d19c23ed9,2026-05-31 18:23:04,monthly,299
10f8beec-4fcb-425c-b824-08ef290eb189,06b76eae-374b-4486-a056-32d658c0331d,2026-04-02 20:37:53,annual,1990
8a2c8534-f089-487c-8f2c-32f83a683002,3e82005a-c05c-4ec6-a09d-b9b5b7c4cbae,2026-04-17 17:39:07,monthly,299
3ba3107a-e136-44f5-bac3-c3290defd0b0,67773a28-50fd-490e-b2d7-30d47d6ead4d,2026-04-17 03:39:55,monthly,299
a700a6ab-eea4-4263-a047-6ce68ad4e08e,ca52ce4b-f5dc-43db-9ce3-465775375829,2026-04-30 17:03:21,annual,1990
69a3283a-19fe-4ff6-84db-e294c585a044,e5153ef4-8355-4701-8d29-8d6d8b7916be,2026-05-31 21:04:05,annual,1990
9eedae4c-6831-458e-9cc9-661a32e75aac,0b8c9e34-15a2-47f6-81c6-90752368ad86,2026-04-17 18:13:41,quarterly,799
e2faebb5-568c-428c-8b42-76ff784710fe,0a4e2918-9d9b-43bd-9fe2-f5492648dd9b,2026-03-31 02:11:25,annual,1990
33457e2c-e5f4-4457-b258-89e33843ba0a,0ec3a150-8bca-42c5-a867-3db4f53deb7a,2026-05-24 11:48:38,monthly,299
a34db039-9810-44a8-8ebf-59928658e58f,e523a991-15e0-4f8a-8ef4-f57e9f3b3558,2026-05-17 15:51:04,quarterly,799
618d1bb1-9601-444a-81a1-f62c9228310a,03d3a84d-baa6-407d-8344-d5a9cf235edc,2026-06-02 04:09:01,quarterly,799
3ad1b541-66c0-4c8d-8ee5-58b4b83ddbf6,2fffa84a-e483-4c21-a029-6bf28deb68d6,2026-04-04 00:01:56,annual,1990
3c0407e7-4b76-492d-b59e-e684ececce60,60d8996f-3e45-4128-82f4-db5f8edfcd51,2026-03-28 14:14:47,quarterly,799
2d0bd352-4a2e-4f50-8f5c-87e81bcf3b4d,8cadfaec-640f-41e7-ab1b-3c024ceb0643,2026-04-28 22:15:58,quarterly,799
2183f06d-fccb-45aa-9a8b-fa8da02b9270,ddf1dadc-a51e-48b2-8212-44c55f84820d,2026-05-01 04:14:41,monthly,299
32423bb4-9d2f-47bb-87db-920c9002a275,6b146ecd-5a73-4a17-a6ec-1b626e71d5a0,2026-03-16 13:03:14,quarterly,799
8b42cd3e-236f-4a7c-8074-7dcf4e50ef62,0bd9a156-ba75-4cc8-b130-b2b9435c6e6c,2026-04-05 03:07:13,quarterly,799
c40e81d7-a6b8-47a7-997b-5792baac0a95,fdcf572e-502f-4842-af8a-6f4bd49f55f3,2026-04-15 12:51:51,monthly,299
e6d821ae-b56c-49ea-8ddd-63c0455b4062,77ab017a-4254-4204-a281-bcf603a2c33b,2026-04-04 06:24:35,monthly,299
2dc963f1-2d46-417f-81ae-8b7956ae5688,4ecc5b28-5d2a-456b-aa47-d9de89b6e9b5,2026-05-20 02:01:50,annual,1990
9c5f7288-3469-4e31-80b2-fb082eda88e4,5758b920-b7ff-43b1-9b3b-9f1c9568356e,2026-05-28 23:32:33,quarterly,799
e734f3a3-6f92-42eb-b5b2-cced1c2daaca,8ffb2689-89bd-4f4f-9c21-80fbb5c949bb,2026-05-23 06:17:20,monthly,299
b98055fb-68f0-4375-a000-5f36085b08ff,7f5ffa68-01fd-4b28-ae9d-89cf4fe8e272,2026-06-02 19:25:06,annual,1990
23382cbb-55bd-409c-a96d-7a6a48a7dd0a,1ebb1c0c-ee15-4b1e-b133-9954087e934f,2026-03-18 03:49:53,quarterly,799
f06e575f-75b5-487b-89a8-ff94e5eb2e49,34c4b063-b92f-4b56-af58-22d960ee07be,2026-03-20 20:54:05,monthly,299
b951b2b0-b120-4b1f-8642-25a1a4d723dd,6e175a82-f4e6-4734-b0fa-2ffc38214651,2026-04-21 00:26:48,quarterly,799
16b72f3d-a645-43c8-9aae-76811532806b,e5dee932-9f4c-45f7-b8e4-1fe53b2a39c9,2026-03-25 16:10:09,quarterly,799
e6a8a62a-996a-4890-aea4-c74869718a15,f576c3f3-588b-4846-b0ea-35548e355cd8,2026-05-14 12:50:13,annual,1990
6016e8a7-ca4d-4ca1-8870-9f45078b7a4f,494c321a-620e-4658-b878-2aa2ad704762,2026-04-26 01:10:38,quarterly,799
783d487d-2f21-454f-bd3b-1b33043c1ea2,567ddc00-07fe-411a-9b6b-2cd086aad764,2026-04-04 07:38:56,quarterly,799
c1d27e00-2cb0-413d-b1ab-559acfec5112,87d3f1ec-fa63-4a62-ba2d-87ec57bcbf1f,2026-03-23 13:28:19,annual,1990
434092d3-30fe-4ba0-b76a-81de49f1cc5f,5a7aa101-dfd0-49e7-921f-32edd2c13b41,2026-06-15 05:00:26,annual,1990
5507d86a-23a3-4b27-a96c-a5fa611d2e65,496931ef-4bad-4196-98f9-3995ba3b3f72,2026-06-03 03:58:28,quarterly,799
d66864f0-3e74-4b02-88ee-e88d2e701ad0,995ae42a-0369-4e0f-89fb-ffba32a7a0de,2026-06-04 04:31:30,annual,1990
f5adb1a8-f283-4716-b7ad-07f7fd11e694,0c340907-b9b5-4344-b77a-9a7a22b1ab00,2026-05-03 14:29:34,quarterly,799
0e34151e-8987-4d51-a1d3-7b567c6a0dd1,0ab2192d-f45d-4578-a30f-309b367fad87,2026-04-04 18:07:47,quarterly,799
9fe83b3e-45fc-4217-a823-151ef11187b7,e964a54f-1087-42f8-b2cc-4aeea8b18d2d,2026-05-29 03:38:03,monthly,299
bf8b7cad-a389-4db1-879b-bfcf7fa98c95,708211d3-3c45-4008-829e-de89d2899160,2026-05-18 05:19:49,annual,1990
1fc0fa78-2780-43f6-be18-7413c8e1a3d8,3d07178d-a9b6-4763-a0cf-8563737bca6e,2026-05-01 01:41:06,monthly,299
f3b514d5-f3e2-4ae4-b686-ea9f73425d76,f65d14c0-1f72-4062-bddc-8151aa38f4c0,2026-05-30 07:01:46,quarterly,799
ab0da35f-e64b-408d-8b5b-0eb22191846a,b43d3bc0-4389-4f7d-9812-63cfe13d5a04,2026-05-29 08:31:58,quarterly,799
6547a5b8-1952-43f8-9ec7-9161b0de1e54,c3475a5a-6fd1-4192-a3d0-2271f061bca4,2026-04-19 04:57:56,quarterly,799
015c39ef-ade6-4edb-bf39-70daeddaabd0,e11c9bef-394c-4137-aca5-23f29990fd92,2026-06-01 18:14:14,annual,1990
98f87a83-a5d9-4b18-ab73-9bd1b5c2337a,f7cc38ee-73b9-40c9-820a-ef0c3d3e8643,2026-05-20 12:16:07,monthly,299
0dfcb1b0-5a88-4329-ba0a-0592a02eb793,4347aba5-5918-498f-9bab-eef23555f9af,2026-04-02 11:33:33,quarterly,799
07f00ab0-cee8-4e88-bbed-403cb64f0017,fddde241-6e77-4892-a379-c944b77acfaa,2026-03-17 17:31:17,quarterly,799
f8e838b8-0f81-40c8-b7fe-f63558d1c792,affb10b4-1f13-4da6-82eb-4e98051ecdd6,2026-04-29 18:31:26,quarterly,799
184e2344-d36c-4ea9-92bb-045cbcab1be1,1b92fd39-9a35-4f8f-aa18-096a98a3668b,2026-05-17 22:18:28,annual,1990
e71e1282-241d-4308-82c3-c1fbfb17a7d4,5153b390-86ce-4062-a405-f7078cc801b7,2026-03-09 06:41:47,monthly,299
c2fd9f14-f08f-4c33-90a3-7b02a8cf07c6,2ec2e501-f1e8-4cb5-bc0a-16445678b720,2026-05-05 00:22:09,annual,1990
069065da-8a36-43bb-a372-c5d67d0bdf92,421665b5-f150-4d72-a0cf-dbaf271c0b78,2026-03-23 08:00:40,quarterly,799
c6e31f62-d5c4-46f1-94ca-ba58e12783be,7f87a6e7-bdac-4b34-b122-630cab71d88b,2026-05-27 06:46:41,quarterly,799
befa1c2a-d04b-4c75-aed4-6594e897c022,986304de-790a-4a60-b051-b7dfc95a73fe,2026-03-22 15:02:36,quarterly,799
635c8222-072f-4240-b15c-b2f8aae60c97,954a178b-7c97-4cde-807f-29630c7967f7,2026-05-29 05:17:38,annual,1990
abdc62c1-0c58-40fa-ab45-8d9b5d670d02,8b779971-384a-4865-8021-6864e7bd44bf,2026-03-21 00:03:42,annual,1990
0b9801ce-3c58-43d4-a31d-cfbc00f74a21,23a634b6-498e-4d24-b447-7139e1f202c3,2026-04-11 03:33:56,annual,1990
7f9a39b5-3d7c-45c5-b5a1-17b195d855fd,d886c121-5d72-495d-b6f4-fbaeddd20926,2026-04-18 04:08:45,quarterly,799
8b55869b-dd62-4bf9-92f9-caf811a2d25d,4b68cc53-f2ae-4921-b178-074d04cb6892,2026-04-30 22:13:33,monthly,299
c16680cf-cb7d-43f1-9de6-d10fac82bf48,90db1187-3f8f-4ec8-9d91-b77f6011ea8b,2026-05-13 21:06:07,annual,1990
471737dd-e7c1-4245-a961-296dde103a52,83724b76-43f3-47f0-9b89-2fed1998843c,2026-06-08 17:44:38,monthly,299
2a3fc539-12a2-4bf0-b6a9-263e49d87aab,09abaa96-0165-43f9-9a66-878ca5436663,2026-04-27 10:53:41,quarterly,799
b8b976c6-a453-4f47-9e75-429789c3c75a,ee990685-14e3-45a5-9fe8-5896643495e5,2026-03-18 10:36:40,quarterly,799
34615c64-a639-4e3a-be77-97b84fa4bab2,16989b48-7ed6-434c-9b3e-4fae23dbb95b,2026-03-22 08:15:33,quarterly,799
14162b75-e2bd-4833-b943-3a3e80351c0e,e3818bfb-1521-460f-81f0-dc1c96b10ab4,2026-04-21 22:33:45,quarterly,799
1044985c-8cac-4f12-a8ef-dfbafda8ee87,9ece2c2f-370a-4a95-97ee-5d5947e65447,2026-03-21 21:09:41,quarterly,799
373dc963-8430-4e9a-89eb-b3d519817a8a,64f95327-a6ea-4c9c-b4c2-9bd2dce19f3d,2026-04-24 15:59:41,quarterly,799
8b0aa88a-e66c-4af7-9d7a-8e8366008df0,fd877e5a-1527-43c9-ac7b-fb09170fcc9a,2026-05-16 00:38:33,quarterly,799
05b8e4d8-2c18-457e-96ce-7fe6bc9da722,21a4e75b-0d50-4f93-b73f-b5262ba8143b,2026-06-08 14:37:20,quarterly,799
95f20568-e5d0-47b0-827e-b95c9baf301b,0af2f978-50f2-4a90-b1a6-8e872e7aedfe,2026-04-17 14:57:12,monthly,299
b148a4df-40f4-4296-80ad-91d951665a3b,28b4c951-8aa5-4f37-9778-c1c4781fe2a9,2026-05-04 00:50:38,quarterly,799
8112ecf6-fd25-45d0-86d4-312f0c07a37f,81f94c23-3b67-4220-a39f-337150531b6e,2026-03-16 11:53:37,annual,1990
f7e54593-f8d2-4fbe-8c2b-b93561fd21ca,1f286a3b-c40f-41ff-8d0d-680869c66a25,2026-04-20 18:09:49,monthly,299
e1917c84-52ac-4fe3-b4af-b83c862556d9,3b74f670-e168-40d6-8cfe-6894b279139d,2026-04-23 13:06:49,annual,1990
619ebfb4-9b92-4b6c-9d4e-06f47279f47c,54e51453-d8ae-4b18-b01e-25f43f181934,2026-04-24 23:03:40,quarterly,799
0adb46fd-30e4-44f6-8cd0-1309eef511e3,f03a3d7d-c089-4566-8a8f-ef9d899c6caa,2026-03-22 02:27:05,annual,1990
4d2eae15-ff0a-4b55-a691-5529adc278d6,4edeb36f-2e00-47be-9cdb-218bc73dfdca,2026-03-31 04:54:20,quarterly,799
dec0b3cc-9300-498e-99b6-5a816655e4cd,587d899b-682f-4563-96e7-2ab51b30bcb9,2026-04-05 22:27:46,monthly,299
5561a00b-ffd8-467a-98fb-e775f7687c7f,00b28135-afa2-4853-8e65-e6279f232522,2026-05-28 00:27:25,quarterly,799
78f52fc8-3481-4d24-af0f-4fe56340493d,d58ee5d2-3d1e-4227-bb5a-86079460b2fe,2026-04-18 16:57:33,monthly,299
7e14a9d1-d825-46fb-9a38-3649ff9729b6,26b0dfae-d40d-4ff8-9bfd-73dbd6988eb2,2026-05-14 13:09:05,monthly,299
a98b1da7-6ccb-4dd9-9777-cd5e320f5c66,4f3be507-8071-4c02-9adc-8f41f00f09c0,2026-04-30 19:16:59,monthly,299
269292ea-a21b-4cc1-af82-6bbcc0259cf8,ec333aed-41d2-40a6-954a-ab107828fb2b,2026-03-21 00:38:26,quarterly,799
26ca87f9-c7c6-47dc-a303-09614b9fa154,67114a49-aecb-479c-9501-744806a636ef,2026-05-02 20:56:24,annual,1990
995bef44-3916-4124-a05b-5eedf86597e8,d2c1009b-17ac-4a8d-a3ee-e639e984a691,2026-03-13 16:02:33,monthly,299
24071e9d-0443-4051-93a4-f6919c4b20b8,8d2fa0fc-e3a3-492e-971f-3e7a464d11e3,2026-04-11 01:24:12,monthly,299
fadf7ea1-29d0-455b-8155-a623d1713968,36cf3428-ec0f-47ec-a8f0-8f3637580f6b,2026-03-20 17:25:14,quarterly,799
ae89bd3a-cc7c-4095-88d1-17385f87d11d,e47d09e4-b94b-4279-ac74-f85552fc18b4,2026-04-05 16:36:08,annual,1990
79f86d46-948b-437f-81a9-6a1377af40a5,b31a7c14-c1b5-48da-9770-66d836ecf1af,2026-06-02 11:49:22,monthly,299
eb47c325-225a-439b-b4b7-e079f93d81f5,788d4f50-874a-4768-8fc3-89989e91a742,2026-06-07 12:36:13,annual,1990
03a376af-5de3-4c35-8934-092d64446ebd,8008e008-a3b7-444d-9190-a974741f5d1d,2026-04-10 10:09:49,quarterly,799
5c9cffec-501e-47b3-9833-23d8a1a14540,485e4254-4294-49b3-bf99-5a92dae2b9a2,2026-05-12 03:49:12,quarterly,799
9753813e-54ac-4587-9433-fee49f5390bc,a5e4f6b3-4456-444d-9644-6e5e32ec60cb,2026-05-14 11:03:52,annual,1990
75994022-856a-4352-af30-2ff73d1026f3,f0cb2ae8-6aac-4a36-979b-3d5b23ae6cd6,2026-04-07 19:36:23,quarterly,799
177fb78d-eceb-4027-b71f-85683a53b53e,a385c6c7-510c-4330-b1d4-f2f36eb486d2,2026-05-21 03:19:02,monthly,299
2f55713c-d405-486d-9177-21ee9b9e7c13,e2dc3694-3e77-4610-a4e8-1ada389f64e7,2026-03-19 12:22:13,monthly,299
f178b833-1614-43d0-8bd2-b536b48120a9,525740ad-3060-45d5-a2ac-ad5da452cee2,2026-03-23 15:26:05,annual,1990
1c110512-c42a-40aa-9afd-1ed3239d3c5c,bbd21122-81e8-4376-b746-26a7085fcbff,2026-03-28 01:46:17,annual,1990
aeb91eb7-7d91-4a3e-a950-7a6acb749a9e,70b4cbc0-abaa-4a48-9921-6f1ffcdb9b07,2026-04-05 01:21:22,quarterly,799
d6b45481-f23c-410a-9e09-6f61c8488def,8f91930f-9076-4aa9-ab36-3e91f258931c,2026-04-03 05:04:55,quarterly,799
ea39cd15-11d4-412e-98fc-536ff5c1fe68,af6ef09f-c1ea-41cc-8970-6f8c514491bd,2026-05-21 17:35:07,monthly,299
49fc06e7-691a-4a0f-a625-8e31de61f576,8a0d38b1-8194-4af2-8198-233bb83e656f,2026-05-26 04:43:49,monthly,299
991ad494-78a2-42af-9c15-277e5d6a80e7,a52eb2ac-80c4-42f0-aa7d-576497eef20c,2026-04-28 12:29:11,quarterly,799
86ed8b42-570e-4964-ad61-e28997986186,75456333-78fc-4388-8209-edf4cb6e85ef,2026-05-02 18:55:12,quarterly,799
f1fc310f-4912-4dcd-a4e9-b52859be98d0,bf700eea-3023-44cf-be5f-eb3a17cf7930,2026-05-01 22:45:42,annual,1990
e680ae67-4b50-48ff-9fbe-3e5cc194d745,d68435d4-6023-42b2-8da6-2965aa54f785,2026-04-29 14:12:35,quarterly,799
1c545707-2923-40cd-89c9-99aedcf1c270,79108046-83f7-4c10-9233-56435387fb10,2026-03-29 06:48:04,quarterly,799
313cc3cb-0dcb-4b41-8613-a6b1fa2c26ba,022138c4-8b51-44ed-a4c0-1edeeda4d654,2026-04-16 22:36:30,monthly,299
05a6a5ab-9747-46c1-8110-46f59f87e9a2,d8ba8101-a6bc-4b4e-9c3c-79c510df5fe6,2026-04-01 06:38:04,monthly,299
dd0c4b0c-92a8-4813-b395-ff7dfb8187b5,11a37f77-f0b4-41d9-b5e7-759fa9f16f6d,2026-05-15 12:45:50,annual,1990
1971fc61-2f10-4adf-8dba-1393eb8d2f8e,fb710e26-d3ba-4af1-8994-49ef1dfd3b67,2026-03-28 15:34:23,quarterly,799
61ba428c-2403-47c4-9225-ee17bbd38183,a59c0094-a704-4e7e-b161-80372fe8612d,2026-05-12 08:33:06,monthly,299
56c086e2-7bd9-4de3-8702-2415e9ec6a5d,caac9f04-3325-4ada-b76c-8351245f8e8d,2026-04-06 15:42:57,quarterly,799
2629dc33-c5d2-4ee4-8bb0-c71611518f00,5640c0d2-b044-4e54-85b3-fa8a2dc679d6,2026-05-05 08:04:26,quarterly,799
a7c2286d-814c-4aa7-a7fb-9dec799274f3,1e7ff314-eb33-407a-9de4-b5197fb325d7,2026-06-01 21:08:46,quarterly,799
61dab672-4565-4498-87b2-49acd2e7e2b4,44f4c499-0b04-4a4c-8199-5be552b8cd84,2026-06-01 03:01:18,monthly,299
ab5cb254-df21-4a95-9fb3-f3ebfbb12b13,3768b9c2-db1e-40b4-8499-9be2077c2190,2026-05-15 21:49:55,quarterly,799
9453fc08-d144-4979-b452-a7865302cfce,9484d474-e978-413f-b104-f00026610ad8,2026-06-03 12:17:58,monthly,299
24f5e23e-9201-45a1-bd71-ba8a375187c4,4db6a911-c9b6-44da-8595-e6af916e2e26,2026-05-13 04:12:13,quarterly,799
2ae2c114-09d7-4a79-919d-75e2caee1016,e8e0dae8-0706-4fd5-afc3-a3b103f5e347,2026-05-30 07:23:20,monthly,299
00603950-f571-46e7-ab4e-cb010fc8dd78,b59f77b4-f9dd-4a29-80ec-72d4b4debb3a,2026-03-23 17:28:14,monthly,299
6596ec22-9738-46bf-ae83-807883e8dd88,320e2c82-127e-4b97-b2a5-8c19515688db,2026-05-26 09:04:52,quarterly,799
184b4b16-2789-4876-889b-65c84fca55ad,acd6fa5e-2beb-49ee-92f1-81b2f7c3479f,2026-04-29 05:01:42,monthly,299
64c299d6-2906-4cd6-a6ad-e9c6242e38f2,2953a3cf-2b9e-4f53-bfce-6ef3adc47933,2026-05-05 15:09:47,annual,1990
83abb5c9-5fb0-4080-a609-098c56f9399e,d4590b6b-0899-4465-8713-d0894424a647,2026-03-28 10:54:09,monthly,299
91adf113-2c81-4f9e-beee-8cfcf182c4fb,607602da-bcc2-4629-90fe-8581e882cf7f,2026-03-20 08:08:28,annual,1990
fae0793b-c9df-4bb5-ab57-dfa2146a4de0,dcacc8ff-df4c-4ef0-91ab-77ae2402b939,2026-03-27 01:01:26,monthly,299
14e0715e-9eef-4587-865c-e03af894af08,2635c272-0762-4770-98b5-c33b22454c95,2026-05-23 05:36:48,quarterly,799
42ddb645-3802-4879-833f-95bed25ccdf9,70b5b81b-5e61-4493-83c9-7f547ffdd747,2026-06-07 03:18:58,quarterly,799
88e5425e-a404-45fc-a82b-bf0168fb06a6,15537fb4-5a48-4b9d-b81a-19b2215f6e40,2026-04-03 18:42:22,monthly,299
039ac79f-2e95-460a-a7f5-19bfa65e1641,69ff0254-8055-47d5-86a7-bac470b65235,2026-05-24 19:50:30,quarterly,799
008d6f08-4cf8-490b-9108-d51010fd785a,914b4aed-8223-427c-9baf-646a72132cc9,2026-05-26 00:50:32,annual,1990
2e7fefd7-632a-4629-9f3e-3d30653540d2,5998fa78-8911-4b19-905a-5d8c6ba33010,2026-05-25 05:11:35,quarterly,799
89b6099e-fae6-4beb-b6a7-a18332ad9dc1,6470669c-fc63-4fd9-830a-668df5bef648,2026-06-06 18:18:36,annual,1990
3cddb671-4f94-44fa-a214-bdd3c23ab1e0,937f4353-60e8-4db9-b683-4a4804a7338a,2026-04-04 07:44:18,annual,1990
886cf5e2-8dc2-45c1-943f-0f4d3e9356e9,2a32cb49-09d7-4693-9b97-942a9bd76c76,2026-05-28 19:06:36,quarterly,799
2a7c0333-46af-4164-9136-a4d312aeca47,8a51872c-11f9-4651-8a87-b001e3129d6f,2026-04-12 19:13:19,monthly,299
543d32ff-b0cd-4fe5-89f9-42e57925fa75,8de95e85-4de8-408b-b88e-bc4ec54c3f92,2026-04-08 01:39:37,monthly,299
b5bdd08b-4e73-4b28-ae41-93bf2c99f140,e4fff254-44dc-403e-bdaa-c4c04b2c4f7e,2026-03-23 13:25:24,quarterly,799
591ffe46-1773-424e-a4ce-a215298c62b3,c0b43ae9-c962-4a94-b475-c1198806bd58,2026-05-05 12:57:34,annual,1990
fda074c9-f042-4574-8d4e-d000fbfd8a58,54dd81e5-ecd3-43ff-a813-c322428a48f5,2026-03-25 13:28:56,quarterly,799
f5232083-78c6-48f4-be31-7c089bbad277,559ac866-f939-4e25-8a8a-4cfb9808e587,2026-04-26 11:42:51,monthly,299
ecf5273a-adba-4aa4-8c4e-9fdfe5f8281e,f5203f83-2109-411b-a0f0-253792906520,2026-05-31 02:39:24,monthly,299
f7ed72aa-5703-4486-bdac-b4cee9d65427,e63355e3-8e07-4041-ad0b-0ccbd38bf876,2026-05-11 17:53:14,monthly,299
55013132-5356-4cdd-827e-77698373c0da,bbb9ce5e-be24-4049-a10f-8c7ae59328eb,2026-04-16 00:35:10,monthly,299
c7cdf2d6-5341-4c88-82d2-c6306a7e79af,2547cc05-8298-4b85-8810-5b264ee58c06,2026-06-03 12:10:40,annual,1990
153867cb-6036-47d7-a830-a556aecdf788,5f58b904-ea6a-465b-95d2-cb5fc7e9522d,2026-03-09 17:01:50,annual,1990
34ed38c7-6a0f-43e8-98bd-4142c71d7a25,9c1a4066-1112-45a3-9be3-3a701c3e6e48,2026-05-24 07:02:11,annual,1990
ee77afc2-f062-4600-b8fd-96f7ae104841,f1a254e9-db7c-44b8-97d1-a8770e68985c,2026-05-06 05:30:52,annual,1990
dc132950-b128-4bc8-a47b-bf96977cdcce,b44a4b3a-48ea-4931-87eb-25e736b8f029,2026-04-30 05:00:34,quarterly,799
716353e0-cb5f-4ccc-958c-9622fcf7c7c6,dafcdc51-7822-41d2-8a1b-67f211650462,2026-03-30 07:49:32,quarterly,799
8c5649de-491b-4eb3-a79a-4d810ed1217d,d94de9dd-7e90-4aae-9116-0f9bc487ff01,2026-04-22 23:40:12,annual,1990
f951eb50-8606-4acd-a48b-bb32c51d3303,2d881521-5cbe-4498-a159-976e83b013ea,2026-04-21 20:38:57,quarterly,799
37c7be29-8c2e-45cd-a281-4e19438811d3,fa6ec01a-7470-4131-b8bb-0cbe50b1e206,2026-03-21 15:57:38,quarterly,799
49d4f7a0-9445-4d45-b520-a7e15adcaae4,d13ef7d0-944a-42b2-a912-ddd09378528e,2026-04-02 22:45:03,quarterly,799
eaaa4b5d-3058-4bcc-8832-d8aa271a4b03,3828a83c-ca4d-48b5-924c-f7949b5d21bf,2026-05-08 07:02:48,quarterly,799
81e72842-d811-4ae8-8dcf-f9055b6492e1,a6da5c4d-1c84-4aa7-b4eb-01810f82bbe1,2026-05-08 04:01:33,annual,1990
6b38743a-81db-4d18-b7dd-a02a815eba01,3d8a18dd-5e54-4578-ae3b-f20bc7cc05f7,2026-05-16 16:44:37,quarterly,799
2969f048-ac6e-46e0-885a-6c5d7fc00366,21f2b5d5-dc0a-4472-9d8d-d8e275c320b6,2026-05-15 07:36:15,quarterly,799
ac987fb1-8d9a-4c7f-a8c8-00f2b4fcc721,26937dfe-abf9-407d-acfc-ed4e538523aa,2026-04-19 20:33:26,annual,1990
5bea4470-acbc-45af-95be-f1824670afd2,57adcb64-7f90-4db4-8c53-00147df65cf8,2026-05-15 08:59:13,monthly,299
5794ea2e-e746-4802-9b20-cdcbb7eefa8f,e8e33c47-ba0e-4d6a-9872-8ebb0ee14aee,2026-05-05 14:35:24,monthly,299
b6b9c54e-d466-4aed-b6e9-cdb081859472,7a803711-19bd-4fbb-9190-41b80369a662,2026-06-01 05:24:27,quarterly,799
5dfb4374-e90a-4441-85b6-2de28c610e54,98a76ca5-cc32-4dbf-8ae0-08a7cf309ba4,2026-04-15 21:40:53,annual,1990
b94cb6b0-dafe-4771-83c7-b3e187b329ad,d51f5d3d-d882-4422-93f5-9419b592a6ac,2026-04-03 05:12:11,annual,1990
f880f151-0395-4163-8695-88cdc6790afc,5e928712-d863-452f-8cc6-d8763a9ed514,2026-06-11 11:17:42,monthly,299
5f7e17fe-e151-4a97-8aca-c5c7e5dd4398,1b9f1895-5a37-420e-98ac-386a8810ec18,2026-04-17 08:51:42,monthly,299
c4d5072a-47ec-4ed5-8093-ef2f0f879911,360bbdcb-db8e-406e-a102-57bebd0a05b4,2026-06-10 18:44:52,quarterly,799
c9e6e8d5-d92a-4393-904b-c5f29751b485,a678715e-e023-437a-884c-f59742219c01,2026-05-10 12:40:52,quarterly,799
3b151f15-db3d-4255-889f-b13eb0102acc,fad3adc6-31de-429a-8ab0-1553b6d9adfd,2026-03-23 14:16:49,monthly,299
d2eafc00-02a0-45fa-8422-b8060dd9989f,f9bc2d24-c03f-4d68-930b-4c2f43ee9f9f,2026-04-27 06:20:46,quarterly,799
b4b68d3c-3cd9-4b9e-8ddd-28ec2d4341c6,e47def15-079f-4d6b-b740-be2943c634e1,2026-03-13 09:58:41,quarterly,799
08664670-172a-4ca6-beb6-4e0bc0d4c6b5,0ab34a6c-80ee-4c3c-bf8d-451a0b2c3602,2026-04-17 17:24:48,quarterly,799
6b05d51b-b7a7-4ce5-a3da-5a8bf4b0379c,a42fc01f-6e14-468e-ab30-0f8c105e3950,2026-05-07 22:33:09,quarterly,799
c8a7806a-eaf5-497c-95c0-71d6bf15775c,08be5514-b918-40ae-bc80-4a0daa0470c2,2026-05-10 19:35:03,monthly,299
96e8ea72-d939-4fc0-8c9f-1dcac71b375f,c6a87845-9697-47fd-ac70-da484318086e,2026-03-15 03:24:47,monthly,299
505f36a4-6449-420a-8c36-d43ae9e32176,cb162ed1-7109-423a-a58a-68b889a51646,2026-05-27 07:20:40,annual,1990
47ce5a50-10fd-4155-8fb5-dc4139243be6,34f2bb9e-ffee-45fa-baed-08a3925aaab3,2026-04-19 14:20:31,monthly,299
671784e0-9b23-46be-8594-509416be82ed,8acc677a-6daa-466f-b895-373ee5da5913,2026-04-03 00:24:22,monthly,299
0ebfcbdd-adcf-40d3-b862-231982301f27,772e8077-f0ad-4b8e-8849-a22c99c02c50,2026-03-28 12:14:08,monthly,299
8c43d4b9-c5dc-470b-ab92-79bda5fc4177,1c307786-69a5-4efe-a285-bd421198c69c,2026-05-25 15:54:44,monthly,299
f08d69c6-c259-498c-bcf3-8151f10af22c,ed06a2a2-ce3a-4a25-98e3-0698e4d3eb26,2026-05-16 10:15:08,monthly,299
c96fcefc-2fd6-4955-8c5c-2d7bece3073c,80752ae2-97da-4f1d-8d95-61ffca386dbe,2026-04-10 06:41:19,quarterly,799
826d3519-e5b1-4562-a358-3e441631601a,a3280d6d-a54a-428d-a20a-d189d4fbe2f8,2026-05-23 06:53:06,quarterly,799
b0454f31-271b-4026-a902-7da9bcffc04d,86ddad0d-8cfd-465c-9781-23e1eb8ca097,2026-06-06 12:47:55,annual,1990
29d5b03b-98e8-48c0-b59b-6b54e74d4435,1bfa10a8-bf82-4cad-8b82-e2e73455884c,2026-06-14 15:06:25,annual,1990
e1419ab1-5677-4f43-8a25-c40b32de4f63,9134bd46-18ed-4fcd-8312-d9e0d3db7c5d,2026-03-14 23:30:05,annual,1990
ca2df499-31e6-4a0d-941b-412a975e084a,c5fbe1c4-6b7f-4913-aec5-2e29e0537942,2026-04-27 04:24:03,monthly,299
1a08bd25-9995-4767-a086-dca67529b3e5,7120c08c-dcaa-4bc7-94c1-0154ba104599,2026-03-28 19:48:39,annual,1990
a4f63467-05c5-450d-a936-3cfcfc2d51c2,7cfba4ca-742d-46d3-aac9-d144cc6d9ea4,2026-03-08 20:16:35,quarterly,799
e6fa5ea6-3f25-4910-90f4-7711e040dbc4,2fe9ffcb-96c1-48ba-a5fc-9ee5f06b2344,2026-04-25 12:52:28,quarterly,799
49342718-0339-42c7-803c-db3d7085ef3d,d11cf04f-0c5a-4f62-a654-123c361727ff,2026-03-31 04:00:26,annual,1990
b4af1531-6eb5-49fe-911c-a7c43c43b192,83389f99-d890-4680-bf47-0037270ca003,2026-03-27 02:47:05,quarterly,799
0b44293d-3036-43f9-b238-61125f2d5597,bd520510-d06a-4cba-919a-172620227e2b,2026-04-21 16:59:00,annual,1990
e9246365-728b-4689-b9c4-047c05f907c0,243dc265-9dca-4802-ac5d-594898198abf,2026-04-12 03:07:20,monthly,299
bf8b7bd7-0441-4c8b-977c-4e790832ecf2,7fdf1b1e-7658-4eee-9f62-5ed9d4257d45,2026-03-18 07:39:08,monthly,299
1f5291b4-0c08-47f3-bf23-a0436560add9,ff2e56a3-7c2c-4197-aa70-46e68ace4c75,2026-03-31 20:29:21,quarterly,799
c89a350b-d358-4fc4-b2d2-11b38fcad785,d46b2433-0a58-43d0-9b40-caa1e4096126,2026-05-09 13:54:14,annual,1990
3facabf2-b9fb-422f-891b-4f38a67ed3a9,aa6d52e3-017b-4bb3-bd1a-18a00a3ed68a,2026-04-14 06:30:40,quarterly,799
0e336518-3192-4117-be8e-f437c42f2eb1,43be0046-01c3-40e1-a8a1-0b6ad96875db,2026-04-07 19:14:06,annual,1990
83a40ffe-d3a3-47b1-a3b2-c67003f2377e,71389e3e-530d-429b-84a7-810f3bc0d565,2026-03-28 00:10:47,monthly,299
b084db34-a7ac-4750-8d85-940734c26d88,0b1ca1f5-b416-4774-a362-6840a10406cb,2026-03-26 10:52:51,annual,1990
a25101ad-14d9-4ca8-a2e2-3c0e47f4e1d1,ca4bbf98-1f80-4083-aa1d-40f25b6eb539,2026-04-03 02:05:31,annual,1990
0939fa2e-df2f-4e12-b72f-2419517389ad,105d6751-d700-438f-abe5-82683188a003,2026-04-05 15:02:07,annual,1990
80b389f7-af75-46f0-91d4-7e5d16eed4cc,e6f81d1b-9416-406f-965e-2567ed25e8e1,2026-03-11 17:43:43,quarterly,799
7cca9eb1-1926-4b08-ae04-086954a0704f,8001de99-493e-42ae-a461-9a61fd86f7c8,2026-04-02 23:27:34,annual,1990
517edcb1-2bbe-408b-899c-4043624c6510,f64f7171-6bf2-41d7-8888-a4d51b06eba9,2026-03-18 17:28:19,monthly,299
711cc78b-16f0-48c6-8a93-52bcf87ec816,c8328646-3c05-4a7e-bf17-76f66def1892,2026-05-31 08:57:27,annual,1990
2796b836-e7fd-448a-ae88-d435dc244b65,50ffffed-b0dc-4206-87d1-f9a1d428e76d,2026-04-22 15:20:22,quarterly,799
306907b6-3fe0-49cf-a189-d8723cbcf6a9,5da27e9a-bde2-4485-b6cd-68cb3fbc6ae7,2026-04-03 08:46:03,annual,1990
df952b93-13d8-43a0-b884-5c9683b847e5,841bab7e-5228-4f7a-988b-561445efb90e,2026-05-09 21:03:14,monthly,299
657846ba-9722-4f13-9892-5e35612d7f2d,b0fdce9f-053d-4bf0-9c93-9874187b7301,2026-05-23 14:56:24,quarterly,799
7f8d00fe-1e0a-457d-8954-3bc445ed2345,65fc4ea6-f0cf-4dcd-a7d5-412855185be0,2026-04-23 09:36:29,monthly,299
a12f28ba-68f3-4070-9de9-bc21ff578b0d,c61db2ff-dc07-4017-891b-891209a80e4e,2026-04-06 21:29:23,annual,1990
bc5c3a55-6148-41de-a1ad-8cbebd094833,d9379b5c-9297-4238-b86d-c00bc49438db,2026-05-08 21:46:37,annual,1990
07df3827-1c99-49d2-adb8-ee58918d2bbc,c961ec49-6729-487b-9482-dcb03a63c80d,2026-06-01 21:17:00,monthly,299
27f8c65b-8792-4f52-80b3-32067f5de211,09b87c2b-7d29-4088-85fc-6c972050a92f,2026-05-17 23:12:14,quarterly,799
a578d425-9d66-420e-a614-a36c0a7420e5,be26f2ca-c1df-443f-bc55-13aff4664e05,2026-04-19 10:20:06,monthly,299
c66707ce-7b20-4006-949c-beb093da26c2,8c2e1dff-fc75-4121-941d-9194ca7f384d,2026-05-14 21:40:26,quarterly,799
5e690f45-1bcd-470b-a34a-8a4d9d4c9ef2,62e10c3c-dca5-4c43-ae97-24f4c4dc628f,2026-05-27 05:40:41,monthly,299
f990a9e6-302b-4089-8eeb-3ea150147ccb,eebbd4df-a70a-4678-b36a-0a5913a7e320,2026-05-04 18:17:26,annual,1990
e7b300e6-e9b7-4a15-b505-5afde1ca2ded,f8c5d7e5-eab6-4e3d-ac24-6d937580c5eb,2026-05-31 00:37:54,monthly,299
27741b67-3a6c-4acf-b586-24ba43fe98c0,2917b1a2-3c0e-4c9f-a1f9-88419724c3bd,2026-04-03 20:43:21,monthly,299
f8087314-b12d-48d8-80a5-5a3414010a98,3de12617-eb23-4815-90d9-51f690af8c53,2026-05-06 06:01:33,quarterly,799
10db65fe-d592-4a20-a119-2a3d8b880100,b3a65a11-fead-428e-b9a3-834f019a5b2e,2026-05-06 08:06:44,quarterly,799
e0f0c39f-c376-43b4-bb71-f6edce75b011,5656bb5f-4f41-43aa-a21a-f23bbf14ecbf,2026-04-04 09:14:33,quarterly,799
830c505f-466d-4993-b119-aca91f584449,f3ce5c57-52be-4aff-80d8-4177355e89cf,2026-03-27 02:00:14,annual,1990
b15df788-05a0-4ddc-bfd4-6986e7f10711,2cc56be7-2e3e-4b82-9354-d78dba236b97,2026-04-26 14:01:59,monthly,299
9dba7482-dbf6-4227-921e-41a58227d8a9,d30d9418-67e3-4b6f-ac36-32bc49f9cd8b,2026-03-15 03:17:30,monthly,299
b6a4339f-03ac-4f37-b9cb-86488a356887,c787a3f9-379d-45d6-91f5-eb3e64580600,2026-05-30 21:01:32,annual,1990
d1e88a30-0dc6-4810-b13e-d72b243ebc96,d1ef2435-9157-4c6c-9ac9-d7181fed9774,2026-05-06 03:36:36,monthly,299
94a3a7a4-f99c-4917-995a-b0742d4f291b,12cc87f8-1b66-444d-8362-dfb686f7fc70,2026-04-05 05:44:05,quarterly,799
06cf0f72-e42f-462d-bd33-42ab19ab0ec0,fc4d8611-3b97-4257-8118-4756c10635e2,2026-05-26 20:27:40,monthly,299
e85c61a0-7b8f-4555-bc08-b6060e976fac,c5d1c2d5-2625-45f2-8802-8f3fc41c67f6,2026-03-24 08:58:14,quarterly,799
260c2aaa-06c8-4fb8-8168-2681dd9d7be7,e5a5910f-21b8-4983-94da-58262619e674,2026-03-10 19:50:36,monthly,299
f12a58d0-54e4-46d5-bfa0-40497ce5e534,3d8dac62-38a7-4381-a7bd-bde25bfa29a4,2026-03-10 21:33:28,quarterly,799
299a6dea-f7d3-4958-b276-0caed3eae5ed,4d1a0d8e-d227-4a2e-8fc6-7430cb7d33f8,2026-05-28 07:26:57,annual,1990
fa8a0655-ae04-4ff1-9474-1447ea1d7bfb,e5e456cb-a767-46e4-a077-67a6a4d79dc7,2026-04-25 20:29:20,monthly,299
166db203-250b-4893-8e57-be9b4f60707a,2a6fae20-f90e-40d3-9b9b-b7e23f404ae6,2026-05-07 10:30:32,annual,1990
739dfc1d-a0d8-4594-b416-80538242e72e,b299aabd-4ce5-4c11-a2f2-b6cbf033f4c6,2026-05-13 11:52:18,annual,1990
6ebc2bd7-a195-4cb8-8920-a08ef7ca45a2,6a33e537-56f9-418a-9d7d-e77f21976423,2026-05-13 04:02:34,quarterly,799
09654448-2936-405d-9bb5-e27d4c19a7af,1f810a05-4043-413a-b120-842f4636f270,2026-05-18 03:53:02,quarterly,799
68ee05ca-d9b1-4ac4-90dc-d94ec4a279c1,92c41610-e540-4212-baa4-447ab7549a90,2026-04-30 10:41:47,monthly,299
67674cf7-fa9e-4a70-943f-fba7fa082fba,c13c0920-bfc5-4c15-8ca3-b52724fede7b,2026-06-02 06:42:30,quarterly,799
cbd5bb12-d9e1-4d8c-b1be-27be65e07b76,c03b6741-0537-4ff0-a5ef-8ca1b174160b,2026-04-02 04:29:44,monthly,299
a3f7d688-4974-4d45-b9d3-25bf91a91248,43179835-e512-4538-9f5b-c9ea3dc3af35,2026-05-13 14:54:29,annual,1990
c123aafb-05da-49e7-8f89-92924128c920,425ad553-bbe1-4f66-b55c-eac4a21a0b09,2026-05-17 05:03:10,monthly,299
e755d1c1-dafb-4c72-8f30-7ae7aa3933ce,c5861a25-822e-45bc-b108-af58810c174b,2026-03-29 19:31:21,quarterly,799
99399a5a-e0bc-4172-a739-fccb3a70a6e0,f9057ecc-d3bd-42eb-bed9-1d0d7d64e2b4,2026-04-18 06:52:28,monthly,299
3374b867-6157-4d70-814b-201f446e7386,9ed579b0-5817-4d52-b6a7-df607c89d901,2026-05-28 16:04:12,annual,1990
17da3e2d-85b8-4def-a518-8e237c6b8976,5fa1c187-613e-438e-bb05-98f32315eac1,2026-03-11 02:22:19,monthly,299
7b36a1ed-0c2c-4754-9d3c-d4942b34e667,98e0eacd-8685-41ea-84f3-fa0f5ede6675,2026-04-15 02:59:16,quarterly,799
4306374a-918e-4f88-8204-52d20210ad08,449e301b-466f-4a6c-b9d1-defdb75c6398,2026-04-24 13:53:27,monthly,299
7a8927ec-4546-4c7e-b2ea-fcea0493448b,3efc34ad-23c2-45d7-b5d1-b0963a2eab32,2026-04-05 08:15:43,quarterly,799
dc89030f-4e0b-4f20-a32b-8b5fc3fcd382,ee40a10b-e177-445e-916c-331f6c761564,2026-03-17 23:42:27,monthly,299
ff9296ea-f17b-44c8-855b-07559e7d08b3,c4822c55-2aea-4ef0-871a-5785bc3257bc,2026-05-09 17:49:41,annual,1990
0cab0554-a617-4282-ae16-d30741b89a3d,19b81e12-cb7a-4e7d-902e-92259a08cba8,2026-03-24 15:10:11,monthly,299
fdb68065-a8a2-42ed-bb50-69c3b4621853,b9ef8b66-f07c-4d21-be19-8f59b05b03bb,2026-05-30 18:01:23,monthly,299
732a8550-28c3-4f82-9067-2a1f94ce94d4,703b1c96-4056-4864-b444-59fa6bbef41f,2026-05-11 13:33:58,monthly,299
9fe8805b-21da-4382-813e-9b3b8214be75,052281bc-16c6-44ab-9972-c6995fac8bcf,2026-04-06 20:25:46,annual,1990
fccd99ed-1c6a-4882-bd47-115128ada2ea,c5f5460a-771d-4ed8-995e-a440b78bf0b2,2026-03-12 15:30:33,annual,1990
3a6adeba-62d8-46fc-b961-e9b0cfdac75e,533c4bdd-5a58-4b40-8b38-29cd4ea6abec,2026-04-03 13:39:41,monthly,299
270bd583-ee02-49f5-bb7a-76fa3e89f437,e4dae8d6-32a0-4ca6-8e06-96d8691ace1e,2026-04-18 23:54:53,annual,1990
73931791-7dde-462e-830b-cb0414e46aa2,6b5e1ec0-e873-407e-a148-0a6d26945350,2026-03-08 12:22:29,quarterly,799
573e07ba-d38f-4d45-9f9c-25baccb3c359,928b8adf-cbb3-4e03-babb-9422cdfd0110,2026-05-11 11:17:48,monthly,299
6e990bcf-6a9a-41e2-b231-6a8f558ac222,4600b27d-2dd0-4b02-8e86-da7644cc09a8,2026-04-23 08:22:25,quarterly,799
3bafdf1d-0961-4c5f-b1fc-496478ee7c28,f7f5e01b-6646-498d-985e-146a23250378,2026-05-17 14:20:31,monthly,299
316f895a-602b-49cc-b640-d330aba1acee,063f02a0-a433-49b9-8932-d6ea6892703c,2026-03-24 14:33:06,monthly,299
cbda355e-228d-4963-8f2c-724659d8cdd8,a875b169-b7c9-438e-a356-05b0e436ed68,2026-04-03 10:44:26,quarterly,799
bcc3544f-1784-4911-b8b2-1bdca41d304e,9c6477ef-d75f-4821-ab5b-16a17c495200,2026-04-02 12:34:23,annual,1990
c07c3fd6-bec5-427c-bdd6-053cf6168144,47ce8e6e-a434-4a79-8808-8f9ee78fe260,2026-05-19 13:56:06,monthly,299
fbea2efd-b84a-47bb-a57d-2d2e188c9f60,d84d9428-9ed3-42a2-abd1-b70aead11966,2026-03-29 00:08:13,quarterly,799
1a3a52d0-d215-495e-a4bc-3a413b8f869c,8b6d6b2c-e0a1-4f67-889e-2653a80d454d,2026-04-17 07:20:47,quarterly,799
753e25c5-6084-456c-9903-dcc0ec5b4599,5b33eb58-db36-4b27-a933-77f98e3d2fa3,2026-04-05 21:34:08,monthly,299
90042fca-b284-4bb3-8f43-ea729a7bb866,098f139a-aaf1-4e55-a1f9-38c4dd50cd88,2026-05-16 15:42:27,quarterly,799
6e918753-efa8-47a8-8ce4-cc63183567d4,76663860-9298-40d8-b9df-8ab4f4c034f5,2026-04-20 23:45:49,annual,1990
d84fbf75-4b18-4c56-85f2-37471965cdbd,5dfa5bbd-dc28-4758-bf83-979aaf30281a,2026-05-19 12:36:35,annual,1990
bf29235b-18ca-4d3e-b345-1ffafaa96315,3e168584-3380-457c-af1d-9baf56bb83dc,2026-04-22 01:49:14,annual,1990
bca02cc9-e41a-4224-9fc4-7336ab1699ce,4c21f3ce-e035-40d4-aa39-2a04d4ee3421,2026-06-12 09:59:09,quarterly,799
b910d0f9-4a60-4630-a30d-5d63ee302ff7,ff1bcb1a-6b09-4364-a781-fd0044afae16,2026-05-23 08:56:07,monthly,299
89b52733-1417-49b1-9661-559215e1b49d,e6d0d53a-07fa-44f1-b00d-fcd5fdac711d,2026-05-16 15:38:16,monthly,299
6ad7867c-2329-46d5-8c9e-566bfec1a835,ed129f6d-4dee-4990-9eab-b10b7abcc217,2026-03-21 06:53:27,monthly,299
9d01fc1a-31d9-4dd8-afb8-52154479141b,7de99a3a-649b-456f-9705-8cb725c3a09d,2026-04-24 07:11:33,quarterly,799
b17490fc-5848-4948-a14e-1d46e3b03f56,676da3b8-2778-4be0-bc9c-0ba5f6b8a43c,2026-03-29 21:44:31,monthly,299
4165d74f-4899-4391-968f-00e73373c205,98fa47dc-1006-4fc4-908e-11da0e99a549,2026-04-27 20:05:48,monthly,299
4b8b98bb-6c85-4836-99ef-6f2cfbbc9290,93bdc00f-76c8-4624-914a-1958f022e5f3,2026-06-12 22:10:26,quarterly,799
4c88c68b-d1d8-439f-8dea-77786e5ce71a,728aaebd-bcda-41ad-8571-08a6d60b67ce,2026-03-21 20:37:14,monthly,299
4752ed96-dde2-4ed5-b78a-e1add745d057,c21df3c8-095f-4588-84ce-3189d1f70675,2026-05-19 17:08:46,annual,1990
76bf879c-3442-4c08-b8c2-6136c771de87,ea14b835-6908-45be-8aa7-0e29fe592d95,2026-05-29 04:01:20,annual,1990
89c7d7ef-e8dc-4b88-a0cf-9d46edd036c0,4c9b6403-05ea-4b4b-b40a-41ec93a17f92,2026-05-19 14:23:24,quarterly,799
ea217254-2f04-4bc8-a7e0-05274a40a038,be9d833b-828a-4223-9c12-4d0ef6054a4c,2026-03-12 03:36:25,monthly,299
83ad16ea-910b-4807-9e0a-476e46dc4a62,07476388-fed8-4d67-8164-3563b7dcc1fc,2026-04-16 08:23:46,monthly,299
b77db9e0-f3df-4a46-9b6e-714bf026245c,fcb40690-2cdb-4e5b-a795-5ad1cbc3a274,2026-05-13 02:28:08,annual,1990
97699758-eb26-4a2d-b97f-9c6ef0f06481,23f0fcad-ee7f-4b78-a3f7-d4bcc2b646bb,2026-03-26 12:51:38,annual,1990
99473add-5dc4-493c-b2b6-044f0e51c801,5f404dd5-8f94-4a14-be35-747c22140724,2026-03-14 14:42:07,quarterly,799
d103a1d6-7266-4e52-bcf0-24c6f0ca1564,8a51cc38-87d5-4d37-9a20-e7c4c80984a3,2026-04-20 08:15:37,quarterly,799
d0f4960b-80e0-4504-9e63-664dced82aae,0e27f1d0-448a-4e29-81c1-5cb2e79fef2a,2026-03-28 18:34:50,annual,1990
b1d5bd98-e418-4a95-a7fa-4fdc8ed9a2dd,8ac70ce9-fd4c-4b1e-aae8-5538704713e2,2026-05-04 15:07:46,annual,1990
eea48483-28a0-413d-ac7e-e5cbc21ac978,32a2533f-6575-4c3b-bc7c-da057b563e70,2026-03-15 18:50:36,quarterly,799
e3303431-186c-4bc8-bdea-961638dd53af,ce7e1ca0-8028-4bc7-8490-8c05cd237032,2026-05-06 10:14:25,monthly,299
8cbed1d4-c6a8-49c1-b15e-096e805fa92a,ae7075a1-2f01-4bd3-a92c-ac866a40f1f5,2026-04-01 03:31:20,quarterly,799
854dab2f-4a8d-42dc-bf28-173bc29a631a,bb166318-97fb-456d-9eea-374afc9c38e1,2026-03-23 07:28:41,quarterly,799
92364a94-418d-4375-82d9-6d385dede9d7,57132bcd-b165-4909-ab50-8d8d74476bb2,2026-05-01 17:22:02,annual,1990
ca5d5196-f744-4631-8735-52bafa5379ab,66de93ef-abf2-42c2-95e2-fa8550d2a616,2026-06-02 18:08:14,annual,1990
4cbc196f-d556-492d-9482-78804f5e4e36,0036affa-d646-4868-9789-f0b811e1c9b8,2026-04-24 10:36:06,quarterly,799
4588ed3e-5e22-430c-b958-11521312d179,2dd9450b-a78d-4dca-b9dc-e6de55f51594,2026-03-16 20:43:21,monthly,299
2bcbc05f-3f1a-4569-8f66-f4a14e872c93,3672e21a-fbe9-48d9-b22d-4a8492cf56d2,2026-05-25 11:05:22,monthly,299
f93b73d4-a93b-4a7f-bc19-b696c08b72f5,7340d3c4-4564-4985-a26b-a2d3a8930c03,2026-04-07 01:28:05,annual,1990
8b1d450b-4cf4-460f-bb70-f9ba20f2520b,5619a254-62b7-41e4-bbf8-e852c382292a,2026-05-03 00:26:50,annual,1990
38f62e22-2b0b-4c08-8e33-c40b265588fc,ada70d79-9fed-41c7-80ff-1da5542bc2fb,2026-05-06 16:29:26,quarterly,799
752ba2e5-bf69-4a04-a358-76307e0ec62c,1b934d2e-08bc-44ca-93ba-9b619e2e8aec,2026-04-06 07:18:57,quarterly,799
a2a86e8c-74ee-44b8-8d86-e859b09ccbd7,078aa0f2-2a96-4994-a3c4-fc5c140c80bc,2026-04-20 03:29:00,annual,1990
52f5f6e5-3060-462d-a267-81ef9f5be934,cdb8555d-5ae7-41a8-bacb-579117b47254,2026-06-02 12:57:00,annual,1990
b5c0a975-2f84-4821-a3fd-5f9f7ff41f25,2e5baaa5-afa0-42e5-a8be-3a2a1b0ae1b0,2026-03-29 22:48:06,annual,1990
8b9f08c5-3204-407e-8818-e3d8afd0443d,6eec23eb-5a10-413b-ad76-be50dc18197e,2026-04-21 15:52:02,monthly,299
ef4bad4a-4f80-4609-960b-44dc16259f7b,b4399763-73fb-4469-b839-1c5a843a0c13,2026-04-14 13:44:01,monthly,299
3b5d197e-2d1f-40ca-a0b7-c131cae76dbe,a374e14c-8872-485a-bf56-aefcebab8d68,2026-05-08 21:23:20,monthly,299
55d2d7bd-bf6c-486c-9936-b3d0ee7d0a7d,b720877f-b150-452a-af19-6381de549b3f,2026-05-19 15:50:26,quarterly,799
97e65997-597f-4105-a1cc-a968f515c333,e613d501-25d5-45e3-a38e-6b398bb02018,2026-06-02 12:48:46,quarterly,799
f9cd201d-fa2c-456b-b36c-197b9f03a37e,c1c06140-c89c-406f-ac9c-edb8d96ce527,2026-04-22 17:50:12,monthly,299
ac2d5c69-2224-4012-912e-8e2549ad8034,c6c33c21-1c74-44c9-a920-aa1ceae7a71e,2026-05-28 23:33:07,quarterly,799
257b4b8c-f6f5-433a-829e-a2f3e746a471,8c5296f3-ca0d-4adb-8925-1b8a77243c2e,2026-03-24 01:56:20,annual,1990
3efb6e6e-5672-42fd-939c-e21a486f03a3,5a171b28-022d-477b-a603-c1eaaeaabdcf,2026-03-16 00:50:14,annual,1990
8161b156-3696-44f0-bfeb-a9e6b20b321f,5f574043-0ca0-4e78-a817-841acbac7b0f,2026-05-10 13:50:26,monthly,299
152dd2a4-73c0-41d4-a160-1671cc1190fc,349c9534-57db-4010-9826-97d28d02cd6a,2026-05-06 19:38:57,monthly,299
2078b5ba-c1f8-4ba0-b33b-aa80661d6343,bbd91bc2-792c-4389-9ce3-3bb15b7b9694,2026-05-20 20:56:34,monthly,299
2712e683-8e5a-43b6-b358-5ef8595a45bc,664dd571-78c8-47ba-89a5-24c2b83f0c0a,2026-03-20 11:10:03,annual,1990
87906d7f-6e6f-48f7-8198-731562d114e8,dd1fb104-b317-47f8-b699-a724b87907d3,2026-03-16 15:54:34,monthly,299
29442c63-5853-4085-8f34-cd73494bab5d,47b0a5cc-7173-4160-b4e3-3e454b220cc8,2026-04-28 07:29:05,quarterly,799
6ff34c4a-be52-4af1-a6e1-17a9ce2c97e6,2326f651-552f-4d1b-a44b-2a44a6d971ad,2026-05-25 14:33:32,annual,1990
1587d1ec-e92a-4280-8458-fa9f13604c42,04b1a079-06a1-4d29-870f-d8e31a0453a2,2026-03-13 16:11:53,monthly,299
a5ee492a-b640-4c1c-ac5c-5b43678cde38,6a0412d2-ced2-4c43-a795-12496544b003,2026-05-10 09:56:21,quarterly,799
